data,hora,natureza,situacao,bairro,endereco,numero,detalhe_endereco_acidente,complemento,bairro_cruzamento,num_semaforo,sentido_via,tipo,auto,moto,ciclom,ciclista,pedestre,onibus,caminhao,viatura,outros,vitimas,vitimasfatais,acidente_verificado,tempo_clima,situacao_semaforo,sinalizacao,condicao_via,conservacao_via,ponto_controle,situacao_placa,velocidade_max_via,mao_direcao,divisao_via1,divisao_via2,divisao_via3
2023-02-21 00:00:00,03:33:00,SEM VÍTIMA,FINALIZADA,CAXANGÁ,AV CAXANGA,612,RUA JOSE OSORIO,SOB O SEMÁFORO DE Nº 489,CAXANGÁ,489,SUBURBIO,,1,0,0,0,0,0,1,0,0,0,0,,,,,,,,,,,,,
2023-02-22 00:00:00,02:36:00,COM VÍTIMA,FINALIZADA,ILHA JOANA BEZERRA,VIADUTO CAPITAO TEMUDO,,,ALÇA DE ACESSO À RUA IMPERIAL,ILHA JOANA BEZERRA,,SUBURBIO,CHOQUE,1,0,0,0,0,0,0,0,1,1,0,,,,,,,,,,,,,
2023-02-22 00:00:00,05:47:00,COM VÍTIMA,FINALIZADA,AFOGADOS,RUA SAO MIGUEL,,,PRÓXIMO AO 14° BATALHÃO LOGISTICO,AFOGADOS,,CIDADE,COLISÃO FRONTAL,2,0,0,0,0,0,0,0,0,2,0,,,,,,,,,,,,,
2023-02-22 00:00:00,07:40:00,COM VÍTIMA,FINALIZADA,AFOGADOS,RUA SAO MIGUEL,685,,,AFOGADOS,391,CIDADE,COLISÃO TRASEIRA,0,2,0,0,0,0,0,0,0,2,0,,,,,,,,,,,,,
2023-02-22 00:00:00,09:29:00,COM VÍTIMA,FINALIZADA,SÃO JOSÉ,RUA IMPERIAL,1194,RUA BOM SUCESSO,APÓS O COLÉGIO JOAQUIM NABUCO,SÃO JOSÉ,,,COLISÃO LATERAL,1,1,0,0,0,0,0,0,0,1,0,,,,,,,,,,,,,
2023-02-22 00:00:00,10:27:00,COM VÍTIMA,FINALIZADA,ILHA DO RETIRO,AV ENGENHEIRO ABDIAS DE CARVALHO,2099,EST DOS REMEDIOS,EM FRENTE A FARMACIA INDEPENDENTE,ILHA DO RETIRO,52,,COLISÃO LATERAL,2,0,0,0,0,0,0,0,0,2,0,,,,,,,,,,,,,
2023-02-22 00:00:00,04:15:00,COM VÍTIMA,FINALIZADA,PINA,AVENIDA CELSO FURTADO (VIA MANGUE),,,NA VIA MANGUE,PINA,,,COLISÃO FRONTAL,1,1,0,0,0,0,0,0,0,1,0,,,,,,,,,,,,,
2023-02-22 00:00:00,07:01:00,SEM VÍTIMA,FINALIZADA,ARRUDA,AV PROFESSOR JOSE DOS ANJOS,1029,,PROX AO DNOCS,ARRUDA,,,COLISÃO LATERAL,1,0,0,0,0,0,1,0,0,0,0,,,,,,,,,,,,,
2023-02-23 00:00:00,07:38:00,COM VÍTIMA,FINALIZADA,BOA VIAGEM,RUA DEZ DE JULHO,,,PRÓX. À ESTAÇÃO AEROPORTO,BOA VIAGEM,,,COLISÃO LATERAL,1,1,0,0,0,0,0,0,0,1,0,,,,,,,,,,,,,
2023-02-23 00:00:00,07:47:00,COM VÍTIMA,FINALIZADA,IPSEP,RUA ADERBAL DE MELO,465,,PRÓX. À PRAÇA DO IPÊ / LÉO BAR,IPSEP,,,COLISÃO FRONTAL,1,1,0,0,0,0,0,0,0,1,0,,,,,,,,,,,,,
2023-02-23 00:00:00,08:04:00,COM VÍTIMA,FINALIZADA,SAN MARTIN,AV CONSUL VILARES FRAGOSO,,,CAVALARIA,SAN MARTIN,,,COLISÃO LATERAL,1,1,0,0,0,0,0,0,0,1,0,,,,,,,,,,,,,
2023-02-23 00:00:00,11:55:00,SEM VÍTIMA,FINALIZADA,IMBIRIBEIRA,AV MARECHAL MASCARENHAS DE MORAES,884,,EM FRENTE AO POSTO IPIRANGA,IMBIRIBEIRA,396,SUBURBIO,,0,1,0,0,0,0,0,1,0,0,0,,,,,,,,,,,,,
2023-02-23 00:00:00,01:02:00,SEM VÍTIMA,FINALIZADA,BOA VIAGEM,AV ANTONIO TORRES GALVAO,,AVENIDA CELSO FURTADO (VIA MANGUE),EM CIMA DA PONTE DA VIA MANGUE  S/T CID,BOA VIAGEM,,,COLISÃO LATERAL,1,0,0,0,0,0,1,0,0,0,0,,,,,,,,,,,,,
2023-02-23 00:00:00,03:10:00,COM VÍTIMA,FINALIZADA,ÁGUA FRIA,AV BEBERIBE,2298,,EM FRENTE AO MERCADINHO DOIS IRMÃOS,ÁGUA FRIA,,,COLISÃO LATERAL,1,1,0,0,0,0,0,0,0,1,0,,,,,,,,,,,,,
2023-02-23 00:00:00,04:11:00,COM VÍTIMA,FINALIZADA,SÃO JOSÉ,AV DANTAS BARRETO,,,E/F AO ANTIGO BANCO SANTANDER,SÃO JOSÉ,,,ATROPELAMENTO DE PESSOA,0,0,0,0,1,1,0,0,0,1,0,,,,,,,,,,,,,
2023-02-23 00:00:00,05:29:00,COM VÍTIMA,FINALIZADA,SÃO JOSÉ,RUA IMPERIAL,,,S/T AFOGADOS E/F AO PONTILHAO DO METRO,SÃO JOSÉ,,,COLISÃO LATERAL,1,1,0,0,0,0,0,0,0,1,0,,,,,,,,,,,,,
2023-02-23 00:00:00,07:19:00,COM VÍTIMA,FINALIZADA,BONGI,AV ENGENHEIRO ABDIAS DE CARVALHO,1767,,POSTO BR,BONGI,,,COLISÃO COM CICLISTA,0,0,0,1,0,1,0,0,0,1,0,,,,,,,,,,,,,
2023-02-23 00:00:00,07:56:00,SEM VÍTIMA,FINALIZADA,TORRE,RUA REAL DA TORRE,,RUA PADRE ANCHIETA,,TORRE,192,SUBURBIO,,1,0,0,0,0,0,0,1,0,0,0,,,,,,,,,,,,,
2023-02-23 00:00:00,10:53:00,VÍTIMA FATAL,FINALIZADA,CORDEIRO,AV CAXANGA,3035,,EM FRENTE À ASEMBLÉIA DE DEUS,CORDEIRO,,CI,ATROPELAMENTO DE PESSOA,1,0,0,0,1,0,0,0,0,0,1,,,,,,,,,,,,,
2023-02-24 00:00:00,07:08:00,COM VÍTIMA,FINALIZADA,BOA VIAGEM,AV CONSELHEIRO AGUIAR,,RUA RIBEIRO DE BRITO,PRÓX. À FARMÁCIA PAGUE MENOS,BOA VIAGEM,,,COLISÃO LATERAL,1,1,0,0,0,0,0,0,0,1,0,,,,,,,,,,,,,
2023-02-24 00:00:00,01:09:00,COM VÍTIMA,FINALIZADA,IMBIRIBEIRA,AV MARECHAL MASCARENHAS DE MORAES,,,LADO OPOSTO AO ARMAZÉM CORAL,IMBIRIBEIRA,287,,COLISÃO TRASEIRA,1,1,0,0,0,0,0,0,0,1,0,,,,,,,,,,,,,
2023-02-24 00:00:00,01:22:00,COM VÍTIMA,FINALIZADA,VÁRZEA,RUA PROFESSOR ANTONIO COELHO,,,NA ENTRADA DA ENTEGRAÇÃO DE CDU,VÁRZEA,,,COLISÃO FRONTAL,0,1,0,0,0,1,0,0,0,1,0,,,,,,,,,,,,,
2023-02-24 00:00:00,01:55:00,COM VÍTIMA,FINALIZADA,IBURA,RUA RIO XINGU,313,,PROX ASSEMBLEIA DE DEUS,IBURA,,,COLISÃO LATERAL,1,1,0,0,0,0,0,0,0,1,0,,,,,,,,,,,,,
2023-02-24 00:00:00,04:12:00,COM VÍTIMA,FINALIZADA,BOA VIAGEM,AV DES JOSE NEVES,168,,AO LADO DA LOJA FERREIRA PINTO,BOA VIAGEM,,,COLISÃO TRASEIRA,1,1,0,0,0,0,0,0,0,1,0,,,,,,,,,,,,,
2023-02-24 00:00:00,04:52:00,SEM VÍTIMA,FINALIZADA,TORRE,RUA CONDE DE IRAJA,,AV BEIRA RIO,SOB O SEMÁFORO 680,TORRE,680,SUBURBIO,COLISÃO TRANSVERSAL,0,1,0,0,0,0,0,1,0,0,0,,,,,,,,,,,,,
2023-02-24 00:00:00,05:19:00,SEM VÍTIMA,FINALIZADA,SÃO JOSÉ,AV ENGENHEIRO JOSE ESTELITA,,,,SÃO JOSÉ,,,COLISÃO TRASEIRA,2,0,0,0,0,0,0,0,0,0,0,,,,,,,,,,,,,
2023-02-25 00:00:00,09:55:00,COM VÍTIMA,FINALIZADA,CAXANGÁ,RUA RIBEIRO PESSOA,125,,"EM FRENTE AO MOTEL TURQUESA, PROX A UPA",CAXANGÁ,,,COLISÃO LATERAL,1,1,0,0,0,0,0,0,0,1,0,,,,,,,,,,,,,
2023-02-25 00:00:00,11:58:00,COM VÍTIMA,FINALIZADA,CAXANGÁ,AV JOAQUIM RIBEIRO,,,APÓS. À UNINASSAU / EM FRENTE À ÁGUA MINERAL CAXANGÁ,CAXANGÁ,,,COLISÃO LATERAL,1,1,0,0,0,0,0,0,0,1,0,,,,,,,,,,,,,
2023-02-25 00:00:00,01:39:00,COM VÍTIMA,FINALIZADA,IMBIRIBEIRA,AV MARECHAL MASCARENHAS DE MORAES,,,EM FRENTE A FACULDADE UNIVERSO,IMBIRIBEIRA,,,COLISÃO TRASEIRA,0,2,0,0,0,0,0,0,0,1,0,,,,,,,,,,,,,
2023-02-25 00:00:00,02:33:00,COM VÍTIMA,FINALIZADA,TAMARINEIRA,AV NORTE MIGUEL ARRAES DE ALENCAR,,,LADO OPOSTO AO SESC,TAMARINEIRA,,CIDADE,COLISÃO FRONTAL,0,2,0,0,0,0,0,0,0,1,0,,,,,,,,,,,,,
2023-02-25 00:00:00,07:16:00,SEM VÍTIMA,CANCELADA,ARRUDA,AV PROFESSOR JOSE DOS ANJOS,8,,"PRÓX. À ACADEMIA DA CIDADE, PERTO DO BAR DO BIGODE.",ARRUDA,,,COLISÃO TRANSVERSAL,2,0,0,0,0,0,0,0,0,0,0,,,,,,,,,,,,,
2023-02-25 00:00:00,09:01:00,COM VÍTIMA,FINALIZADA,CAJUEIRO,AV SEBASTIAO SALAZAR,410,,PRÓX. À IGREJA CATÓLICA DE CAJUEIRO,CAJUEIRO,,,COLISÃO FRONTAL,1,1,0,0,0,0,0,0,0,1,0,,,,,,,,,,,,,
2023-02-25 00:00:00,10:04:00,COM VÍTIMA,FINALIZADA,CAMPO GRANDE,RUA ODORICO MENDES,,,EM FRENTE A GALERIA CAZÉ,CAMPO GRANDE,,SUBURBIO,COLISÃO TRANSVERSAL,0,2,0,0,0,0,0,0,0,1,0,,,,,,,,,,,,,
2023-02-25 00:00:00,11:24:00,SEM VÍTIMA,CANCELADA,NOVA DESCOBERTA,RUA NOVA DESCOBERTA,1309,,PRÓXIMO A ENTRADA DO CORREGO DO EUCALIPTO,NOVA DESCOBERTA,,,COLISÃO LATERAL,2,1,0,0,0,0,0,0,0,0,0,,,,,,,,,,,,,
2023-02-26 00:00:00,11:12:00,COM VÍTIMA,FINALIZADA,IPSEP,RUA PINTOR ANTONIO ALBUQUERQUE,81,,PROX. AO POSTO SHELL DA AV. RECIFE,IPSEP,,,COLISÃO LATERAL,1,1,0,0,0,0,0,0,0,1,0,,,,,,,,,,,,,
2023-02-26 00:00:00,02:13:00,COM VÍTIMA,FINALIZADA,GRAÇAS,AV BEIRA RIO,,RUA CONDE DE IRAJA,NA DESCIDA DA PONTE DA TORRE,GRAÇAS,,,COLISÃO FRONTAL,2,0,0,0,0,0,0,0,0,4,0,,,,,,,,,,,,,
2023-02-27 00:00:00,07:39:00,COM VÍTIMA,FINALIZADA,AREIAS,AV DR JOSE RUFINO,1807,,EM FRENTE A CRECHE MUNICIPAL TANCREDO NEVES E AO CONDOMINIO MORADA DO BARRO,AREIAS,,,COLISÃO FRONTAL,4,1,0,0,0,0,1,0,0,1,0,,,,,,,,,,,,,
2023-02-27 00:00:00,08:31:00,COM VÍTIMA,CANCELADA,AFOGADOS,RUA SAO MIGUEL,28,,PROX. A MATERNIDADE BANDEIRA FILHO,AFOGADOS,,,COLISÃO LATERAL,1,1,0,0,0,0,0,0,0,1,0,,,,,,,,,,,,,
2023-02-27 00:00:00,08:41:00,SEM VÍTIMA,FINALIZADA,CASA AMARELA,RUA BELA VISTA,58,,PRÓXIMO AO REI DA PICANHA,CASA AMARELA,,SUBURBIO,COLISÃO TRANSVERSAL,1,0,0,0,0,0,1,0,0,0,0,,,,,,,,,,,,,
2023-02-27 00:00:00,08:49:00,SEM VÍTIMA,FINALIZADA,SÃO JOSÉ,AV ENGENHEIRO JOSE ESTELITA,,,,SÃO JOSÉ,,SUBURBIO,COLISÃO TRASEIRA,1,0,0,0,0,0,0,0,0,0,0,,,,,,,,,,,,,
2023-02-27 00:00:00,08:53:00,SEM VÍTIMA,FINALIZADA,SANTO AMARO,AV CRUZ CABUGA,,,LADO OPOSTO AO Nº 304,SANTO AMARO,,CIDADE,COLISÃO TRANSVERSAL,1,1,0,0,0,0,0,0,0,0,0,,,,,,,,,,,,,
2023-02-27 00:00:00,10:56:00,SEM VÍTIMA,FINALIZADA,TORRE,RUA JOSE OSORIO,,RUA JOAQUIM NABUCO,EM CIMA DA PONTE DA CAPUNGA,TORRE,,,COLISÃO TRASEIRA,3,0,0,0,0,0,0,0,0,0,0,,,,,,,,,,,,,
2023-02-27 00:00:00,01:52:00,COM VÍTIMA,FINALIZADA,JARDIM SÃO PAULO,AV SAO PAULO,149,,BRAGA BURGUE,JARDIM SÃO PAULO,,,COLISÃO LATERAL,1,1,0,0,0,0,0,0,0,1,0,,,,,,,,,,,,,
2023-02-27 00:00:00,02:16:00,COM VÍTIMA,CANCELADA,DOIS UNIDOS,AV HILDEBRANDO DE VASCONCELOS,,,PROXIMO A SUBESTAÇÃO DA CELPE E AO ANTIGO CT DO SANTA CRUZ,DOIS UNIDOS,,SUBURBIO,COLISÃO LATERAL,0,2,0,0,0,0,0,0,0,1,0,,,,,,,,,,,,,
2023-02-27 00:00:00,03:57:00,SEM VÍTIMA,FINALIZADA,GRAÇAS,AV RUI BARBOSA,218,,PRAÇA DO ENTROCAMENTO,GRAÇAS,,,COLISÃO LATERAL,1,0,0,0,0,1,0,0,0,0,0,,,,,,,,,,,,,
2023-02-27 00:00:00,04:21:00,COM VÍTIMA,FINALIZADA,IMBIRIBEIRA,RUA ITAJAI,525,,POR TRAS DO BANCO DO BRASIL,IMBIRIBEIRA,,,COLISÃO LATERAL,1,1,0,0,0,0,0,0,0,2,0,,,,,,,,,,,,,
2023-02-27 00:00:00,05:18:00,COM VÍTIMA,FINALIZADA,IMBIRIBEIRA,AV MARECHAL MASCARENHAS DE MORAES,5109,,EM FRENTE A LOJA DM PEÇAS E SERVIÇOS,IMBIRIBEIRA,,,COLISÃO TRASEIRA,1,1,0,0,0,1,0,0,0,1,0,,,,,,,,,,,,,
2023-02-27 00:00:00,05:36:00,COM VÍTIMA,FINALIZADA,ENCRUZILHADA,AV NORTE MIGUEL ARRAES DE ALENCAR,,,EM FRENTE A RENAULT,ENCRUZILHADA,,,COLISÃO TRASEIRA,1,1,0,0,0,0,0,0,0,1,0,,,,,,,,,,,,,
2023-02-27 00:00:00,05:53:00,COM VÍTIMA,FINALIZADA,PINA,AV ANTONIO DE GOES,,RUA MANOEL DE BRITO,"COM A RUA MANOEL DE BRITO NA SAÍDA DO TÚNEL JOSUÉ DE CASTRO, PISTA DA DIREITA.",PINA,,,COLISÃO LATERAL,1,1,0,0,0,0,0,0,0,1,0,,,,,,,,,,,,,
2023-02-27 00:00:00,06:48:00,SEM VÍTIMA,CANCELADA,ARRUDA,RUA COUTO MAGALHAES,,,COLEGIO AO FAZER CRESCER,ARRUDA,,,COLISÃO FRONTAL,2,0,0,0,0,0,0,0,0,0,0,,,,,,,,,,,,,
2023-02-27 00:00:00,07:53:00,COM VÍTIMA,CANCELADA,SANTO AMARO,AV NORTE MIGUEL ARRAES DE ALENCAR,,,"OPOSTO À CHEVROLET, PRÓX. À PRAÇA DA PICANHA",SANTO AMARO,,,ATROPELAMENTO DE PESSOA,0,0,0,0,2,1,0,0,0,2,0,,,,,,,,,,,,,
2023-02-27 00:00:00,08:24:00,SEM VÍTIMA,FINALIZADA,SANTO ANTÔNIO,AV DANTAS BARRETO,940,,COMERCIAL ROQUE,SANTO ANTÔNIO,,SUBURBIO,COLISÃO LATERAL,0,0,0,0,0,1,0,1,0,0,0,,,,,,,,,,,,,
2023-02-27 00:00:00,10:32:00,COM VÍTIMA,FINALIZADA,GRAÇAS,RUA CARDEAL ARCOVERDE,260,,PRÓX. AO RESTAURANTE ILHA DA COSTA,GRAÇAS,,,COLISÃO TRASEIRA,2,0,0,0,0,0,0,0,0,1,0,,,,,,,,,,,,,
2023-02-28 00:00:00,08:07:00,COM VÍTIMA,FINALIZADA,SANTO ANTÔNIO,PRC DA REPUBLICA,,,AO LADO DO TEATRO SANTA IZABEL,SANTO ANTÔNIO,,,COLISÃO COM CICLISTA,1,0,0,1,0,0,0,0,0,1,0,,,,,,,,,,,,,
2023-02-28 00:00:00,10:11:00,COM VÍTIMA,FINALIZADA,ESPINHEIRO,RUA BARAO DE ITAMARACA,160,,AO LADO DA HAPICLÍNICA BARÃO DE ITAMARACÁ,ESPINHEIRO,,CIDADE,ATROPELAMENTO DE PESSOA,0,1,0,0,1,0,0,0,0,2,0,,,,,,,,,,,,,
2023-02-28 00:00:00,11:19:00,SEM VÍTIMA,FINALIZADA,IMBIRIBEIRA,AV MARECHAL MASCARENHAS DE MORAES,1968,,ESQUINA COM A JACAUNA MÓVEIS,IMBIRIBEIRA,,SUBURBIO,COLISÃO TRANSVERSAL,1,0,0,0,0,0,0,1,0,0,0,,,,,,,,,,,,,
2023-02-28 00:00:00,01:56:00,COM VÍTIMA,FINALIZADA,IMBIRIBEIRA,AV MARECHAL MASCARENHAS DE MORAES,6369,,PROX A ENTREDA A JORDÃO / EM FRENTE A LOJA FERRO MAIS,IMBIRIBEIRA,,CIDADE,COLISÃO TRASEIRA,1,1,0,0,0,0,0,0,0,1,0,,,,,,,,,,,,,
2023-02-28 00:00:00,03:20:00,COM VÍTIMA,FINALIZADA,SANTO AMARO,AV CRUZ CABUGA,,,,SANTO AMARO,,CIDADE,COLISÃO COM CICLISTA,1,0,0,1,0,0,0,0,0,1,0,,,,,,,,,,,,,
2023-02-28 00:00:00,04:16:00,SEM VÍTIMA,FINALIZADA,BOA VISTA,RUA JOAO FERNANDES VIEIRA,769,,EM FRENTE AO VERD FRUT,BOA VISTA,173,SUBURBIO,,1,0,0,0,0,0,1,0,0,0,0,,,,,,,,,,,,,
2023-02-28 00:00:00,05:53:00,COM VÍTIMA,FINALIZADA,BEBERIBE,AV BEBERIBE,2497,,EM FRENTE AO BUTECO PARRILLA,BEBERIBE,,SUBURBIO,COLISÃO LATERAL,1,1,0,0,0,0,0,0,0,1,0,,,,,,,,,,,,,
2023-02-28 00:00:00,07:15:00,COM VÍTIMA,FINALIZADA,IMBIRIBEIRA,AV MARECHAL MASCARENHAS DE MORAES,,AV GENERAL MAC ARTHUR,EM FRENTE AO BANCO ITAÚ,IMBIRIBEIRA,225,,COLISÃO LATERAL,0,1,0,0,0,0,1,0,0,2,0,,,,,,,,,,,,,
2023-02-28 00:00:00,10:59:00,COM VÍTIMA,FINALIZADA,BOA VIAGEM,RUA BARAO DE SOUZA LEAO,,,PRACINHA DE BOA VIAGEM,BOA VIAGEM,,,COLISÃO FRONTAL,0,2,0,0,0,0,0,0,0,2,0,,,,,,,,,,,,,
2023-03-01 00:00:00,01:34:00,COM VÍTIMA,FINALIZADA,TORRE,RUA JOSE BONIFACIO,,,PRÓXIMO AO CARREFOUR,TORRE,487,SUBURBIO,COLISÃO FRONTAL,0,0,0,0,0,0,0,0,0,1,0,,,,,,,,,,,,,
2023-03-01 00:00:00,01:58:00,SEM VÍTIMA,FINALIZADA,BOA VIAGEM,RUA RIBEIRO DE BRITO,972,RUA DOS NAVEGANTES,AO LADO DO Nº 972,BOA VIAGEM,,,,1,0,0,0,0,0,0,1,0,0,0,,,,,,,,,,,,,
2023-03-01 00:00:00,09:38:00,COM VÍTIMA,FINALIZADA,IMBIRIBEIRA,RUA JOAQUIM BANDEIRA,,RUA JACI,PROX A LOJA MITSUBISHI,IMBIRIBEIRA,,,COLISÃO LATERAL,1,1,0,0,0,0,0,0,0,1,0,,,,,,,,,,,,,
2023-03-01 00:00:00,12:27:00,COM VÍTIMA,FINALIZADA,SANTO AMARO,AV MARIO MELO,,,AO LADO RM EXPRESS,SANTO AMARO,,,COLISÃO TRASEIRA,1,1,0,0,0,0,0,0,0,1,0,,,,,,,,,,,,,
2023-03-01 00:00:00,01:35:00,SEM VÍTIMA,FINALIZADA,SANTO AMARO,RUA ALVARES DE AZEVEDO,153,RUA GOUVEIA DE BARROS,CENTRO EDUCACIONAL ULISSES PERNAMBUCANO,SANTO AMARO,93,CIDADE,,2,0,0,0,0,0,0,0,0,0,0,,,,,,,,,,,,,
2023-03-01 00:00:00,04:46:00,COM VÍTIMA,FINALIZADA,BOA VIAGEM,RUA COSMORAMA,25,,PROX A GARAGEM DA BORBOREMA,BOA VIAGEM,,,COLISÃO COM CICLISTA,0,0,0,1,0,1,0,0,0,1,0,,,,,,,,,,,,,
2023-03-01 00:00:00,05:19:00,COM VÍTIMA,FINALIZADA,ILHA DO LEITE,RUA FRANCISCO ALVES,,,EM FRENTE AO HOPE,ILHA DO LEITE,,,COLISÃO LATERAL,1,1,0,0,0,0,0,0,0,1,0,,,,,,,,,,,,,
2023-03-01 00:00:00,08:51:00,COM VÍTIMA,CANCELADA,ESTÂNCIA,AV RECIFE,,,PRÓX. AO HOTEL ESTORIL,ESTÂNCIA,,,COLISÃO TRANSVERSAL,1,1,0,0,0,0,0,0,0,1,0,,,,,,,,,,,,,
2023-03-01 00:00:00,11:27:00,COM VÍTIMA,FINALIZADA,JARDIM SÃO PAULO,AV SAO PAULO,338,,PRÓX. AO MERCADINHO RENDE MAIS,JARDIM SÃO PAULO,,,COLISÃO TRANSVERSAL,0,1,0,0,0,0,1,0,0,1,0,,,,,,,,,,,,,
2023-03-02 00:00:00,06:45:00,COM VÍTIMA,FINALIZADA,JAQUEIRA,AV RUI BARBOSA,,RUA MUNIZ TAVARES,PROX. AO HOSPITAL MARIA LUCINDA,JAQUEIRA,460,,COLISÃO COM CICLISTA,1,0,0,1,0,0,0,0,0,1,0,,,,,,,,,,,,,
2023-03-02 00:00:00,08:34:00,COM VÍTIMA,FINALIZADA,COHAB,AV SERRA DA MANTIQUEIRA,150,,APÓS A ASSEMBLEIA DE DEUS / PRÓX. AO SOCIETY PERNA DE PAU,COHAB,,,COLISÃO FRONTAL,0,1,0,0,0,1,0,0,0,1,0,,,,,,,,,,,,,
2023-03-02 00:00:00,08:54:00,COM VÍTIMA,FINALIZADA,BOA VIAGEM,AV ENGENHEIRO DOMINGOS FERREIRA,,,POSTO IPIRANGA / RECIFE TRADE CENTER,BOA VIAGEM,,,COLISÃO TRASEIRA,1,1,0,0,0,0,0,0,0,1,0,,,,,,,,,,,,,
2023-03-02 00:00:00,10:07:00,COM VÍTIMA,FINALIZADA,BAIRRO DO RECIFE,RUA DO BOM JESUS,,,COOPERATIVA ALIANÇA,BAIRRO DO RECIFE,,,TOMBAMENTO,0,1,0,0,0,0,0,0,0,1,0,,,,,,,,,,,,,
2023-03-02 00:00:00,10:26:00,COM VÍTIMA,FINALIZADA,DOIS UNIDOS,AV HILDEBRANDO DE VASCONCELOS,662,,PRÓX. À TOP FITNESS ACADEMIA,DOIS UNIDOS,,,COLISÃO FRONTAL,1,1,0,0,0,0,0,0,0,2,0,,,,,,,,,,,,,
2023-03-02 00:00:00,10:47:00,SEM VÍTIMA,FINALIZADA,VASCO DA GAMA,RUA ALTO DO EUCALIPTO,267,RUA VASCO DA GAMA,PRÓX A BARRACA DE SEU AUCIDES E AO SUPERMERCADO RENDE MAIS.,VASCO DA GAMA,,,COLISÃO LATERAL,1,0,0,0,0,0,1,0,0,0,0,,,,,,,,,,,,,
2023-03-02 00:00:00,11:47:00,SEM VÍTIMA,FINALIZADA,ESTÂNCIA,AV RECIFE,5630,AV JOAO CABRAL DE MELO NETO,EM FRENTE AO CERPE,ESTÂNCIA,259,CIDADE,COLISÃO TRASEIRA,2,0,0,0,0,0,0,0,0,0,0,,,,,,,,,,,,,
2023-03-02 00:00:00,03:43:00,COM VÍTIMA,FINALIZADA,DERBY,AV GOVERNADOR AGAMENON MAGALHAES,,RUA JOAQUIM NABUCO,AO LADO DO HOSPITAL RESTAURAÇÃO,DERBY,,,ATROPELAMENTO DE PESSOA,0,1,0,0,1,0,0,0,0,1,0,,,,,,,,,,,,,
2023-03-02 00:00:00,02:10:00,SEM VÍTIMA,FINALIZADA,BOA VIAGEM,AV CONSELHEIRO AGUIAR,2832,,EM FRENTE A BIO MUNDO PRODUSTOS NATURAIS,BOA VIAGEM,,,COLISÃO TRASEIRA,2,0,0,0,0,0,0,0,0,0,0,,,,,,,,,,,,,
2023-03-02 00:00:00,02:20:00,COM VÍTIMA,FINALIZADA,BOA VIAGEM,RUA SA E SOUZA,154,,ENFRENTE A DROGASIL,BOA VIAGEM,,,COLISÃO LATERAL,1,1,0,0,0,0,0,0,0,1,0,,,,,,,,,,,,,
2023-03-02 00:00:00,09:41:00,SEM VÍTIMA,FINALIZADA,SAN MARTIN,AV GENERAL SAN MARTIN,,,EM FRENTE AO QUARTEL DO REGIMENTO DE CAVALARIA DIAS CARDOSO,SAN MARTIN,,,CHOQUE,0,0,0,0,0,0,2,0,0,0,0,,,,,,,,,,,,,
2023-03-02 00:00:00,11:34:00,COM VÍTIMA,FINALIZADA,SANTO AMARO,AV DR JAYME DA FONTE,320,,EM FRENTE A ASSEMBLÉIA DE DEUS,SANTO AMARO,,,ATROPELAMENTO DE PESSOA,0,1,0,0,1,0,0,0,0,1,0,,,,,,,,,,,,,
2023-03-03 00:00:00,03:22:00,COM VÍTIMA,FINALIZADA,GRAÇAS,AV GOVERNADOR AGAMENON MAGALHAES,,RUA DR BANDEIRA FILHO,MC DONALDS,GRAÇAS,,,COLISÃO TRANSVERSAL,1,1,0,0,0,0,0,0,0,1,0,,,,,,,,,,,,,
2023-03-03 00:00:00,07:11:00,COM VÍTIMA,FINALIZADA,DOIS IRMÃOS,RUA MANUEL DE MEDEIROS,S/N,,EM FRENTE A UFRPE E A COMPESA,DOIS IRMÃOS,,,COLISÃO LATERAL,1,1,0,0,0,0,0,0,0,2,0,,,,,,,,,,,,,
2023-03-03 00:00:00,07:49:00,COM VÍTIMA,FINALIZADA,JARDIM SÃO PAULO,RUA LEANDRO BARRETO,735,,ANTIGA ESCOLA MONTE LIBANO,JARDIM SÃO PAULO,,,COLISÃO LATERAL,1,1,0,0,0,0,0,0,0,1,0,,,,,,,,,,,,,
2023-03-03 00:00:00,12:33:00,COM VÍTIMA,FINALIZADA,CAXANGÁ,AV AFONSO OLINDENSE,,,ENFRENTE AO POSTO DE GASOLINA,CAXANGÁ,,,COLISÃO TRASEIRA,1,1,0,0,0,0,0,0,0,1,0,,,,,,,,,,,,,
2023-03-03 00:00:00,01:34:00,COM VÍTIMA,FINALIZADA,IMBIRIBEIRA,RUA IZABEL DE SOUZA,80,,PROX AO BANCO ITAU,IMBIRIBEIRA,,,COLISÃO LATERAL,1,1,0,0,0,0,0,0,0,1,0,,,,,,,,,,,,,
2023-03-03 00:00:00,03:16:00,COM VÍTIMA,CANCELADA,AFOGADOS,RUA VINTE E UM DE ABRIL,375,RUA JOSE MIRANDA,PROX A TABACARIA 21 DE ABRIL,AFOGADOS,,,COLISÃO LATERAL,1,1,0,0,0,0,0,0,0,1,0,,,,,,,,,,,,,
2023-03-03 00:00:00,03:36:00,COM VÍTIMA,FINALIZADA,ZUMBI,RUA FREI TEOFILO DE VIRGOLETTA,346,RUA DR CARLOS ALVES,EM FRENTE AO Nº 346,ZUMBI,,SUBURBIO,,2,0,0,0,0,0,0,0,0,1,0,,,,,,,,,,,,,
2023-03-04 00:00:00,02:19:00,COM VÍTIMA,FINALIZADA,CAMPO GRANDE,RUA JERONIMO VILELA,639,,DEPOIS DO BAR DO ZÉ,CAMPO GRANDE,,,COLISÃO TRANSVERSAL,1,1,0,0,0,0,0,0,0,2,0,,,,,,,,,,,,,
2023-03-04 00:00:00,04:04:00,COM VÍTIMA,FINALIZADA,BARRO,AV DR JOSE RUFINO,,,EM CIMA DO VIADUTO DO BARRO,BARRO,,,COLISÃO TRANSVERSAL,1,1,0,0,0,0,0,0,0,1,0,,,,,,,,,,,,,
2023-03-04 00:00:00,09:01:00,COM VÍTIMA,FINALIZADA,PINA,AV REPUBLICA DO LIBANO,,,,PINA,,,COLISÃO TRASEIRA,3,1,0,0,0,0,0,0,0,1,0,,,,,,,,,,,,,
2023-03-04 00:00:00,12:45:00,COM VÍTIMA,FINALIZADA,SANTO AMARO,AV CRUZ CABUGA,706,RUA FREI CASSIMIRO,PROX AO PREDIO DA CASA DA INDUSTRIA,SANTO AMARO,,,COLISÃO TRANSVERSAL,1,1,0,0,0,0,0,0,0,2,0,,,,,,,,,,,,,
2023-03-04 00:00:00,01:21:00,COM VÍTIMA,FINALIZADA,CAMPO GRANDE,EST DE BELEM,836,,PROXIMO AO POSTO PETRONAK,CAMPO GRANDE,,,COLISÃO FRONTAL,1,1,0,0,0,0,0,0,0,1,0,,,,,,,,,,,,,
2023-03-04 00:00:00,05:40:00,SEM VÍTIMA,FINALIZADA,ALTO DO MANDU,RUA DA SUCUPIRA,40,,BAR AMARELINHO,ALTO DO MANDU,,,COLISÃO TRASEIRA,2,0,0,0,0,0,0,0,0,0,0,,,,,,,,,,,,,
2023-03-04 00:00:00,08:30:00,COM VÍTIMA,FINALIZADA,JOANA BEZERRA,AV BEIRA RIO,,,EM FRENTE AO CAMPO,JOANA BEZERRA,,,ATROPELAMENTO DE ANIMAL,0,0,0,0,0,0,0,0,0,1,0,,,,,,,,,,,,,
2023-03-04 00:00:00,10:19:00,COM VÍTIMA,FINALIZADA,BOA VIAGEM,RUA BARAO DE SOUZA LEAO,418,,EM FRENTE AO BANCO DO BRASIL,BOA VIAGEM,,,,0,1,0,0,1,0,0,0,0,1,0,,,,,,,,,,,,,
2023-03-05 00:00:00,01:52:00,COM VÍTIMA,CANCELADA,ESTÂNCIA,AV DR JOSE RUFINO,1683,,ENTRADA DE JARDIM UCHOA,ESTÂNCIA,,,COLISÃO TRASEIRA,1,1,0,0,0,0,0,0,0,1,0,,,,,,,,,,,,,
2023-03-05 00:00:00,04:15:00,COM VÍTIMA,FINALIZADA,PAISSANDU,AV GOVERNADOR AGAMENON MAGALHAES,,,EM FRENTE AO HOSPITAL PORTUGUÊS,PAISSANDU,,,ATROPELAMENTO DE PESSOA,1,0,0,0,1,0,0,0,0,1,0,,,,,,,,,,,,,
2023-03-06 00:00:00,12:42:00,SEM VÍTIMA,CANCELADA,BOA VIAGEM,RUA JOAO CARDOSO AIRES,420,,COM A RUA SÁ E SOUZA,BOA VIAGEM,,,CHOQUE,2,0,0,0,0,0,0,0,0,0,0,,,,,,,,,,,,,