data,hora,natureza,situacao,bairro,endereco,numero,detalhe_endereco_acidente,complemento,bairro_cruzamento,num_semaforo,sentido_via,tipo,auto,moto,ciclom,ciclista,pedestre,onibus,caminhao,viatura,outros,vitimas,vitimasfatais,acidente_verificado,tempo_clima,situacao_semaforo,sinalizacao,condicao_via,conservacao_via,ponto_controle,situacao_placa,velocidade_max_via,mao_direcao,divisao_via1,divisao_via2,divisao_via3
2023-03-31 00:00:00,10:23:00,COM VÍTIMA,FINALIZADA,TEJIPIÓ,AV DR JOSE RUFINO,,,ESCOLA HUMBERTO CASTELO BRANCO,TEJIPIÓ,,,COLISÃO LATERAL,1,1,0,0,0,0,0,0,0,3,0,,,,,,,,,,,,,
2023-03-31 00:00:00,11:58:00,COM VÍTIMA,FINALIZADA,DERBY,AV GOVERNADOR AGAMENON MAGALHAES,,,EM FRENTE A PETZ NO SENTIDO OLINDA,DERBY,,SUBURBIO,COLISÃO TRASEIRA,1,1,0,0,0,0,0,0,0,1,0,,,,,,,,,,,,,
2023-03-31 00:00:00,01:31:00,COM VÍTIMA,FINALIZADA,ÁGUA FRIA,AV BEBERIBE,2229,,NA FRENTE AZEVEDO PESCADO,ÁGUA FRIA,,,COLISÃO LATERAL,1,1,0,0,0,0,0,0,0,2,0,,,,,,,,,,,,,
2023-03-31 00:00:00,03:54:00,SEM VÍTIMA,FINALIZADA,DERBY,RUA HENRIQUE DIAS,,,EM FRENTE A FUNDAÇÃO JOAQUIM NABUCO,DERBY,,,COLISÃO LATERAL,1,0,0,0,0,0,0,1,0,0,0,,,,,,,,,,,,,
2023-03-31 00:00:00,06:15:00,COM VÍTIMA,FINALIZADA,BOA VIAGEM,RUA MINISTRO NELSON HUNGRIA,643,,NO EDIFICIO VALE DO TAKUANE,BOA VIAGEM,,,CHOQUE,1,0,0,0,0,0,0,0,1,1,0,,,,,,,,,,,,,
2023-04-01 00:00:00,12:09:00,COM VÍTIMA,FINALIZADA,ESPINHEIRO,RUA DA HORA,76,,PRÓX. À PIZZARIA PALERMO,ESPINHEIRO,,,COLISÃO TRASEIRA,1,1,0,0,0,0,0,0,0,1,0,,,,,,,,,,,,,
2023-04-01 00:00:00,02:50:00,COM VÍTIMA,FINALIZADA,ESPINHEIRO,AV JOAO DE BARROS,1420,RUA DA HORA,PROX.  AO RESTAURANTE HIPORIO,ESPINHEIRO,,,COLISÃO TRANSVERSAL,1,1,0,0,0,0,0,0,0,2,0,,,,,,,,,,,,,
2023-04-01 00:00:00,12:06:00,COM VÍTIMA,FINALIZADA,ÁGUA FRIA,AV BEBERIBE,,RUA ZEFERINO AGRA,PROX AO LOJÃO DO PETROLEO,ÁGUA FRIA,,,COLISÃO LATERAL,1,1,0,0,0,0,0,0,0,1,0,,,,,,,,,,,,,
2023-04-01 00:00:00,12:41:00,COM VÍTIMA,FINALIZADA,JIQUIÁ,RUA SAO MIGUEL,,,E/F AO CONSUTORIO CERPE PROX AO CHARQUE NA BRASA,JIQUIÁ,,,COLISÃO FRONTAL,1,1,0,0,0,0,0,0,0,2,0,,,,,,,,,,,,,
2023-04-01 00:00:00,01:14:00,COM VÍTIMA,FINALIZADA,NOVA DESCOBERTA,RUA CORREGO DA AREIA,253,,E/F A CASAA DAS EMBALAGENS,NOVA DESCOBERTA,,,COLISÃO FRONTAL,0,2,0,0,0,0,0,0,0,2,0,,,,,,,,,,,,,
2023-04-01 00:00:00,06:43:00,COM VÍTIMA,FINALIZADA,SANTO AMARO,AV CRUZ CABUGA,,,EM FRENTE AO HOSPITAL DA MARINHA,SANTO AMARO,,,COLISÃO TRASEIRA,2,0,0,0,0,0,0,0,0,1,0,,,,,,,,,,,,,
2023-04-01 00:00:00,10:32:00,COM VÍTIMA,CANCELADA,IBURA,RUA VALE DO ITAJAI,,,EM FRENTE A UPA,IBURA,,,COLISÃO FRONTAL,0,1,0,1,0,0,0,0,0,2,0,,,,,,,,,,,,,
2023-04-01 00:00:00,11:11:00,SEM VÍTIMA,FINALIZADA,BOA VIAGEM,RUA DEZ DE JULHO,461,,,BOA VIAGEM,,,COLISÃO LATERAL,1,1,0,0,0,0,0,0,0,0,0,,,,,,,,,,,,,
2023-04-02 00:00:00,07:13:00,VÍTIMA FATAL,FINALIZADA,PINA,AVENIDA CELSO FURTADO (VIA MANGUE),,,"SENTIDO BOA VIAGEM, PROX, AO AERO CLUBE",PINA,,,CHOQUE,0,1,0,0,0,0,0,0,0,1,1,,,,,,,,,,,,,
2023-04-02 00:00:00,02:16:00,SEM VÍTIMA,FINALIZADA,IBURA,RUA DR OTAVIO DE MORAES VASCONCELOS,31A,,EM FRENTE AO SUPERMERCADO TREVO,IBURA,,,COLISÃO LATERAL,1,0,0,0,0,0,1,0,0,0,0,,,,,,,,,,,,,
2023-04-02 00:00:00,05:36:00,SEM VÍTIMA,FINALIZADA,VASCO DA GAMA,RUA FREDERICO OZANAN,164,,PROXIMO AO LAR DE ITA,VASCO DA GAMA,,,COLISÃO LATERAL,0,0,0,0,0,0,0,2,0,0,0,,,,,,,,,,,,,
2023-04-02 00:00:00,07:03:00,COM VÍTIMA,FINALIZADA,JARDIM SÃO PAULO,RUA LEANDRO BARRETO,231,,ASSEMBLEIA DE DEUS,JARDIM SÃO PAULO,,,COLISÃO TRANSVERSAL,1,1,0,0,0,0,0,0,0,1,0,,,,,,,,,,,,,
2023-04-03 00:00:00,12:47:00,COM VÍTIMA,CANCELADA,JOANA BEZERRA,PTE JOSE DE BARROS LIMA,,,SENTIDO  BOA VIAGEM,JOANA BEZERRA,,,ATROPELAMENTO DE PESSOA,1,0,0,0,1,0,0,0,0,1,0,,,,,,,,,,,,,
2023-04-03 00:00:00,01:24:00,COM VÍTIMA,FINALIZADA,PORTO DA MADEIRA,AV BEBERIBE,,,EM FRENTE  ARENA SHOW BAR,PORTO DA MADEIRA,,,COLISÃO TRANSVERSAL,1,1,0,0,0,0,0,0,0,1,0,,,,,,,,,,,,,
2023-04-03 00:00:00,03:56:00,COM VÍTIMA,FINALIZADA,TORRÕES,AV ENGENHEIRO ABDIAS DE CARVALHO,,,"EM FRENTE AO COMPAZ "" ARIANO SUASSUNA""",TORRÕES,,,CHOQUE,1,0,0,0,0,0,0,0,0,1,0,,,,,,,,,,,,,
2023-04-03 00:00:00,08:00:00,COM VÍTIMA,FINALIZADA,BAIRRO DO RECIFE,RUA AURORA,,AV NORTE MIGUEL ARRAES DE ALENCAR,INICIO DA PONTE DO LIMOEIRO,BAIRRO DO RECIFE,,,COLISÃO TRASEIRA,1,0,0,1,0,0,0,0,0,1,0,,,,,,,,,,,,,
2023-04-03 00:00:00,08:04:00,COM VÍTIMA,FINALIZADA,SÃO JOSÉ,AV DANTAS BARRETO,,RUA SAO JOAO,PRÓX. AO TERMINAL DA LINHA 1002 / PRÓX. À CAIXA,SÃO JOSÉ,54,,COLISÃO LATERAL,0,1,0,0,0,1,0,0,0,2,0,,,,,,,,,,,,,
2023-04-03 00:00:00,08:28:00,COM VÍTIMA,DUPLICIDADE,SANTO AMARO,RUA DA AURORA,,,"EM CIMA DA PONTE, PRÓX AO ANTIGO HOSPITAL DA COVID",SANTO AMARO,,,COLISÃO COM CICLISTA,1,0,0,1,0,0,0,0,0,1,0,,,,,,,,,,,,,
2023-04-03 00:00:00,09:07:00,COM VÍTIMA,FINALIZADA,IBURA,AV RECIFE,3050,,EM FRENTE AO  MAIS VISTORIAS,IBURA,,,COLISÃO LATERAL,1,1,0,0,0,0,0,0,0,1,0,,,,,,,,,,,,,
2023-04-03 00:00:00,10:08:00,COM VÍTIMA,FINALIZADA,IBURA,AV RECIFE,,RUA ROSA MAGALHAES,LADO OPOSTO AO ARMAZÉM CORAL,IBURA,,,ATROPELAMENTO DE PESSOA,1,0,0,0,1,0,0,0,0,1,0,,,,,,,,,,,,,
2023-04-03 00:00:00,11:02:00,COM VÍTIMA,FINALIZADA,IMBIRIBEIRA,RUA BARAO DE AGUA BRANCA,376,,PRÓX. AO COLÉGIO COGNITIVO,IMBIRIBEIRA,,,COLISÃO FRONTAL,3,0,0,0,0,0,0,0,0,2,0,,,,,,,,,,,,,
2023-03-30 00:00:00,03:10:00,COM VÍTIMA,FINALIZADA,IBURA,RUA EMILIO MONTEIRO FONSECA,,RUA VIRGINOPOLIS,,IBURA,,SUBURBIO,COLISÃO TRASEIRA,1,1,0,0,0,0,0,0,0,1,0,,,,,,,,,,,,,
2023-04-03 00:00:00,02:40:00,SEM VÍTIMA,FINALIZADA,SÃO JOSÉ,RUA DA CONCORDIA,,RUA DO PEIXOTO,,SÃO JOSÉ,182,CIDADE,,2,0,0,0,0,0,0,0,0,0,0,,,,,,,,,,,,,
2023-04-03 00:00:00,04:26:00,COM VÍTIMA,FINALIZADA,BOA VISTA,RUA DOM BOSCO,908,RUA HENRIQUE DIAS,EM FRENTE DA CNBB,BOA VISTA,294,,COLISÃO LATERAL,1,1,0,0,0,0,0,0,0,1,0,,,,,,,,,,,,,
2023-04-03 00:00:00,05:49:00,COM VÍTIMA,CANCELADA,JARDIM SÃO PAULO,RUA GERSON MONTEIRO DE LIMA,764,,PROX AO ANTIGO COLEGIO BETEL,JARDIM SÃO PAULO,,,CHOQUE,1,0,0,0,0,0,0,0,1,1,0,,,,,,,,,,,,,
2023-04-03 00:00:00,08:47:00,COM VÍTIMA,FINALIZADA,AREIAS,RUA CAPITAO GREGORIO DE ALBUQUERQUE,687,,PRÓXIMO A RUA DO INSPETOR BOSCO,AREIAS,,,ATROPELAMENTO DE PESSOA,1,0,0,0,1,0,0,0,0,1,0,,,,,,,,,,,,,
2023-04-03 00:00:00,09:02:00,COM VÍTIMA,FINALIZADA,CORDEIRO,AV CAXANGA,3347,,PRÓXIMO AO COLEGIO PIO XII,CORDEIRO,,,COLISÃO TRASEIRA,1,1,0,0,0,0,0,0,0,1,0,,,,,,,,,,,,,
2023-04-04 00:00:00,07:16:00,SEM VÍTIMA,FINALIZADA,CAXANGÁ,AV JOAQUIM RIBEIRO,,RUA GASTAO VIDIGAL,LADO OPOSTO AO POSTO SHELL,CAXANGÁ,281,CIDADE,,1,0,0,0,0,1,0,0,0,0,0,,,,,,,,,,,,,
2023-04-04 00:00:00,07:53:00,COM VÍTIMA,DUPLICIDADE,IMBIRIBEIRA,AV MARECHAL MASCARENHAS DE MORAES,,,EM FRENTE À CAOA,IMBIRIBEIRA,,CIDADE,COLISÃO LATERAL,0,0,0,0,0,0,0,0,0,1,0,,,,,,,,,,,,,
2023-04-04 00:00:00,08:03:00,COM VÍTIMA,FINALIZADA,IMBIRIBEIRA,AV MARECHAL MASCARENHAS DE MORAES,701,,Concessionária CAOA Chery,IMBIRIBEIRA,,,COLISÃO LATERAL,1,1,0,0,0,0,0,0,0,1,0,,,,,,,,,,,,,
2023-04-04 00:00:00,08:29:00,COM VÍTIMA,FINALIZADA,ENCRUZILHADA,AV BEBERIBE,,,AUTO ESCOLA BELEM,ENCRUZILHADA,,,COLISÃO LATERAL,1,1,0,0,0,0,0,0,0,1,0,,,,,,,,,,,,,
2023-04-04 00:00:00,09:01:00,COM VÍTIMA,FINALIZADA,PAISSANDU,AV GOVERNADOR AGAMENON MAGALHAES,,,EM FRENTE AO HOSPITAL PORTUGUÊS,PAISSANDU,69,,COLISÃO FRONTAL,1,1,0,0,0,0,0,0,0,2,0,,,,,,,,,,,,,
2023-04-04 00:00:00,09:23:00,COM VÍTIMA,FINALIZADA,IPUTINGA,AV MAURICIO DE NASSAU,,AV CAXANGA,PROXIMO A FUNDAÇÃO ALTINO VENTURA,IPUTINGA,,,COLISÃO LATERAL,0,0,0,0,0,0,0,0,0,1,0,,,,,,,,,,,,,
2023-04-04 00:00:00,01:02:00,COM VÍTIMA,FINALIZADA,MADALENA,RUA BENFICA,1092,,EM FRENTE AO MARTELINHO DE OURO,MADALENA,,,COLISÃO COM CICLISTA,0,0,0,1,0,1,0,0,0,1,0,,,,,,,,,,,,,
2023-04-04 00:00:00,01:02:00,COM VÍTIMA,FINALIZADA,ÁGUA FRIA,RUA DR EUDES COSTA,21,,E/F AO MERCADINHO MAIS VOCE TEM,ÁGUA FRIA,,,COLISÃO LATERAL,1,1,0,0,0,0,0,0,0,1,0,,,,,,,,,,,,,
2023-04-04 00:00:00,01:11:00,SEM VÍTIMA,FINALIZADA,SÃO JOSÉ,C SANTA RITA,,VDO DAS CINCO PONTAS,OPOSTO AO 16º BATALHÃO DA POLÍCIA MILITAR,SÃO JOSÉ,,CIDADE,,1,0,0,0,0,0,0,1,0,0,0,,,,,,,,,,,,,
2023-04-04 00:00:00,01:33:00,COM VÍTIMA,CANCELADA,JORDÃO,RUA DR ALVARO FERRAZ,44,,PROX AO TERMINAL DE JORDÃO BAIXO,JORDÃO,,,COLISÃO LATERAL,1,1,0,0,0,0,0,0,0,1,0,,,,,,,,,,,,,
2023-04-04 00:00:00,02:59:00,COM VÍTIMA,FINALIZADA,BOA VIAGEM,RUA SA E SOUZA,154,,PROXIMO A PADARIA SANTA ROSA,BOA VIAGEM,,,COLISÃO LATERAL,0,1,0,0,0,0,0,0,0,1,0,,,,,,,,,,,,,
2023-04-05 00:00:00,01:48:00,COM VÍTIMA,FINALIZADA,BOA VIAGEM,AV BOA VIAGEM,4772,,PRÓX. À PRACINHA DE BOA VIAGEM,BOA VIAGEM,,,COLISÃO TRASEIRA,1,1,0,0,0,0,0,0,0,1,0,,,,,,,,,,,,,
2023-04-05 00:00:00,08:00:00,COM VÍTIMA,FINALIZADA,DERBY,RUA FELICIANO GOMES,342,,CERPE,DERBY,,,COLISÃO FRONTAL,1,1,0,0,0,0,0,0,0,2,0,,,,,,,,,,,,,
2023-04-05 00:00:00,01:47:00,COM VÍTIMA,FINALIZADA,ARRUDA,AV BEBERIBE,,,EM FRENTE AO BOMPREÇO DO ARRUDA,ARRUDA,,,COLISÃO LATERAL,1,1,0,0,0,0,0,0,0,1,0,,,,,,,,,,,,,
2023-04-05 00:00:00,02:27:00,SEM VÍTIMA,FINALIZADA,ESPINHEIRO,AV GOVERNADOR AGAMENON MAGALHAES,2978,,CREA - PE,ESPINHEIRO,,CIDADE,COLISÃO TRANSVERSAL,2,0,0,0,0,0,0,0,0,0,0,,,,,,,,,,,,,
2023-04-05 00:00:00,03:00:00,COM VÍTIMA,FINALIZADA,DERBY,AV GOVERNADOR AGAMENON MAGALHAES,,,"E/F AO BRADESCO S, /T OLINDA",DERBY,,,COLISÃO TRASEIRA,0,2,0,0,0,0,0,0,0,2,0,,,,,,,,,,,,,
2023-04-05 00:00:00,03:05:00,COM VÍTIMA,FINALIZADA,ESTÂNCIA,AV RECIFE,,,LADO OPOSTO AO ATACADÃO/ SENTIDO CAXANGA,ESTÂNCIA,,,COLISÃO LATERAL,0,2,0,0,0,0,0,0,0,1,0,,,,,,,,,,,,,
2023-04-05 00:00:00,03:24:00,SEM VÍTIMA,FINALIZADA,AREIAS,RUA JOSE NATARIO,,,PROX A ESTAÇÃO DO WERNECK,AREIAS,,,COLISÃO LATERAL,0,1,0,0,0,1,0,0,0,0,0,,,,,,,,,,,,,
2023-04-05 00:00:00,05:51:00,COM VÍTIMA,FINALIZADA,AFOGADOS,AV SUL,,,POLICLÍNICA AGAMENON MAGALHÃES,AFOGADOS,,,COLISÃO LATERAL,0,2,0,0,0,0,0,0,0,2,0,,,,,,,,,,,,,
2023-04-05 00:00:00,05:53:00,COM VÍTIMA,FINALIZADA,IMBIRIBEIRA,AV ANTONIO TORRES GALVAO,442,RUA ALFREDO MARCONDES,,IMBIRIBEIRA,,,COLISÃO TRANSVERSAL,0,1,0,0,0,0,1,0,0,1,0,,,,,,,,,,,,,
2023-04-05 00:00:00,07:27:00,COM VÍTIMA,FINALIZADA,BOA VIAGEM,AVENIDA CELSO FURTADO (VIA MANGUE),,,"ANTES DO HIBER BOMPREÇO, NO VIADUTO",BOA VIAGEM,,SUBURBIO,COLISÃO TRASEIRA,1,1,0,0,0,0,0,0,0,1,0,,,,,,,,,,,,,
2023-04-05 00:00:00,09:19:00,COM VÍTIMA,CANCELADA,CÓRREGO DO JENIPAPO,RUA DAS FLORES,90,,PRÓXIMO A UPINHA DO CORREGO DO JENIPAPO,CÓRREGO DO JENIPAPO,,,COLISÃO FRONTAL,1,1,0,0,0,0,0,0,0,2,0,,,,,,,,,,,,,
2023-04-05 00:00:00,09:28:00,COM VÍTIMA,CANCELADA,BOA VIAGEM,AV ARMINDO MOURA,,RUA VISCONDE DE JEQUITINHONHA,,BOA VIAGEM,,CIDADE,COLISÃO LATERAL,1,1,0,0,0,0,0,0,0,1,0,,,,,,,,,,,,,
2023-04-06 00:00:00,01:21:00,SEM VÍTIMA,FINALIZADA,SANTO AMARO,AV GOVERNADOR AGAMENON MAGALHAES,,,SOB O VIADUTO  ENGº ROBERTO PEREIRA DE CARVALHO,SANTO AMARO,,,CHOQUE,0,0,0,0,0,0,0,1,0,0,0,,,,,,,,,,,,,
2023-04-06 00:00:00,06:46:00,COM VÍTIMA,FINALIZADA,BAIRRO DO RECIFE,AV RIO BRANCO,,CAIS DO APOLO,AO LADO DO BANCO DO BRASIL - SENT. SUBÚRBIO,BAIRRO DO RECIFE,19,,COLISÃO TRASEIRA,1,1,0,0,0,0,0,0,0,1,0,,,,,,,,,,,,,
2023-04-06 00:00:00,10:05:00,COM VÍTIMA,FINALIZADA,AREIAS,AV RECIFE,5008,,EM FRENTE AO ATACADÃO SENT. BR-101,AREIAS,,,COLISÃO FRONTAL,1,1,0,0,0,0,0,0,0,1,0,,,,,,,,,,,,,
2023-04-06 00:00:00,10:14:00,COM VÍTIMA,FINALIZADA,BOA VIAGEM,AVENIDA CELSO FURTADO (VIA MANGUE),,,POR TRÁS DO ANTIGO EXTRA,BOA VIAGEM,,CIDADE,COLISÃO LATERAL,0,0,0,0,0,0,0,0,0,1,0,,,,,,,,,,,,,
2023-04-06 00:00:00,10:55:00,COM VÍTIMA,CANCELADA,CORDEIRO,RUA XAVIER DE BRITO,,,,CORDEIRO,,,COLISÃO LATERAL,0,0,0,0,0,0,0,0,0,1,0,,,,,,,,,,,,,
2023-04-06 00:00:00,11:22:00,COM VÍTIMA,FINALIZADA,AFOGADOS,RUA VINTE E UM DE ABRIL,2090,,,AFOGADOS,,,ATROPELAMENTO DE PESSOA,1,0,0,0,1,0,0,0,0,1,0,,,,,,,,,,,,,
2023-04-06 00:00:00,11:48:00,COM VÍTIMA,FINALIZADA,CORDEIRO,RUA DR MIGUEL VIEIRA FERREIRA,721,RUA PROFESSOR JOAQUIM XAVIER DE BRITO,,CORDEIRO,,,COLISÃO COM CICLISTA,0,1,0,1,0,0,0,0,0,2,0,,,,,,,,,,,,,
2023-04-06 00:00:00,01:18:00,COM VÍTIMA,FINALIZADA,LINHA DO TIRO,RUA ALTO DOS COQUEIROS,105,,,LINHA DO TIRO,,,TOMBAMENTO,1,0,0,0,0,0,1,0,0,1,0,,,,,,,,,,,,,
2023-04-07 00:00:00,08:29:00,SEM VÍTIMA,FINALIZADA,AFOGADOS,EST DOS REMEDIOS,1322,,EM FRENTE À OFICINA CORSEL,AFOGADOS,,,COLISÃO FRONTAL,0,1,0,0,0,0,0,0,0,0,0,,,,,,,,,,,,,
2023-04-08 00:00:00,03:54:00,SEM VÍTIMA,FINALIZADA,ILHA DO RETIRO,AV ENGENHEIRO ABDIAS DE CARVALHO,,,EM FRENTE AO SPORT,ILHA DO RETIRO,,,COLISÃO LATERAL,0,0,0,0,0,0,0,0,0,0,0,,,,,,,,,,,,,
2023-04-08 00:00:00,07:02:00,SEM VÍTIMA,FINALIZADA,VÁRZEA,RUA TORRES HOMEM,,,,VÁRZEA,,,APOIO CELPE,0,0,0,0,0,0,0,0,0,0,0,,,,,,,,,,,,,
2023-04-08 00:00:00,09:04:00,SEM VÍTIMA,FINALIZADA,VÁRZEA,RUA TORRES HOMEM,,,,VÁRZEA,,,APOIO CELPE,0,0,0,0,0,0,0,0,0,0,0,,,,,,,,,,,,,
2023-04-08 00:00:00,10:59:00,COM VÍTIMA,FINALIZADA,SANTO ANTÔNIO,PTE BUARQUE DE MACEDO,,AV MARTINS DE BARROS,,SANTO ANTÔNIO,,,COLISÃO TRASEIRA,1,1,0,0,0,0,0,0,0,2,0,,,,,,,,,,,,,
2023-04-08 00:00:00,12:42:00,COM VÍTIMA,FINALIZADA,BEBERIBE,AV BEBERIBE,1923,,,BEBERIBE,,,COLISÃO LATERAL,1,1,0,0,0,0,0,0,0,1,0,,,,,,,,,,,,,
2023-04-08 00:00:00,09:45:00,COM VÍTIMA,FINALIZADA,AREIAS,AV DR JOSE RUFINO,1637,,PRÓXIMO À IGREJA PRESBITERIANA,AREIAS,,,COLISÃO LATERAL,1,1,0,0,0,0,0,0,0,1,0,,,,,,,,,,,,,
2023-04-09 00:00:00,09:43:00,SEM VÍTIMA,FINALIZADA,SANTO ANTÔNIO,RUA NOSSA SRA DO CARMO,,RUA DO RANGEL,SEMÁFORO Nº 017,SANTO ANTÔNIO,17,CIDADE,,1,0,0,0,0,0,0,0,0,0,0,,,,,,,,,,,,,
2023-04-09 00:00:00,04:40:00,COM VÍTIMA,FINALIZADA,TAMARINEIRA,RUA SEBASTIAO MALTA ARCOVERDE,60,,EM FRENTE AO FAACA BURGUER,TAMARINEIRA,,,COLISÃO LATERAL,1,1,0,0,0,0,0,0,0,1,0,,,,,,,,,,,,,
2023-04-09 00:00:00,07:30:00,COM VÍTIMA,FINALIZADA,BOA VIAGEM,AV ENGENHEIRO DOMINGOS FERREIRA,,,EM FRENTE AO SPETTUS,BOA VIAGEM,,,COLISÃO LATERAL,1,1,0,0,0,0,0,0,0,1,0,,,,,,,,,,,,,
2023-04-09 00:00:00,09:46:00,COM VÍTIMA,FINALIZADA,IBURA,AV DOIS RIOS,,,PRÓXIMO A LADEIRA DA COHAB,IBURA,,,COLISÃO LATERAL,1,1,0,0,0,0,0,0,0,2,0,,,,,,,,,,,,,
2023-04-10 00:00:00,12:07:00,COM VÍTIMA,FINALIZADA,,AV BEBERIBE,,,EM FRENTE AO SEST SENAT,,,,COLISÃO TRANSVERSAL,0,0,0,0,0,0,0,0,0,1,0,,,,,,,,,,,,,
2023-04-10 00:00:00,04:55:00,VÍTIMA FATAL,FINALIZADA,BOA VIAGEM,AV BOA VIAGEM,4558,,EM FRENTE AO EDF. MARIA LEOPOLDINA,BOA VIAGEM,152,,TOMBAMENTO,1,0,0,0,0,0,0,0,0,1,1,,,,,,,,,,,,,
2023-04-10 00:00:00,10:02:00,COM VÍTIMA,FINALIZADA,PINA,RUA MANOEL DE BRITO,,,INÍCIO DO TÚNEL JOSUÉ DE CASTRO,PINA,,,COLISÃO LATERAL,3,1,0,0,0,0,0,0,0,1,0,,,,,,,,,,,,,
2023-04-10 00:00:00,10:14:00,COM VÍTIMA,FINALIZADA,MADALENA,AV BEIRA RIO,825,,EM FRENTE AO EDF. RIVER TOWER RESIDENCE,MADALENA,,,COLISÃO LATERAL,1,1,0,0,0,0,0,0,0,1,0,,,,,,,,,,,,,
2023-04-10 00:00:00,02:41:00,COM VÍTIMA,FINALIZADA,TORRE,RUA REAL DA TORRE,1642,,EM FRENTE A ESCOLA DESPERTAR,TORRE,,,COLISÃO LATERAL,1,1,0,0,0,0,0,0,0,2,0,,,,,,,,,,,,,
2023-04-10 00:00:00,02:56:00,COM VÍTIMA,FINALIZADA,BOA VISTA,AV MANOEL BORBA,251,,EM FRENTE AO VAREJÃO,BOA VISTA,,,COLISÃO LATERAL,1,1,0,0,0,0,0,0,0,1,0,,,,,,,,,,,,,
2023-04-10 00:00:00,03:47:00,COM VÍTIMA,FINALIZADA,GRAÇAS,AV RUI BARBOSA,,,EM FRENTE AO RESTAURANTE PAPA CAPIM E COLEGIO DAMAS,GRAÇAS,,,COLISÃO COM CICLISTA,1,0,0,1,0,0,0,0,0,1,0,,,,,,,,,,,,,
2023-04-10 00:00:00,05:50:00,COM VÍTIMA,FINALIZADA,SANTO AMARO,RUA FRANCISCO JACINTO,195,,PROX A DELEGACIA DA MULHER,SANTO AMARO,,,COLISÃO LATERAL,1,1,0,0,0,0,0,0,0,1,0,,,,,,,,,,,,,
2023-04-10 00:00:00,06:24:00,SEM VÍTIMA,CANCELADA,SANTO ANTÔNIO,RUA SIQUEIRA CAMPOS,,AV DANTAS BARRETO,PROX A SICREDE,SANTO ANTÔNIO,,,COLISÃO LATERAL,2,0,0,0,0,0,0,0,0,0,0,,,,,,,,,,,,,
2023-04-10 00:00:00,06:36:00,COM VÍTIMA,FINALIZADA,CAXANGÁ,AV CAXANGA,,,EM FRENTE A PRAÇA ESTEVÃO DE SÁ,CAXANGÁ,,,COLISÃO TRASEIRA,1,1,0,0,0,0,0,0,0,2,0,,,,,,,,,,,,,
2023-04-10 00:00:00,07:22:00,COM VÍTIMA,FINALIZADA,GUABIRABA,AV DA RECUPERACAO,,,PROXIMO  UPA DE GUABIRABA,GUABIRABA,,,COLISÃO FRONTAL,0,2,0,0,0,0,0,0,0,2,0,,,,,,,,,,,,,
2023-04-10 00:00:00,07:31:00,COM VÍTIMA,FINALIZADA,DERBY,AV GOVERNADOR AGAMENON MAGALHAES,,,EM FRENTE AO HOSPITAL MEMORIAL SÃO JOSÉ,DERBY,,,COLISÃO LATERAL,0,1,0,1,0,0,0,0,0,1,0,,,,,,,,,,,,,
2023-04-10 00:00:00,09:19:00,SEM VÍTIMA,FINALIZADA,IPSEP,AV RECIFE,34,,RODK AUTO,IPSEP,,,,1,0,0,0,0,0,1,0,0,0,0,,,,,,,,,,,,,
2023-04-11 00:00:00,10:25:00,COM VÍTIMA,FINALIZADA,IMBIRIBEIRA,RUA ARQUITETO LUIZ NUNES,1373,,PRÓX. AO ATACAREJO NOVO TEMPO,IMBIRIBEIRA,,,COLISÃO TRASEIRA,1,1,0,0,0,0,0,0,0,1,0,,,,,,,,,,,,,
2023-04-11 00:00:00,12:11:00,SEM VÍTIMA,FINALIZADA,IMBIRIBEIRA,AV MARECHAL MASCARENHAS DE MORAES,2252,,EM FRENTE À FERREIRA COSTA,IMBIRIBEIRA,386,CIDADE,,0,1,0,0,0,0,1,0,0,0,0,,,,,,,,,,,,,
2023-04-11 00:00:00,02:05:00,COM VÍTIMA,FINALIZADA,APIPUCOS,RUA DE APIPUCOS,685,,CONDOMINIO RESERVA DE APIPUCOS,APIPUCOS,,,COLISÃO FRONTAL,1,1,0,0,0,0,0,0,0,2,0,,,,,,,,,,,,,
2023-04-11 00:00:00,02:52:00,SEM VÍTIMA,CANCELADA,TORRE,RUA CANTORA CLARA NUNES,1,,AO LADO DA IGREJA CAPELINHA,TORRE,,,COLISÃO TRASEIRA,2,0,0,0,0,0,0,0,0,0,0,,,,,,,,,,,,,
2023-04-11 00:00:00,06:06:00,COM VÍTIMA,FINALIZADA,MACAXEIRA,AV NORTE MIGUEL ARRAES DE ALENCAR,150,,EM FRENTE AO HOTEL NEXOS,MACAXEIRA,,,COLISÃO LATERAL,0,2,0,0,0,0,0,0,0,2,0,,,,,,,,,,,,,
2023-04-11 00:00:00,07:19:00,COM VÍTIMA,FINALIZADA,SÃO JOSÉ,RUA DO FORTE,,,AO LADO DO FORTE DAS CINCO PONTAS,SÃO JOSÉ,,,ATROPELAMENTO DE PESSOA,1,0,0,0,0,0,0,0,0,1,0,,,,,,,,,,,,,
2023-04-11 00:00:00,08:18:00,COM VÍTIMA,FINALIZADA,ARRUDA,RUA SETE PECADOS,252,,ARMAZEM CORAL,ARRUDA,,,COLISÃO LATERAL,1,1,0,0,0,0,0,0,0,1,0,,,,,,,,,,,,,
2023-04-11 00:00:00,11:08:00,COM VÍTIMA,FINALIZADA,GRAÇAS,RUA JOAO RAMOS,,,PIZZARIA ATLÂNTICO,GRAÇAS,,,COLISÃO TRASEIRA,1,1,0,0,0,0,0,0,0,1,0,,,,,,,,,,,,,
2023-04-12 00:00:00,05:59:00,SEM VÍTIMA,FINALIZADA,BOA VIAGEM,RUA JOSE ADERVAL CHAVES,,,,BOA VIAGEM,,,APOIO CELPE,0,0,0,0,0,0,0,0,0,0,0,,,,,,,,,,,,,
2023-04-12 00:00:00,07:35:00,SEM VÍTIMA,FINALIZADA,TORRÕES,RUA DES CAPISTRANO DE MORAES E SILVA,280,,AO LADO DA PRAÇA JARDIM DO FORTE DO BOM JESUS,TORRÕES,,CIDADE,COLISÃO TRANSVERSAL,2,0,0,0,0,0,0,0,0,0,0,,,,,,,,,,,,,
2023-04-12 00:00:00,08:31:00,COM VÍTIMA,FINALIZADA,SANTO AMARO,AV GOVERNADOR AGAMENON MAGALHAES,1302,,"EM FRENTE AO POSTO BR, SENT. BOA VIAGEM",SANTO AMARO,,,COLISÃO LATERAL,1,1,0,0,0,0,0,0,0,1,0,,,,,,,,,,,,,
2023-04-12 00:00:00,08:51:00,COM VÍTIMA,FINALIZADA,SAN MARTIN,AV JOAO CABRAL DE MELO NETO,,,PRÓX. AO LAVA A JATO DO BRUNO,SAN MARTIN,,,ATROPELAMENTO DE PESSOA,0,1,0,0,1,0,0,0,0,1,0,,,,,,,,,,,,,
2023-04-11 00:00:00,12:06:00,COM VÍTIMA,FINALIZADA,CASA AMARELA,AV NORTE MIGUEL ARRAES DE ALENCAR,6591,,,CASA AMARELA,,CIDADE,TOMBAMENTO,0,1,0,0,0,0,0,0,0,1,0,,,,,,,,,,,,,
2023-04-12 00:00:00,12:11:00,COM VÍTIMA,FINALIZADA,ESPINHEIRO,AV GOVERNADOR AGAMENON MAGALHAES,,,EM FRENTE À MEDICAL,ESPINHEIRO,,,COLISÃO LATERAL,1,1,0,0,0,0,0,0,0,1,0,,,,,,,,,,,,,
2023-04-12 00:00:00,01:36:00,COM VÍTIMA,FINALIZADA,IMBIRIBEIRA,AV MARECHAL MASCARENHAS DE MORAES,2716,,ESQUINA DO GERALDAO S/T AEROPORTO,IMBIRIBEIRA,,,ENGAVETAMENTO,3,0,0,0,0,0,0,0,0,1,0,,,,,,,,,,,,,
2023-04-12 00:00:00,03:37:00,COM VÍTIMA,FINALIZADA,CAMPINA DO BARRETO,RUA CORONEL URBANO RIBEIRO DE SENA,838,,PROX ACADEMIA DA CIDADE,CAMPINA DO BARRETO,,,COLISÃO COM CICLISTA,1,0,0,1,0,0,0,0,0,1,0,,,,,,,,,,,,,
2023-04-12 00:00:00,05:38:00,COM VÍTIMA,FINALIZADA,SANTO AMARO,AV NORTE MIGUEL ARRAES DE ALENCAR,,,PROX AO SENAI,SANTO AMARO,,,ATROPELAMENTO DE PESSOA,0,1,0,0,1,0,0,0,0,1,0,,,,,,,,,,,,,
2023-04-12 00:00:00,06:11:00,SEM VÍTIMA,FINALIZADA,ILHA JOANA BEZERRA,AV MARTIN LUTHER KING,,,ACADEMIA DA CIDADE DE JOANA BEZERRA,ILHA JOANA BEZERRA,,,ATROPELAMENTO DE ANIMAL,0,0,0,0,0,0,0,1,0,0,0,,,,,,,,,,,,,