data,hora,natureza,situacao,bairro,endereco,numero,detalhe_endereco_acidente,complemento,bairro_cruzamento,num_semaforo,sentido_via,tipo,auto,moto,ciclom,ciclista,pedestre,onibus,caminhao,viatura,outros,vitimas,vitimasfatais,acidente_verificado,tempo_clima,situacao_semaforo,sinalizacao,condicao_via,conservacao_via,ponto_controle,situacao_placa,velocidade_max_via,mao_direcao,divisao_via1,divisao_via2,divisao_via3
2023-04-13 00:00:00,07:53:00,COM VÍTIMA,FINALIZADA,PRADO,AV ENGENHEIRO ABDIAS DE CARVALHO,,,,PRADO,,,COLISÃO TRASEIRA,1,1,0,0,0,0,0,0,0,1,0,,,,,,,,,,,,,
2023-04-13 00:00:00,10:43:00,COM VÍTIMA,FINALIZADA,AFOGADOS,RUA AUGUSTO CALHEIROS,18,,EM FRENTE A IMPORT PNEUS,AFOGADOS,,,COLISÃO LATERAL,1,1,0,0,0,0,0,0,0,1,0,,,,,,,,,,,,,
2023-04-13 00:00:00,11:43:00,COM VÍTIMA,FINALIZADA,PINA,RUA NOGUEIRA DE SOUZA,,,PRÓX. AO CALDINHO DO NENÊ E DO SHOPPING RIO MAR,PINA,,,COLISÃO LATERAL,1,1,0,0,0,0,0,0,0,1,0,,,,,,,,,,,,,
2023-04-13 00:00:00,02:39:00,SEM VÍTIMA,CANCELADA,GRAÇAS,RUA CARDEAL ARCOVERDE,276,,LANCHONETE PARADA OBRIGATORIA,GRAÇAS,,,COLISÃO LATERAL,1,1,0,0,0,0,0,0,0,0,0,,,,,,,,,,,,,
2023-04-13 00:00:00,03:28:00,SEM VÍTIMA,CANCELADA,ILHA JOANA BEZERRA,PTE JOSE DE BARROS LIMA,,,,ILHA JOANA BEZERRA,,,COLISÃO LATERAL,2,0,0,0,0,0,0,0,0,0,0,,,,,,,,,,,,,
2023-04-13 00:00:00,03:47:00,SEM VÍTIMA,FINALIZADA,BOA VISTA,RUA DO PRINCIPE,,,RUA AFONSO PENA,BOA VISTA,,CIDADE,,1,0,0,0,0,1,0,0,0,0,0,,,,,,,,,,,,,
2023-04-13 00:00:00,04:59:00,COM VÍTIMA,FINALIZADA,ILHA JOANA BEZERRA,PTE JOSE DE BARROS LIMA,,,SENTIDO DERBY,ILHA JOANA BEZERRA,,,ATROPELAMENTO DE PESSOA,0,0,0,0,1,0,0,0,0,1,0,,,,,,,,,,,,,
2023-04-13 00:00:00,10:22:00,COM VÍTIMA,FINALIZADA,IMBIRIBEIRA,RUA SARGENTO SILVINO DE MACEDO,,RUA JOSE DA SILVA LUCENA,PRÓXIMO AO CAMPO,IMBIRIBEIRA,,,COLISÃO TRANSVERSAL,1,1,0,0,0,0,0,0,0,1,0,,,,,,,,,,,,,
2023-04-14 00:00:00,11:21:00,COM VÍTIMA,FINALIZADA,BOA VIAGEM,AVENIDA CELSO FURTADO (VIA MANGUE),,,ACESSO A ANTONIO FALCÃO,BOA VIAGEM,,,CHOQUE,1,0,0,0,0,0,0,0,0,1,0,,,,,,,,,,,,,
2023-04-14 00:00:00,11:38:00,COM VÍTIMA,FINALIZADA,VÁRZEA,RUA PROFESSOR ANTONIO COELHO,,RUA EMILIANO BRAGA,PRÓX. AO COLÉGIO E CURSO DESAFIO,VÁRZEA,,,COLISÃO LATERAL,1,1,0,0,0,0,0,0,0,1,0,,,,,,,,,,,,,
2023-04-14 00:00:00,11:38:00,SEM VÍTIMA,FINALIZADA,ESTÂNCIA,AV DR JOSE RUFINO,241,,,ESTÂNCIA,,CIDADE,COLISÃO LATERAL,1,0,0,0,0,0,1,0,0,0,0,,,,,,,,,,,,,
2023-04-14 00:00:00,11:42:00,SEM VÍTIMA,FINALIZADA,PASSARINHO,AV CONCRIS,S/N,,E/F ESCOLA MUNICIPAL MARLUCE SANTIAGO DA SILVA,PASSARINHO,,SUBURBIO,COLISÃO TRANSVERSAL,1,0,0,0,0,0,0,1,0,0,0,,,,,,,,,,,,,
2023-04-14 00:00:00,01:19:00,COM VÍTIMA,FINALIZADA,APIPUCOS,RUA DE APIPUCOS,,,EM FRENTE AO PARQUE APIPUCOS,APIPUCOS,,,COLISÃO TRASEIRA,1,1,0,0,0,0,0,0,0,1,0,,,,,,,,,,,,,
2023-04-14 00:00:00,08:23:00,COM VÍTIMA,FINALIZADA,DOIS IRMÃOS,RUA MANUEL DE MEDEIROS,,,EM FRENTE AO BAR DA CURVA,DOIS IRMÃOS,,SUBURBIO,COLISÃO LATERAL,0,1,0,0,0,0,1,0,0,1,0,,,,,,,,,,,,,
2023-04-15 00:00:00,11:24:00,COM VÍTIMA,FINALIZADA,ROSARINHO,AV SANTOS DUMONT,,RUA CAIO PEREIRA,PROX. AO EDF. ARTEMIS,ROSARINHO,,,COLISÃO LATERAL,1,1,0,0,0,0,0,0,0,1,0,,,,,,,,,,,,,
2023-04-15 00:00:00,11:46:00,COM VÍTIMA,FINALIZADA,AFOGADOS,RUA SAO MIGUEL,1428,,PROX AO POSTO DE GASOLINA JOÃO DIAS,AFOGADOS,,,COLISÃO LATERAL,1,1,0,0,0,0,0,0,0,1,0,,,,,,,,,,,,,
2023-04-15 00:00:00,01:52:00,COM VÍTIMA,FINALIZADA,JOANA BEZERRA,AV SUL,,,ENFRENTE AO POSTO BR,JOANA BEZERRA,,,COLISÃO LATERAL,0,1,0,0,0,1,0,0,0,1,0,,,,,,,,,,,,,
2023-04-15 00:00:00,07:51:00,COM VÍTIMA,FINALIZADA,PINA,AVENIDA CELSO FURTADO (VIA MANGUE),,,POR TRÁS DO AÇAÍ ATACADISTA,PINA,,,COLISÃO TRASEIRA,1,1,0,0,0,0,0,0,0,1,0,,,,,,,,,,,,,
2023-04-15 00:00:00,10:01:00,COM VÍTIMA,FINALIZADA,BOA VIAGEM,RUA DEZ DE JULHO,481,RUA CAMBOIM,PRÓXIMO A ESTAÇÃO DO AEROPORTO,BOA VIAGEM,,,COLISÃO TRANSVERSAL,1,1,0,0,0,0,0,0,0,2,0,,,,,,,,,,,,,
2023-04-16 00:00:00,01:02:00,SEM VÍTIMA,FINALIZADA,IMBIRIBEIRA,AV MARECHAL MASCARENHAS DE MORAES,945,AV PINHEIROS,GRILLO HOME CENTER,IMBIRIBEIRA,396,CIDADE,COLISÃO TRANSVERSAL,1,0,0,0,0,1,0,0,0,0,0,,,,,,,,,,,,,
2023-04-16 00:00:00,08:31:00,COM VÍTIMA,FINALIZADA,IPUTINGA,AV CAXANGA,3841,,EM FRENTE A FACULDADE IMACULADA CONCEIÇÃO DO RECIFE,IPUTINGA,,,COLISÃO TRASEIRA,1,1,0,0,0,0,0,0,0,2,0,,,,,,,,,,,,,
2023-04-16 00:00:00,01:36:00,COM VÍTIMA,FINALIZADA,IMBIRIBEIRA,AV MARECHAL MASCARENHAS DE MORAES,440,,FLOR ARTE,IMBIRIBEIRA,,,COLISÃO TRASEIRA,1,1,0,0,0,0,0,0,0,1,0,,,,,,,,,,,,,
2023-04-16 00:00:00,03:07:00,COM VÍTIMA,FINALIZADA,IBURA,AV JORNALISTA COSTA PORTO,969,,EM FRENTE A ASSEMBLEIA DE DEUS CAMPOS JORDÃO,IBURA,,,COLISÃO FRONTAL,0,1,0,0,0,1,0,0,0,1,0,,,,,,,,,,,,,
2023-04-16 00:00:00,03:20:00,SEM VÍTIMA,FINALIZADA,DERBY,AV GOVERNADOR AGAMENON MAGALHAES,,,ORTODENTE / PRAÇA DO DERBY,DERBY,,SUBURBIO,COLISÃO TRASEIRA,2,0,0,0,0,0,0,0,0,0,0,,,,,,,,,,,,,
2023-04-16 00:00:00,05:30:00,SEM VÍTIMA,FINALIZADA,BOA VIAGEM,AV CONSELHEIRO AGUIAR,2878,,PANIFICADORA DELICATESSEN CARMEM,BOA VIAGEM,,,COLISÃO LATERAL,1,0,0,0,0,1,0,0,0,0,0,,,,,,,,,,,,,
2023-04-16 00:00:00,05:56:00,COM VÍTIMA,FINALIZADA,VÁRZEA,RUA MARIO CAMPELO,338,,RUA RESIDENCIAL,VÁRZEA,,,COLISÃO FRONTAL,1,1,0,0,0,0,0,0,0,2,0,,,,,,,,,,,,,
2023-04-16 00:00:00,10:55:00,SEM VÍTIMA,CANCELADA,IPUTINGA,RUA LEAL DE BARROS,235,,PRÓX. À PIZZARIA PAULIYNE,IPUTINGA,,,COLISÃO TRASEIRA,2,1,0,0,0,0,0,0,0,0,0,,,,,,,,,,,,,
2023-04-16 00:00:00,11:38:00,SEM VÍTIMA,CANCELADA,BOA VIAGEM,AV ANTONIO DE GOES,,,EM CIMA DA PONTE,BOA VIAGEM,,,COLISÃO LATERAL,2,0,0,0,0,0,0,0,0,0,0,,,,,,,,,,,,,
2023-04-17 00:00:00,06:55:00,COM VÍTIMA,FINALIZADA,IPSEP,RUA JEAN EMILE FAVRE,,,EM FRENTE A UNIFBV,IPSEP,,,COLISÃO LATERAL,1,1,0,0,0,0,0,0,0,1,0,,,,,,,,,,,,,
2023-04-17 00:00:00,07:32:00,COM VÍTIMA,FINALIZADA,IPSEP,AV RECIFE,,,"EM CIMA DO VIADUTO, APOS O ARMAZEM CORAL, SENT. AEROPORTO",IPSEP,,,COLISÃO TRASEIRA,1,1,0,0,0,0,0,0,0,1,0,,,,,,,,,,,,,
2023-04-17 00:00:00,08:02:00,COM VÍTIMA,FINALIZADA,ESTÂNCIA,AV DR JOSE RUFINO,,VIADUTO ULYSSES GUIMARAES,LOCAL DO SINISTRO VIADUTO ULYSSES GUIMARAES - REF. AO LADO DO ARMAZEM CORAL,ESTÂNCIA,,,COLISÃO TRASEIRA,1,1,0,0,0,0,0,0,0,1,0,,,,,,,,,,,,,
2023-04-17 00:00:00,08:26:00,SEM VÍTIMA,CANCELADA,BOA VIAGEM,AV CONSELHEIRO AGUIAR,2878,,EM FRENTE  A PADARIA,BOA VIAGEM,,,COLISÃO LATERAL,2,0,0,0,0,0,0,0,0,0,0,,,,,,,,,,,,,
2023-04-17 00:00:00,11:11:00,COM VÍTIMA,FINALIZADA,ENCRUZILHADA,EST DE BELEM,,,EM FRENTE À QUITANDARIA,ENCRUZILHADA,,,COLISÃO LATERAL,1,1,0,0,0,0,0,0,0,1,0,,,,,,,,,,,,,
2023-04-17 00:00:00,12:14:00,COM VÍTIMA,FINALIZADA,SANTO AMARO,AV GOVERNADOR AGAMENON MAGALHAES,,VDO INDEPENDENCIA,VIADUTO SOBRE À AV. JOÃO DE BARROS,SANTO AMARO,,,COLISÃO TRASEIRA,1,1,0,0,0,0,0,0,0,2,0,,,,,,,,,,,,,
2023-04-17 00:00:00,01:18:00,COM VÍTIMA,FINALIZADA,IMBIRIBEIRA,VIADUTO TANCREDO NEVES,,,SOBRE O VIADUTO: SENTIDO BOA VIAGEM,IMBIRIBEIRA,,,QUEDA,1,1,0,0,0,0,0,0,0,1,0,,,,,,,,,,,,,
2023-04-17 00:00:00,04:35:00,SEM VÍTIMA,FINALIZADA,SÃO JOSÉ,RUA CORACAO DE MARIA,,,16º BPM,SÃO JOSÉ,,SUBURBIO,,1,0,0,0,0,0,0,1,0,0,0,,,,,,,,,,,,,
2023-04-17 00:00:00,06:43:00,COM VÍTIMA,FINALIZADA,BOA VISTA,AV MANOEL BORBA,410,,POSTO BR MANIA,BOA VISTA,,,COLISÃO TRASEIRA,1,1,0,0,0,0,0,0,0,1,0,,,,,,,,,,,,,
2023-04-17 00:00:00,07:31:00,COM VÍTIMA,FINALIZADA,IPSEP,RUA HELIO BRANDAO,,RUA ARISTIDES LOBO,COLÉGIO JOSÉ VICENTE,IPSEP,,,COLISÃO LATERAL,1,1,0,0,0,0,0,0,0,1,0,,,,,,,,,,,,,
2023-04-18 00:00:00,07:12:00,COM VÍTIMA,FINALIZADA,ENCRUZILHADA,AV BEBERIBE,433,,PROX AO BANCO DO BRAZIL,ENCRUZILHADA,,,QUEDA,0,1,0,0,0,0,0,0,0,1,0,,,,,,,,,,,,,
2023-04-18 00:00:00,09:16:00,COM VÍTIMA,FINALIZADA,CORDEIRO,EST DO FORTE DO ARRAIAL N. DO B. JESUS,620,,PROX. AO COLEGIO ANGLO,CORDEIRO,,,COLISÃO LATERAL,1,1,0,0,0,0,0,0,0,1,0,,,,,,,,,,,,,
2023-04-18 00:00:00,04:30:00,COM VÍTIMA,FINALIZADA,BOA VISTA,AV CONDE DA BOA VISTA,,RUA DA SOLEDADE,NO SEMAFORO 025,BOA VISTA,,,COLISÃO FRONTAL,1,1,0,0,0,0,0,0,0,1,0,,,,,,,,,,,,,
2023-04-19 00:00:00,07:05:00,COM VÍTIMA,FINALIZADA,BOA VIAGEM,RUA DES JOAO PAES,,RUA CORONEL ANIZIO RODRIGUES COELHO,POR TRAS DO RESTAURANTE ESCRITORIO ZONA SUL,BOA VIAGEM,,,COLISÃO FRONTAL,1,1,0,0,0,0,0,0,0,2,0,,,,,,,,,,,,,
2023-04-19 00:00:00,10:57:00,COM VÍTIMA,FINALIZADA,IMBIRIBEIRA,AV PRESIDENTE DUTRA,,,SOBRE O VD TANCREDO NEVES,IMBIRIBEIRA,,,QUEDA,0,1,0,0,0,0,0,0,0,1,0,,,,,,,,,,,,,
2023-04-19 00:00:00,11:10:00,COM VÍTIMA,FINALIZADA,IPSEP,AV RECIFE,1407,,EM FRENTE A CALOS EQUIPADORA,IPSEP,319,,COLISÃO TRASEIRA,1,1,0,0,0,0,0,0,0,1,0,,,,,,,,,,,,,
2023-04-19 00:00:00,12:37:00,COM VÍTIMA,FINALIZADA,MONTEIRO,AV DEZESSETE DE AGOSTO,,,EM FRENTE AO HOSPITAL HERMINIO DE MORAES Q,MONTEIRO,,,COLISÃO LATERAL,1,1,0,0,0,0,0,0,0,1,0,,,,,,,,,,,,,
2023-04-19 00:00:00,02:36:00,COM VÍTIMA,FINALIZADA,DERBY,AV GOVERNADOR AGAMENON MAGALHAES,,,E/F AO INSTITUTO JOSE ROCHA DE SÁ  S/T  BOA VIAGEM,DERBY,,,COLISÃO LATERAL,2,1,0,0,0,0,0,0,0,1,0,,,,,,,,,,,,,
2023-04-19 00:00:00,02:36:00,COM VÍTIMA,FINALIZADA,IMBIRIBEIRA,AV MARECHAL MASCARENHAS DE MORAES,,,LADO OPOSTO A FERREIRA COSTA E PROXIMO AO BANCO DO BRASIL/ SENTIDO AEROPORTO,IMBIRIBEIRA,,,COLISÃO TRASEIRA,1,0,0,0,0,0,0,1,0,1,0,,,,,,,,,,,,,
2023-04-19 00:00:00,05:05:00,COM VÍTIMA,FINALIZADA,DERBY,AV GOVERNADOR AGAMENON MAGALHAES,,RUA HENRIQUE DIAS,O VEÍCULO SE EVADIU DO LOCAL,DERBY,,,COLISÃO TRASEIRA,1,1,0,0,0,0,0,0,0,1,0,,,,,,,,,,,,,
2023-04-19 00:00:00,05:28:00,COM VÍTIMA,FINALIZADA,IMBIRIBEIRA,AV MARECHAL MASCARENHAS DE MORAES,,,LADO OPOSTO AO GERALDÃO,IMBIRIBEIRA,,,QUEDA,0,0,0,0,0,0,0,0,0,1,0,,,,,,,,,,,,,
2023-04-19 00:00:00,05:43:00,SEM VÍTIMA,FINALIZADA,ILHA JOANA BEZERRA,AV BEIRA RIO,,,ACADEMIA DA CIDADE,ILHA JOANA BEZERRA,,SUBURBIO,,1,1,0,0,0,0,0,0,0,0,0,,,,,,,,,,,,,
2023-04-19 00:00:00,05:48:00,COM VÍTIMA,FINALIZADA,PINA,AV ENGENHEIRO DOMINGOS FERREIRA,170,,EM FRENTE A GLOBAL ASSINTENCIA TECNICA,PINA,,,COLISÃO LATERAL,1,1,0,0,0,0,0,0,0,1,0,,,,,,,,,,,,,
2023-04-19 00:00:00,08:06:00,COM VÍTIMA,CANCELADA,VASCO DA GAMA,RUA ALTO DO EUCALIPTO,375,,,VASCO DA GAMA,,,COLISÃO LATERAL,1,1,0,0,0,0,0,0,0,2,0,,,,,,,,,,,,,
2023-04-20 00:00:00,06:45:00,COM VÍTIMA,FINALIZADA,SANTO AMARO,AV GOVERNADOR AGAMENON MAGALHAES,,,AO LADO DO TACARUNA APOS A CURVA,SANTO AMARO,,,COLISÃO LATERAL,0,1,0,0,0,1,0,0,0,2,0,,,,,,,,,,,,,
2023-04-20 00:00:00,07:19:00,COM VÍTIMA,FINALIZADA,BONGI,AV ENGENHEIRO ABDIAS DE CARVALHO,1420,,EM FRENTE A AUTO PEÇAS FR,BONGI,,CIDADE,CHOQUE,1,0,0,0,0,1,0,0,0,1,0,,,,,,,,,,,,,
2023-04-20 00:00:00,07:57:00,COM VÍTIMA,FINALIZADA,TAMARINEIRA,AV CONS ROSA E SILVA,2000,,EM FRENTE AO POSTO DE GASOLINA SHELL,TAMARINEIRA,,,COLISÃO FRONTAL,1,1,0,0,0,0,0,0,0,1,0,,,,,,,,,,,,,
2023-04-20 00:00:00,09:32:00,SEM VÍTIMA,FINALIZADA,TOTÓ,RUA APRIGIO GUIMARAES,474,,HOSPITAL OTÁVIO DE FREITAS,TOTÓ,,,COLISÃO FRONTAL,0,1,0,0,0,0,0,1,0,0,0,,,,,,,,,,,,,
2023-04-20 00:00:00,11:59:00,COM VÍTIMA,FINALIZADA,SAN MARTIN,AV ENGENHEIRO ABDIAS DE CARVALHO,,AV GENERAL SAN MARTIN,AO LADO DO COMPAZ,SAN MARTIN,,,COLISÃO LATERAL,1,1,0,0,0,0,0,0,0,1,0,,,,,,,,,,,,,
2023-04-20 00:00:00,02:30:00,SEM VÍTIMA,FINALIZADA,TAMARINEIRA,RUA CONEGO BARATA,,,"EM FRENTE PARA A ANTIGA PADARIA MANAR, SENTIDO ÁGUA FRIA",TAMARINEIRA,,,COLISÃO TRASEIRA,1,0,0,0,0,0,0,1,0,0,0,,,,,,,,,,,,,
2023-04-20 00:00:00,04:33:00,COM VÍTIMA,FINALIZADA,JARDIM SÃO PAULO,AV RECIFE,,,DE FRENTE AO AÇAI ATACADISTA,JARDIM SÃO PAULO,,,COLISÃO LATERAL,1,1,0,0,0,0,0,0,0,1,0,,,,,,,,,,,,,
2023-04-20 00:00:00,04:45:00,COM VÍTIMA,FINALIZADA,CORDEIRO,AV CAXANGA,1934,,"EM FRENTE A  PAJEÚ VEICULOS, SEMAFORO 267.",CORDEIRO,,SUBURBIO,COLISÃO TRASEIRA,0,2,0,0,0,0,0,0,0,2,0,,,,,,,,,,,,,
2023-04-20 00:00:00,05:29:00,COM VÍTIMA,FINALIZADA,BOA VIAGEM,AV DES JOSE NEVES,,RUA DES JOAO PAES,PROXIMO AO SEMÁFORO 567 E A FERREIRA PINTO,BOA VIAGEM,567,,ATROPELAMENTO DE PESSOA,1,0,0,0,1,0,0,0,0,1,0,,,,,,,,,,,,,
2023-04-20 00:00:00,06:16:00,SEM VÍTIMA,CANCELADA,DERBY,PRC DO DERBY,,,AO LADO DO QUARTEL DA POLICIA MILITAR,DERBY,,,COLISÃO LATERAL,0,0,0,0,0,0,0,0,0,0,0,,,,,,,,,,,,,
2023-04-20 00:00:00,06:18:00,COM VÍTIMA,CANCELADA,AREIAS,AV DR JOSE RUFINO,879,,ESCOLA JOSÉ MARIANO,AREIAS,,,COLISÃO LATERAL,0,2,0,0,0,0,0,0,0,2,0,,,,,,,,,,,,,
2023-04-21 00:00:00,01:47:00,COM VÍTIMA,FINALIZADA,CAMPO GRANDE,RUA JERONIMO VILELA,409,RUA FRANKLIN TAVORA,COM A RUA FRANKLIN TÁVORA,CAMPO GRANDE,,,COLISÃO FRONTAL,0,1,0,0,0,1,0,0,0,1,0,,,,,,,,,,,,,
2023-04-21 00:00:00,12:54:00,COM VÍTIMA,FINALIZADA,MADALENA,RUA ARLINDO GOUVEIA,39,,EDF SANTA MARIA,MADALENA,,,COLISÃO FRONTAL,1,1,0,0,0,0,0,0,0,1,0,,,,,,,,,,,,,
2023-04-21 00:00:00,02:06:00,COM VÍTIMA,FINALIZADA,CAXANGÁ,AV CAXANGA,1752,,EM FRENTE AO CITRO CAR,CAXANGÁ,,,COLISÃO LATERAL,1,1,0,0,0,0,0,0,0,1,0,,,,,,,,,,,,,
2023-04-21 00:00:00,02:49:00,COM VÍTIMA,FINALIZADA,CAXANGÁ,AV CAXANGA,,,EM FRENTE AO BANCO ITAU,CAXANGÁ,,,COLISÃO LATERAL,0,2,0,0,0,0,0,0,0,1,0,,,,,,,,,,,,,
2023-04-21 00:00:00,08:23:00,COM VÍTIMA,FINALIZADA,CORDEIRO,AV GENERAL SAN MARTIN,458,,PRÓXIMO AO HOSPITAL GETÚLIO VARGAS,CORDEIRO,,,COLISÃO LATERAL,1,2,0,0,0,0,0,0,0,3,0,,,,,,,,,,,,,
2023-04-22 00:00:00,09:39:00,COM VÍTIMA,FINALIZADA,SANTO ANTÔNIO,AV GUARARAPES,,AV DANTAS BARRETO,PROX A PRAÇA DO DIARIO,SANTO ANTÔNIO,,,COLISÃO FRONTAL,1,1,0,0,0,0,0,0,0,1,0,,,,,,,,,,,,,
2023-04-22 00:00:00,10:43:00,COM VÍTIMA,FINALIZADA,ILHA DO LEITE,RUA GENERAL JOAQUIM INACIO,,,ENTRE O BANCO SAFRA E ITAU,ILHA DO LEITE,,,COLISÃO LATERAL,1,1,0,0,0,0,0,0,0,1,0,,,,,,,,,,,,,
2023-04-22 00:00:00,04:03:00,COM VÍTIMA,CANCELADA,ÁGUA FRIA,EST VELHA DE AGUA FRIA,,,DENOCS / FIAT,ÁGUA FRIA,,,COLISÃO LATERAL,1,0,0,0,0,0,0,0,0,1,0,,,,,,,,,,,,,
2023-04-22 00:00:00,04:20:00,COM VÍTIMA,FINALIZADA,ESPINHEIRO,RUA QUARENTA E OITO,,,POSTO BR,ESPINHEIRO,,,COLISÃO LATERAL,1,2,0,0,0,0,0,0,0,1,0,,,,,,,,,,,,,
2023-04-22 00:00:00,04:51:00,SEM VÍTIMA,FINALIZADA,MADALENA,AV ENGENHEIRO ABDIAS DE CARVALHO,155,,,MADALENA,,CIDADE,,0,1,0,0,0,0,0,1,0,0,0,,,,,,,,,,,,,
2023-04-22 00:00:00,05:18:00,COM VÍTIMA,CANCELADA,IMBIRIBEIRA,RUA JOSE DA SILVA LUCENA,,RUA SARGENTO SILVINO DE MACEDO,LITIGIO / 1 TELECOM,IMBIRIBEIRA,,,COLISÃO FRONTAL,2,0,0,0,0,0,0,0,0,1,0,,,,,,,,,,,,,
2023-04-22 00:00:00,05:21:00,COM VÍTIMA,FINALIZADA,PINA,RUA MANOEL DE BRITO,,,NA ENTRADA DO TUNEL E SAIDA DO RIO MAR,PINA,,,QUEDA,0,1,0,0,0,0,0,0,0,1,0,,,,,,,,,,,,,
2023-04-22 00:00:00,08:42:00,SEM VÍTIMA,FINALIZADA,MANGUEIRA,AV CENTRAL,498,,ESTAÇÃO MANGUEIRA,MANGUEIRA,,CIDADE,CHOQUE,0,0,0,0,0,0,0,1,0,0,0,,,,,,,,,,,,,
2023-04-22 00:00:00,10:50:00,COM VÍTIMA,FINALIZADA,IPSEP,RUA JEAN EMILE FAVRE,,,EM FRENTE A DELEGACIA,IPSEP,70,,COLISÃO TRASEIRA,1,0,0,1,0,1,0,0,0,1,0,,,,,,,,,,,,,
2023-04-23 00:00:00,12:07:00,COM VÍTIMA,CANCELADA,AREIAS,AV TAPAJOS,,AV RECIFE,PRÓXIMO AO POSTO BR,AREIAS,620,,COLISÃO FRONTAL,0,2,0,0,0,0,0,0,0,3,0,,,,,,,,,,,,,
2023-04-23 00:00:00,01:33:00,COM VÍTIMA,FINALIZADA,JARDIM SÃO PAULO,AV RECIFE,,,EM FRENTE AO BARATÃO DAS EMBALAGEM,JARDIM SÃO PAULO,,,COLISÃO LATERAL,1,1,0,0,0,0,0,0,0,1,0,,,,,,,,,,,,,
2023-04-23 00:00:00,02:05:00,COM VÍTIMA,FINALIZADA,IBURA,RUA VALE DO ITAJAI,281,,NO TERMINAL DO UR5,IBURA,,,COLISÃO LATERAL,1,1,0,0,0,0,0,0,0,1,0,,,,,,,,,,,,,
2023-04-23 00:00:00,03:03:00,COM VÍTIMA,FINALIZADA,DOIS IRMÃOS,RUA DOIS IRMAOS,371,,EM FRENTE AO SEMAFORO,DOIS IRMÃOS,535,,COLISÃO COM CICLISTA,1,0,0,1,0,0,0,0,0,1,0,,,,,,,,,,,,,
2023-04-24 00:00:00,05:31:00,COM VÍTIMA,FINALIZADA,AFOGADOS,PTE DO MOTOCOLOMBO,,,,AFOGADOS,,CIDADE,COLISÃO FRONTAL,0,0,0,0,0,0,0,0,0,1,0,,,,,,,,,,,,,
2023-04-24 00:00:00,05:44:00,SEM VÍTIMA,FINALIZADA,AREIAS,RUA DOS PRAZERES,785,,,AREIAS,,,APOIO CELPE,0,0,0,0,0,0,0,0,0,0,0,,,,,,,,,,,,,
2023-04-24 00:00:00,06:22:00,SEM VÍTIMA,FINALIZADA,DERBY,RUA JENER DE SOUZA,,PRC DO DERBY,,DERBY,,,,1,0,0,0,0,1,0,0,0,0,0,,,,,,,,,,,,,
2023-04-24 00:00:00,07:55:00,COM VÍTIMA,FINALIZADA,PINA,RUA MANOEL DE BRITO,,,TÚNEL JOSUE DE CASTRO,PINA,,,QUEDA,0,1,0,0,0,0,0,0,0,1,0,,,,,,,,,,,,,
2023-04-24 00:00:00,09:08:00,COM VÍTIMA,FINALIZADA,TORRÕES,AV ENGENHEIRO ABDIAS DE CARVALHO,962,,PROXIMO A DLP BEDIDAS,TORRÕES,,,COLISÃO FRONTAL,2,1,0,0,0,0,0,0,0,2,0,,,,,,,,,,,,,
2023-04-24 00:00:00,12:48:00,COM VÍTIMA,FINALIZADA,IMBIRIBEIRA,RUA ARQUITETO LUIZ NUNES,219,,ESCOLA DE ENFERMAGEM SÃO CAETANO,IMBIRIBEIRA,,,COLISÃO LATERAL,0,1,0,0,0,0,1,0,0,1,0,,,,,,,,,,,,,
2023-04-24 00:00:00,02:02:00,COM VÍTIMA,FINALIZADA,ILHA DO LEITE,RUA MARQUES AMORIM,,RUA ESPERANTO,POR TRAS DA UNIMED 3,ILHA DO LEITE,,,COLISÃO FRONTAL,1,1,0,0,0,0,0,0,0,2,0,,,,,,,,,,,,,
2023-04-24 00:00:00,02:58:00,COM VÍTIMA,FINALIZADA,IMBIRIBEIRA,AV MARECHAL MASCARENHAS DE MORAES,,,E/F AO GERALDÃO S/T CID,IMBIRIBEIRA,290,,CHOQUE,0,0,0,0,0,0,0,0,0,1,0,,,,,,,,,,,,,
2023-04-24 00:00:00,04:05:00,COM VÍTIMA,FINALIZADA,JOANA BEZERRA,AV GOVERNADOR AGAMENON MAGALHAES,,,EM FRENTE AO FORUM JOANA BEZERRA,JOANA BEZERRA,,OLINDA,QUEDA,0,1,0,0,0,0,0,0,0,2,0,,,,,,,,,,,,,
2023-04-24 00:00:00,04:46:00,COM VÍTIMA,FINALIZADA,AREIAS,AV RECIFE,,,EM FRENTE AO HOPSITAL DO IDOSO/ SENTIDO AEROPORTO,AREIAS,,,COLISÃO TRASEIRA,0,1,0,0,0,1,0,0,0,1,0,,,,,,,,,,,,,
2023-04-24 00:00:00,04:53:00,COM VÍTIMA,FINALIZADA,IMBIRIBEIRA,AV MARECHAL MASCARENHAS DE MORAES,,,EM FRENTE A FLOR ARTE,IMBIRIBEIRA,,,COLISÃO LATERAL,1,1,0,0,0,0,0,0,0,1,0,,,,,,,,,,,,,
2023-04-24 00:00:00,05:32:00,COM VÍTIMA,FINALIZADA,BOA VIAGEM,AV BOA VIAGEM,5450,,PROX AO HOTEL PLAZA  E/F AO EDF PRINCIPE DE MARSALA,BOA VIAGEM,,,COLISÃO TRASEIRA,1,1,0,0,0,0,0,0,0,1,0,,,,,,,,,,,,,
2023-04-24 00:00:00,05:40:00,COM VÍTIMA,FINALIZADA,DERBY,RUA FELICIANO GOMES,229,RUA DA BAIXA VERDE,ESQUINA DA CLINICA ORAL SIN E O BORIS BERENSTEIN,DERBY,,,COLISÃO LATERAL,1,1,0,0,0,0,0,0,0,1,0,,,,,,,,,,,,,
2023-04-24 00:00:00,05:52:00,COM VÍTIMA,CANCELADA,DOIS IRMÃOS,RUA DOIS IRMAOS,,,AO LADO DO MOTEL SENZALA,DOIS IRMÃOS,,,COLISÃO LATERAL,0,1,0,0,0,0,1,0,0,1,0,,,,,,,,,,,,,
2023-04-24 00:00:00,06:37:00,COM VÍTIMA,FINALIZADA,TAMARINEIRA,RUA CONEGO BARATA,436,RUA SILVEIRA LIRA,PROX AO RESTAURANTE AROMAS,TAMARINEIRA,,SUBURBIO,ATROPELAMENTO DE PESSOA,0,0,0,0,1,1,0,0,0,1,0,,,,,,,,,,,,,
2023-04-25 00:00:00,06:33:00,COM VÍTIMA,FINALIZADA,JARDIM SÃO PAULO,AV CENTRAL,6010,,EM FRENTE A ESTAÇÃO WERNECK,JARDIM SÃO PAULO,,,COLISÃO COM CICLISTA,0,0,0,1,0,1,0,0,0,1,0,,,,,,,,,,,,,
2023-04-25 00:00:00,07:29:00,SEM VÍTIMA,FINALIZADA,BOMBA DO HEMETÉRIO,RUA PROFESSOR JOSE AMARINO DOS REIS,530,,PROX AO CORREGO DO TIRO,BOMBA DO HEMETÉRIO,,,CAPOTAMENTO,1,0,0,0,0,0,0,0,0,0,0,,,,,,,,,,,,,
2023-04-25 00:00:00,07:20:00,COM VÍTIMA,FINALIZADA,ILHA JOANA BEZERRA,RUA IBIPORA,,,DENTRO DO TERMINAL DE JOANA BEZERRA,ILHA JOANA BEZERRA,,,ATROPELAMENTO DE PESSOA,0,0,0,0,1,1,0,0,0,1,0,,,,,,,,,,,,,
2023-04-25 00:00:00,08:33:00,COM VÍTIMA,FINALIZADA,ESTÂNCIA,AV DR JOSE RUFINO,539,,PROX A GALARIA MARGARIDA,ESTÂNCIA,,,COLISÃO LATERAL,1,1,0,0,0,0,0,0,0,1,0,,,,,,,,,,,,,
2023-04-25 00:00:00,08:59:00,SEM VÍTIMA,FINALIZADA,GRAÇAS,AV RUI BARBOSA,1229,,PROX AO COLEGIO DAMAS,GRAÇAS,,,,1,0,0,0,0,0,0,1,0,0,0,,,,,,,,,,,,,
2023-04-25 00:00:00,09:42:00,SEM VÍTIMA,FINALIZADA,SANTO AMARO,RUA VINTE E QUATRO DE AGOSTO,,AV CRUZ CABUGA,,SANTO AMARO,,,,2,0,0,0,0,0,0,0,0,0,0,,,,,,,,,,,,,
2023-04-25 00:00:00,09:44:00,COM VÍTIMA,FINALIZADA,TORRÕES,AV ENGENHEIRO ABDIAS DE CARVALHO,,,UPA,TORRÕES,,,COLISÃO TRASEIRA,1,1,0,0,0,0,0,0,0,1,0,,,,,,,,,,,,,