data,hora,natureza,situacao,bairro,endereco,numero,detalhe_endereco_acidente,complemento,bairro_cruzamento,num_semaforo,sentido_via,tipo,auto,moto,ciclom,ciclista,pedestre,onibus,caminhao,viatura,outros,vitimas,vitimasfatais,acidente_verificado,tempo_clima,situacao_semaforo,sinalizacao,condicao_via,conservacao_via,ponto_controle,situacao_placa,velocidade_max_via,mao_direcao,divisao_via1,divisao_via2,divisao_via3
2023-05-05 00:00:00,01:33:00,COM VÍTIMA,FINALIZADA,CAXANGA,AV CAXANGA,5709,,LADO OPSOTO AO TERMINAL DA CAXANGA,CAXANGA,,,COLISÃO TRASEIRA,1,1,0,0,0,0,0,0,0,1,0,,,,,,,,,,,,,
2023-05-05 00:00:00,03:47:00,SEM VÍTIMA,FINALIZADA,COQUEIRAL,RUA TUTOIA,690,,FARMACIA PREÇO BOM,COQUEIRAL,,CIDADE,,1,0,0,0,0,0,0,1,0,0,0,,,,,,,,,,,,,
2023-05-05 00:00:00,05:57:00,COM VÍTIMA,FINALIZADA,TORRE,RUA JOAO TUDE DE MELO,,,LADO OPOSTO AO GUAIAMUM GIGANTE,TORRE,,,COLISÃO LATERAL,1,1,0,0,0,0,0,0,0,1,0,,,,,,,,,,,,,
2023-05-05 00:00:00,06:15:00,COM VÍTIMA,FINALIZADA,SAN MARTIN,RUA DELMIRO GOUVEIA,,,PROX A PRAÇA DA CHESF,SAN MARTIN,,,COLISÃO COM CICLISTA,1,0,0,1,0,0,0,0,0,1,0,,,,,,,,,,,,,
2023-05-05 00:00:00,06:47:00,COM VÍTIMA,FINALIZADA,BOA VIAGEM,AV ENGENHEIRO DOMINGOS FERREIRA,,,CLINICAL CENTER,BOA VIAGEM,,,COLISÃO LATERAL,0,0,0,0,0,0,0,2,0,1,0,,,,,,,,,,,,,
2023-05-06 00:00:00,09:26:00,COM VÍTIMA,FINALIZADA,AFOGADOS,EST DOS REMEDIOS,,,EM FRENTE AO  TERMINAL DE ONIBUS AFOGADOS,AFOGADOS,,,COLISÃO COM CICLISTA,1,0,0,1,0,0,0,0,0,1,0,,,,,,,,,,,,,
2023-05-06 00:00:00,05:24:00,COM VÍTIMA,FINALIZADA,AFOGADOS,RUA SAO MIGUEL,,,PROXIMO AO BODE DO NO,AFOGADOS,,,COLISÃO FRONTAL,1,1,0,0,0,0,0,0,0,1,0,,,,,,,,,,,,,
2023-05-06 00:00:00,06:37:00,COM VÍTIMA,FINALIZADA,CASA AMARELA,AV NORTE MIGUEL ARRAES DE ALENCAR,6717,,POSTO BR / ESPAÇO CAR / MATERNIDADE BARROS LIMA,CASA AMARELA,,,COLISÃO FRONTAL,1,1,0,0,0,0,0,0,0,1,0,,,,,,,,,,,,,
2023-05-06 00:00:00,08:51:00,COM VÍTIMA,FINALIZADA,JARDIM SAO PAULO,RUA LEANDRO BARRETO,512,,PRÓX. À PADARIA LA ROQUE,JARDIM SAO PAULO,,,COLISÃO FRONTAL,0,1,0,0,0,0,0,0,0,1,0,,,,,,,,,,,,,
2023-05-07 00:00:00,06:55:00,VÍTIMA FATAL,FINALIZADA,DERBY,AV GOVERNADOR AGAMENON MAGALHAES,,PRC DO DERBY,PISTA LOCAL - SENTIDO BOA VIAGEM - E/F À ESTAÇÃO BRT,DERBY,,,ATROPELAMENTO DE PESSOA,1,0,0,0,1,0,0,0,0,0,1,,,,,,,,,,,,,
2023-05-07 00:00:00,07:00:00,COM VÍTIMA,FINALIZADA,BOA VIAGEM,RUA DES JOAO PAES,,RUA TENENTE DOMINGOS DE BRITO,PROX. A PADARIA ALEM DO PÃO,BOA VIAGEM,,,COLISÃO FRONTAL,1,1,0,0,0,0,0,0,0,1,0,,,,,,,,,,,,,
2023-05-07 00:00:00,07:47:00,SEM VÍTIMA,FINALIZADA,BOA VIAGEM,RUA PADRE CARAPUCEIRO,,AVENIDA CELSO FURTADO (VIA MANGUE),PROX AO SHOPPING RECIFE E PROX AO SEMÁFORO 321,BOA VIAGEM,,CIDADE,COLISÃO LATERAL,3,0,0,0,0,0,0,0,0,0,0,,,,,,,,,,,,,
2023-05-07 00:00:00,08:45:00,SEM VÍTIMA,FINALIZADA,ILHA DO LEITE,PTE JOSE DE BARROS LIMA,,,,ILHA DO LEITE,,JOANA BEZERRA/DERBY,CAPOTAMENTO,0,0,0,0,0,0,0,0,0,0,0,,,,,,,,,,,,,
2023-05-07 00:00:00,10:21:00,COM VÍTIMA,FINALIZADA,VARZEA,RUA TORRES HOMEM,625,,AO LADO DO RESIDENCIAL ATELIE LIFE,VARZEA,,,COLISÃO LATERAL,1,1,0,0,0,0,0,0,0,1,0,,,,,,,,,,,,,
2023-05-07 00:00:00,12:11:00,COM VÍTIMA,FINALIZADA,IMBIRIBEIRA,AV MARECHAL MASCARENHAS DE MORAES,1967,RUA MIS JOEL CARLSON,LOGO APÓS A CAFESÓLIS,IMBIRIBEIRA,287,CIDADE,TOMBAMENTO,0,1,0,0,0,0,0,0,0,1,0,,,,,,,,,,,,,
2023-05-07 00:00:00,05:05:00,COM VÍTIMA,FINALIZADA,CASA AMARELA,RUA PADRE LEMOS,723,,E/F AO RESIDENCIAL  ROBERTO  ROSA BORGES,CASA AMARELA,,,COLISÃO LATERAL,1,1,0,0,0,0,0,0,0,1,0,,,,,,,,,,,,,
2023-05-07 00:00:00,07:28:00,COM VÍTIMA,CANCELADA,BOA VIAGEM,RUA SETUBAL,914,,APÓS O PARQUE DONA LINDU,BOA VIAGEM,,CIDADE,COLISÃO FRONTAL,1,1,0,0,0,0,0,0,0,1,0,,,,,,,,,,,,,
2023-05-07 00:00:00,07:36:00,COM VÍTIMA,FINALIZADA,CASA FORTE,AV DEZESSETE DE AGOSTO,1893,RUA MARQUES DE TAMANDARE,,CASA FORTE,,,COLISÃO TRANSVERSAL,1,1,0,0,0,0,0,0,0,1,0,,,,,,,,,,,,,
2023-05-08 00:00:00,05:27:00,SEM VÍTIMA,FINALIZADA,ARRUDA,AV BEBERIBE,,,EM FRENTE AO CAMPO DO ARRUDA,ARRUDA,,,COLISÃO LATERAL,2,0,0,0,0,0,0,0,0,0,0,,,,,,,,,,,,,
2023-05-08 00:00:00,07:53:00,COM VÍTIMA,FINALIZADA,AREIAS,AV RECIFE,,,"NA DESCIDA DO VIADUTO, PROX. AO ATACADÃO",AREIAS,,,COLISÃO TRASEIRA,1,1,0,0,0,0,0,0,0,2,0,,,,,,,,,,,,,
2023-05-08 00:00:00,09:53:00,COM VÍTIMA,FINALIZADA,CASA AMARELA,RUA JORGE DE ALBUQUERQUE,,,PROXIMO CENTRO MEDICO SENADOR ERMILIO DE MORAIS,CASA AMARELA,,,COLISÃO LATERAL,1,1,0,0,0,0,0,0,0,1,0,,,,,,,,,,,,,
2023-05-08 00:00:00,11:19:00,COM VÍTIMA,FINALIZADA,JORDAO,AV JULIO CESAR,,,PROXIMO TERMINAL DA VAN,JORDAO,,,COLISÃO FRONTAL,0,1,0,0,1,0,0,0,0,1,0,,,,,,,,,,,,,
2023-05-08 00:00:00,11:40:00,COM VÍTIMA,FINALIZADA,IPUTINGA,AV MAURICIO DE NASSAU,314,,PROXIMO AO CAPELA SANTO ANTONIO,IPUTINGA,,,COLISÃO FRONTAL,1,0,0,0,1,0,0,0,0,1,0,,,,,,,,,,,,,
2023-05-08 00:00:00,03:23:00,COM VÍTIMA,FINALIZADA,SANTO AMARO,VDO ENG ROBERTO PEREIRA DE CARVALHO,,,AO LADO DO SHOPPING TACARUNA,SANTO AMARO,,,COLISÃO TRASEIRA,3,0,0,0,0,1,0,0,0,1,0,,,,,,,,,,,,,
2023-05-08 00:00:00,11:24:00,SEM VÍTIMA,FINALIZADA,CASA FORTE,AV DEZESSETE DE AGOSTO,,EST DAS UBAIAS,,CASA FORTE,469,SUBURBIO,,1,1,0,0,0,0,0,0,0,0,0,,,,,,,,,,,,,
2023-05-09 00:00:00,04:56:00,COM VÍTIMA,FINALIZADA,PRADO,AV ENGENHEIRO ABDIAS DE CARVALHO,,,COM A RUA CARLOS GOMES,PRADO,,,COLISÃO TRANSVERSAL,3,1,0,0,0,0,0,0,0,1,0,,,,,,,,,,,,,
2023-05-09 00:00:00,08:55:00,COM VÍTIMA,FINALIZADA,DOIS IRMAOS,RUA MANUEL DE MEDEIROS,441,,PROX. A UPA,DOIS IRMAOS,,,COLISÃO TRASEIRA,1,1,0,0,0,0,0,0,0,1,0,,,,,,,,,,,,,
2023-05-09 00:00:00,04:19:00,COM VÍTIMA,FINALIZADA,DOIS UNIDOS,RUA VILA FLOR,,,NO ALTO DO MARACANA NA RUA DA IGREJA ASSEMBLEIA DE DEUS,DOIS UNIDOS,,,ATROPELAMENTO DE PESSOA,0,0,0,0,1,0,1,0,0,1,0,,,,,,,,,,,,,
2023-05-09 00:00:00,04:29:00,COM VÍTIMA,FINALIZADA,TAMARINEIRA,RUA VISCONDE DE ABAETE,,,PROX GALARIA NORTE CENTER,TAMARINEIRA,,,COLISÃO LATERAL,1,1,0,0,0,0,0,0,0,1,0,,,,,,,,,,,,,
2023-05-09 00:00:00,04:52:00,SEM VÍTIMA,FINALIZADA,SANTO AMARO,AV VISCONDE DE SUASSUNA,775,,APÓS A ESCOLA DE ENFERMAGEM,SANTO AMARO,,,COLISÃO LATERAL,1,1,0,0,0,0,0,0,0,0,0,,,,,,,,,,,,,
2023-05-09 00:00:00,11:08:00,COM VÍTIMA,FINALIZADA,CAXANGA,AV CAXANGA,,,EM FRENTE AO TI GETÚLIO VARGAS. SENTIDO SUBURBIO.,CAXANGA,,SUBURBIO,COLISÃO TRASEIRA,0,1,0,0,0,0,0,0,0,2,0,,,,,,,,,,,,,
2023-05-10 00:00:00,07:32:00,COM VÍTIMA,FINALIZADA,SANTO AMARO,RUA DOS PALMARES,,RUA AFONSO PENA,EM FRENTE AO RM,SANTO AMARO,,,COLISÃO LATERAL,1,2,0,0,0,0,0,0,0,2,0,,,,,,,,,,,,,
2023-05-10 00:00:00,07:53:00,COM VÍTIMA,FINALIZADA,DERBY,AV GOVERNADOR AGAMENON MAGALHAES,,RUA AMAURI DE MEDEIROS,,DERBY,,,QUEDA,0,1,0,0,0,0,0,0,0,1,0,,,,,,,,,,,,,
2023-05-10 00:00:00,07:58:00,COM VÍTIMA,FINALIZADA,IPSEP,RUA DO CANAL,1518,,DE ESQUINA COM MERCADINHO CONVENÇÃO,IPSEP,518,,COLISÃO FRONTAL,2,1,0,0,0,0,0,0,0,1,0,,,,,,,,,,,,,
2023-05-10 00:00:00,08:18:00,SEM VÍTIMA,FINALIZADA,TORRE,RUA JOSE BONIFACIO,1315,RUA MARCOS ANDRE,CARREFOUR HIPERMERCADO TORRE,TORRE,487,,,1,0,0,0,0,0,1,0,0,0,0,,,,,,,,,,,,,
2023-05-10 00:00:00,10:23:00,COM VÍTIMA,FINALIZADA,TEJIPIO,AV DR JOSE RUFINO,3514,,PROX. AO ARMAZEM CORAL,TEJIPIO,,,COLISÃO TRANSVERSAL,0,2,0,0,0,0,0,0,0,1,0,,,,,,,,,,,,,
2023-05-10 00:00:00,10:35:00,COM VÍTIMA,FINALIZADA,SAO JOSE,C SANTA RITA,,,ENTRADA DO CAIS DE SANTA RITA,SAO JOSE,76,,QUEDA,0,1,0,0,0,0,0,0,0,1,0,,,,,,,,,,,,,
2023-05-10 00:00:00,11:11:00,COM VÍTIMA,FINALIZADA,TAMARINEIRA,AV NORTE MIGUEL ARRAES DE ALENCAR,571,EST VELHA DE AGUA FRIA,CRUZAMENTO DAS VIAS,TAMARINEIRA,62,TORRE,COLISÃO LATERAL,0,2,0,0,0,0,0,0,0,1,0,,,,,,,,,,,,,
2023-05-10 00:00:00,11:16:00,SEM VÍTIMA,FINALIZADA,AFOGADOS,RUA SAO MIGUEL,,,EM FRENTE A FARMACIA DO TRABALHADOR  NA PRAÇA DE AFOGADOS,AFOGADOS,53,,COLISÃO LATERAL,2,0,0,0,0,0,1,0,0,0,0,,,,,,,,,,,,,
2023-05-10 00:00:00,03:01:00,SEM VÍTIMA,FINALIZADA,,AV GOVERNADOR AGAMENON MAGALHAES,,,EM FRENTE AO Nº 1114,,,,,1,0,0,0,0,0,0,1,0,0,0,,,,,,,,,,,,,
2023-05-10 00:00:00,04:06:00,COM VÍTIMA,FINALIZADA,ARRUDA,AV BEBERIBE,,,PROX AO ARMAZEM CANAL DA CONSTRUÇÃO,ARRUDA,64,,COLISÃO LATERAL,0,1,0,0,0,1,0,0,0,1,0,,,,,,,,,,,,,
2023-05-10 00:00:00,04:56:00,SEM VÍTIMA,CANCELADA,ENGENHO DO MEIO,AV VISCONDE DE SAO LEOPOLDO,143,,EM FRENTE A IGREJA CRISTÃ GRAÇA E FÉ,ENGENHO DO MEIO,,,COLISÃO TRASEIRA,1,0,0,0,0,0,1,0,0,0,0,,,,,,,,,,,,,
2023-05-10 00:00:00,06:33:00,COM VÍTIMA,FINALIZADA,MADALENA,RUA BENFICA,,,AV VISCONDE DE ALBUQUERQUE,MADALENA,,,COLISÃO LATERAL,0,2,0,0,0,0,0,0,0,1,0,,,,,,,,,,,,,
2023-05-10 00:00:00,08:20:00,COM VÍTIMA,FINALIZADA,AFOGADOS,RUA SAO MIGUEL,,,EM FRENTE AO DEPATRI,AFOGADOS,,,COLISÃO LATERAL,1,1,0,0,0,0,0,0,0,1,0,,,,,,,,,,,,,
2023-05-11 00:00:00,07:59:00,COM VÍTIMA,FINALIZADA,MADALENA,AV ENGENHEIRO ABDIAS DE CARVALHO,,RUA JOAO IVO DA SILVA,PROXIMO A ANTIGA HABBIS,MADALENA,,,COLISÃO LATERAL,1,1,0,0,0,0,0,0,0,1,0,,,,,,,,,,,,,
2023-05-11 00:00:00,08:25:00,COM VÍTIMA,FINALIZADA,SAN MARTIN,AV GENERAL SAN MARTIN,1371,,EM FRENTE A CHESF E PROXIMO AO HIPER,SAN MARTIN,,,COLISÃO FRONTAL,1,1,0,0,0,0,0,0,0,1,0,,,,,,,,,,,,,
2023-05-11 00:00:00,09:35:00,COM VÍTIMA,FINALIZADA,AFOGADOS,LARGO DA PAZ,,,IGREJA LARGO DA PAZ,AFOGADOS,,,ATROPELAMENTO DE PESSOA,0,0,0,0,1,1,0,0,0,1,0,,,,,,,,,,,,,
2023-05-11 00:00:00,09:45:00,COM VÍTIMA,FINALIZADA,ILHA DO RETIRO,AV ENGENHEIRO ABDIAS DE CARVALHO,333,,,ILHA DO RETIRO,,,ATROPELAMENTO DE PESSOA,0,1,0,0,0,0,0,0,0,1,0,,,,,,,,,,,,,
2023-05-11 00:00:00,10:21:00,SEM VÍTIMA,FINALIZADA,AFOGADOS,RUA DA PAZ,36,,EM FRENTE A IGREJA DA PAZ,AFOGADOS,,SUBURBIO,,2,0,0,0,0,0,1,0,0,0,0,,,,,,,,,,,,,
2023-05-11 00:00:00,11:25:00,SEM VÍTIMA,FINALIZADA,PAISSANDU,AV GOVERNADOR AGAMENON MAGALHAES,,,REAL HOSPITAL PORTUGUÊS,PAISSANDU,69,SUBURBIO,,0,1,0,0,0,0,0,1,0,0,0,,,,,,,,,,,,,
2023-05-11 00:00:00,11:34:00,COM VÍTIMA,FINALIZADA,BARRO,AV DR JOSE RUFINO,,,EM FRENTE AO COLEGIO EMACULADA DA CONCEIÇÃO,BARRO,,,ATROPELAMENTO DE PESSOA,0,1,0,0,1,0,0,0,0,1,0,,,,,,,,,,,,,
2023-05-11 00:00:00,06:11:00,COM VÍTIMA,FINALIZADA,ESPINHEIRO,RUA DR VICENTE MEIRA,82,RUA VIGARIO BARRETO,NA FRENTE DO EDIFICIO FIQUEIRAS,ESPINHEIRO,,,COLISÃO LATERAL,1,1,0,0,0,0,0,0,0,1,0,,,,,,,,,,,,,
2023-05-11 00:00:00,06:27:00,COM VÍTIMA,FINALIZADA,CASA FORTE,AV DEZESSETE DE AGOSTO,2388,RUA PIAUI,Centro Médico Sen. José Ermírio de Moraes,CASA FORTE,,,ATROPELAMENTO DE PESSOA,1,0,0,0,1,0,0,0,0,1,0,,,,,,,,,,,,,
2023-05-11 00:00:00,08:14:00,COM VÍTIMA,FINALIZADA,ESTANCIA,AV RECIFE,,,NO VIADUTO PRÓXIMO AO AINTIGO MAKRO,ESTANCIA,,,COLISÃO FRONTAL,0,2,0,0,0,0,0,0,0,1,0,,,,,,,,,,,,,
2023-05-11 00:00:00,10:00:00,SEM VÍTIMA,CANCELADA,IMBIRIBEIRA,AV SUL,,,AO LADO DO RESIDENCIAL BOA VIAGEM,IMBIRIBEIRA,,,COLISÃO FRONTAL,3,0,0,0,0,0,0,0,0,0,0,,,,,,,,,,,,,
2023-05-11 00:00:00,10:40:00,COM VÍTIMA,FINALIZADA,IPUTINGA,AV MAURICIO DE NASSAU,276,,EM FRENTE AO MERCADO RENDE MAIS,IPUTINGA,,,COLISÃO FRONTAL,1,1,0,0,0,0,0,0,0,1,0,,,,,,,,,,,,,
2023-05-12 00:00:00,07:23:00,COM VÍTIMA,FINALIZADA,BOA VIAGEM,AVENIDA CELSO FURTADO (VIA MANGUE),,,PROX ULTIMO FOTOSENSOR DO PINA SENTIDO BOA VIAGEM,BOA VIAGEM,,,COLISÃO TRASEIRA,1,1,0,0,0,0,0,0,0,1,0,,,,,,,,,,,,,
2023-05-12 00:00:00,07:38:00,COM VÍTIMA,CANCELADA,BOA VIAGEM,RUA PROFESSOR JOAO MEDEIROS,4430,,POR TRAS DA DELEGACIA DE BOA VIAGEM,BOA VIAGEM,,,COLISÃO LATERAL,2,1,0,0,0,0,0,0,0,1,0,,,,,,,,,,,,,
2023-05-12 00:00:00,08:17:00,COM VÍTIMA,FINALIZADA,MADALENA,AV ENGENHEIRO ABDIAS DE CARVALHO,125,,PROX AO SPORT CLUBE DO RECIFE,MADALENA,,,COLISÃO TRASEIRA,2,2,0,0,0,0,0,0,0,3,0,,,,,,,,,,,,,
2023-05-12 00:00:00,08:29:00,COM VÍTIMA,FINALIZADA,CASA FORTE,AV DEZESSETE DE AGOSTO,1893,RUA MARQUES DE TAMANDARE,PROXIMO AO BARCHET NUMERO 1893,CASA FORTE,,,COLISÃO LATERAL,1,1,0,0,0,0,0,0,0,1,0,,,,,,,,,,,,,
2023-05-12 00:00:00,05:37:00,COM VÍTIMA,FINALIZADA,TORRE,RUA JOSE DE HOLANDA,1313,,EM FRENTE AO MAMUTE BEER,TORRE,,,COLISÃO TRASEIRA,1,1,0,0,0,0,0,0,0,1,0,,,,,,,,,,,,,
2023-05-12 00:00:00,05:46:00,COM VÍTIMA,FINALIZADA,MADALENA,RUA BARTOLOMEU DE GUSMAO,17,,EM FRENTE A BARBEARIA BELEZA CAFÉ E MODA,MADALENA,,,ATROPELAMENTO DE PESSOA,1,0,0,0,1,0,0,0,0,1,0,,,,,,,,,,,,,
2023-05-12 00:00:00,06:44:00,COM VÍTIMA,FINALIZADA,DERBY,RUA JENER DE SOUZA,,,EM FRENTE AO QUARTEL DO DERBY,DERBY,,CIDADE,COLISÃO LATERAL,1,1,0,0,0,0,0,0,0,1,0,,,,,,,,,,,,,
2023-05-12 00:00:00,07:32:00,COM VÍTIMA,FINALIZADA,IPSEP,RUA JEAN EMILE FAVRE,,1 TRV DOUTOR SABINO PINHO,PROX. A DELEGACIA,IPSEP,,,COLISÃO TRANSVERSAL,1,1,0,0,0,0,0,0,0,1,0,,,,,,,,,,,,,
2023-05-12 00:00:00,08:46:00,COM VÍTIMA,FINALIZADA,IBURA,AV DOIS RIOS,430,,EM FRENTE A IGREJA PRESBITERIANA,IBURA,443,,COLISÃO TRANSVERSAL,0,1,0,0,0,0,0,1,0,1,0,,,,,,,,,,,,,
2023-05-13 00:00:00,02:31:00,VÍTIMA FATAL,FINALIZADA,SAN MARTIN,AV ENGENHEIRO ABDIAS DE CARVALHO,,,PROX. COMPAZ,SAN MARTIN,687,CIDADE,COLISÃO TRANSVERSAL,1,1,0,0,0,0,0,0,0,1,1,,,,,,,,,,,,,
2023-05-13 00:00:00,08:45:00,COM VÍTIMA,FINALIZADA,IMBIRIBEIRA,AV MARECHAL MASCARENHAS DE MORAES,2028,,"SENT. AEROPORTO, PROX. A ITALIANA",IMBIRIBEIRA,,,COLISÃO TRASEIRA,1,1,0,0,0,0,0,0,0,1,0,,,,,,,,,,,,,
2023-05-13 00:00:00,10:07:00,COM VÍTIMA,FINALIZADA,CASA FORTE,AV DEZESSETE DE AGOSTO,,,NA FRENTE CLUBE 17,CASA FORTE,,,COLISÃO FRONTAL,1,1,0,0,0,0,0,0,0,1,0,,,,,,,,,,,,,
2023-05-13 00:00:00,12:44:00,COM VÍTIMA,FINALIZADA,ARRUDA,AV NORTE MIGUEL ARRAES DE ALENCAR,,,SOB O SEMAFORO,ARRUDA,364,,COLISÃO FRONTAL,0,1,0,0,1,0,0,0,0,2,0,,,,,,,,,,,,,
2023-05-13 00:00:00,01:08:00,COM VÍTIMA,DUPLICIDADE,CASA AMARELA,AV NORTE MIGUEL ARRAES DE ALENCAR,,,E/F AO SESC DE CASA AMARELA  S/T SUB,CASA AMARELA,,,COLISÃO COM CICLISTA,0,1,0,1,0,0,0,0,0,2,0,,,,,,,,,,,,,
2023-05-13 00:00:00,11:02:00,SEM VÍTIMA,FINALIZADA,SANTO ANTONIO,TRV DO ARSENAL DE GUERRA,11,,,SANTO ANTONIO,,,CHOQUE,1,0,0,0,0,0,0,0,0,0,0,,,,,,,,,,,,,
2023-05-14 00:00:00,01:51:00,VÍTIMA FATAL,FINALIZADA,IBURA,RUA DO CAMPO,,,TERMINAL DE ONIBUS DO UR-02,IBURA,,,ATROPELAMENTO DE PESSOA,0,0,0,0,1,0,0,0,0,0,1,,,,,,,,,,,,,
2023-05-14 00:00:00,04:41:00,SEM VÍTIMA,FINALIZADA,TAMARINEIRA,RUA SAO VICENTE,295,,EDF MANOEL JOAQUIM MEIRELES,TAMARINEIRA,,,CAPOTAMENTO,2,0,0,0,0,0,0,0,0,0,0,,,,,,,,,,,,,
2023-05-14 00:00:00,04:12:00,COM VÍTIMA,FINALIZADA,SANTO AMARO,AV GOVERNADOR AGAMENON MAGALHAES,,,EM FRENTE AO MINISTÉRIO DO TRABALHA,SANTO AMARO,,BOA VIAGEM,CHOQUE,1,1,0,0,0,0,0,0,0,1,0,,,,,,,,,,,,,
2023-05-14 00:00:00,04:44:00,COM VÍTIMA,FINALIZADA,VARZEA,AV CAXANGA,,RUA GENERAL POLIDORO,EM FRENTE A FIAT ITALIANA,VARZEA,231,CIDADE,COLISÃO TRASEIRA,1,2,0,0,0,0,0,0,0,1,0,,,,,,,,,,,,,
2023-05-14 00:00:00,06:10:00,COM VÍTIMA,CANCELADA,ESTANCIA,AV TAPAJOS,101,,PROX A O POSTO DE GASOLINA PETROBRAS,ESTANCIA,,,COLISÃO FRONTAL,1,1,0,0,0,0,0,0,0,1,0,,,,,,,,,,,,,
2023-05-14 00:00:00,07:48:00,SEM VÍTIMA,CANCELADA,BEBERIBE,AV BEBERIBE,5,,EM FRENTE DA ACADEMIA DA CIDADE,BEBERIBE,388,SUBURBIO,COLISÃO TRANSVERSAL,2,0,0,0,0,0,0,0,0,0,0,,,,,,,,,,,,,
2023-05-15 00:00:00,09:45:00,SEM VÍTIMA,FINALIZADA,BOA VISTA,RUA DA AURORA,127,RUA DR SEBASTIAO LINS,AO LADO DO CINEMA SÃO LUIZ,BOA VISTA,,SUBURBIO,,1,1,0,0,0,0,0,0,0,0,0,,,,,,,,,,,,,
2023-05-15 00:00:00,09:59:00,COM VÍTIMA,FINALIZADA,IPSEP,AV RECIFE,1407,,EM FRENTE A CARLOS EQUIPADORA,IPSEP,,,COLISÃO FRONTAL,1,1,0,0,0,0,0,0,0,1,0,,,,,,,,,,,,,
2023-05-15 00:00:00,11:56:00,SEM VÍTIMA,FINALIZADA,AFOGADOS,RUA COSME VIANA,168,,EM FRENTE AO JP BIKE,AFOGADOS,,SUBURBIO,COLISÃO TRASEIRA,2,0,0,0,0,0,0,0,0,0,0,,,,,,,,,,,,,
2023-05-15 00:00:00,12:06:00,SEM VÍTIMA,FINALIZADA,SANTO AMARO,RUA AURORA,,RUA DOIS DE JULHO,,SANTO AMARO,,CIDADE,,1,0,0,0,0,0,1,0,0,0,0,,,,,,,,,,,,,
2023-05-16 00:00:00,09:28:00,COM VÍTIMA,FINALIZADA,ROSARINHO,AV NORTE MIGUEL ARRAES DE ALENCAR,,,"EM FRENTE A PRAÇA DO ROSARINHO, SENT. MACAXEIRA",ROSARINHO,,,QUEDA,0,1,0,0,0,0,0,0,0,1,0,,,,,,,,,,,,,
2023-05-16 00:00:00,09:58:00,COM VÍTIMA,FINALIZADA,PINA,AV HERCULANO BANDEIRA,,,AO LADO A IGREJA DO PINA,PINA,,,COLISÃO LATERAL,1,1,0,0,0,0,0,0,0,1,0,,,,,,,,,,,,,
2023-05-16 00:00:00,01:54:00,COM VÍTIMA,FINALIZADA,CASA FORTE,RUA IRMA MARIA DAVID,,EST DAS UBAIAS,,CASA FORTE,,,COLISÃO TRANSVERSAL,1,1,0,0,0,0,0,0,0,1,0,,,,,,,,,,,,,
2023-05-16 00:00:00,02:04:00,SEM VÍTIMA,FINALIZADA,BOA VISTA,RUA HENRIQUE DIAS,,AV GOVERNADOR AGAMENON MAGALHAES,SOB O SEMÁFORO,BOA VISTA,68,,,1,0,0,0,0,1,0,0,0,0,0,,,,,,,,,,,,,
2023-05-16 00:00:00,02:45:00,SEM VÍTIMA,FINALIZADA,SAO JOSE,AV SUL,,,PRÓXIMO A PRAÇA FREI CANECA,SAO JOSE,,CIDADE,COLISÃO TRASEIRA,2,0,0,0,0,0,0,0,0,0,0,,,,,,,,,,,,,
2023-05-16 00:00:00,05:13:00,COM VÍTIMA,FINALIZADA,BOA VIAGEM,RUA DEZ DE JULHO,481,,ALUGUEL BRASIL,BOA VIAGEM,,,COLISÃO FRONTAL,1,1,0,0,0,0,0,0,0,1,0,,,,,,,,,,,,,
2023-05-16 00:00:00,05:26:00,COM VÍTIMA,CANCELADA,IPSEP,AV RECIFE,,,PROX AO ARMAZEM CORAL / NA ENTRADA DO IBURA,IPSEP,,,COLISÃO LATERAL,1,1,0,0,0,0,0,0,0,1,0,,,,,,,,,,,,,
2023-05-16 00:00:00,11:25:00,COM VÍTIMA,FINALIZADA,TORRE,RUA REAL DA TORRE,,,EM CIMA DO VIADUTO DA TORRE,TORRE,,,ATROPELAMENTO DE PESSOA,1,0,0,0,1,0,0,0,0,1,0,,,,,,,,,,,,,
2023-05-17 00:00:00,10:19:00,COM VÍTIMA,FINALIZADA,PINA,AVENIDA CELSO FURTADO (VIA MANGUE),,RUA TOME GIBSON,,PINA,,,COLISÃO TRASEIRA,1,1,0,0,0,0,0,0,0,1,0,,,,,,,,,,,,,
2023-05-17 00:00:00,01:24:00,COM VÍTIMA,CANCELADA,AFOGADOS,RUA SAO MIGUEL,,,E/F AO DEPATRI,AFOGADOS,,,COLISÃO FRONTAL,1,1,0,0,0,0,0,0,0,1,0,,,,,,,,,,,,,
2023-05-17 00:00:00,02:15:00,SEM VÍTIMA,CANCELADA,DOIS IRMAOS,RUA DOIS IRMAOS,,,REF: SEMÁFORO,DOIS IRMAOS,416,,COLISÃO TRANSVERSAL,1,0,0,0,0,0,1,0,0,0,0,,,,,,,,,,,,,
2023-05-17 00:00:00,03:36:00,COM VÍTIMA,FINALIZADA,IPSEP,AV RECIFE,2447,,ENFRENTE AO ARMAZEM,IPSEP,,,COLISÃO LATERAL,1,1,0,0,0,0,0,0,0,1,0,,,,,,,,,,,,,
2023-05-17 00:00:00,05:48:00,COM VÍTIMA,FINALIZADA,IPSEP,AV PRESIDENTE DUTRA,,,LADO OPOSTO AO RESTAURANTE SAL E BRASA,IPSEP,,,COLISÃO COM CICLISTA,0,1,0,1,0,0,0,0,0,2,0,,,,,,,,,,,,,
2023-05-17 00:00:00,09:41:00,COM VÍTIMA,FINALIZADA,CASA FORTE,AV DEZESSETE DE AGOSTO,,,EM FRENTE AO CENTRO MEDICO JOSÉ HERLIO DE MORAES,CASA FORTE,,,COLISÃO LATERAL,1,1,0,0,0,0,0,0,0,1,0,,,,,,,,,,,,,
2023-05-18 00:00:00,06:54:00,COM VÍTIMA,FINALIZADA,PINA,AV HERCULANO BANDEIRA,,RUA NOGUEIRA DE SOUZA,APOS O ATACADÃO DA CONSTRUÇÃO,PINA,,,COLISÃO LATERAL,0,0,0,0,0,0,0,0,0,1,0,,,,,,,,,,,,,
2023-05-18 00:00:00,08:43:00,COM VÍTIMA,FINALIZADA,BONGI,RUA ISAAC MARKMAN,406,,PROX. A CELPE,BONGI,,,COLISÃO COM CICLISTA,1,0,0,1,0,0,0,0,0,1,0,,,,,,,,,,,,,
2023-05-18 00:00:00,09:40:00,COM VÍTIMA,FINALIZADA,BOA VIAGEM,AV ENGENHEIRO DOMINGOS FERREIRA,,RUA PADRE BERNADINO PESSOA,PROX A TORRE MADRI RESIDENCIAL,BOA VIAGEM,,,COLISÃO FRONTAL,2,0,0,0,0,0,0,0,0,1,0,,,,,,,,,,,,,
2023-05-18 00:00:00,11:34:00,SEM VÍTIMA,FINALIZADA,IPSEP,RUA BLUMENAU,164,,PROXIMO LOJA DONA ENI,IPSEP,,,COLISÃO TRASEIRA,1,1,0,0,0,0,0,0,0,0,0,,,,,,,,,,,,,
2023-05-18 00:00:00,12:39:00,COM VÍTIMA,CANCELADA,VARZEA,RUA MARECHAL MANOEL LUIS OSORIO,,,DE FRENTE AO HAPVIDA DA BR,VARZEA,,,COLISÃO LATERAL,1,1,0,0,0,0,0,0,0,2,0,,,,,,,,,,,,,
2023-05-18 00:00:00,02:09:00,COM VÍTIMA,FINALIZADA,IBURA,AV QUEIXARAMOBIM,64,,EM FRENTE A IGREJA BATISTA REMIDO DO SENHOR,IBURA,,,ATROPELAMENTO DE PESSOA,1,0,0,0,1,0,0,0,0,1,0,,,,,,,,,,,,,
2023-05-18 00:00:00,02:17:00,SEM VÍTIMA,FINALIZADA,ENCRUZILHADA,RUA DR JOSE MARIA,2200,,EM FRENTE AO MERCADO DA ENCRUZILHADA,ENCRUZILHADA,,CIDADE,,1,0,0,0,0,0,0,1,0,0,0,,,,,,,,,,,,,