data,hora,natureza,situacao,bairro,endereco,numero,detalhe_endereco_acidente,complemento,bairro_cruzamento,num_semaforo,sentido_via,tipo,auto,moto,ciclom,ciclista,pedestre,onibus,caminhao,viatura,outros,vitimas,vitimasfatais,acidente_verificado,tempo_clima,situacao_semaforo,sinalizacao,condicao_via,conservacao_via,ponto_controle,situacao_placa,velocidade_max_via,mao_direcao,divisao_via1,divisao_via2,divisao_via3
2023-05-18 00:00:00,08:00:00,COM VÍTIMA,FINALIZADA,CASA AMARELA,RUA DA HARMONIA,,,AO LADO DA IGREJA DA HARMONIA,CASA AMARELA,,,COLISÃO LATERAL,1,1,0,0,0,0,0,0,0,1,0,,,,,,,,,,,,,
2023-05-18 00:00:00,08:04:00,COM VÍTIMA,FINALIZADA,MANGUEIRA,RUA VINTE E UM DE ABRIL,1578,,PROX A CENTRO MUNICIPAL DE EDUCAÇÃO INFANTIL DA MANGUEIRA,MANGUEIRA,,,COLISÃO FRONTAL,1,1,0,0,0,0,0,0,0,1,0,,,,,,,,,,,,,
2023-05-19 00:00:00,06:12:00,COM VÍTIMA,FINALIZADA,AFOGADOS,RUA SAO MIGUEL,116,,EM FRENTE AO CARTORIO,AFOGADOS,,,COLISÃO LATERAL,0,1,0,0,0,1,0,0,0,2,0,,,,,,,,,,,,,
2023-05-19 00:00:00,06:43:00,VÍTIMA FATAL,FINALIZADA,CAXANGA,AV AFONSO OLINDENSE,,,"APOS A INTEGRAÇÃO DA CAXANGA, SENT. CAMARAGIBE",CAXANGA,,,ATROPELAMENTO DE PESSOA,0,0,0,0,1,1,0,0,0,0,1,,,,,,,,,,,,,
2023-05-19 00:00:00,08:58:00,SEM VÍTIMA,FINALIZADA,DERBY,AV GOVERNADOR AGAMENON MAGALHAES,,,SOB O SEMÁFORO Nº  075,DERBY,,SUBURBIO,CHOQUE,0,0,0,0,0,0,1,0,0,0,0,,,,,,,,,,,,,
2023-05-19 00:00:00,10:49:00,COM VÍTIMA,FINALIZADA,IMBIRIBEIRA,RUA ARQUITETO LUIZ NUNES,,,EM FRENTE ESCOLA ANITA GARIBALDA,IMBIRIBEIRA,,,COLISÃO LATERAL,1,1,0,0,0,0,0,0,0,1,0,,,,,,,,,,,,,
2023-05-19 00:00:00,11:34:00,COM VÍTIMA,FINALIZADA,MADALENA,RUA JOSE OSORIO,124,,PONTE DA CAPUMGA,MADALENA,,,COLISÃO LATERAL,1,1,0,0,0,0,0,0,0,2,0,,,,,,,,,,,,,
2023-05-19 00:00:00,11:47:00,COM VÍTIMA,FINALIZADA,IBURA,AV RECIFE,,,ENTRADA DO IBURA,IBURA,,,COLISÃO FRONTAL,1,1,0,0,0,0,0,0,0,2,0,,,,,,,,,,,,,
2023-05-19 00:00:00,04:20:00,SEM VÍTIMA,FINALIZADA,APIPUCOS,AV DEZESSETE DE AGOSTO,2666,PRC MONTEIRO,OPOSTO PRAÇA MONTEIRO,APIPUCOS,370,SUBURBIO,COLISÃO TRASEIRA,1,0,0,0,0,1,0,0,0,0,0,,,,,,,,,,,,,
2023-05-19 00:00:00,04:58:00,COM VÍTIMA,FINALIZADA,SAN MARTIN,AV GENERAL SAN MARTIN,766,,APOS O SEMAFORO 067  AO LADO DA ACADEMIA GYM FIT,SAN MARTIN,,,COLISÃO LATERAL,1,1,0,0,0,0,0,0,0,1,0,,,,,,,,,,,,,
2023-05-20 00:00:00,12:44:00,COM VÍTIMA,FINALIZADA,IMBIRIBEIRA,AV MARECHAL MASCARENHAS DE MORAES,,,EM FRENTE A HONDA E O JUIZADO CÍVIL,IMBIRIBEIRA,,SUBURBIO,COLISÃO FRONTAL,0,1,0,0,0,0,1,0,0,1,0,,,,,,,,,,,,,
2023-05-20 00:00:00,04:32:00,COM VÍTIMA,FINALIZADA,MADALENA,AV VISCONDE DE ALBUQUERQUE,,,CASA DA BATERIA MOURA,MADALENA,51,,COLISÃO LATERAL,2,0,0,0,0,0,0,0,0,1,0,,,,,,,,,,,,,
2023-05-20 00:00:00,08:28:00,COM VÍTIMA,FINALIZADA,FUNDAO,AV BEBERIBE,,RUA CORONEL URBANO RIBEIRO DE SENA,LADO OPOSTO AO N 2666,FUNDAO,,,ATROPELAMENTO DE PESSOA,1,0,0,0,1,0,0,0,0,1,0,,,,,,,,,,,,,
2023-05-20 00:00:00,04:05:00,COM VÍTIMA,FINALIZADA,GRACAS,AV CONS ROSA E SILVA,,,EM FRENTE AO CLUBE PORTUGUÊS,GRACAS,,,COLISÃO TRASEIRA,2,0,0,0,0,0,0,0,0,1,0,,,,,,,,,,,,,
2023-05-20 00:00:00,05:16:00,COM VÍTIMA,FINALIZADA,CAMPO GRANDE,RUA ODORICO MENDES,,,EM FRENTE À CENTRAL DE FLAGRANTES,CAMPO GRANDE,,,COLISÃO COM CICLISTA,0,1,0,1,0,0,0,0,0,1,0,,,,,,,,,,,,,
2023-05-20 00:00:00,05:19:00,COM VÍTIMA,FINALIZADA,AFOGADOS,AV CENTRAL,,,EM FRENTE A ESTAÇÃO DE AFOGADOS,AFOGADOS,,,ATROPELAMENTO DE PESSOA,0,1,0,0,1,0,0,0,0,1,0,,,,,,,,,,,,,
2023-05-20 00:00:00,05:49:00,COM VÍTIMA,FINALIZADA,IMBIRIBEIRA,AV GENERAL MAC ARTHUR,,,EM FRENTE AO CONDOMINIO LE PARC,IMBIRIBEIRA,,,COLISÃO TRASEIRA,1,1,0,0,0,0,0,0,0,1,0,,,,,,,,,,,,,
2023-05-20 00:00:00,11:38:00,COM VÍTIMA,CANCELADA,CASA FORTE,AV FLOR DE SANTANA,852,,PRÓX. AO BUTECO 878,CASA FORTE,,,COLISÃO TRASEIRA,1,1,0,0,0,0,0,0,0,1,0,,,,,,,,,,,,,
2023-05-21 00:00:00,01:26:00,COM VÍTIMA,CANCELADA,ESPINHEIRO,RUA AMELIA,330,,CACHAÇARIA TRADIÇÃO,ESPINHEIRO,,,COLISÃO TRANSVERSAL,2,0,0,0,0,0,0,0,0,1,0,,,,,,,,,,,,,
2023-05-21 00:00:00,05:43:00,SEM VÍTIMA,FINALIZADA,,AV ENGENHEIRO ABDIAS DE CARVALHO,,EST DOS REMEDIOS,SOB SEMÁFORO Nº 052,,52,SUBURBIO,CHOQUE,1,0,0,0,0,0,0,0,0,0,0,,,,,,,,,,,,,
2023-05-21 00:00:00,09:28:00,COM VÍTIMA,FINALIZADA,CASA AMARELA,AV NORTE MIGUEL ARRAES DE ALENCAR,,RUA GUIMARAES PEIXOTO,ENTRADA DA MANGABEIRA,CASA AMARELA,,,QUEDA,0,1,0,0,0,0,0,0,0,2,0,,,,,,,,,,,,,
2023-05-21 00:00:00,06:06:00,COM VÍTIMA,FINALIZADA,SAO JOSE,AV SUL,1500,,PROX AO QUARTEL DO CABAMGA,SAO JOSE,,,COLISÃO COM CICLISTA,0,0,0,1,0,1,0,0,0,1,0,,,,,,,,,,,,,
2023-05-21 00:00:00,10:26:00,COM VÍTIMA,FINALIZADA,CAMPO GRANDE,RUA JERONIMO VILELA,742,,AO LADO DO BAR DO ZÉ,CAMPO GRANDE,,,COLISÃO LATERAL,1,1,0,0,0,0,0,0,0,1,0,,,,,,,,,,,,,
2023-05-22 00:00:00,12:19:00,COM VÍTIMA,FINALIZADA,SANTO ANTONIO,AV MARTINS DE BARROS,,,EM FRENTE A ESTAÇÃO DO BRT MAURICIO DE NASSAU,SANTO ANTONIO,,,ATROPELAMENTO DE PESSOA,0,0,0,0,1,1,0,0,0,1,0,,,,,,,,,,,,,
2023-05-22 00:00:00,06:15:00,COM VÍTIMA,CANCELADA,SAO JOSE,AV SUL,,RUA IMPERIAL,PROXIMO AO GALPÃO DO GALO DA MADRUGADA  NO SENTIDO SUB/CID.,SAO JOSE,,CIDADE,COLISÃO COM CICLISTA,0,0,1,1,0,0,0,0,0,1,0,,,,,,,,,,,,,
2023-05-22 00:00:00,08:29:00,COM VÍTIMA,FINALIZADA,ILHA JOANA BEZERRA,VDO PAPA JOAO PAULO II,,,"EM CIMA DO VIADUTO, SENT. BOA VIAGEM",ILHA JOANA BEZERRA,,,COLISÃO TRASEIRA,0,2,0,0,0,0,0,0,0,2,0,,,,,,,,,,,,,
2023-05-22 00:00:00,08:35:00,COM VÍTIMA,FINALIZADA,ESPINHEIRO,AV GOVERNADOR AGAMENON MAGALHAES,,,EM FRENTE AO CREA,ESPINHEIRO,,,COLISÃO LATERAL,1,1,0,0,0,0,0,0,0,1,0,,,,,,,,,,,,,
2023-05-22 00:00:00,09:38:00,COM VÍTIMA,CANCELADA,BOA VIAGEM,AV BOA VIAGEM,,,APOS O HOSPITAL DA AERONAUTICA,BOA VIAGEM,,,COLISÃO TRASEIRA,1,1,0,0,0,0,0,0,0,1,0,,,,,,,,,,,,,
2023-05-22 00:00:00,10:41:00,COM VÍTIMA,FINALIZADA,VARZEA,RUA PROFESSOR ANTONIO COELHO,477,,RUA DO COLEGIO E CURSO DESAFIO,VARZEA,,,COLISÃO LATERAL,1,1,0,0,0,0,0,0,0,2,0,,,,,,,,,,,,,
2023-05-22 00:00:00,01:03:00,SEM VÍTIMA,FINALIZADA,AFOGADOS,RUA SAO MIGUEL,469,,EM FRENTE AO POSTO DISLUB,AFOGADOS,,,COLISÃO TRASEIRA,2,0,0,0,0,0,0,1,0,0,0,,,,,,,,,,,,,
2023-05-22 00:00:00,01:17:00,SEM VÍTIMA,FINALIZADA,GRACAS,PTE RIVALDO DE CARVALHO,,,SOB O SEMÁFORO,GRACAS,173,SUBURBIO,COLISÃO TRASEIRA,1,0,0,0,0,1,0,0,0,0,0,,,,,,,,,,,,,
2023-05-22 00:00:00,01:26:00,COM VÍTIMA,FINALIZADA,BOA VIAGEM,AV CONSELHEIRO AGUIAR,2878,,EM FRENTE A PADARIA CARMEM / ACADEMIA SANTÉ,BOA VIAGEM,,,COLISÃO LATERAL,1,1,0,0,0,0,0,0,0,1,0,,,,,,,,,,,,,
2023-05-22 00:00:00,03:34:00,SEM VÍTIMA,CANCELADA,IPSEP,RUA VIRGINIA HERACLIO,,,PROX POSTO DE SAUDE  NÃO TEM NUMERO,IPSEP,,,COLISÃO TRASEIRA,2,0,0,0,0,0,0,0,0,0,0,,,,,,,,,,,,,
2023-05-22 00:00:00,04:39:00,COM VÍTIMA,FINALIZADA,SAO JOSE,RUA SAO JOAO,,,EM FRENTE AO EDIFICIO SÃO RAFAEL / TERCEIRO MODULO DO CAMELODROMO,SAO JOSE,,,COLISÃO FRONTAL,1,1,0,0,0,0,0,0,0,1,0,,,,,,,,,,,,,
2023-05-22 00:00:00,07:10:00,COM VÍTIMA,FINALIZADA,AGUA FRIA,EST VELHA DE AGUA FRIA,,AV PROFESSOR JOSE DOS ANJOS,EM FRENTE AO DNOX,AGUA FRIA,,,COLISÃO FRONTAL,0,2,0,0,0,0,0,0,0,2,0,,,,,,,,,,,,,
2023-05-22 00:00:00,07:57:00,COM VÍTIMA,FINALIZADA,TORRE,RUA PADRE ANCHIETA,,,PROX COMFRARIA DO SANDUBA,TORRE,,,COLISÃO LATERAL,1,1,0,0,0,0,0,0,0,1,0,,,,,,,,,,,,,
2023-05-23 00:00:00,06:52:00,COM VÍTIMA,FINALIZADA,AREIAS,AV RECIFE,,,"EM FRENTE AO SUPERMERCADO ATACADÃO, EM FRENTE AO SEMÁFORO 461",AREIAS,,,COLISÃO TRASEIRA,1,0,0,0,0,0,1,0,0,1,0,,,,,,,,,,,,,
2023-05-23 00:00:00,07:25:00,COM VÍTIMA,FINALIZADA,PARNAMIRIM,RUA ABRAHAM LINCOLN,460,,PROXIMO A GALERIA VIA ROMA E LADO DO COLEGIO GGE DO PARNAMIRIM,PARNAMIRIM,,,COLISÃO TRASEIRA,1,1,0,0,0,0,0,0,0,2,0,,,,,,,,,,,,,
2023-05-23 00:00:00,08:13:00,COM VÍTIMA,FINALIZADA,MADALENA,RUA MENEZES DRUMOND,99,,EM FRENTE A UNIDADE DA SAUDE DA FAMILIA SITIO DO CARDOSO,MADALENA,,,COLISÃO LATERAL,1,1,0,0,0,0,0,0,0,1,0,,,,,,,,,,,,,
2023-05-23 00:00:00,11:17:00,SEM VÍTIMA,FINALIZADA,IMBIRIBEIRA,AV MARECHAL MASCARENHAS DE MORAES,,,ASA VEÍCULOS,IMBIRIBEIRA,,,COLISÃO LATERAL,2,0,0,0,0,0,1,0,0,0,0,,,,,,,,,,,,,
2023-05-23 00:00:00,11:46:00,COM VÍTIMA,FINALIZADA,BOA VIAGEM,RUA DONA MAGINA PONTUAL,,RUA JOAO DIAS MARTINS,RUA QUE DE FRENTE DROGARIA SÃO PAULO,BOA VIAGEM,,,COLISÃO LATERAL,1,1,0,0,0,0,0,0,0,1,0,,,,,,,,,,,,,
2023-05-23 00:00:00,11:59:00,COM VÍTIMA,FINALIZADA,GRACAS,RUA GUILHERME PINTO,,,PROXIMO AO MAURICIO DE NASSAU,GRACAS,,,COLISÃO LATERAL,1,1,0,0,0,0,0,0,0,1,0,,,,,,,,,,,,,
2023-05-23 00:00:00,02:30:00,COM VÍTIMA,FINALIZADA,IMBIRIBEIRA,AV MARECHAL MASCARENHAS DE MORAES,,,LADO OPOSTO A FERREIRA COSTA E EM FRENTE A CASAS BAHIA/ SENTIDO PRAZERES,IMBIRIBEIRA,,,COLISÃO TRASEIRA,1,0,0,0,0,0,1,0,0,1,0,,,,,,,,,,,,,
2023-05-23 00:00:00,02:56:00,COM VÍTIMA,FINALIZADA,ARRUDA,RUA RAMIZ GALVAO,,,E/F AO BAR MISTUREBA,ARRUDA,,,COLISÃO LATERAL,2,0,0,0,0,0,0,0,0,1,0,,,,,,,,,,,,,
2023-05-23 00:00:00,03:09:00,COM VÍTIMA,FINALIZADA,TORRE,AV BEIRA RIO,,RUA CONDE DE IRAJA,COLISAO SOBRE A  PONTE  VT 03 NO LOCAL,TORRE,,,COLISÃO FRONTAL,2,1,0,0,0,0,0,0,0,1,0,,,,,,,,,,,,,
2023-05-23 00:00:00,03:36:00,COM VÍTIMA,FINALIZADA,MACAXEIRA,AV NORTE MIGUEL ARRAES DE ALENCAR,,,,MACAXEIRA,296,,QUEDA,0,1,0,0,0,0,0,0,0,1,0,,,,,,,,,,,,,
2023-05-23 00:00:00,04:22:00,COM VÍTIMA,FINALIZADA,CAXANGA,AV CAXANGA,,RUA GREGORIO JUNIOR,,CAXANGA,,,QUEDA,0,0,0,0,0,0,0,0,0,1,0,,,,,,,,,,,,,
2023-05-23 00:00:00,06:02:00,SEM VÍTIMA,FINALIZADA,CASA AMARELA,RUA CONS NABUCO,44,,COLÉGIO APOIO,CASA AMARELA,,,COLISÃO LATERAL,2,0,0,0,0,0,0,0,0,0,0,,,,,,,,,,,,,
2023-05-23 00:00:00,06:04:00,COM VÍTIMA,FINALIZADA,IMBIRIBEIRA,RUA ARQUITETO LUIZ NUNES,1113,,NA FRENTE DO COLEGIO ANITA GARIBALDE,IMBIRIBEIRA,,,COLISÃO FRONTAL,1,1,0,0,0,0,0,0,0,1,0,,,,,,,,,,,,,
2023-05-23 00:00:00,09:02:00,SEM VÍTIMA,FINALIZADA,GRACAS,RUA DAS GRACAS,715,AV RUI BARBOSA,EM FRENTE A FARMÁCIA DROGASIL,GRACAS,562,CIDADE,COLISÃO TRASEIRA,2,0,0,0,0,0,0,0,0,0,0,,,,,,,,,,,,,
2023-05-23 00:00:00,10:51:00,COM VÍTIMA,FINALIZADA,JARDIM SAO PAULO,PRC DO JARDIM SAO PAULO,,,PRAÇA DE JARDIM SÃO PAULO,JARDIM SAO PAULO,,,CHOQUE,1,0,0,0,0,0,0,0,0,2,0,,,,,,,,,,,,,
2023-05-24 00:00:00,09:30:00,COM VÍTIMA,FINALIZADA,BAIRRO DO RECIFE,AV NORTE MIGUEL ARRAES DE ALENCAR,,PTE DO LIMOEIRO,NA DESCIDA DA PONTE,BAIRRO DO RECIFE,,,COLISÃO FRONTAL,1,1,0,0,0,0,0,0,0,1,0,,,,,,,,,,,,,
2023-05-24 00:00:00,03:25:00,COM VÍTIMA,FINALIZADA,TORRE,RUA MARCOS ANDRE,,RUA JOSE BONIFACIO,EM FRENTE AO SUPERMERCADO CARREFOUR,TORRE,,,COLISÃO LATERAL,1,1,0,0,0,0,0,0,0,2,0,,,,,,,,,,,,,
2023-05-24 00:00:00,05:36:00,SEM VÍTIMA,FINALIZADA,GRACAS,RUA JORNALISTA PAULO BITTENCOURT,,RUA AMARO BEZERRA,,GRACAS,,,,0,1,0,0,0,0,0,1,0,0,0,,,,,,,,,,,,,
2023-05-24 00:00:00,07:44:00,SEM VÍTIMA,FINALIZADA,MANGABEIRA,AV NORTE MIGUEL ARRAES DE ALENCAR,,AV PROFESSOR JOSE DOS ANJOS,SEMÁFORO 364,MANGABEIRA,364,CIDADE,,1,0,0,0,0,0,1,0,0,0,0,,,,,,,,,,,,,
2023-05-25 00:00:00,08:10:00,COM VÍTIMA,FINALIZADA,AGUA FRIA,RUA ALTO SANTA TEREZA,1334,,PROX. AO MERCADINHO LEMOS,AGUA FRIA,,,COLISÃO FRONTAL,1,1,0,0,0,0,0,0,0,2,0,,,,,,,,,,,,,
2023-05-25 00:00:00,09:51:00,SEM VÍTIMA,FINALIZADA,MADALENA,EST DOS REMEDIOS,,AV VISCONDE DE ALBUQUERQUE,,MADALENA,,,COLISÃO TRASEIRA,1,0,0,0,0,0,1,0,0,0,0,,,,,,,,,,,,,
2023-05-25 00:00:00,11:06:00,COM VÍTIMA,FINALIZADA,SANTO AMARO,AV CRUZ CABUGA,,,EM FRENTE A UNIVERSAL,SANTO AMARO,,,COLISÃO LATERAL,1,1,0,0,0,0,0,0,0,1,0,,,,,,,,,,,,,
2023-05-25 00:00:00,01:17:00,COM VÍTIMA,FINALIZADA,VARZEA,RUA VALE DO SIRIJI,7,,APOS A PRAÇA DO PM  E/F AO RESTAURANTE SABOR DA VILA,VARZEA,,,COLISÃO FRONTAL,2,0,0,0,0,0,0,0,0,2,0,,,,,,,,,,,,,
2023-05-25 00:00:00,02:18:00,COM VÍTIMA,FINALIZADA,IMBIRIBEIRA,RUA ARQUITETO LUIZ NUNES,245,AV ENGENHEIRO ALVES DE SOUZA,PROX AO RESTAURANTE JULIETTOS   E/F A DROGASIL,IMBIRIBEIRA,,,COLISÃO LATERAL,1,1,0,0,0,0,0,0,0,1,0,,,,,,,,,,,,,
2023-05-25 00:00:00,02:43:00,VÍTIMA FATAL,FINALIZADA,AREIAS,RUA IPOJUCA,388,,PRAÇA DO HEROI,AREIAS,,,COLISÃO FRONTAL,0,1,0,0,0,0,1,0,0,0,1,,,,,,,,,,,,,
2023-05-25 00:00:00,04:06:00,SEM VÍTIMA,FINALIZADA,PINA,AV ANTONIO DE GOES,146,AV CONSELHEIRO AGUIAR,LADO OPOSTO A CASA DA BATERIA,PINA,,CIDADE,COLISÃO TRANSVERSAL,1,0,0,0,0,1,0,0,0,0,0,,,,,,,,,,,,,
2023-05-25 00:00:00,06:09:00,COM VÍTIMA,FINALIZADA,TORREAO,RUA FREI MIGUELINHO,170,RUA DJALMA FARIAS,PROX AO RESTAURANTE ARGO,TORREAO,,,COLISÃO LATERAL,3,0,0,0,0,0,0,0,0,1,0,,,,,,,,,,,,,
2023-05-25 00:00:00,06:39:00,COM VÍTIMA,FINALIZADA,IMBIRIBEIRA,AV MARECHAL MASCARENHAS DE MORAES,2885,,,IMBIRIBEIRA,,,QUEDA,0,0,0,0,0,0,0,0,0,1,0,,,,,,,,,,,,,
2023-05-25 00:00:00,08:12:00,COM VÍTIMA,FINALIZADA,GRACAS,RUA JOAO RAMOS,,RUA BRUNO MAIA,AO LADO DA PIZZARIA ATLANTICO,GRACAS,,,COLISÃO LATERAL,1,1,0,0,0,0,0,0,0,2,0,,,,,,,,,,,,,
2023-05-25 00:00:00,10:07:00,COM VÍTIMA,FINALIZADA,CAXANGA,RUA RIBEIRO PESSOA,957,,PRÓXIMO A UPA DA CAXANGÁ,CAXANGA,,,COLISÃO LATERAL,0,2,0,0,0,0,0,0,0,2,0,,,,,,,,,,,,,
2023-05-26 00:00:00,12:12:00,COM VÍTIMA,FINALIZADA,DOIS UNIDOS,AV HILDEBRANDO DE VASCONCELOS,,,PRÓXIMO A SUBIDA DO ALTO DO MARACANÃ E AO CIPICÃES,DOIS UNIDOS,,,COLISÃO LATERAL,1,1,0,0,0,0,0,0,0,1,0,,,,,,,,,,,,,
2023-05-26 00:00:00,12:39:00,SEM VÍTIMA,FINALIZADA,TORRE,RUA JOAO TUDE DE MELO,,,"SOBRE A PONTE, SENTIDO NORTE",TORRE,,,TOMBAMENTO,0,0,0,0,0,0,0,0,0,0,0,,,,,,,,,,,,,
2023-05-26 00:00:00,03:32:00,COM VÍTIMA,FINALIZADA,ROSARINHO,RUA DR JOSE MARIA,,RUA REGUEIRA COSTA,,ROSARINHO,,,COLISÃO LATERAL,0,0,0,0,0,0,0,0,0,1,0,,,,,,,,,,,,,
2023-05-26 00:00:00,08:03:00,COM VÍTIMA,FINALIZADA,ARRUDA,RUA MARQUES DE BAIPENDI,,,PROX. A FABRICA DA COCA COLA,ARRUDA,495,,COLISÃO LATERAL,1,1,0,0,0,0,0,0,0,2,0,,,,,,,,,,,,,
2023-05-26 00:00:00,08:12:00,COM VÍTIMA,FINALIZADA,IPSEP,AV RECIFE,2981,,APOS A PADARIA VILA DO PÃO,IPSEP,,,COLISÃO TRASEIRA,1,1,0,0,0,0,0,0,0,1,0,,,,,,,,,,,,,
2023-05-26 00:00:00,12:57:00,SEM VÍTIMA,FINALIZADA,VARZEA,AV CAXANGA,4435,,EM FRENTE AO  RESTAURANTE BOI E BRASA,VARZEA,230,CIDADE,COLISÃO TRANSVERSAL,1,0,0,0,0,0,0,1,0,0,0,,,,,,,,,,,,,
2023-05-26 00:00:00,05:07:00,COM VÍTIMA,FINALIZADA,IMBIRIBEIRA,AV MARECHAL MASCARENHAS DE MORAES,,,E/F AO AEROPORTO S/T  JABOATAO,IMBIRIBEIRA,,,COLISÃO LATERAL,1,1,0,0,0,0,0,0,0,1,0,,,,,,,,,,,,,
2023-05-26 00:00:00,05:20:00,COM VÍTIMA,FINALIZADA,BAIRRO DO RECIFE,AV ALFREDO LISBOA,,,EM FRENTE AO ESTACIONAMENTO DO CAIS E AO POSTO PETROBRAS,BAIRRO DO RECIFE,,,COLISÃO LATERAL,1,1,0,0,0,0,0,0,0,1,0,,,,,,,,,,,,,
2023-05-26 00:00:00,09:36:00,SEM VÍTIMA,FINALIZADA,BAIRRO DO RECIFE,PTE CONDE MAURICIO DE NASSAU,,,PONTE MAURÍCIO DE NASSAU,BAIRRO DO RECIFE,,SUBURBIO,COLISÃO TRASEIRA,0,1,0,0,0,0,0,1,0,0,0,,,,,,,,,,,,,
2023-05-26 00:00:00,09:50:00,COM VÍTIMA,CANCELADA,BOA VIAGEM,RUA PADRE LEANDRO CAMELO,6636,,,BOA VIAGEM,190,,COLISÃO LATERAL,0,2,0,0,0,0,0,0,0,1,0,,,,,,,,,,,,,
2023-05-27 00:00:00,01:11:00,COM VÍTIMA,FINALIZADA,ARRUDA,RUA DA REGENERACAO,1053,,PROX. A FABRICA DA SKAVE ANTIGA COCACOLA,ARRUDA,,,COLISÃO LATERAL,1,1,0,0,0,0,0,0,0,1,0,,,,,,,,,,,,,
2023-05-27 00:00:00,04:01:00,SEM VÍTIMA,FINALIZADA,DERBY,AV GOVERNADOR AGAMENON MAGALHAES,,,EM FRENTE AO HOSPITAL MEMORIAL (SENTIDO OLINDA),DERBY,,,CAPOTAMENTO,1,0,0,0,0,0,0,0,0,0,0,,,,,,,,,,,,,
2023-05-27 00:00:00,07:28:00,COM VÍTIMA,FINALIZADA,IMBIRIBEIRA,AV MARECHAL MASCARENHAS DE MORAES,,1 TRV DOUTOR SABINO PINHO,EM FRENTE A CONSERCIONARIA CHERY,IMBIRIBEIRA,,SUBURBIO,COLISÃO TRASEIRA,1,1,0,0,0,0,0,0,0,1,0,,,,,,,,,,,,,
2023-05-27 00:00:00,07:49:00,COM VÍTIMA,FINALIZADA,SANTO AMARO,AV CRUZ CABUGA,,RUA VINTE E QUATRO DE AGOSTO,RUA DA CONTAX,SANTO AMARO,,SUBURBIO,COLISÃO LATERAL,1,1,0,0,0,0,0,0,0,1,0,,,,,,,,,,,,,
2023-05-27 00:00:00,10:35:00,SEM VÍTIMA,FINALIZADA,IBURA,AV RIO LARGO,295,,APÓS O MERCADO PROAB,IBURA,,SUBURBIO,COLISÃO FRONTAL,2,0,0,0,0,0,0,0,0,0,0,,,,,,,,,,,,,
2023-05-28 00:00:00,12:43:00,COM VÍTIMA,CANCELADA,IBURA,AV DOIS RIOS,,,EM FRENTE A POLICLINICA ARNALDO MARQUES,IBURA,,,COLISÃO FRONTAL,0,2,0,0,0,0,0,0,0,1,0,,,,,,,,,,,,,
2023-05-28 00:00:00,02:08:00,COM VÍTIMA,FINALIZADA,BOA VIAGEM,RUA DEZ DE JULHO,210,RUA CAMBOIM,PROXIMO A ALUGUE BRASIL,BOA VIAGEM,,,COLISÃO LATERAL,1,1,0,0,0,0,0,0,0,1,0,,,,,,,,,,,,,
2023-05-28 00:00:00,06:24:00,COM VÍTIMA,FINALIZADA,BOA VIAGEM,RUA VISCONDE DE JEQUITINHONHA,,,NA RUA POR TRÁS DO PARQUE DONA LINDU,BOA VIAGEM,,,ATROPELAMENTO DE PESSOA,1,0,0,0,1,0,0,0,0,1,0,,,,,,,,,,,,,
2023-05-28 00:00:00,09:42:00,COM VÍTIMA,FINALIZADA,VASCO DA GAMA,RUA VASCO DA GAMA,1126,,EM FRENTE A PAULO ADESIVOS,VASCO DA GAMA,,,COLISÃO FRONTAL,1,1,0,0,0,0,0,0,0,1,0,,,,,,,,,,,,,
2023-05-28 00:00:00,09:48:00,COM VÍTIMA,FINALIZADA,MANGABEIRA,AV NORTE MIGUEL ARRAES DE ALENCAR,4616,,EM FRENTE A  CLINICA CÃO,MANGABEIRA,,,COLISÃO TRASEIRA,1,1,0,0,0,0,0,0,0,1,0,,,,,,,,,,,,,
2023-05-29 00:00:00,07:50:00,COM VÍTIMA,FINALIZADA,NOVA DESCOBERTA,AV VEREADOR OTACILIO AZEVEDO,,,EM FRENTE A KINITOS,NOVA DESCOBERTA,,,COLISÃO FRONTAL,1,1,0,0,0,0,0,0,0,1,0,,,,,,,,,,,,,
2023-05-29 00:00:00,07:52:00,SEM VÍTIMA,FINALIZADA,ILHA DO RETIRO,RUA SENADOR FABIO DE BARROS,100,RUA DR JOAO MARQUES,EM FRENTE AO N° 100,ILHA DO RETIRO,,CIDADE,COLISÃO TRANSVERSAL,1,0,0,0,0,0,0,1,0,0,0,,,,,,,,,,,,,
2023-05-29 00:00:00,10:34:00,SEM VÍTIMA,FINALIZADA,,AV DOM PEDRO I - IMPERADOR,,,,,,,COLISÃO TRASEIRA,2,0,0,0,0,0,0,0,0,0,0,,,,,,,,,,,,,
2023-05-29 00:00:00,02:18:00,SEM VÍTIMA,FINALIZADA,IPSEP,RUA ARGEMIRO MIRANDA,49,,,IPSEP,,,,1,0,0,0,0,0,1,0,0,0,0,,,,,,,,,,,,,
2023-05-29 00:00:00,03:38:00,COM VÍTIMA,FINALIZADA,GRACAS,AV RUI BARBOSA,87,,EM FRENTE AO BANCO SANTANDER,GRACAS,,,COLISÃO TRASEIRA,1,1,0,0,0,0,0,0,0,2,0,,,,,,,,,,,,,
2023-05-29 00:00:00,04:39:00,SEM VÍTIMA,FINALIZADA,ESPINHEIRO,AV GOVERNADOR AGAMENON MAGALHAES,,PRC PARQUE AMORIM,SUPER BOM PREÇO,ESPINHEIRO,173,SUBURBIO,COLISÃO TRANSVERSAL,2,0,0,0,0,0,0,0,0,0,0,,,,,,,,,,,,,
2023-05-29 00:00:00,05:14:00,COM VÍTIMA,FINALIZADA,APIPUCOS,RUA DO MUSSU,461,,PROX A ROSE BELTRÃO,APIPUCOS,,,COLISÃO FRONTAL,1,1,0,0,0,0,0,0,0,2,0,,,,,,,,,,,,,
2023-05-30 00:00:00,12:22:00,SEM VÍTIMA,FINALIZADA,JARDIM SAO PAULO,RUA BRAGANCA,,RUA LORENA,PRÓX A BR-101,JARDIM SAO PAULO,,,COLISÃO TRANSVERSAL,2,0,0,0,0,0,0,0,0,0,0,,,,,,,,,,,,,
2023-05-30 00:00:00,08:36:00,COM VÍTIMA,FINALIZADA,IMBIRIBEIRA,AV MARECHAL MASCARENHAS DE MORAES,4080,,EM FRENTE A LOJA VENEZA MATERIAL DE CONSTRUÇÃO,IMBIRIBEIRA,,,COLISÃO FRONTAL,0,2,0,0,0,0,0,0,0,2,0,,,,,,,,,,,,,
2023-05-30 00:00:00,01:33:00,SEM VÍTIMA,FINALIZADA,PARNAMIRIM,RUA DES GOIS CAVALCANTE,,EST DO ARRAIAL,EM FRENTE AO HOSPITAL AGAMENON MAGALHÃES,PARNAMIRIM,295,SUBURBIO,,1,0,0,0,0,1,0,0,0,0,0,,,,,,,,,,,,,
2023-05-30 00:00:00,04:10:00,COM VÍTIMA,FINALIZADA,SAO JOSE,RUA FLORIANO PEIXOTO,,,EM FRENTE A ESTAÇÃO RECIFE  E A EMPRESA SONYLON,SAO JOSE,,,COLISÃO LATERAL,0,2,0,0,0,0,0,0,0,1,0,,,,,,,,,,,,,
2023-05-30 00:00:00,04:44:00,COM VÍTIMA,FINALIZADA,CAMPO GRANDE,RUA ODORICO MENDES,308,,PROXIMO A DELEGACIA,CAMPO GRANDE,,,COLISÃO LATERAL,0,0,0,0,0,0,0,0,0,2,0,,,,,,,,,,,,,
2023-05-30 00:00:00,05:47:00,COM VÍTIMA,FINALIZADA,ARRUDA,RUA RAUL POMPEIA,167,,AO LADO DO CANAL DA CONSTRUÇÃO,ARRUDA,,,COLISÃO LATERAL,1,1,0,0,0,0,0,0,0,2,0,,,,,,,,,,,,,
2023-05-30 00:00:00,06:22:00,COM VÍTIMA,CANCELADA,BARRO,AV CENTRAL,,,PROX AO BAR DO DEDA,BARRO,,,ATROPELAMENTO DE PESSOA,0,0,0,0,1,1,0,0,0,1,0,,,,,,,,,,,,,
2023-05-30 00:00:00,07:59:00,COM VÍTIMA,FINALIZADA,JARDIM SAO PAULO,RUA MANOEL INACIO,86,,DE FRENTE A RUA MANOEL INACIO / ANTES DE ACESSAR A BR-101 SENTIDO PRAZERES / SAÍDA DO TERMINAL DO BARRO EM DIREÇÃO A PRAZERES,JARDIM SAO PAULO,,,ATROPELAMENTO DE PESSOA,0,0,0,0,0,1,0,0,0,1,0,,,,,,,,,,,,,