data,hora,natureza,situacao,bairro,endereco,numero,detalhe_endereco_acidente,complemento,bairro_cruzamento,num_semaforo,sentido_via,tipo,auto,moto,ciclom,ciclista,pedestre,onibus,caminhao,viatura,outros,vitimas,vitimasfatais,acidente_verificado,tempo_clima,situacao_semaforo,sinalizacao,condicao_via,conservacao_via,ponto_controle,situacao_placa,velocidade_max_via,mao_direcao,divisao_via1,divisao_via2,divisao_via3
2023-05-30 00:00:00,08:04:00,COM VÍTIMA,FINALIZADA,BOA VIAGEM,RUA SA E SOUZA,618,,EM FRENTE A DROGASIL,BOA VIAGEM,,,COLISÃO LATERAL,0,2,0,0,0,0,0,0,0,1,0,,,,,,,,,,,,,
2023-05-31 00:00:00,07:09:00,COM VÍTIMA,FINALIZADA,PINA,AVENIDA CELSO FURTADO (VIA MANGUE),,,SENT. BOA VIAGEM NA LOMBADA ELETRNICA,PINA,,,COLISÃO LATERAL,1,1,0,0,0,0,0,0,0,1,0,,,,,,,,,,,,,
2023-05-31 00:00:00,07:16:00,COM VÍTIMA,FINALIZADA,PINA,AVENIDA CELSO FURTADO (VIA MANGUE),,,"SENT. BOA VIAGEM, ANTES DA LOMBADA ELETRONICA",PINA,,,CHOQUE,1,0,0,0,0,0,0,0,0,1,0,,,,,,,,,,,,,
2023-05-31 00:00:00,07:27:00,COM VÍTIMA,FINALIZADA,BEBERIBE,AV BEBERIBE,,,"EM FRENTE AO NÚMERO 3677,  EM FRENTE AO SESC SENAC",BEBERIBE,,,COLISÃO LATERAL,1,1,0,0,0,0,0,0,0,1,0,,,,,,,,,,,,,
2023-05-31 00:00:00,08:17:00,COM VÍTIMA,FINALIZADA,BOA VISTA,RUA DAS NINFAS,274,,PROX. AO VEM GRANDE RECIFE,BOA VISTA,,,COLISÃO LATERAL,0,2,0,0,0,0,0,0,0,2,0,,,,,,,,,,,,,
2023-05-31 00:00:00,10:00:00,COM VÍTIMA,CANCELADA,BOA VIAGEM,RUA ERNESTO DE PAULA SANTOS,394,,,BOA VIAGEM,,,COLISÃO LATERAL,1,1,0,0,0,0,0,0,0,1,0,,,,,,,,,,,,,
2023-05-31 00:00:00,10:17:00,COM VÍTIMA,CANCELADA,PINA,AVENIDA CELSO FURTADO (VIA MANGUE),1831,,,PINA,,,QUEDA,0,1,0,0,0,0,0,0,0,1,0,,,,,,,,,,,,,
2023-05-31 00:00:00,03:54:00,COM VÍTIMA,FINALIZADA,SANTO AMARO,AV VISCONDE DE SUASSUNA,,,NO SEMÁFORO 172,SANTO AMARO,172,,COLISÃO LATERAL,1,1,0,0,0,0,0,0,0,2,0,,,,,,,,,,,,,
2023-05-31 00:00:00,04:43:00,COM VÍTIMA,FINALIZADA,PINA,AVENIDA CELSO FURTADO (VIA MANGUE),11,,DEPOIS DO RIO MAR,PINA,,,COLISÃO TRASEIRA,1,1,0,0,0,0,0,0,0,1,0,,,,,,,,,,,,,
2023-05-31 00:00:00,11:18:00,COM VÍTIMA,FINALIZADA,CIDADE UNIVERSITARIA,RUA GENERAL POLIDORO,,RUA AGRICOLANDIA,,CIDADE UNIVERSITARIA,,,COLISÃO LATERAL,1,1,0,0,0,0,0,0,0,2,0,,,,,,,,,,,,,
2023-06-01 00:00:00,07:19:00,COM VÍTIMA,FINALIZADA,BOA VIAGEM,AV ENGENHEIRO DOMINGOS FERREIRA,,,"AO LADO DO ASSAI, SENT. BOA VIAGEM",BOA VIAGEM,297,,COLISÃO FRONTAL,1,1,0,0,0,0,0,0,0,1,0,,,,,,,,,,,,,
2023-06-01 00:00:00,08:21:00,COM VÍTIMA,FINALIZADA,JORDAO,AV MARIA IRENE,1592,,,JORDAO,,,ATROPELAMENTO DE PESSOA,0,1,0,0,1,0,0,0,0,1,0,,,,,,,,,,,,,
2023-06-01 00:00:00,09:26:00,COM VÍTIMA,FINALIZADA,AFOGADOS,RUA SAO MIGUEL,443,RUA DO DESPACHO,PROXIMO AO POSTO DE GASOLINA DISLUB,AFOGADOS,,,COLISÃO TRANSVERSAL,1,1,0,0,0,0,0,0,0,1,0,,,,,,,,,,,,,
2023-06-01 00:00:00,10:38:00,COM VÍTIMA,DUPLICIDADE,BOA VIAGEM,RUA VISCONDE DE JEQUITINHONHA,,RUA BALTAZAR PASSOS,EDF. MARIA DE LEVINA- 680,BOA VIAGEM,,,COLISÃO LATERAL,1,1,0,0,0,1,0,0,0,1,0,,,,,,,,,,,,,
2023-06-01 00:00:00,10:51:00,COM VÍTIMA,FINALIZADA,BOA VIAGEM,RUA BALTAZAR PASSOS,859,RUA VISCONDE DE JEQUITINHONHA,EM FRENTE AO EDF. MARIA GUILHERMINA,BOA VIAGEM,,,COLISÃO LATERAL,1,1,0,0,0,0,0,0,0,1,0,,,,,,,,,,,,,
2023-06-01 00:00:00,11:47:00,COM VÍTIMA,CANCELADA,IMBIRIBEIRA,AV CENTENARIO ALBERTO SANTOS DUMONT,,,ANTES DO TUNEL FELIPE CAMARAO NA ROTATORIA,IMBIRIBEIRA,,,COLISÃO FRONTAL,1,1,0,0,0,0,0,0,0,1,0,,,,,,,,,,,,,
2023-06-01 00:00:00,12:14:00,COM VÍTIMA,CANCELADA,IBURA,AV DOIS RIOS,1344,,PROX AO VAREJÃO ESTRELA,IBURA,,,COLISÃO LATERAL,1,1,0,0,0,0,0,0,0,1,0,,,,,,,,,,,,,
2023-06-01 00:00:00,12:21:00,COM VÍTIMA,FINALIZADA,BOA VIAGEM,AV ENGENHEIRO DOMINGOS FERREIRA,4661,,EM FRENTE AO BANCO DAYCOVAL,BOA VIAGEM,,,COLISÃO TRASEIRA,0,2,0,0,0,0,0,0,0,1,0,,,,,,,,,,,,,
2023-06-01 00:00:00,01:53:00,COM VÍTIMA,CANCELADA,SANTO AMARO,RUA AURORA,1462,,APOS AO TAVARES BURIL,SANTO AMARO,,,CHOQUE,0,1,0,0,0,0,0,0,0,1,0,,,,,,,,,,,,,
2023-06-01 00:00:00,02:16:00,COM VÍTIMA,CANCELADA,SANTO AMARO,AV PREFEITO ARTUR LIMA CAVALCANTI,545,,,SANTO AMARO,,,COLISÃO LATERAL,0,0,0,0,0,0,0,0,0,1,0,,,,,,,,,,,,,
2023-06-01 00:00:00,02:16:00,COM VÍTIMA,CANCELADA,AFOGADOS,RUA SAO MIGUEL,2279,,EM FRENTE AO BODE DO NÔ,AFOGADOS,,,COLISÃO TRASEIRA,1,1,0,0,0,0,0,0,0,1,0,,,,,,,,,,,,,
2023-06-01 00:00:00,05:34:00,COM VÍTIMA,CANCELADA,JORDAO,RUA SAGRES,102,,NA ESQUINA DO POSTO DE SAUDE  DO JORDAO  BAIXO,JORDAO,,,QUEDA,0,1,0,0,0,0,0,0,0,1,0,,,,,,,,,,,,,
2023-06-01 00:00:00,07:31:00,COM VÍTIMA,FINALIZADA,AFOGADOS,AV SUL,1800,,EM FRENTE A LOJA MAÇONICA,AFOGADOS,,,COLISÃO FRONTAL,0,0,0,1,0,1,0,0,0,1,0,,,,,,,,,,,,,
2023-06-01 00:00:00,09:12:00,SEM VÍTIMA,FINALIZADA,TOTO,AV LIBERDADE,,,EM FRENTE AO PRESIDIO,TOTO,,,COLISÃO LATERAL,0,1,0,0,0,0,0,1,0,0,0,,,,,,,,,,,,,
2023-06-01 00:00:00,11:36:00,SEM VÍTIMA,CANCELADA,BOA VIAGEM,RUA DEZ DE JULHO,210,,MANSÃO CRISTAL,BOA VIAGEM,,,COLISÃO FRONTAL,2,0,0,0,0,0,0,0,0,0,0,,,,,,,,,,,,,
2023-06-02 00:00:00,09:06:00,COM VÍTIMA,CANCELADA,AREIAS,RUA CORONEL LAMENHA,202,,PROX. AO SINDICATO DOS METROVIARIOS DE PE,AREIAS,,,COLISÃO LATERAL,0,1,0,0,0,0,0,0,0,1,0,,,,,,,,,,,,,
2023-06-02 00:00:00,09:19:00,COM VÍTIMA,FINALIZADA,MADALENA,AV VISCONDE DE ALBUQUERQUE,474,,PROX. A FARMACIA TRADIÇÃO,MADALENA,,,COLISÃO LATERAL,1,1,0,0,0,0,0,0,0,1,0,,,,,,,,,,,,,
2023-06-02 00:00:00,09:41:00,SEM VÍTIMA,FINALIZADA,MADALENA,EST DOS REMEDIOS,1918,RUA DR JOAO MARQUES,EM FRENTE A VIA TOTAL PNEUS,MADALENA,,,,1,0,0,0,0,0,0,1,0,0,0,,,,,,,,,,,,,
2023-06-02 00:00:00,10:30:00,COM VÍTIMA,FINALIZADA,TAMARINEIRA,RUA CONEGO BARATA,531,,EM FRENTE A FERREIRA COSTA,TAMARINEIRA,,,COLISÃO LATERAL,0,0,0,0,0,0,0,0,0,1,0,,,,,,,,,,,,,
2023-06-02 00:00:00,10:44:00,COM VÍTIMA,FINALIZADA,MADALENA,AV CAXANGA,4166,,PROX. A FARMACIA PAGUE MENOS E POSTO DE GASOLINA IPIRANGA,MADALENA,,,COLISÃO LATERAL,1,1,0,0,0,0,0,0,0,1,0,,,,,,,,,,,,,
2023-06-02 00:00:00,10:59:00,COM VÍTIMA,FINALIZADA,DERBY,AV GOVERNADOR AGAMENON MAGALHAES,,,EM FRENTE AO BRADESCO,DERBY,,,ATROPELAMENTO DE PESSOA,1,0,0,0,1,0,0,0,0,1,0,,,,,,,,,,,,,
2023-06-02 00:00:00,12:11:00,COM VÍTIMA,FINALIZADA,BOA VISTA,AV MONTEVIDEU,,RUA TABIRA,PROX A CASA DE APOIO DOS MUNICIPIOS DE GRAVATA,BOA VISTA,,,COLISÃO LATERAL,1,1,0,0,0,0,0,0,0,1,0,,,,,,,,,,,,,
2023-06-02 00:00:00,01:22:00,COM VÍTIMA,FINALIZADA,BOA VIAGEM,AV ENGENHEIRO DOMINGOS FERREIRA,3061,,,BOA VIAGEM,,,COLISÃO LATERAL,0,0,0,0,0,0,0,0,0,1,0,,,,,,,,,,,,,
2023-06-02 00:00:00,02:26:00,COM VÍTIMA,FINALIZADA,TORREAO,AV NORTE MIGUEL ARRAES DE ALENCAR,,,SOBRE O VIADUTO PRESIDENTE MEDICI,TORREAO,,,COLISÃO LATERAL,0,1,0,0,0,0,0,0,0,1,0,,,,,,,,,,,,,
2023-06-02 00:00:00,03:35:00,COM VÍTIMA,FINALIZADA,CORREGO DO JENIPAPO,AV DA RECUPERACAO,3434,,APOS A UPINHA E/F AO GALETO DO ROBERTO,CORREGO DO JENIPAPO,,,QUEDA,0,1,0,0,0,0,0,0,0,1,0,,,,,,,,,,,,,
2023-06-02 00:00:00,03:56:00,COM VÍTIMA,FINALIZADA,AFLITOS,AV CONS ROSA E SILVA,1884,,PROX  AO CLUBE  DO NAUTICO E/F AO EDF MARIA AUGUSTA,AFLITOS,,,COLISÃO TRASEIRA,1,1,0,0,0,0,0,0,0,1,0,,,,,,,,,,,,,
2023-06-02 00:00:00,04:20:00,COM VÍTIMA,FINALIZADA,IMBIRIBEIRA,AV MARECHAL MASCARENHAS DE MORAES,2755,,EM FRENTE A MARAVILHA MOTOS,IMBIRIBEIRA,,,COLISÃO LATERAL,0,2,0,0,0,0,0,0,0,2,0,,,,,,,,,,,,,
2023-06-02 00:00:00,04:30:00,COM VÍTIMA,FINALIZADA,AFOGADOS,RUA TABAIARES,,,EM FRENTE A HYUNDAI,AFOGADOS,,,COLISÃO LATERAL,1,1,0,0,0,0,0,0,0,1,0,,,,,,,,,,,,,
2023-06-02 00:00:00,04:39:00,COM VÍTIMA,CANCELADA,ILHA DO RETIRO,RUA TABAIARES,416,,EM FRENTE A HYUNDAI,ILHA DO RETIRO,,,COLISÃO LATERAL,1,1,0,0,0,0,0,0,0,1,0,,,,,,,,,,,,,
2023-06-02 00:00:00,04:41:00,COM VÍTIMA,FINALIZADA,TAMARINEIRA,AV NORTE MIGUEL ARRAES DE ALENCAR,5173,,FARMACIA PAGUE MENOS,TAMARINEIRA,,,COLISÃO LATERAL,1,1,0,0,0,0,0,0,0,1,0,,,,,,,,,,,,,
2023-06-02 00:00:00,04:57:00,COM VÍTIMA,DUPLICIDADE,IMBIRIBEIRA,AV MARECHAL MASCARENHAS DE MORAES,2931,,LADO OPOSTO AO NEO BLINDADOS,IMBIRIBEIRA,,,COLISÃO TRASEIRA,0,2,0,0,0,0,0,0,0,2,0,,,,,,,,,,,,,
2023-06-02 00:00:00,05:02:00,COM VÍTIMA,DUPLICIDADE,CASA AMARELA,AV NORTE MIGUEL ARRAES DE ALENCAR,5173,,FARMACIA PAGUE MENOS,CASA AMARELA,,,COLISÃO LATERAL,1,1,0,0,0,0,0,0,0,1,0,,,,,,,,,,,,,
2023-06-02 00:00:00,05:31:00,COM VÍTIMA,FINALIZADA,VARZEA,RUA GASTAO VIDIGAL,635,,E/F A IGREJA ASSEMBLEIA DE DEUS,VARZEA,,,COLISÃO LATERAL,1,1,0,0,0,0,0,0,0,1,0,,,,,,,,,,,,,
2023-06-02 00:00:00,07:49:00,COM VÍTIMA,FINALIZADA,IBURA,AV SANTA FE,734,,PADARIA PORTO SEGURO,IBURA,,,ATROPELAMENTO DE PESSOA,0,1,0,0,1,0,0,0,0,1,0,,,,,,,,,,,,,
2023-06-02 00:00:00,09:38:00,COM VÍTIMA,CANCELADA,PINA,AV HERCULANO BANDEIRA,673,,PRÓXIMO A PAGUE MENOS,PINA,,,COLISÃO LATERAL,1,1,0,0,0,0,0,0,0,1,0,,,,,,,,,,,,,
2023-06-03 00:00:00,06:54:00,COM VÍTIMA,CANCELADA,TORROES,AV ENGENHEIRO ABDIAS DE CARVALHO,,,DEPOPIS DA UPA DO TORROES,TORROES,,,COLISÃO FRONTAL,0,0,0,0,0,0,0,0,0,1,0,,,,,,,,,,,,,
2023-06-03 00:00:00,07:51:00,COM VÍTIMA,CANCELADA,CASA AMARELA,RUA PAULA BATISTA,,,EM FRENTE A SUPER BOMPREÇO,CASA AMARELA,,,COLISÃO LATERAL,1,1,0,0,0,0,0,0,0,1,0,,,,,,,,,,,,,
2023-06-03 00:00:00,09:43:00,COM VÍTIMA,FINALIZADA,TEJIPIO,AV DR JOSE RUFINO,,,E/F A ESTAÇAO DO METRO DE TEJIPIO,TEJIPIO,,,COLISÃO LATERAL,1,1,0,0,0,0,0,0,0,1,0,,,,,,,,,,,,,
2023-06-03 00:00:00,10:12:00,COM VÍTIMA,CANCELADA,VARZEA,RUA MARIO CAMPELO,,,,VARZEA,,,COLISÃO FRONTAL,2,0,0,0,0,0,0,0,0,1,0,,,,,,,,,,,,,
2023-06-03 00:00:00,11:53:00,COM VÍTIMA,FINALIZADA,CAMPO GRANDE,AV GOVERNADOR AGAMENON MAGALHAES,,,EM FRENTE ANTIGA FABRICA DO SHOOPING TACARUNA,CAMPO GRANDE,,,ATROPELAMENTO DE PESSOA,1,0,0,0,1,0,0,0,0,2,0,,,,,,,,,,,,,
2023-06-03 00:00:00,12:09:00,COM VÍTIMA,DUPLICIDADE,TORROES,RUA WASHINGTON DUARTE ESPINDOLA,,,,TORROES,,,COLISÃO FRONTAL,2,0,0,0,0,0,0,0,0,1,0,,,,,,,,,,,,,
2023-06-03 00:00:00,12:11:00,COM VÍTIMA,FINALIZADA,AREIAS,AV RECIFE,4687,,E/F AO SAL E BRASA,AREIAS,,,COLISÃO LATERAL,1,1,0,0,0,0,0,0,0,1,0,,,,,,,,,,,,,
2023-06-03 00:00:00,12:35:00,COM VÍTIMA,FINALIZADA,TORROES,AV ENGENHEIRO ABDIAS DE CARVALHO,1173,,EM FRENTE A MARCELO BOMA DE COMBUSTIVEL/ SENTIDO BR,TORROES,,,ATROPELAMENTO DE PESSOA,0,0,0,0,1,0,1,0,0,1,0,,,,,,,,,,,,,
2023-06-03 00:00:00,03:12:00,COM VÍTIMA,FINALIZADA,ROSARINHO,AV NORTE MIGUEL ARRAES DE ALENCAR,,,NO SEMÁFORO 081,ROSARINHO,81,SUBURBIO,COLISÃO LATERAL,0,1,0,0,0,0,1,0,0,1,0,,,,,,,,,,,,,
2023-06-03 00:00:00,04:12:00,VÍTIMA FATAL,FINALIZADA,TORRE,RUA JOSE BONIFACIO,4442,,,TORRE,,,ATROPELAMENTO DE PESSOA,0,0,0,0,1,0,0,0,0,1,1,,,,,,,,,,,,,
2023-06-03 00:00:00,06:39:00,COM VÍTIMA,FINALIZADA,BOA VIAGEM,RUA DEZ DE JULHO,,RUA CAMBOIM,PROX AO MAIRSON CRISTAL,BOA VIAGEM,,,COLISÃO LATERAL,1,1,0,0,0,0,0,0,0,1,0,,,,,,,,,,,,,
2023-06-03 00:00:00,06:43:00,SEM VÍTIMA,CANCELADA,IBURA,AV DOIS RIOS,,,EM FRENTE AO POSTO MAIS,IBURA,,,COLISÃO TRASEIRA,2,0,0,0,0,0,0,0,0,0,0,,,,,,,,,,,,,
2023-06-04 00:00:00,09:09:00,COM VÍTIMA,CANCELADA,JARDIM SAO PAULO,RUA LORENA,78,,RUA DO ARAMAZEM UTILIDADES,JARDIM SAO PAULO,,,COLISÃO LATERAL,1,1,0,0,0,0,0,0,0,1,0,,,,,,,,,,,,,
2023-06-04 00:00:00,09:22:00,SEM VÍTIMA,FINALIZADA,IBURA,AV DOIS RIOS,,,PRÓXIMO A ENTRADA DA VILA DO SESI,IBURA,,,COLISÃO TRANSVERSAL,1,1,0,0,0,0,0,0,0,0,0,,,,,,,,,,,,,
2023-06-04 00:00:00,09:28:00,COM VÍTIMA,FINALIZADA,CABANGA,RUA DILERMANO REIS,60,,EM FRENTE A COMPESA,CABANGA,,,COLISÃO LATERAL,1,1,0,0,0,0,0,0,0,1,0,,,,,,,,,,,,,
2023-06-04 00:00:00,09:45:00,COM VÍTIMA,FINALIZADA,BEBERIBE,AV BEBERIBE,4626,,PROX. AO POSTO DE GASOLINA PAIS E FILHOS,BEBERIBE,,,ATROPELAMENTO DE PESSOA,0,1,0,0,1,0,0,0,0,1,0,,,,,,,,,,,,,
2023-06-04 00:00:00,12:51:00,COM VÍTIMA,FINALIZADA,BEBERIBE,AV BEBERIBE,,,,BEBERIBE,,,COLISÃO LATERAL,0,1,0,0,0,0,0,0,0,1,0,,,,,,,,,,,,,
2023-06-04 00:00:00,02:25:00,SEM VÍTIMA,FINALIZADA,SANTO AMARO,AV CRUZ CABUGA,,RUA DOS PALMARES,AO LADO DA IGREJA UNIVERSAL,SANTO AMARO,171,CIDADE,COLISÃO LATERAL,1,0,0,0,0,0,1,0,0,0,0,,,,,,,,,,,,,
2023-06-04 00:00:00,04:20:00,COM VÍTIMA,FINALIZADA,BOA VISTA,AV CONDE DA BOA VISTA,2553,,,BOA VISTA,,,COLISÃO LATERAL,0,0,0,0,0,0,0,0,0,1,0,,,,,,,,,,,,,
2023-06-04 00:00:00,04:21:00,COM VÍTIMA,FINALIZADA,TEJIPIO,AV DR JOSE RUFINO,4483,,,TEJIPIO,,,COLISÃO LATERAL,1,0,0,0,0,0,0,0,0,1,0,,,,,,,,,,,,,
2023-06-04 00:00:00,07:35:00,COM VÍTIMA,FINALIZADA,JORDAO,RUA DR ALVARO FERRAZ,,,TERMINAL DO JORDÃO BAIXO,JORDAO,,,ATROPELAMENTO DE PESSOA,1,0,0,0,1,0,0,0,0,1,0,,,,,,,,,,,,,
2023-06-04 00:00:00,07:44:00,COM VÍTIMA,FINALIZADA,BEBERIBE,AV BEBERIBE,670,,BISNOVE / ATACADÃO DOS PNEUS,BEBERIBE,,,COLISÃO LATERAL,1,1,0,0,0,0,0,0,0,1,0,,,,,,,,,,,,,
2023-06-05 00:00:00,07:28:00,COM VÍTIMA,FINALIZADA,AFOGADOS,RUA COSME VIANA,1281,,EM FRENTE A TUPAN,AFOGADOS,,,COLISÃO LATERAL,1,1,0,0,0,0,0,0,0,1,0,,,,,,,,,,,,,
2023-06-05 00:00:00,07:45:00,COM VÍTIMA,FINALIZADA,ENCRUZILHADA,AV BEBERIBE,174,,EM FRENTE A DROGASIL,ENCRUZILHADA,,,COLISÃO FRONTAL,2,1,0,0,0,0,0,0,0,1,0,,,,,,,,,,,,,
2023-06-05 00:00:00,07:53:00,COM VÍTIMA,DUPLICIDADE,IMBIRIBEIRA,AV MARECHAL MASCARENHAS DE MORAES,,,PROX AO SAL E BRASA,IMBIRIBEIRA,,,COLISÃO FRONTAL,1,1,0,0,0,0,0,0,0,1,0,,,,,,,,,,,,,
2023-06-05 00:00:00,07:55:00,COM VÍTIMA,FINALIZADA,IBURA,AV PRESIDENTE DUTRA,451,,PROX. AO RESTAURANTE SAL E BRASA,IBURA,,,COLISÃO FRONTAL,1,1,0,0,0,0,0,0,0,2,0,,,,,,,,,,,,,
2023-06-05 00:00:00,08:51:00,VÍTIMA FATAL,FINALIZADA,IMBIRIBEIRA,AV MARECHAL MASCARENHAS DE MORAES,7935,,"PROX. VICENTE VANS, SENT JABOATÃO",IMBIRIBEIRA,,,CHOQUE,0,1,0,0,0,0,0,0,0,1,1,,,,,,,,,,,,,
2023-06-05 00:00:00,12:05:00,COM VÍTIMA,FINALIZADA,BOA VIAGEM,RUA ANTONIO FALCAO,,,DEBAIXO DA VIA MANGUE,BOA VIAGEM,,,COLISÃO LATERAL,1,1,0,0,0,0,0,0,0,2,0,,,,,,,,,,,,,
2023-06-05 00:00:00,01:00:00,COM VÍTIMA,FINALIZADA,IMBIRIBEIRA,RUA ARQUITETO LUIZ NUNES,46,,,IMBIRIBEIRA,,,COLISÃO LATERAL,0,0,0,0,0,0,0,0,0,1,0,,,,,,,,,,,,,
2023-06-05 00:00:00,01:13:00,COM VÍTIMA,CANCELADA,TORRE,RUA PIO IX,435,,EM FRENTE AO EDIFICIO MARIA RAQUEL,TORRE,,,COLISÃO LATERAL,1,1,0,0,0,0,0,0,0,1,0,,,,,,,,,,,,,
2023-06-05 00:00:00,02:04:00,COM VÍTIMA,CANCELADA,IMBIRIBEIRA,RUA ARQUITETO LUIZ NUNES,1157,,ESCOLA ANITA GARIBALDI,IMBIRIBEIRA,,,COLISÃO LATERAL,1,1,0,0,0,0,0,0,0,1,0,,,,,,,,,,,,,
2023-06-05 00:00:00,02:11:00,COM VÍTIMA,FINALIZADA,MADALENA,RUA DEMOCRITO DE SOUZA FILHO,447,,,MADALENA,,,COLISÃO LATERAL,0,0,0,0,0,0,0,0,0,1,0,,,,,,,,,,,,,
2023-06-05 00:00:00,04:07:00,COM VÍTIMA,FINALIZADA,TAMARINEIRA,AV NORTE MIGUEL ARRAES DE ALENCAR,4036,RUA JOSE CARVALHEIRA,PROX A FARIAS E ROCHA ADVOCACIA  VT  06 ESTA NO LOCAL,TAMARINEIRA,,,COLISÃO LATERAL,1,1,0,0,0,0,0,0,0,2,0,,,,,,,,,,,,,
2023-06-05 00:00:00,04:39:00,COM VÍTIMA,FINALIZADA,IBURA,RUA DR BENIGNO JORDAO DE VASCONCELOS,415,,DEPOSITO DO POBREZINHO,IBURA,,,COLISÃO LATERAL,0,0,0,0,0,0,0,0,0,3,0,,,,,,,,,,,,,
2023-06-05 00:00:00,05:43:00,COM VÍTIMA,FINALIZADA,CASA AMARELA,RUA MAJOR NEREU GUERRA,92,,COLEGIO PADRE MACHADO,CASA AMARELA,,,COLISÃO LATERAL,1,1,0,0,0,0,0,0,0,2,0,,,,,,,,,,,,,
2023-06-05 00:00:00,05:49:00,COM VÍTIMA,FINALIZADA,IMBIRIBEIRA,AV PINHEIROS,1139,,NO TERMINAL DAS VANS,IMBIRIBEIRA,,,COLISÃO FRONTAL,1,1,0,0,0,0,0,0,0,1,0,,,,,,,,,,,,,
2023-06-05 00:00:00,06:58:00,COM VÍTIMA,FINALIZADA,IMBIRIBEIRA,AV MARECHAL MASCARENHAS DE MORAES,,,EM FRENTE A FERREIRA COSTA,IMBIRIBEIRA,385,,COLISÃO TRASEIRA,1,1,0,0,0,0,0,0,0,2,0,,,,,,,,,,,,,
2023-06-05 00:00:00,11:36:00,COM VÍTIMA,FINALIZADA,AFLITOS,AV CONS ROSA E SILVA,1655,RUA CAPITAO SAMPAIO XAVIER,NA ESQUINA DO BOMPREÇO,AFLITOS,,,COLISÃO TRASEIRA,1,1,0,0,0,0,0,0,0,1,0,,,,,,,,,,,,,
2023-06-06 00:00:00,07:01:00,COM VÍTIMA,CANCELADA,MACAXEIRA,AV NORTE MIGUEL ARRAES DE ALENCAR,,,PROX A INTEGRAÇÃO SENT. MACAXEIRA,MACAXEIRA,,,QUEDA,0,1,0,0,0,0,0,0,0,1,0,,,,,,,,,,,,,
2023-06-06 00:00:00,08:44:00,COM VÍTIMA,FINALIZADA,ILHA DO RETIRO,EST DOS REMEDIOS,1700,,EM FRENTE AO HYUNDAI,ILHA DO RETIRO,,,COLISÃO COM CICLISTA,0,0,0,1,0,1,0,0,0,1,0,,,,,,,,,,,,,
2023-06-06 00:00:00,09:11:00,COM VÍTIMA,FINALIZADA,AREIAS,AV TAPAJOS,101,,PROX. AO FUSAM,AREIAS,,,COLISÃO LATERAL,0,2,0,0,0,0,0,0,0,2,0,,,,,,,,,,,,,
2023-06-06 00:00:00,09:12:00,COM VÍTIMA,FINALIZADA,LINHA DO TIRO,RUA PROFESSOR JOSE AMARINO DOS REIS,38,,,LINHA DO TIRO,,,COLISÃO LATERAL,1,1,0,0,0,0,0,0,0,2,0,,,,,,,,,,,,,
2023-06-06 00:00:00,10:11:00,COM VÍTIMA,FINALIZADA,CAXANGA,AV CAXANGA,,,EM FRENTE AO GOLF CLUB,CAXANGA,,,COLISÃO TRASEIRA,0,2,0,0,0,0,0,0,0,1,0,,,,,,,,,,,,,
2023-06-06 00:00:00,10:31:00,COM VÍTIMA,FINALIZADA,BARRO,AV DR JOSE RUFINO,2116,,PROX. COLEGIO IMACULADA CONCEIÇÃO,BARRO,,,COLISÃO LATERAL,0,3,0,0,0,0,0,0,0,1,0,,,,,,,,,,,,,
2023-06-06 00:00:00,10:45:00,COM VÍTIMA,FINALIZADA,GRACAS,RUA DAS CREOULAS,292,,,GRACAS,,,COLISÃO TRASEIRA,1,1,0,0,0,0,0,0,0,1,0,,,,,,,,,,,,,
2023-06-06 00:00:00,01:28:00,COM VÍTIMA,FINALIZADA,IPUTINGA,AV CAXANGA,,,PROX A IGREJA DO CORDEIRO  S/T CID,IPUTINGA,,,COLISÃO LATERAL,1,1,0,0,0,0,0,0,0,1,0,,,,,,,,,,,,,
2023-06-06 00:00:00,01:28:00,COM VÍTIMA,FINALIZADA,PONTO DE PARADA,RUA MEM DE SA,90,,EM FRENTE A RM TERCEIRIZAÇÃO,PONTO DE PARADA,,,COLISÃO LATERAL,1,1,0,0,0,0,0,0,0,2,0,,,,,,,,,,,,,
2023-06-06 00:00:00,02:57:00,SEM VÍTIMA,FINALIZADA,CAMPO GRANDE,EST DE BELEM,,RUA FONSECA OLIVEIRA,EM FRENTE AO SEMAFORO Nº 504,CAMPO GRANDE,504,CIDADE,COLISÃO TRASEIRA,2,0,0,0,0,0,0,1,0,0,0,,,,,,,,,,,,,
2023-06-06 00:00:00,04:27:00,COM VÍTIMA,FINALIZADA,ESTANCIA,AV RECIFE,,,NO VIADUTO DO METRO SANTA LUZIA,ESTANCIA,,,COLISÃO TRASEIRA,0,2,0,0,0,0,0,0,0,2,0,,,,,,,,,,,,,
2023-06-06 00:00:00,11:59:00,COM VÍTIMA,FINALIZADA,PINA,PTE GOVERNADOR PAULO GUERRA,,,SOBRE A PONTE,PINA,,,TOMBAMENTO,1,0,0,0,0,0,0,0,0,1,0,,,,,,,,,,,,,
2023-06-07 00:00:00,08:50:00,COM VÍTIMA,FINALIZADA,AFOGADOS,RUA COSME VIANA,298,,EM FRENTE AO EROS HOTEL,AFOGADOS,,,COLISÃO COM CICLISTA,0,1,0,1,0,0,0,0,0,1,0,,,,,,,,,,,,,
2023-06-07 00:00:00,10:11:00,COM VÍTIMA,FINALIZADA,BOA VIAGEM,AV CONSELHEIRO AGUIAR,2983,,EM FRENTE A CLINICA MAIS,BOA VIAGEM,,,CHOQUE,1,0,0,0,0,0,0,0,0,1,0,,,,,,,,,,,,,
2023-06-07 00:00:00,11:16:00,SEM VÍTIMA,FINALIZADA,SAO JOSE,C SANTA RITA,,,PONTE GIRATORIA,SAO JOSE,473,CIDADE,COLISÃO TRASEIRA,2,0,0,0,0,0,0,0,0,0,0,,,,,,,,,,,,,
2023-06-07 00:00:00,11:54:00,COM VÍTIMA,FINALIZADA,AFOGADOS,AV SUL,21,RUA NICOLAU PEREIRA,APOS A ESTAÇÃO LARGO DA PAZ,AFOGADOS,,,QUEDA,0,1,0,0,0,0,0,0,0,2,0,,,,,,,,,,,,,
2023-06-07 00:00:00,02:34:00,SEM VÍTIMA,FINALIZADA,SAN MARTIN,AV RECIFE,5680,,EM FRENTE AO Nº 5680,SAN MARTIN,,SUBURBIO,COLISÃO TRASEIRA,2,0,0,0,0,0,0,1,0,0,0,,,,,,,,,,,,,
2023-06-07 00:00:00,04:44:00,COM VÍTIMA,FINALIZADA,BOA VIAGEM,AV ENGENHEIRO DOMINGOS FERREIRA,1990,,EM FRENTE AO SUPERMERCADO ZEPPELIN,BOA VIAGEM,,,COLISÃO TRASEIRA,1,1,0,0,0,0,0,0,0,1,0,,,,,,,,,,,,,
2023-06-07 00:00:00,04:55:00,SEM VÍTIMA,FINALIZADA,SANTO AMARO,AV NORTE MIGUEL ARRAES DE ALENCAR,,,,SANTO AMARO,243,,COLISÃO TRASEIRA,0,0,0,0,0,0,1,1,0,0,0,,,,,,,,,,,,,
2023-06-07 00:00:00,06:06:00,COM VÍTIMA,FINALIZADA,ILHA DO RETIRO,AV ENGENHEIRO ABDIAS DE CARVALHO,125,,EM FRENTE AO POSTO SHELL,ILHA DO RETIRO,,,ATROPELAMENTO DE PESSOA,0,1,0,0,1,0,0,0,0,1,0,,,,,,,,,,,,,
2023-06-07 00:00:00,06:19:00,COM VÍTIMA,FINALIZADA,AGUA FRIA,EST VELHA DE AGUA FRIA,620,,EM FRENTE AO COMERCIAL DE FRIOS,AGUA FRIA,,,COLISÃO COM CICLISTA,0,1,0,1,0,0,0,0,0,2,0,,,,,,,,,,,,,
2023-06-08 00:00:00,04:24:00,COM VÍTIMA,FINALIZADA,MADALENA,AV JOSE GONCALVES DE MEDEIROS,,EST DOS REMEDIOS,SEMAFARO 353,MADALENA,353,,COLISÃO TRANSVERSAL,1,0,0,0,0,1,0,0,0,1,0,,,,,,,,,,,,,