data,hora,natureza,situacao,bairro,endereco,numero,detalhe_endereco_acidente,complemento,bairro_cruzamento,num_semaforo,sentido_via,tipo,auto,moto,ciclom,ciclista,pedestre,onibus,caminhao,viatura,outros,vitimas,vitimasfatais,acidente_verificado,tempo_clima,situacao_semaforo,sinalizacao,condicao_via,conservacao_via,ponto_controle,situacao_placa,velocidade_max_via,mao_direcao,divisao_via1,divisao_via2,divisao_via3
2023-06-16 00:00:00,11:28:00,COM VÍTIMA,FINALIZADA,SAO JOSE,AV CENTRAL,,,INTEGRAÇÃO JOANA BEZERRA,SAO JOSE,,,COLISÃO COM CICLISTA,0,0,0,1,0,1,0,0,0,1,0,,,,,,,,,,,,,
2023-06-16 00:00:00,12:07:00,COM VÍTIMA,FINALIZADA,SANTO AMARO,RUA FREI CASSIMIRO,,RUA TREZE DE MAIO,PROX A BORRACHARIA MODESTO,SANTO AMARO,,,COLISÃO FRONTAL,1,1,0,0,0,0,0,0,0,1,0,,,,,,,,,,,,,
2023-06-16 00:00:00,12:43:00,SEM VÍTIMA,FINALIZADA,AFOGADOS,RUA DA PAZ,91,,NA DESCIDA DA PONTE,AFOGADOS,,,COLISÃO LATERAL,2,0,0,0,0,0,0,0,0,0,0,,,,,,,,,,,,,
2023-06-16 00:00:00,01:25:00,COM VÍTIMA,FINALIZADA,AFOGADOS,RUA VINTE E UM DE ABRIL,3717,,,AFOGADOS,,,COLISÃO LATERAL,0,0,0,0,0,0,0,0,0,1,0,,,,,,,,,,,,,
2023-06-16 00:00:00,01:26:00,COM VÍTIMA,DUPLICIDADE,JOANA BEZERRA,AV CENTRAL,,,NA SAIDA DA INTEGRAÇAO  JOANA BEZERRA,JOANA BEZERRA,,,COLISÃO COM CICLISTA,0,0,0,1,0,1,0,0,0,1,0,,,,,,,,,,,,,
2023-06-16 00:00:00,01:37:00,COM VÍTIMA,CANCELADA,SANTO AMARO,RUA FREI CASSIMIRO,1676,,,SANTO AMARO,,,COLISÃO LATERAL,0,0,0,0,0,0,0,0,0,1,0,,,,,,,,,,,,,
2023-06-16 00:00:00,03:13:00,COM VÍTIMA,FINALIZADA,BOA VISTA,RUA DOS COELHOS,361,,EM FRENTE AO IMIP,BOA VISTA,,,COLISÃO LATERAL,1,1,0,0,0,0,0,0,0,1,0,,,,,,,,,,,,,
2023-06-16 00:00:00,03:51:00,COM VÍTIMA,FINALIZADA,BOA VIAGEM,RUA FAUSTINO PORTO,324,,LADO OPOSTO AO BOMPREÇO BEIRA CANAL,BOA VIAGEM,,,COLISÃO TRASEIRA,2,0,0,0,0,0,0,0,0,1,0,,,,,,,,,,,,,
2023-06-16 00:00:00,03:53:00,COM VÍTIMA,CANCELADA,CAMPO GRANDE,EST DE BELEM,1191,,ESQUINA DO COLEGIO JESUS CRUCIFICADO,CAMPO GRANDE,,,ATROPELAMENTO DE PESSOA,0,0,0,0,0,0,0,0,0,1,0,,,,,,,,,,,,,
2023-06-16 00:00:00,04:15:00,COM VÍTIMA,FINALIZADA,SANTO AMARO,RUA DO POMBAL,296,,E/F AO PORTAO DO CEMITERIO DE SANTO AMARO,SANTO AMARO,,,COLISÃO LATERAL,1,1,0,0,0,0,0,0,0,1,0,,,,,,,,,,,,,
2023-06-16 00:00:00,04:24:00,COM VÍTIMA,FINALIZADA,SANTO AMARO,AV CRUZ CABUGA,,,E/F AO HOSPITAL GERAL DO RECIFE,SANTO AMARO,,,COLISÃO TRASEIRA,1,1,0,0,0,0,0,0,0,1,0,,,,,,,,,,,,,
2023-06-16 00:00:00,04:38:00,COM VÍTIMA,FINALIZADA,FUNDAO,AV BEBERIBE,,,,FUNDAO,,,ATROPELAMENTO DE PESSOA,1,0,0,0,1,0,0,0,0,1,0,,,,,,,,,,,,,
2023-06-16 00:00:00,04:38:00,COM VÍTIMA,DUPLICIDADE,BOA VISTA,AV CRUZ CABUGA,,,EM FRENTE AO TREZE DE MAIO APOS A PARADA DO BRT  CINQUENTA METROS A FRENTE,BOA VISTA,,,COLISÃO LATERAL,1,1,0,0,0,0,0,0,0,1,0,,,,,,,,,,,,,
2023-06-16 00:00:00,05:02:00,COM VÍTIMA,FINALIZADA,VARZEA,AV PROFESSOR LUIZ FREIRE,700,,EM FRENTE AO PORTÃO DO ITEP,VARZEA,,,ATROPELAMENTO DE PESSOA,1,0,0,0,1,0,0,0,0,1,0,,,,,,,,,,,,,
2023-06-16 00:00:00,04:42:00,COM VÍTIMA,DUPLICIDADE,BOA VISTA,RUA DO HOSPICIO,582,,E/F AO TREZE DE MAIO,BOA VISTA,,,QUEDA,0,1,0,0,0,0,0,0,0,2,0,,,,,,,,,,,,,
2023-06-16 00:00:00,05:26:00,COM VÍTIMA,FINALIZADA,TORRE,RUA DOM MANOEL DA COSTA,336,,APOS COLEGIO CRISTO REINO,TORRE,,,CHOQUE,0,1,0,0,0,0,0,0,0,1,0,,,,,,,,,,,,,
2023-06-16 00:00:00,05:45:00,COM VÍTIMA,FINALIZADA,IMBIRIBEIRA,AV MARECHAL MASCARENHAS DE MORAES,7545,,E/F AO GERALDAO S/T AEROPORTO,IMBIRIBEIRA,,,COLISÃO LATERAL,1,1,0,0,0,0,0,0,0,1,0,,,,,,,,,,,,,
2023-06-16 00:00:00,07:16:00,COM VÍTIMA,FINALIZADA,AFLITOS,AV CONS ROSA E SILVA,,,PROX AO SUPER BOM PREÇO,AFLITOS,,,COLISÃO LATERAL,1,1,0,0,0,0,0,0,0,1,0,,,,,,,,,,,,,
2023-06-16 00:00:00,10:17:00,VÍTIMA FATAL,FINALIZADA,GUABIRABA,EST DOS MACACOS,,,CRECHE CELESTE VIDAL,GUABIRABA,,,CHOQUE,0,1,0,0,0,0,0,0,0,0,1,,,,,,,,,,,,,
2023-06-17 00:00:00,08:18:00,COM VÍTIMA,FINALIZADA,VARZEA,AV CAXANGA,,,EM FRENTE A LOHA DE CARRO ITALIANA / PROX A ESTACÃO BRT,VARZEA,,CIDADE,COLISÃO LATERAL,1,1,0,0,0,0,0,0,0,1,0,,,,,,,,,,,,,
2023-06-17 00:00:00,12:52:00,SEM VÍTIMA,FINALIZADA,AFOGADOS,RUA JACIRA,268,RUA SAO MIGUEL,,AFOGADOS,,,COLISÃO TRANSVERSAL,1,0,0,0,0,1,0,0,0,0,0,,,,,,,,,,,,,
2023-06-17 00:00:00,01:06:00,COM VÍTIMA,CANCELADA,ENCRUZILHADA,RUA FERNANDO CESAR,255,,E/F A  PRAÇA DA INFANCIA,ENCRUZILHADA,,,COLISÃO LATERAL,1,1,0,0,0,0,0,0,0,1,0,,,,,,,,,,,,,
2023-06-17 00:00:00,03:13:00,COM VÍTIMA,FINALIZADA,ENCRUZILHADA,AV BEBERIBE,,,EM FRENTE AO POSTO SHELL,ENCRUZILHADA,,,COLISÃO TRASEIRA,1,1,0,0,0,1,0,0,0,1,0,,,,,,,,,,,,,
2023-06-17 00:00:00,03:36:00,COM VÍTIMA,FINALIZADA,BOA VIAGEM,RUA AMARO ALBINO PIMENTEL,,,VIA MANGUE PROXIMO AO CAMPO DE FUTEBOL,BOA VIAGEM,,,COLISÃO LATERAL,1,1,0,0,0,0,0,0,0,1,0,,,,,,,,,,,,,
2023-06-17 00:00:00,04:35:00,COM VÍTIMA,FINALIZADA,PINA,RUA ABREU ALBANO,18,,EM FRENTE A LANCHONETE DONA COXA,PINA,,,COLISÃO LATERAL,1,1,0,0,0,0,0,0,0,1,0,,,,,,,,,,,,,
2023-06-17 00:00:00,06:45:00,COM VÍTIMA,CANCELADA,PINA,AV ANTONIO DE GOES,,,EM FRENTE AO DENIT,PINA,,,COLISÃO LATERAL,1,1,0,0,0,0,0,0,0,1,0,,,,,,,,,,,,,
2023-06-17 00:00:00,10:23:00,COM VÍTIMA,FINALIZADA,IPUTINGA,AV MAURICIO DE NASSAU,,,EM FRENTE AO PARQUE DO CAIRA,IPUTINGA,,,COLISÃO FRONTAL,1,1,0,0,0,0,0,0,0,2,0,,,,,,,,,,,,,
2023-06-18 00:00:00,03:28:00,SEM VÍTIMA,CANCELADA,ENGENHO DO MEIO,RUA ANTONIO CURADO,,,PROXIMO AO CLUBE DA SUDENE E E/F AO BAR CANTINHO UNIVERSITÁRIO,ENGENHO DO MEIO,,,CHOQUE,2,0,0,0,0,0,0,0,0,0,0,,,,,,,,,,,,,
2023-06-18 00:00:00,04:02:00,SEM VÍTIMA,CANCELADA,PARNAMIRIM,RUA DR JOAO SANTOS FILHO,,,EM FRENTE AO SHOPPING PLAZA,PARNAMIRIM,,,TOMBAMENTO,0,0,0,0,0,0,0,0,0,0,0,,,,,,,,,,,,,
2023-06-18 00:00:00,12:52:00,COM VÍTIMA,FINALIZADA,BOA VISTA,RUA GENERAL JOAQUIM INACIO,,,EM FRENTE AO EMPRESARIAL DE PLAZA,BOA VISTA,,,COLISÃO TRASEIRA,1,0,0,0,0,0,0,1,0,1,0,,,,,,,,,,,,,
2023-06-18 00:00:00,03:41:00,COM VÍTIMA,FINALIZADA,CORDEIRO,RUA TAMBORIL,200,,CENTRO DISTRIBUIÇÃO KIYOI GALETOS,CORDEIRO,,,COLISÃO TRASEIRA,1,1,0,0,0,0,0,0,0,1,0,,,,,,,,,,,,,
2023-06-18 00:00:00,03:56:00,COM VÍTIMA,FINALIZADA,BOA VIAGEM,AV BOA VIAGEM,2434,,EM FRENTE AO EDF ANDA LUCIA,BOA VIAGEM,,,COLISÃO TRASEIRA,1,2,0,0,0,0,0,0,0,1,0,,,,,,,,,,,,,
2023-06-18 00:00:00,07:04:00,COM VÍTIMA,FINALIZADA,DOIS UNIDOS,AV HILDEBRANDO DE VASCONCELOS,,,EM FRENTE AO DEPOSITO DA ÁGUA ALDEIA,DOIS UNIDOS,,,COLISÃO FRONTAL,1,1,0,0,0,0,0,0,0,1,0,,,,,,,,,,,,,
2023-06-18 00:00:00,08:51:00,COM VÍTIMA,FINALIZADA,DOIS UNIDOS,AV HILDEBRANDO DE VASCONCELOS,,RUA COMPOSITOR VINICIUS DE MORAIS,EM FRENTE AO DEPOSITO DA ÁGUA ALDEIA,DOIS UNIDOS,,,COLISÃO LATERAL,1,1,0,0,0,0,0,0,0,1,0,,,,,,,,,,,,,
2023-06-18 00:00:00,09:19:00,COM VÍTIMA,FINALIZADA,SANTO AMARO,AV NORTE MIGUEL ARRAES DE ALENCAR,,,PARÓQUIA SÃO SEBASTIÃO,SANTO AMARO,97,,COLISÃO LATERAL,0,1,0,1,0,0,0,0,0,1,0,,,,,,,,,,,,,
2023-06-18 00:00:00,11:47:00,COM VÍTIMA,FINALIZADA,CORDEIRO,RUA GOMES TABORDA,,AV GENERAL SAN MARTIN,PRÓX. A FARMÁCIA DROGASIL,CORDEIRO,,,COLISÃO TRANSVERSAL,1,1,0,0,0,0,0,0,0,1,0,,,,,,,,,,,,,
2023-06-19 00:00:00,05:43:00,SEM VÍTIMA,FINALIZADA,SAN MARTIN,AV CONSUL VILARES FRAGOSO,1576,RUA COMENDADOR FRANCO FERREIRA,,SAN MARTIN,,SUBURBIO,CHOQUE,1,0,0,0,0,0,0,0,0,0,0,,,,,,,,,,,,,
2023-06-19 00:00:00,07:24:00,COM VÍTIMA,FINALIZADA,DOIS IRMAOS,PRQ DE DOIS IRMAOS,,,SINAL DA LAFEPE,DOIS IRMAOS,,,COLISÃO TRASEIRA,0,1,0,0,0,1,0,0,0,1,0,,,,,,,,,,,,,
2023-06-19 00:00:00,10:44:00,COM VÍTIMA,FINALIZADA,BOA VIAGEM,AV DOM JOAO VI,,,SAÍDA DO TUNEL,BOA VIAGEM,,,COLISÃO LATERAL,0,2,0,0,0,0,0,0,0,1,0,,,,,,,,,,,,,
2023-06-19 00:00:00,11:38:00,COM VÍTIMA,FINALIZADA,IMBIRIBEIRA,AV MARECHAL MASCARENHAS DE MORAES,2314,,EM FRENTE AO CORREIOS,IMBIRIBEIRA,,,COLISÃO TRASEIRA,1,1,0,0,0,0,0,0,0,1,0,,,,,,,,,,,,,
2023-06-19 00:00:00,12:25:00,COM VÍTIMA,FINALIZADA,ENCRUZILHADA,AV BEBERIBE,,,XX,ENCRUZILHADA,,,COLISÃO LATERAL,0,0,0,0,0,0,0,0,0,1,0,,,,,,,,,,,,,
2023-06-19 00:00:00,01:36:00,COM VÍTIMA,FINALIZADA,BOA VIAGEM,RUA BRUNO VELOSO,393,,SELFIT ACADEMIAS,BOA VIAGEM,,,COLISÃO LATERAL,1,1,0,0,0,0,0,0,0,1,0,,,,,,,,,,,,,
2023-06-19 00:00:00,03:27:00,COM VÍTIMA,FINALIZADA,PINA,AVENIDA CELSO FURTADO (VIA MANGUE),,,PRÓXIMO AO 19º BATALHÃO DE POLÍCIA,PINA,,,QUEDA,0,1,0,0,0,0,0,0,0,1,0,,,,,,,,,,,,,
2023-06-19 00:00:00,05:06:00,COM VÍTIMA,FINALIZADA,COHAB,RUA CAPITAO VICENTE CURADO,110,,EM FRENTE ACADEMIA DA CIDADE DA UR-05,COHAB,,,ATROPELAMENTO DE PESSOA,2,0,0,0,1,0,0,0,0,1,0,,,,,,,,,,,,,
2023-06-19 00:00:00,05:07:00,COM VÍTIMA,FINALIZADA,PINA,AV ANTONIO DE GOES,306,,PROX BOM JESUS BLINDAGEM,PINA,,,COLISÃO TRASEIRA,1,1,0,0,0,0,0,0,0,1,0,,,,,,,,,,,,,
2023-06-19 00:00:00,05:11:00,SEM VÍTIMA,FINALIZADA,GRACAS,AV GOVERNADOR AGAMENON MAGALHAES,,RUA DR BANDEIRA FILHO,MC DONALD'S,GRACAS,173,SUBURBIO,,1,0,0,0,0,0,0,1,0,0,0,,,,,,,,,,,,,
2023-06-19 00:00:00,05:42:00,SEM VÍTIMA,FINALIZADA,IMBIRIBEIRA,AV GENERAL MAC ARTHUR,,,EM FRENTE AO LE PARK - BOA VIAGEM,IMBIRIBEIRA,,SUBURBIO,COLISÃO TRANSVERSAL,0,1,0,0,0,0,0,1,0,0,0,,,,,,,,,,,,,
2023-06-19 00:00:00,07:05:00,COM VÍTIMA,FINALIZADA,BOA VIAGEM,AVENIDA CELSO FURTADO (VIA MANGUE),,,DEPOIS DA ULTIMA LOMBADA DA VIA MANGUE SENTIDO  SHOPPING RIOMAR,BOA VIAGEM,,,COLISÃO TRASEIRA,1,1,0,0,0,0,0,0,0,1,0,,,,,,,,,,,,,
2023-06-19 00:00:00,07:38:00,COM VÍTIMA,CANCELADA,MACAXEIRA,AV NORTE MIGUEL ARRAES DE ALENCAR,,,XXX,MACAXEIRA,,,COLISÃO FRONTAL,1,1,0,0,0,0,0,0,0,1,0,,,,,,,,,,,,,
2023-06-19 00:00:00,08:27:00,COM VÍTIMA,FINALIZADA,BOA VISTA,RUA DA AURORA,,,NA PONTE PRINCESA ISABEL,BOA VISTA,,,COLISÃO COM CICLISTA,1,0,0,1,0,0,0,0,0,1,0,,,,,,,,,,,,,
2023-06-19 00:00:00,09:08:00,SEM VÍTIMA,FINALIZADA,IPUTINGA,RUA SANTA LUZIA,,,,IPUTINGA,,SUBURBIO,CHOQUE,1,0,0,0,0,0,0,0,0,0,0,,,,,,,,,,,,,
2023-06-19 00:00:00,09:25:00,COM VÍTIMA,FINALIZADA,ARRUDA,RUA DESENHISTA EULINO SANTOS,,,COM A RUA PROFESSOO JOSÉ DOS ANJOS,ARRUDA,,,CAPOTAMENTO,1,1,0,0,0,0,0,0,0,3,0,,,,,,,,,,,,,
2023-06-19 00:00:00,10:45:00,COM VÍTIMA,CANCELADA,BOA VIAGEM,AV ANTONIO TORRES GALVAO,,,COM A AV DOM JOÃO VI,BOA VIAGEM,,,COLISÃO COM CICLISTA,1,0,0,1,0,0,0,0,0,1,0,,,,,,,,,,,,,
2023-06-20 00:00:00,06:28:00,COM VÍTIMA,FINALIZADA,PORTO DA MADEIRA,RUA DALVA DE OLIVEIRA,151,,PROX. A M.A CLIMATIZAÇÃO,PORTO DA MADEIRA,,,COLISÃO LATERAL,1,1,0,0,0,0,0,0,0,2,0,,,,,,,,,,,,,
2023-06-20 00:00:00,07:26:00,COM VÍTIMA,FINALIZADA,IBURA,RUA RIO XINGU,400,,,IBURA,,,CHOQUE,0,1,0,0,0,0,0,0,0,1,0,,,,,,,,,,,,,
2023-06-20 00:00:00,08:11:00,COM VÍTIMA,FINALIZADA,PINA,AVENIDA CELSO FURTADO (VIA MANGUE),,,"SENT. BOA VIAGEM, NA ENTRADA DO COLEGIO CBV",PINA,,,COLISÃO LATERAL,1,1,0,0,0,0,0,0,0,1,0,,,,,,,,,,,,,
2023-06-20 00:00:00,08:09:00,COM VÍTIMA,DUPLICIDADE,BOA VIAGEM,RUA PROFESSOR EDUARDO WANDERLEY FILHO,,AVENIDA CELSO FURTADO (VIA MANGUE),,BOA VIAGEM,,,COLISÃO TRANSVERSAL,0,0,0,0,0,0,0,0,0,1,0,,,,,,,,,,,,,
2023-06-20 00:00:00,09:08:00,COM VÍTIMA,FINALIZADA,APIPUCOS,RUA DE APIPUCOS,235,,AO LADO DA RESIDENCIA 235,APIPUCOS,,CIDADE,COLISÃO TRASEIRA,1,1,0,0,0,0,0,0,0,1,0,,,,,,,,,,,,,
2023-06-20 00:00:00,09:29:00,COM VÍTIMA,FINALIZADA,AREIAS,AV DR JOSE RUFINO,,,EM FRENTE AO CONVENTO DO BARRO,AREIAS,,,COLISÃO LATERAL,0,1,0,0,0,0,1,0,0,2,0,,,,,,,,,,,,,
2023-06-20 00:00:00,09:41:00,COM VÍTIMA,FINALIZADA,DERBY,PRC DO DERBY,,,EM FRENTE AO QUARTEL DO DERBY,DERBY,,,COLISÃO TRASEIRA,1,1,0,0,0,0,0,0,0,1,0,,,,,,,,,,,,,
2023-06-20 00:00:00,09:49:00,COM VÍTIMA,CANCELADA,IPSEP,AV RECIFE,,,,IPSEP,,,,0,0,0,0,0,0,0,0,0,1,0,,,,,,,,,,,,,
2023-06-20 00:00:00,10:05:00,COM VÍTIMA,FINALIZADA,PRADO,RUA PADRE TEOFILO TWORZ,,,PROX A IGREJA PRESBITERIANA DO PRADO,PRADO,,,COLISÃO LATERAL,1,1,0,0,0,0,0,0,0,1,0,,,,,,,,,,,,,
2023-06-20 00:00:00,11:08:00,SEM VÍTIMA,CANCELADA,PAISSANDU,AV GOVERNADOR AGAMENON MAGALHAES,,,SENT. BOA VIAGEM NO INICIO DO VIADUTO APOS O HOSPITAL PORTUGUES,PAISSANDU,,,COLISÃO TRASEIRA,0,1,0,0,0,1,0,0,0,0,0,,,,,,,,,,,,,
2023-06-20 00:00:00,02:06:00,COM VÍTIMA,FINALIZADA,PINA,AV HERCULANO BANDEIRA,491,,IGREJA DO PINA,PINA,,,COLISÃO TRASEIRA,2,0,0,0,0,0,0,0,0,1,0,,,,,,,,,,,,,
2023-06-20 00:00:00,02:51:00,COM VÍTIMA,FINALIZADA,IMBIRIBEIRA,AV MARECHAL MASCARENHAS DE MORAES,,,EM FRENTE A FLOR E ART,IMBIRIBEIRA,,CIDADE,ATROPELAMENTO DE PESSOA,0,0,0,0,1,1,0,0,0,1,0,,,,,,,,,,,,,
2023-06-20 00:00:00,03:01:00,COM VÍTIMA,FINALIZADA,IPSEP,RUA BLUMENAU,386,,PROX A GUILHERME BIKE,IPSEP,,,COLISÃO LATERAL,1,1,0,0,0,0,0,0,0,1,0,,,,,,,,,,,,,
2023-06-20 00:00:00,03:20:00,COM VÍTIMA,FINALIZADA,BOA VISTA,RUA DA AURORA,,,PROX AO SEMAFORO,BOA VISTA,90,,COLISÃO COM CICLISTA,0,1,0,1,0,0,0,0,0,2,0,,,,,,,,,,,,,
2023-06-20 00:00:00,05:13:00,SEM VÍTIMA,FINALIZADA,BOA VISTA,AV GOVERNADOR AGAMENON MAGALHAES,,,,BOA VISTA,,,COLISÃO TRASEIRA,2,0,0,0,0,0,0,0,0,0,0,,,,,,,,,,,,,
2023-06-20 00:00:00,05:24:00,COM VÍTIMA,FINALIZADA,SANTO ANTONIO,RUA PADRE MUNIZ,,,EM FRENTE A IGREJA MATRIZ DE SÃO JOSÉ DO RIBAMAR,SANTO ANTONIO,,,QUEDA,0,1,0,0,0,0,0,0,0,1,0,,,,,,,,,,,,,
2023-06-20 00:00:00,07:03:00,SEM VÍTIMA,FINALIZADA,SAO JOSE,AV DANTAS BARRETO,1080,RUA PASSO DA PATRIA,,SAO JOSE,,,CHOQUE,0,0,0,0,0,0,1,0,0,0,0,,,,,,,,,,,,,
2023-06-20 00:00:00,11:45:00,SEM VÍTIMA,CANCELADA,TORRE,RUA CONDE DE IRAJA,,AV BEIRA RIO,,TORRE,,,COLISÃO TRANSVERSAL,0,0,0,0,0,0,0,0,0,0,0,,,,,,,,,,,,,
2023-06-21 00:00:00,06:25:00,COM VÍTIMA,FINALIZADA,IPUTINGA,AV CAXANGA,,,"PROX AO ANTIGO HIPER BOM PREÇO, PROX AO SEMAFORO 533",IPUTINGA,,,COLISÃO LATERAL,1,0,0,1,0,0,0,0,0,1,0,,,,,,,,,,,,,
2023-06-21 00:00:00,07:34:00,COM VÍTIMA,CANCELADA,BOA VIAGEM,AVENIDA CELSO FURTADO (VIA MANGUE),2807,,,BOA VIAGEM,,,QUEDA,0,0,0,0,0,0,0,0,0,1,0,,,,,,,,,,,,,
2023-06-21 00:00:00,07:37:00,COM VÍTIMA,FINALIZADA,PINA,AVENIDA CELSO FURTADO (VIA MANGUE),,,UM POUCO ANTES DO PRIMEIRO RETORNO,PINA,,,COLISÃO TRASEIRA,1,1,0,0,0,0,0,0,0,1,0,,,,,,,,,,,,,
2023-06-21 00:00:00,07:40:00,COM VÍTIMA,CANCELADA,DOIS IRMAOS,RUA MANUEL DE MEDEIROS,347,,,DOIS IRMAOS,,,,0,0,0,0,0,0,0,0,0,1,0,,,,,,,,,,,,,
2023-06-21 00:00:00,07:45:00,COM VÍTIMA,FINALIZADA,CASA FORTE,RUA JORGE GOMES DE SA,354,,EM FRENTE AO PARQUE SANTANA,CASA FORTE,,,QUEDA,0,0,0,0,0,0,0,0,0,1,0,,,,,,,,,,,,,
2023-06-21 00:00:00,07:59:00,COM VÍTIMA,FINALIZADA,SANTO AMARO,RUA TREZE DE MAIO,207,,EM FRENTE A O PREDIO EM CONSTRUÇÃO DO MINISTERIO PUBLICO,SANTO AMARO,,,COLISÃO FRONTAL,0,1,0,0,0,0,1,0,0,1,0,,,,,,,,,,,,,
2023-06-21 00:00:00,08:00:00,COM VÍTIMA,FINALIZADA,PINA,AVENIDA CELSO FURTADO (VIA MANGUE),,,NO INICIO DA VIA MANGUE SENT. RIO MAR,PINA,,,COLISÃO LATERAL,1,1,0,0,0,0,0,0,0,1,0,,,,,,,,,,,,,
2023-06-21 00:00:00,08:09:00,COM VÍTIMA,FINALIZADA,DERBY,AV GOVERNADOR AGAMENON MAGALHAES,5621,,EM FRENTE AO HR,DERBY,,BOA VIAGEM,COLISÃO TRASEIRA,0,2,0,0,0,0,0,0,0,1,0,,,,,,,,,,,,,
2023-06-21 00:00:00,08:11:00,COM VÍTIMA,CANCELADA,CASA AMARELA,RUA DA HARMONIA,656,,,CASA AMARELA,,,,0,0,0,0,0,0,0,0,0,1,0,,,,,,,,,,,,,
2023-06-21 00:00:00,08:47:00,COM VÍTIMA,FINALIZADA,CORDEIRO,RUA MANOEL ESTEVAO DA COSTA,,RUA DIANOPOLIS,EM FRENTE AO POSTO DE GASOLINA PETROCAL,CORDEIRO,,,COLISÃO LATERAL,1,1,0,0,0,0,0,0,0,1,0,,,,,,,,,,,,,
2023-06-21 00:00:00,02:18:00,COM VÍTIMA,FINALIZADA,BARRO,AV CENTRAL,81,,SAIDA DA ESTAÇÃO DO BARRO SENTIDO PRAZERES,BARRO,,,COLISÃO FRONTAL,1,1,0,0,0,0,0,0,0,1,0,,,,,,,,,,,,,
2023-06-21 00:00:00,02:44:00,COM VÍTIMA,FINALIZADA,ROSARINHO,AV NORTE MIGUEL ARRAES DE ALENCAR,3301,,LOJA DO PADEIRÃO / LIVRARIA MAC,ROSARINHO,,,COLISÃO LATERAL,1,1,0,0,0,0,0,0,0,1,0,,,,,,,,,,,,,
2023-06-21 00:00:00,03:46:00,SEM VÍTIMA,FINALIZADA,ILHA DO LEITE,AV GOVERNADOR AGAMENON MAGALHAES,4775,,AGENCIA ILHA DO LEITE CAIXA ECONOMICA FEDERAL,ILHA DO LEITE,672,,,1,0,0,0,0,0,1,0,0,0,0,,,,,,,,,,,,,
2023-06-21 00:00:00,05:02:00,COM VÍTIMA,FINALIZADA,CASA AMARELA,EST DO ARRAIAL,3380,,AO LADO DA PAGUE MENOS,CASA AMARELA,,,ATROPELAMENTO DE PESSOA,0,1,0,0,1,0,0,0,0,1,0,,,,,,,,,,,,,
2023-06-21 00:00:00,06:16:00,SEM VÍTIMA,FINALIZADA,JORDAO,AV MARIA IRENE,1375,,OFICINA SIDNEY SANTE,JORDAO,,,COLISÃO TRASEIRA,2,0,0,0,0,0,0,0,0,0,0,,,,,,,,,,,,,
2023-06-21 00:00:00,06:23:00,COM VÍTIMA,CANCELADA,DOIS IRMAOS,AV LUIZ ANTONIO DE ARAUJO,,,XX,DOIS IRMAOS,,,COLISÃO FRONTAL,1,1,0,0,0,0,0,0,0,1,0,,,,,,,,,,,,,
2023-06-21 00:00:00,06:26:00,SEM VÍTIMA,FINALIZADA,BOA VIAGEM,AVENIDA CELSO FURTADO (VIA MANGUE),,,APÓS O ASSAÍ ATACADISTA SENTIDO PIEDADE,BOA VIAGEM,,SUBURBIO,,2,1,0,0,0,0,0,0,0,0,0,,,,,,,,,,,,,
2023-06-21 00:00:00,06:28:00,COM VÍTIMA,CANCELADA,GRACAS,RUA AMELIA,,,XX,GRACAS,,,QUEDA,0,1,0,0,0,0,0,0,0,1,0,,,,,,,,,,,,,
2023-06-21 00:00:00,06:59:00,COM VÍTIMA,CANCELADA,CAXANGA,AV CAXANGA,,,EM FRENTE A UPA DA CAXANGA,CAXANGA,,CIDADE,COLISÃO TRASEIRA,1,1,0,0,0,0,0,0,0,2,0,,,,,,,,,,,,,
2023-06-21 00:00:00,07:43:00,COM VÍTIMA,FINALIZADA,PARNAMIRIM,AV RUI BARBOSA,,RUA MUNIZ TAVARES,EM FRENTE AO HOSPITAL MARIA LUCIDA,PARNAMIRIM,,,COLISÃO FRONTAL,1,1,0,0,0,0,0,0,0,1,0,,,,,,,,,,,,,
2023-06-21 00:00:00,07:47:00,COM VÍTIMA,CANCELADA,BOA VISTA,RUA GERVASIO PIRES,,RUA DO RIACHUELO,HOSPITAL DO EXERCITO,BOA VISTA,,,COLISÃO LATERAL,1,1,0,0,0,0,0,0,0,1,0,,,,,,,,,,,,,
2023-06-22 00:00:00,08:18:00,COM VÍTIMA,FINALIZADA,CORDEIRO,EST DO FORTE DO ARRAIAL N. DO B. JESUS,122,,PROXIMO CHARQUR GOUMERT,CORDEIRO,,,COLISÃO LATERAL,1,1,0,0,0,0,0,0,0,1,0,,,,,,,,,,,,,
2023-06-22 00:00:00,10:52:00,COM VÍTIMA,FINALIZADA,SAO JOSE,AV SUL,,,POR TRAS DO SEFAZ,SAO JOSE,,,ATROPELAMENTO DE PESSOA,1,0,0,0,1,0,0,0,0,1,0,,,,,,,,,,,,,
2023-06-22 00:00:00,11:16:00,COM VÍTIMA,FINALIZADA,AREIAS,AV RECIFE,,,EM FRENTE SEGURADORA BRINKS,AREIAS,,,COLISÃO LATERAL,1,1,0,0,0,0,0,0,0,1,0,,,,,,,,,,,,,
2023-06-22 00:00:00,11:28:00,COM VÍTIMA,DUPLICIDADE,SAO JOSE,AV SUL,,,POR TRAS DO SEFAZ,SAO JOSE,,,ATROPELAMENTO DE PESSOA,1,0,0,0,1,0,0,0,0,1,0,,,,,,,,,,,,,
2023-06-22 00:00:00,11:34:00,COM VÍTIMA,CANCELADA,AREIAS,AV RECIFE,4643,,,AREIAS,,,COLISÃO LATERAL,0,0,0,0,0,0,0,0,0,1,0,,,,,,,,,,,,,
2023-06-22 00:00:00,01:06:00,COM VÍTIMA,FINALIZADA,PARNAMIRIM,RUA FERREIRA LOPES,368,,RUA DO CONSOLADO CHINES,PARNAMIRIM,,,COLISÃO TRASEIRA,1,1,0,0,0,0,0,0,0,1,0,,,,,,,,,,,,,
2023-06-22 00:00:00,01:21:00,COM VÍTIMA,FINALIZADA,MADALENA,RUA JOSE OSORIO,300,,RM SUPERMERCADO,MADALENA,,,QUEDA,0,1,0,0,0,0,0,0,0,1,0,,,,,,,,,,,,,
2023-06-22 00:00:00,01:27:00,COM VÍTIMA,FINALIZADA,JOANA BEZERRA,PTE JOSE DE BARROS LIMA,,,SOBRE O VIADUTO SENTIDO CENTRO,JOANA BEZERRA,,,COLISÃO LATERAL,1,1,0,0,0,0,0,0,0,1,0,,,,,,,,,,,,,
2023-06-22 00:00:00,04:32:00,COM VÍTIMA,FINALIZADA,AGUA FRIA,RUA CORREGO DO DEODATO,154,,APOS O POSTO  TIA REGINA  PROX ASSEMBLEIA DE DEUS,AGUA FRIA,,,ATROPELAMENTO DE PESSOA,0,1,0,0,1,0,0,0,0,1,0,,,,,,,,,,,,,
2023-06-22 00:00:00,04:49:00,COM VÍTIMA,FINALIZADA,CASA AMARELA,EST DO ARRAIAL,4165,,E/F A FABRICA RECI  POLPA,CASA AMARELA,,,ATROPELAMENTO DE PESSOA,0,1,0,0,1,0,0,0,0,1,0,,,,,,,,,,,,,
2023-06-22 00:00:00,04:55:00,COM VÍTIMA,FINALIZADA,PAISSANDU,AV GOVERNADOR AGAMENON MAGALHAES,,,EM FRENTE AO HOSPITAL PORTUGUES,PAISSANDU,,SUBURBIO,COLISÃO LATERAL,1,1,0,0,0,0,0,0,0,2,0,,,,,,,,,,,,,
2023-06-22 00:00:00,06:08:00,SEM VÍTIMA,FINALIZADA,SAN MARTIN,AV ENGENHEIRO ABDIAS DE CARVALHO,1778,,CHESF,SAN MARTIN,,CIDADE,COLISÃO TRASEIRA,2,0,0,0,0,0,0,1,0,0,0,,,,,,,,,,,,,
2023-06-22 00:00:00,06:16:00,COM VÍTIMA,FINALIZADA,MADALENA,RUA BENFICA,780,,PROX A LOJA MICRO OFIQUE / PROX AO ANTIGO EXTRA,MADALENA,,CIDADE,COLISÃO LATERAL,2,1,0,0,0,0,0,0,0,1,0,,,,,,,,,,,,,