data,hora,natureza,situacao,bairro,endereco,numero,detalhe_endereco_acidente,complemento,bairro_cruzamento,num_semaforo,sentido_via,tipo,auto,moto,ciclom,ciclista,pedestre,onibus,caminhao,viatura,outros,vitimas,vitimasfatais,acidente_verificado,tempo_clima,situacao_semaforo,sinalizacao,condicao_via,conservacao_via,ponto_controle,situacao_placa,velocidade_max_via,mao_direcao,divisao_via1,divisao_via2,divisao_via3
2023-06-22 00:00:00,07:52:00,COM VÍTIMA,FINALIZADA,CORDEIRO,AV GENERAL SAN MARTIN,1208,,"""EM FRENTE AO CORREIOS AO LADO DO COMPAZ""",CORDEIRO,,,COLISÃO LATERAL,1,1,0,0,0,0,0,0,0,1,0,,,,,,,,,,,,,
2023-06-22 00:00:00,08:17:00,COM VÍTIMA,FINALIZADA,SANTO AMARO,AV PREFEITO ARTUR LIMA CAVALCANTI,,,PROX A PONTE DO LIMOEIRO,SANTO AMARO,,,COLISÃO TRASEIRA,1,1,0,0,0,0,0,0,0,2,0,,,,,,,,,,,,,
2023-06-22 00:00:00,08:29:00,SEM VÍTIMA,FINALIZADA,SANTO ANTONIO,RUA CAMBOA DO CARMO,225,RUA NOVA,,SANTO ANTONIO,,CIDADE,CHOQUE,0,0,0,0,0,0,0,1,0,0,0,,,,,,,,,,,,,
2023-06-23 00:00:00,05:43:00,SEM VÍTIMA,FINALIZADA,DOIS IRMAOS,AV DA RECUPERACAO,,RUA DOIS IRMAOS,,DOIS IRMAOS,416,SUBURBIO,CAPOTAMENTO,1,0,0,0,0,0,0,0,0,0,0,,,,,,,,,,,,,
2023-06-23 00:00:00,11:01:00,COM VÍTIMA,FINALIZADA,CASA AMARELA,AV NORTE MIGUEL ARRAES DE ALENCAR,,,EM FRENTE A BARRO LIMA E PROXIMO A GARAGEM DA GLOBO,CASA AMARELA,,,COLISÃO TRASEIRA,2,0,0,0,0,0,0,0,0,1,0,,,,,,,,,,,,,
2023-06-23 00:00:00,06:58:00,COM VÍTIMA,FINALIZADA,CASA AMARELA,RUA FERREIRA LOPES,419,,PROX AO SITIO DA TRINDADE,CASA AMARELA,,,ATROPELAMENTO DE PESSOA,0,1,0,0,1,0,0,0,0,2,0,,,,,,,,,,,,,
2023-06-23 00:00:00,07:29:00,COM VÍTIMA,FINALIZADA,BOA VIAGEM,RUA CAMBOIM,488,RUA DEZ DE JULHO,"PROX AO OJA ALUGUE BRASIL, ALUGUE DE CARROS",BOA VIAGEM,,,COLISÃO LATERAL,1,1,0,0,0,0,0,0,0,2,0,,,,,,,,,,,,,
2023-06-23 00:00:00,08:39:00,COM VÍTIMA,FINALIZADA,BOA VIAGEM,AV BOA VIAGEM,372,,ED. PENISULA IBERICA E QUIOSQUE 26,BOA VIAGEM,,,COLISÃO LATERAL,0,2,0,0,0,0,0,0,0,1,0,,,,,,,,,,,,,
2023-06-23 00:00:00,09:22:00,COM VÍTIMA,FINALIZADA,IBURA,AV DOIS RIOS,,RUA RIO XINGU,,IBURA,351,,COLISÃO LATERAL,1,1,0,0,0,0,0,0,0,1,0,,,,,,,,,,,,,
2023-06-24 00:00:00,01:03:00,COM VÍTIMA,FINALIZADA,TEJIPIO,AV DR JOSE RUFINO,,AV LIBERDADE,E/F AO QUARTEL DO EXERCITO 4º BCOM,TEJIPIO,208,,COLISÃO FRONTAL,1,1,0,0,0,0,0,0,0,1,0,,,,,,,,,,,,,
2023-06-24 00:00:00,12:47:00,COM VÍTIMA,FINALIZADA,ROSARINHO,AV SANTOS DUMONT,,,DE FRENTE AO COLEGIO FAZER CRESCER,ROSARINHO,,,COLISÃO LATERAL,1,1,0,0,0,0,0,0,0,1,0,,,,,,,,,,,,,
2023-06-24 00:00:00,01:51:00,SEM VÍTIMA,FINALIZADA,CAJUEIRO,AV BEBERIBE,,RUA ARAO BOTLER,ACADEMIA DA CIDADE,CAJUEIRO,,,CHOQUE,0,0,0,0,0,0,0,0,0,0,0,,,,,,,,,,,,,
2023-06-24 00:00:00,02:45:00,COM VÍTIMA,FINALIZADA,CASA AMARELA,RUA BELA VISTA,202,,PROX A PIZZARIA CANDELABRO,CASA AMARELA,,,COLISÃO LATERAL,1,1,0,0,0,0,0,0,0,1,0,,,,,,,,,,,,,
2023-06-24 00:00:00,03:19:00,COM VÍTIMA,FINALIZADA,BOA VIAGEM,AV BOA VIAGEM,3892,,PROX AO HOLIDAY E/F AO QUIOSQUE 29,BOA VIAGEM,,,COLISÃO LATERAL,1,1,0,0,0,0,0,0,0,1,0,,,,,,,,,,,,,
2023-06-24 00:00:00,07:15:00,COM VÍTIMA,FINALIZADA,AREIAS,AV DR JOSE RUFINO,1495,,PROX A IGREJA PRESBITERIANA,AREIAS,,,COLISÃO FRONTAL,1,1,0,0,0,0,0,0,0,1,0,,,,,,,,,,,,,
2023-06-25 00:00:00,12:16:00,COM VÍTIMA,FINALIZADA,BOA VIAGEM,RUA ERNESTO DE PAULA SANTOS,,RUA TENENTE DOMINGOS DE BRITO,,BOA VIAGEM,330,,COLISÃO LATERAL,0,0,0,0,0,0,0,0,0,1,0,,,,,,,,,,,,,
2023-06-25 00:00:00,09:41:00,COM VÍTIMA,FINALIZADA,MADALENA,RUA BENFICA,,,EM FRENTE A OFICINA BOSCH,MADALENA,,,COLISÃO LATERAL,1,1,0,0,0,0,0,0,0,1,0,,,,,,,,,,,,,
2023-06-25 00:00:00,10:56:00,COM VÍTIMA,FINALIZADA,IBURA,AV PERNAMBUCO,,,PROX AO COMPAZ,IBURA,,,COLISÃO LATERAL,1,1,0,0,0,0,0,0,0,2,0,,,,,,,,,,,,,
2023-06-25 00:00:00,02:12:00,COM VÍTIMA,CANCELADA,IPSEP,AV SALDANHA MARINHO,,,,IPSEP,,,COLISÃO LATERAL,0,1,0,0,0,0,0,0,0,1,0,,,,,,,,,,,,,
2023-06-25 00:00:00,03:23:00,COM VÍTIMA,CANCELADA,JARDIM SAO PAULO,RUA ARLINDO SA,219,,PROX A SUBWAY,JARDIM SAO PAULO,,,COLISÃO LATERAL,1,1,0,0,0,0,0,0,0,2,0,,,,,,,,,,,,,
2023-06-26 00:00:00,07:02:00,COM VÍTIMA,CANCELADA,CASA AMARELA,RUA ALEXANDRINO,289,,,CASA AMARELA,,,,0,0,0,0,0,0,0,0,0,1,0,,,,,,,,,,,,,
2023-06-26 00:00:00,07:58:00,SEM VÍTIMA,FINALIZADA,AFOGADOS,RUA SAO MATEUS,1331,,,AFOGADOS,,,COLISÃO LATERAL,1,1,0,0,0,0,0,0,0,0,0,,,,,,,,,,,,,
2023-06-26 00:00:00,08:44:00,COM VÍTIMA,FINALIZADA,JOANA BEZERRA,VDO PAPA JOAO PAULO II,,,SOBRE VIADUTO PAPA JOÃO PAULO SEGUNDO,JOANA BEZERRA,,SUB,TOMBAMENTO,0,1,0,0,0,0,0,0,0,1,0,,,,,,,,,,,,,
2023-06-26 00:00:00,09:54:00,COM VÍTIMA,FINALIZADA,IMBIRIBEIRA,AV MARECHAL MASCARENHAS DE MORAES,841,,EM FRENTE A D MAGAZINE / PROX A ESTAÇÃO IMBIRIBEIRA SENTIDO AFOGADOS,IMBIRIBEIRA,,,ATROPELAMENTO DE PESSOA,0,1,0,0,1,0,0,0,0,1,0,,,,,,,,,,,,,
2023-06-26 00:00:00,11:15:00,COM VÍTIMA,CANCELADA,SAO JOSE,PRC SERGIO LORETO,,,PROX SEDE DO GALO,SAO JOSE,,,TOMBAMENTO,0,1,0,0,0,0,0,0,0,1,0,,,,,,,,,,,,,
2023-06-26 00:00:00,12:14:00,COM VÍTIMA,FINALIZADA,ROSARINHO,AV NORTE MIGUEL ARRAES DE ALENCAR,,,,ROSARINHO,,,COLISÃO LATERAL,0,1,0,0,0,0,0,0,0,1,0,,,,,,,,,,,,,
2023-06-26 00:00:00,01:08:00,COM VÍTIMA,FINALIZADA,TORRE,RUA REAL DA TORRE,25,,E/F A DROGASIL,TORRE,,,COLISÃO FRONTAL,1,1,0,0,0,0,0,0,0,1,0,,,,,,,,,,,,,
2023-06-26 00:00:00,01:10:00,SEM VÍTIMA,CANCELADA,PINA,AV HERCULANO BANDEIRA,366,,APOS A IGREJA DO PINA,PINA,,,COLISÃO TRASEIRA,2,0,0,0,0,0,0,0,0,0,0,,,,,,,,,,,,,
2023-06-26 00:00:00,03:03:00,COM VÍTIMA,CANCELADA,TAMARINEIRA,RUA CONEGO BARATA,638,,ANTES DA FERREIRA COSTA,TAMARINEIRA,,,COLISÃO COM CICLISTA,0,0,0,1,0,1,0,0,0,1,0,,,,,,,,,,,,,
2023-06-26 00:00:00,03:14:00,COM VÍTIMA,CANCELADA,AGUA FRIA,AV BEBERIBE,,,XXX,AGUA FRIA,,,,0,0,0,0,0,0,0,0,0,1,0,,,,,,,,,,,,,
2023-06-26 00:00:00,07:24:00,SEM VÍTIMA,FINALIZADA,AREIAS,RUA ERNESTO NAZARETH,591,,COMPESA,AREIAS,,SUBURBIO,,1,0,0,0,0,0,1,0,0,0,0,,,,,,,,,,,,,
2023-06-27 00:00:00,06:58:00,COM VÍTIMA,FINALIZADA,BONGI,RUA DR JOAO COSTA,,,NA ESQUINA DO GALPÃO DO TRE,BONGI,,,COLISÃO LATERAL,1,1,0,0,0,0,0,0,0,1,0,,,,,,,,,,,,,
2023-06-27 00:00:00,07:42:00,COM VÍTIMA,FINALIZADA,IPUTINGA,EST DO BARBALHO,,AV MAURICIO DE NASSAU,PROX A FUND ALTINO VENTURA,IPUTINGA,,,ATROPELAMENTO DE PESSOA,1,0,0,0,1,0,0,0,0,1,0,,,,,,,,,,,,,
2023-06-27 00:00:00,12:12:00,COM VÍTIMA,FINALIZADA,AGUA FRIA,RUA DA REGENERACAO,,,XX,AGUA FRIA,,,QUEDA,0,1,0,0,0,0,0,0,0,1,0,,,,,,,,,,,,,
2023-06-27 00:00:00,12:46:00,SEM VÍTIMA,FINALIZADA,PINA,AV ENGENHEIRO DOMINGOS FERREIRA,873,,LADO ESQUERDO DA VIA,PINA,,SUBURBIO,,1,0,0,0,0,0,1,0,0,0,0,,,,,,,,,,,,,
2023-06-27 00:00:00,05:24:00,COM VÍTIMA,FINALIZADA,IPSEP,RUA PROFESSOR JOSE VICENTE,,RUA ADERBAL DE MELO,PROX A BUDEGA DE MEU LINDO,IPSEP,,,COLISÃO FRONTAL,1,0,0,0,0,1,0,0,0,1,0,,,,,,,,,,,,,
2023-06-27 00:00:00,09:28:00,COM VÍTIMA,FINALIZADA,AFOGADOS,RUA SAO MIGUEL,,RUA COSME VIANA,AO LADO DEPATRI,AFOGADOS,,,COLISÃO LATERAL,0,0,0,0,0,0,0,0,0,1,0,,,,,,,,,,,,,
2023-06-28 00:00:00,07:51:00,COM VÍTIMA,FINALIZADA,AREIAS,RUA IPOJUCA,802,,EM FRENTE HOTELZINHO CARINHO DE VÓ,AREIAS,,,COLISÃO LATERAL,1,1,0,0,0,0,0,0,0,1,0,,,,,,,,,,,,,
2023-06-28 00:00:00,08:05:00,COM VÍTIMA,FINALIZADA,IMBIRIBEIRA,RUA ARQUITETO LUIZ NUNES,216,,EM FRENTE A BARBEARIA ALBERES,IMBIRIBEIRA,,,COLISÃO LATERAL,1,1,0,0,0,0,0,0,0,2,0,,,,,,,,,,,,,
2023-06-28 00:00:00,09:45:00,COM VÍTIMA,FINALIZADA,AREIAS,AV TENENTE FELIPE BANDEIRA DE MELO,109,AV RECIFE,EM FRENTE AO BAR DA ESQUINA DO MALTE,AREIAS,,,COLISÃO LATERAL,1,1,0,0,0,0,0,0,0,1,0,,,,,,,,,,,,,
2023-06-28 00:00:00,10:16:00,SEM VÍTIMA,FINALIZADA,MADALENA,RUA BENFICA,341,,COLÉGIO GGE,MADALENA,,,COLISÃO TRASEIRA,2,0,0,0,0,0,0,0,0,0,0,,,,,,,,,,,,,
2023-06-28 00:00:00,11:24:00,COM VÍTIMA,FINALIZADA,BOA VIAGEM,RUA PROFESSOR JOAO MEDEIROS,,RUA RIBEIRO DE BRITO,NO SEMAFORO 332,BOA VIAGEM,,,COLISÃO LATERAL,1,1,0,0,0,0,0,0,0,1,0,,,,,,,,,,,,,
2023-06-28 00:00:00,05:04:00,COM VÍTIMA,FINALIZADA,SANTO AMARO,AV CRUZ CABUGA,,AV NORTE MIGUEL ARRAES DE ALENCAR,,SANTO AMARO,,,QUEDA,0,1,0,0,0,0,0,0,0,1,0,,,,,,,,,,,,,
2023-06-28 00:00:00,05:19:00,COM VÍTIMA,FINALIZADA,BOA VIAGEM,AV FERNANDO SIMOES BARBOSA,,,APOS A DESCIDA DA VIA MANGUE E/F AO ANTIGO BOMPREÇO,BOA VIAGEM,,,COLISÃO LATERAL,1,1,0,0,0,0,0,0,0,1,0,,,,,,,,,,,,,
2023-06-29 00:00:00,07:36:00,COM VÍTIMA,FINALIZADA,MADALENA,AV BEIRA RIO,165,RUA PROFESSOR JOSE TORRES PIRES,,MADALENA,,,COLISÃO LATERAL,1,1,0,0,0,0,0,0,0,1,0,,,,,,,,,,,,,
2023-06-29 00:00:00,08:22:00,COM VÍTIMA,FINALIZADA,ARRUDA,RUA DO MACHADO,,,PROX AO BAR ESQUINA 85,ARRUDA,,,COLISÃO TRASEIRA,0,2,0,0,0,0,0,0,0,2,0,,,,,,,,,,,,,
2023-06-29 00:00:00,03:11:00,COM VÍTIMA,CANCELADA,ESTANCIA,AV RECIFE,5421,,NO POSTO SHELL,ESTANCIA,,,COLISÃO FRONTAL,1,1,0,0,0,0,0,0,0,1,0,,,,,,,,,,,,,
2023-06-29 00:00:00,03:19:00,COM VÍTIMA,FINALIZADA,CASA AMARELA,EST DO ARRAIAL,,,IGREJA DA HARMONIA,CASA AMARELA,,,COLISÃO FRONTAL,1,0,0,1,0,0,0,0,0,1,0,,,,,,,,,,,,,
2023-06-29 00:00:00,07:35:00,SEM VÍTIMA,FINALIZADA,PINA,AVENIDA CELSO FURTADO (VIA MANGUE),,,,PINA,,,CHOQUE,1,0,0,0,0,0,0,0,0,0,0,,,,,,,,,,,,,
2023-06-30 00:00:00,07:01:00,COM VÍTIMA,FINALIZADA,IPUTINGA,AV CAXANGA,3841,,"EM FRENTE A FACULDADE CATOLICA IMACULADA CONCEIÇÃO, SENT. CIDADE",IPUTINGA,,,ATROPELAMENTO DE PESSOA,0,1,0,0,1,0,0,0,0,1,0,,,,,,,,,,,,,
2023-06-30 00:00:00,08:13:00,COM VÍTIMA,FINALIZADA,ESPINHEIRO,AV CONS ROSA E SILVA,1206,,EM FRENTE AO EMPRESARIAL CASA GRANDE,ESPINHEIRO,,,COLISÃO FRONTAL,1,0,0,0,0,1,0,0,0,1,0,,,,,,,,,,,,,
2023-06-30 00:00:00,09:10:00,SEM VÍTIMA,FINALIZADA,PINA,RUA JOSE PAES DE BARROS,153,,,PINA,,CIDADE,CHOQUE,1,0,0,0,0,0,1,0,0,0,0,,,,,,,,,,,,,
2023-06-30 00:00:00,04:31:00,COM VÍTIMA,CANCELADA,AREIAS,RUA IPOJUCA,173,,NA ENTRADA DO  INSS,AREIAS,,,COLISÃO LATERAL,1,1,0,0,0,0,0,0,0,1,0,,,,,,,,,,,,,
2023-06-30 00:00:00,11:31:00,COM VÍTIMA,FINALIZADA,ESTANCIA,AV DR JOSE RUFINO,,,PRÓXIMO AO COLÉGIO VISÃO,ESTANCIA,,SUBURBIO,CHOQUE,0,1,0,0,0,0,0,0,0,1,0,,,,,,,,,,,,,
2023-06-30 00:00:00,11:37:00,SEM VÍTIMA,FINALIZADA,IBURA,RUA EXP FRANCISCO VITORIANO,,,SUPERMERCADO TREVO DA UR5,IBURA,,,COLISÃO TRASEIRA,1,1,0,0,0,0,0,0,0,0,0,,,,,,,,,,,,,
2023-07-01 00:00:00,05:56:00,COM VÍTIMA,FINALIZADA,IMBIRIBEIRA,AV MARECHAL MASCARENHAS DE MORAES,,,"APÓS O AEROPORTO, NA ENTRADA DO JORDÃO",IMBIRIBEIRA,,SUBURBIO,COLISÃO FRONTAL,1,0,0,0,0,1,0,0,0,1,0,,,,,,,,,,,,,
2023-07-01 00:00:00,11:16:00,SEM VÍTIMA,FINALIZADA,SANCHO,AV LIBERDADE,586,,EM FRENTE AO IMÓVEL Nº 586,SANCHO,,SUBURBIO,COLISÃO FRONTAL,2,0,0,0,0,0,0,0,0,0,0,,,,,,,,,,,,,
2023-07-02 00:00:00,03:31:00,COM VÍTIMA,FINALIZADA,VARZEA,AV PROFESSOR ARTUR DE SA,602,,EDIFICIO LUCILA,VARZEA,,SUBURBIO,COLISÃO TRASEIRA,1,1,0,0,0,0,0,0,0,1,0,,,,,,,,,,,,,
2023-07-02 00:00:00,10:39:00,COM VÍTIMA,FINALIZADA,PINA,AV HERCULANO BANDEIRA,1001,,NA FRENTE DO ATACADO DA CONSTRUÇÃO,PINA,660,,ATROPELAMENTO DE PESSOA,1,0,0,0,1,0,0,0,0,1,0,,,,,,,,,,,,,
2023-07-02 00:00:00,11:04:00,COM VÍTIMA,FINALIZADA,CABANGA,PTE GOVERNADOR PAULO GUERRA,S/N,,"NO INÍCIO DA PONTE GOV PAULO GUERRA , NO SENTIDO  CABANGA  / PINA",CABANGA,,SUBURBIO,COLISÃO LATERAL,0,2,0,0,0,0,0,0,0,1,0,,,,,,,,,,,,,
2023-07-02 00:00:00,03:07:00,SEM VÍTIMA,CANCELADA,BOA VIAGEM,AV CONSELHEIRO AGUIAR,,,,BOA VIAGEM,,,,0,0,0,0,0,0,0,0,0,0,0,,,,,,,,,,,,,
2023-07-02 00:00:00,03:07:00,SEM VÍTIMA,CANCELADA,AFOGADOS,,,,,AFOGADOS,,,,0,0,0,0,0,0,0,0,0,0,0,,,,,,,,,,,,,
2023-07-02 00:00:00,10:53:00,SEM VÍTIMA,FINALIZADA,BOA VISTA,RUA DO HOSPICIO,,,EM FRENTE AO HOSPITAL DO EXERCITO,BOA VISTA,,,CHOQUE,1,0,0,0,0,0,0,0,0,0,0,,,,,,,,,,,,,
2023-07-03 00:00:00,02:15:00,COM VÍTIMA,FINALIZADA,IPUTINGA,AV CAXANGA,,RUA RIBEIRO PESSOA,EM FRENTE À UPA DA CAXANGÁ,IPUTINGA,,,COLISÃO TRANSVERSAL,1,0,1,0,0,0,0,0,0,1,0,,,,,,,,,,,,,
2023-07-03 00:00:00,06:36:00,COM VÍTIMA,FINALIZADA,IPUTINGA,RUA RODRIGUES FERREIRA,,,PROX AO TERMINAL INTEGRADO DA CAXANGÁ,IPUTINGA,,,COLISÃO TRASEIRA,1,2,0,0,0,0,0,0,0,2,0,,,,,,,,,,,,,
2023-07-03 00:00:00,08:46:00,COM VÍTIMA,FINALIZADA,BAIRRO DO RECIFE,AV MILITAR,,,APÓS A PONTE LIMOEIRO,BAIRRO DO RECIFE,,,QUEDA,0,0,0,0,0,0,0,0,0,1,0,,,,,,,,,,,,,
2023-07-03 00:00:00,09:22:00,COM VÍTIMA,CANCELADA,SANTO AMARO,AV CRUZ CABUGA,,RUA ARARIPINA,,SANTO AMARO,,,COLISÃO FRONTAL,0,0,0,0,0,0,0,0,0,1,0,,,,,,,,,,,,,
2023-07-03 00:00:00,09:33:00,COM VÍTIMA,FINALIZADA,MADALENA,RUA CONDE DE IRAJA,,AV BEIRA RIO,PROX AO SEMAFORO 630,MADALENA,,,COLISÃO FRONTAL,1,1,0,0,0,0,0,0,0,2,0,,,,,,,,,,,,,
2023-07-03 00:00:00,10:27:00,COM VÍTIMA,FINALIZADA,CASA FORTE,AV DEZESSETE DE AGOSTO,741,,,CASA FORTE,,,COLISÃO COM CICLISTA,1,0,0,1,0,0,0,0,0,1,0,,,,,,,,,,,,,
2023-07-03 00:00:00,10:52:00,COM VÍTIMA,FINALIZADA,VARZEA,RUA GASTAO VIDIGAL,,,AO LADO DO HOTEL COSTA AZUL,VARZEA,,,QUEDA,0,1,0,0,0,0,0,0,0,1,0,,,,,,,,,,,,,
2023-07-03 00:00:00,12:40:00,SEM VÍTIMA,FINALIZADA,ARRUDA,RUA DO MACHADO,,RUA MANOEL SILVA,EMPORIO DA CERVEJA,ARRUDA,,SUBURBIO,COLISÃO TRANSVERSAL,2,0,0,0,0,0,0,0,0,0,0,,,,,,,,,,,,,
2023-07-03 00:00:00,01:27:00,COM VÍTIMA,FINALIZADA,TORRE,RUA CONDE DE IRAJA,,AV BEIRA RIO,PROX AO EDIFICIO DUAS NAÇÕES,TORRE,,,COLISÃO COM CICLISTA,1,0,0,1,0,0,0,0,0,1,0,,,,,,,,,,,,,
2023-07-03 00:00:00,02:17:00,COM VÍTIMA,FINALIZADA,CAMPO GRANDE,RUA ODORICO MENDES,165,,IMPERIO FAROIS,CAMPO GRANDE,,,COLISÃO LATERAL,1,1,0,0,0,0,0,0,0,1,0,,,,,,,,,,,,,
2023-07-03 00:00:00,03:20:00,SEM VÍTIMA,FINALIZADA,IMBIRIBEIRA,AV GENERAL MAC ARTHUR,465,,ANTES DA ESTAÇAO DO METRO DA ANTONIO FALCAO E/F A LOJA IMPERIO DO LUBRIFICANTE  S/T BOA VIAGEM,IMBIRIBEIRA,,,COLISÃO LATERAL,2,1,0,0,0,0,0,0,0,0,0,,,,,,,,,,,,,
2023-07-03 00:00:00,03:48:00,COM VÍTIMA,FINALIZADA,BOA VIAGEM,AV BOA VIAGEM,507,,EM FRENTE AO EDIFICIO ILHA DE THASSOS,BOA VIAGEM,,,COLISÃO TRASEIRA,1,1,0,0,0,0,0,0,0,1,0,,,,,,,,,,,,,
2023-07-03 00:00:00,04:36:00,COM VÍTIMA,FINALIZADA,ARRUDA,EST VELHA DE AGUA FRIA,,,APOS O DNOCS PROXIMO AO SEMÁFO 306,ARRUDA,,,COLISÃO FRONTAL,1,1,0,0,0,0,0,0,0,1,0,,,,,,,,,,,,,
2023-07-03 00:00:00,05:49:00,COM VÍTIMA,FINALIZADA,ILHA DO RETIRO,AV BEIRA RIO,360,,EDF. MARIA TERESA COELHO,ILHA DO RETIRO,,,COLISÃO LATERAL,1,1,0,0,0,0,0,0,0,1,0,,,,,,,,,,,,,
2023-07-03 00:00:00,06:15:00,SEM VÍTIMA,CANCELADA,BOA VIAGEM,RUA BARAO DE SOUZA LEAO,1259,,EDF VILA REAL,BOA VIAGEM,,,COLISÃO LATERAL,2,0,0,0,0,0,0,0,0,0,0,,,,,,,,,,,,,
2023-07-03 00:00:00,06:25:00,COM VÍTIMA,FINALIZADA,SANTO AMARO,RUA DA AURORA,,,EM FRENTE AO INSTITUTO TAVARES BURIL,SANTO AMARO,,,COLISÃO LATERAL,1,1,0,0,0,0,0,0,0,1,0,,,,,,,,,,,,,
2023-07-03 00:00:00,06:43:00,COM VÍTIMA,CANCELADA,TOTO,RUA ONZE DE AGOSTO,598,,PROX AO BIDU KRAUSE .,TOTO,,,COLISÃO LATERAL,0,2,0,0,0,0,0,0,0,2,0,,,,,,,,,,,,,
2023-07-04 00:00:00,06:20:00,COM VÍTIMA,FINALIZADA,MADALENA,RUA JOSE BONIFACIO,,RUA PADRE JOSE DE ANCHIETA,EM FRENTE A DROGARIA SÃO PAULO,MADALENA,,,COLISÃO FRONTAL,2,0,0,0,0,0,0,0,0,1,0,,,,,,,,,,,,,
2023-07-04 00:00:00,07:56:00,SEM VÍTIMA,FINALIZADA,IPUTINGA,AV CAXANGA,4068,AV PROFESSOR JOAQUIM CAVALCANTI,VIADUTO BR 101,IPUTINGA,,SUBURBIO,COLISÃO TRANSVERSAL,2,0,0,0,0,0,0,0,0,0,0,,,,,,,,,,,,,
2023-07-04 00:00:00,08:00:00,COM VÍTIMA,FINALIZADA,AGUA FRIA,AV BEBERIBE,1728,,PROXIMO AO DISBEC DISTRIBUIDORA DE TINTA,AGUA FRIA,,,COLISÃO LATERAL,0,2,0,0,0,0,0,0,0,2,0,,,,,,,,,,,,,
2023-07-04 00:00:00,08:31:00,COM VÍTIMA,FINALIZADA,ILHA JOANA BEZERRA,VIADUTO CAPITAO TEMUDO,,,PROX  AO FORUM DE JOANA BEZERRA,ILHA JOANA BEZERRA,,,COLISÃO LATERAL,0,2,0,0,0,0,0,0,0,1,0,,,,,,,,,,,,,
2023-07-04 00:00:00,09:33:00,COM VÍTIMA,FINALIZADA,SANTO ANTONIO,AV DANTAS BARRETO,,RUA SAO JOAO,EM FRENTE AO SEMAFORO 154,SANTO ANTONIO,,,COLISÃO LATERAL,0,1,0,0,0,1,0,0,0,1,0,,,,,,,,,,,,,
2023-07-04 00:00:00,10:34:00,COM VÍTIMA,CANCELADA,MACAXEIRA,AV NORTE MIGUEL ARRAES DE ALENCAR,,,"SENT. CIDADE, EM FRENTE AO PARQUE DA MACAXEIRA",MACAXEIRA,,,COLISÃO TRASEIRA,0,1,0,0,0,0,1,0,0,1,0,,,,,,,,,,,,,
2023-07-04 00:00:00,12:11:00,COM VÍTIMA,FINALIZADA,ENGENHO DO MEIO,RUA MANOEL ESTEVAO DA COSTA,,,PROXIMO DA ACADEMIA ACTOS,ENGENHO DO MEIO,,,COLISÃO LATERAL,1,1,0,0,0,0,0,0,0,1,0,,,,,,,,,,,,,
2023-07-04 00:00:00,12:15:00,COM VÍTIMA,DUPLICIDADE,IPUTINGA,RUA CONEGO LUIZ GONZAGA DO MONTE,22,,AO LADO DA ACTO ACADEMIA,IPUTINGA,,,COLISÃO LATERAL,0,1,0,0,0,0,0,0,0,1,0,,,,,,,,,,,,,
2023-07-04 00:00:00,02:31:00,COM VÍTIMA,FINALIZADA,ESPINHEIRO,RUA CONS PORTELA,665,,AGALERIA CONSELHEIRO PORTELA,ESPINHEIRO,,,COLISÃO LATERAL,1,0,1,0,0,0,0,0,0,1,0,,,,,,,,,,,,,
2023-07-04 00:00:00,03:20:00,COM VÍTIMA,FINALIZADA,IPSEP,AV RECIFE,,,JJK AUTOS,IPSEP,,,COLISÃO LATERAL,1,1,0,0,0,0,0,0,0,1,0,,,,,,,,,,,,,
2023-07-04 00:00:00,09:50:00,COM VÍTIMA,FINALIZADA,SAO JOSE,AV SUL,,RUA OSCAR MELO,CONTINUAÇÃO DA RUA CABO EUTRÓPIO,SAO JOSE,,,COLISÃO FRONTAL,0,2,0,0,0,0,0,0,0,2,0,,,,,,,,,,,,,
2023-07-05 00:00:00,08:24:00,COM VÍTIMA,FINALIZADA,BOA VISTA,RUA MARQUES AMORIM,356,,RUA UNIMED 3,BOA VISTA,,,COLISÃO LATERAL,1,1,0,0,0,0,0,0,0,2,0,,,,,,,,,,,,,
2023-07-05 00:00:00,08:30:00,COM VÍTIMA,FINALIZADA,CORDEIRO,AV CAXANGA,,,EM FRENTE AO NUCLEO DE SAUDE DA CAXANGA,CORDEIRO,,CIDADE,COLISÃO TRASEIRA,1,1,0,0,0,0,0,0,0,1,0,,,,,,,,,,,,,
2023-07-05 00:00:00,02:41:00,COM VÍTIMA,FINALIZADA,CAXANGA,AV CAXANGA,,,PROXIMO A FIAT,CAXANGA,,,COLISÃO LATERAL,1,1,0,0,0,0,0,0,0,1,0,,,,,,,,,,,,,
2023-07-05 00:00:00,02:41:00,SEM VÍTIMA,FINALIZADA,BOA VISTA,AV GOVERNADOR AGAMENON MAGALHAES,2807,,EM FRENT AO CÍRCULO MILITAR DO RECIFE,BOA VISTA,,SUBURBIO,COLISÃO TRASEIRA,1,0,0,0,0,0,0,1,0,0,0,,,,,,,,,,,,,
2023-07-05 00:00:00,06:54:00,COM VÍTIMA,FINALIZADA,IMBIRIBEIRA,RUA JOSE DA SILVA LUCENA,241,,EM FRENTE A IGREJA PORTAL,IMBIRIBEIRA,,,COLISÃO FRONTAL,1,1,0,0,0,0,0,0,0,1,0,,,,,,,,,,,,,
2023-07-05 00:00:00,07:33:00,SEM VÍTIMA,FINALIZADA,PINA,RUA CONSUL JOSEPH NOUJAIM,,RUA NOGUEIRA DE SOUZA,SOB O SEMÁFORO Nº658,PINA,658,SUBURBIO,,2,0,0,0,0,0,0,0,0,0,0,,,,,,,,,,,,,
2023-07-06 00:00:00,05:17:00,COM VÍTIMA,FINALIZADA,GRACAS,RUA RICARDO HARDMAN,475,,COM A RUA RIGUEIRA COSTA,GRACAS,,,COLISÃO LATERAL,2,0,0,0,0,0,0,0,0,1,0,,,,,,,,,,,,,
2023-07-06 00:00:00,07:54:00,COM VÍTIMA,FINALIZADA,BOA VIAGEM,AV MARECHAL JUAREZ TAVORA,,,ESQUINA DO HOTEL FORUM/  PROX AO OLEGIO DOURADO,BOA VIAGEM,,,COLISÃO LATERAL,1,1,0,0,0,0,0,0,0,1,0,,,,,,,,,,,,,
2023-07-06 00:00:00,04:07:00,COM VÍTIMA,FINALIZADA,PINA,PTE GOVERNADOR PAULO GUERRA,,,ENTRADA DA VIA MANGUE / PROX. AO SHOPPING RIOMAR,PINA,,,COLISÃO TRASEIRA,1,1,0,0,0,0,0,0,0,1,0,,,,,,,,,,,,,
2023-07-06 00:00:00,06:45:00,COM VÍTIMA,FINALIZADA,IBURA,RUA PINTOR AGENOR DE ALBUQUERQUE CESAR,260,,CLINICA SENA,IBURA,,,COLISÃO FRONTAL,1,1,0,0,0,0,0,0,0,1,0,,,,,,,,,,,,,
2023-07-06 00:00:00,07:38:00,COM VÍTIMA,FINALIZADA,SANTO AMARO,AV CRUZ CABUGA,304,,EM FRENTE A CTTU,SANTO AMARO,,,COLISÃO LATERAL,0,0,0,0,0,0,0,0,0,1,0,,,,,,,,,,,,,
2023-07-07 00:00:00,08:26:00,SEM VÍTIMA,FINALIZADA,TORRE,RUA JOSE BONIFACIO,1315,,PROX AO CARREFUOR,TORRE,,,COLISÃO LATERAL,2,0,0,0,0,0,0,0,0,0,0,,,,,,,,,,,,,
2023-07-07 00:00:00,01:45:00,COM VÍTIMA,FINALIZADA,TORRE,RUA MARQUES DE MARICA,12,,PRAÇA DA TORRE,TORRE,,,COLISÃO LATERAL,1,1,0,0,0,0,0,0,0,1,0,,,,,,,,,,,,,
2023-07-07 00:00:00,01:51:00,COM VÍTIMA,FINALIZADA,COELHOS,RUA DOS COELHOS,,,HOSPITAL IMIP,COELHOS,,,QUEDA,0,1,0,0,0,0,0,0,0,1,0,,,,,,,,,,,,,
2023-07-07 00:00:00,03:43:00,COM VÍTIMA,FINALIZADA,BEBERIBE,AV BEBERIBE,,,E/F AO POSTO SIVINI,BEBERIBE,,,COLISÃO FRONTAL,1,1,0,0,0,0,0,0,0,1,0,,,,,,,,,,,,,
2023-07-07 00:00:00,03:54:00,COM VÍTIMA,FINALIZADA,DERBY,AV GOVERNADOR AGAMENON MAGALHAES,,,EM FRENTE AO HR,DERBY,,BOA VIAGEM,QUEDA,0,1,0,0,0,0,0,0,0,1,0,,,,,,,,,,,,,