data,hora,natureza,situacao,bairro,endereco,numero,detalhe_endereco_acidente,complemento,bairro_cruzamento,num_semaforo,sentido_via,tipo,auto,moto,ciclom,ciclista,pedestre,onibus,caminhao,viatura,outros,vitimas,vitimasfatais,acidente_verificado,tempo_clima,situacao_semaforo,sinalizacao,condicao_via,conservacao_via,ponto_controle,situacao_placa,velocidade_max_via,mao_direcao,divisao_via1,divisao_via2,divisao_via3
2023-07-25 00:00:00,12:04:00,COM VÍTIMA,FINALIZADA,CAMPO GRANDE,RUA ODORICO MENDES,,,PROX A COHAB / PROX A CENTRAL DE FLAGRANTES,CAMPO GRANDE,,,COLISÃO LATERAL,0,1,0,0,0,0,0,0,0,1,0,,,,,,,,,,,,,
2023-07-25 00:00:00,12:14:00,COM VÍTIMA,FINALIZADA,TORRE,RUA CONDE DE IRAJA,254,,PROXIMO AO COLEGIO CRIATIVA E AO LADO DA FARMACIA PAGUE MENOS,TORRE,,,COLISÃO LATERAL,0,0,0,0,0,0,0,0,0,1,0,,,,,,,,,,,,,
2023-07-25 00:00:00,01:14:00,COM VÍTIMA,FINALIZADA,IBURA,AV RIO SAO FRANCISCO,294,,PROXIMO A MERCEARIA DO JUCA E ASSEMBLEIA DE DEUS,IBURA,,,COLISÃO LATERAL,0,0,0,0,0,0,0,0,0,1,0,,,,,,,,,,,,,
2023-07-25 00:00:00,01:21:00,COM VÍTIMA,FINALIZADA,MADALENA,RUA JOAO IVO DA SILVA,1471,,SAIDA DO TUNEL DA ABOLIÇÃO E PROXIMO AO POSTO PETROVIA,MADALENA,,,QUEDA,0,0,0,0,0,0,0,0,0,1,0,,,,,,,,,,,,,
2023-07-25 00:00:00,02:15:00,COM VÍTIMA,FINALIZADA,ARRUDA,AV BEBERIBE,,,PROXIMO AO BOMPREÇO,ARRUDA,,,COLISÃO LATERAL,0,0,0,0,0,0,0,0,0,1,0,,,,,,,,,,,,,
2023-07-25 00:00:00,03:27:00,COM VÍTIMA,FINALIZADA,ARRUDA,AV BEBERIBE,,,EM FRENTE AO ARMAZÉM CORAL,ARRUDA,,,COLISÃO TRANSVERSAL,1,1,0,0,0,0,0,0,0,2,0,,,,,,,,,,,,,
2023-07-25 00:00:00,04:22:00,COM VÍTIMA,FINALIZADA,MACAXEIRA,RUA ANITA,249,,PROX AO CAMPO DO UNIAO  E O MERCADINHO SAO SEBASTIÃO,MACAXEIRA,,,ATROPELAMENTO DE PESSOA,1,0,0,0,1,0,0,0,0,1,0,,,,,,,,,,,,,
2023-07-25 00:00:00,04:51:00,SEM VÍTIMA,FINALIZADA,SAN MARTIN,AV GENERAL SAN MARTIN,1083,,NA FRENTE DOS CORREIOS,SAN MARTIN,,,COLISÃO LATERAL,2,0,0,0,0,0,0,0,0,0,0,,,,,,,,,,,,,
2023-07-25 00:00:00,05:25:00,COM VÍTIMA,CANCELADA,SANTO AMARO,RUA ARNOBIO MARQUES,178,,EM FRENTE A PORTARIA DO HOSPITAL OSVALDO CRUZ,SANTO AMARO,,,COLISÃO LATERAL,0,0,0,0,0,0,0,0,0,1,0,,,,,,,,,,,,,
2023-07-25 00:00:00,05:56:00,COM VÍTIMA,FINALIZADA,TORRE,RUA MARCOS ANDRE,459,,EM FRENTE AO CARREFOUR,TORRE,,,COLISÃO LATERAL,0,0,0,0,0,0,0,0,0,1,0,,,,,,,,,,,,,
2023-07-25 00:00:00,06:34:00,SEM VÍTIMA,CANCELADA,TORRE,RUA ANTONIO MACHADO,83,,PROX AO  POSTO PETROCAL NA RUA DO CANAL,TORRE,,,COLISÃO TRASEIRA,2,0,0,0,0,0,0,0,0,0,0,,,,,,,,,,,,,
2023-07-25 00:00:00,07:04:00,COM VÍTIMA,FINALIZADA,SANTO AMARO,AV GOVERNADOR AGAMENON MAGALHAES,,AV JOAO DE BARROS,APÓS A CEF AGAMENOM MAGALHÃES - SOBRE O VIADUTO - SENTIDO OLINDA,SANTO AMARO,,SUBURBIO,QUEDA,0,1,0,0,0,0,0,0,0,1,0,,,,,,,,,,,,,
2023-07-25 00:00:00,09:38:00,COM VÍTIMA,CANCELADA,COHAB,AV SANTOS,,AV RIO LARGO,PROXIMO A ESCOLA MUNICIPAL CRISTIANO CORDEIRO,COHAB,,,COLISÃO LATERAL,1,1,0,0,0,0,0,0,0,1,0,,,,,,,,,,,,,
2023-07-26 00:00:00,12:51:00,SEM VÍTIMA,FINALIZADA,COHAB,AV SANTA FE,32,,PROXIMO A IGREJA EL SHADAY,COHAB,,,TOMBAMENTO,0,0,0,0,0,0,1,0,0,0,0,,,,,,,,,,,,,
2023-07-26 00:00:00,05:32:00,COM VÍTIMA,CANCELADA,SANTO AMARO,AV CRUZ CABUGA,,,PRÓXIMO AO HOSPITAL NAVAL,SANTO AMARO,,,COLISÃO TRANSVERSAL,1,1,0,0,0,0,0,0,0,1,0,,,,,,,,,,,,,
2023-07-26 00:00:00,06:15:00,COM VÍTIMA,FINALIZADA,IMBIRIBEIRA,AV PINHEIROS,,RUA DAVID KAUFFMAN,PROX A ACADEMIA DE MARQUINHOS,IMBIRIBEIRA,,,QUEDA,0,1,0,0,0,0,0,0,0,1,0,,,,,,,,,,,,,
2023-07-26 00:00:00,08:27:00,COM VÍTIMA,FINALIZADA,SANTO AMARO,AV CRUZ CABUGA,,AV NORTE MIGUEL ARRAES DE ALENCAR,,SANTO AMARO,,,COLISÃO FRONTAL,1,1,0,0,0,0,0,0,0,1,0,,,,,,,,,,,,,
2023-07-26 00:00:00,08:27:00,COM VÍTIMA,FINALIZADA,BAIRRO DO RECIFE,C SANTA RITA,,,AO LADO DO NOVO HOTEL,BAIRRO DO RECIFE,,,COLISÃO FRONTAL,2,0,0,0,0,0,0,0,0,1,0,,,,,,,,,,,,,
2023-07-26 00:00:00,09:47:00,COM VÍTIMA,FINALIZADA,AGUA FRIA,AV BEBERIBE,1701,RUA ABDON LIMA,EM FRENTE AO MERCADÃO DO  ÓLEO,AGUA FRIA,,,CHOQUE,1,0,0,0,0,1,0,0,0,1,0,,,,,,,,,,,,,
2023-07-26 00:00:00,09:58:00,COM VÍTIMA,FINALIZADA,SITIO DOS PINTOS,RUA MANUEL DE MEDEIROS,,,PROX A UFRPE,SITIO DOS PINTOS,,,COLISÃO TRASEIRA,1,1,0,0,0,0,0,0,0,1,0,,,,,,,,,,,,,
2023-07-26 00:00:00,10:13:00,COM VÍTIMA,FINALIZADA,LINHA DO TIRO,RUA URIEL DE HOLANDA,,,PROX AO TERMINAL DE ONIBUS DA LINHA DO TIRO / EM FRENTE A LOJA MAZINHOS MOTOS,LINHA DO TIRO,,,COLISÃO LATERAL,0,0,1,0,0,0,0,0,0,1,0,,,,,,,,,,,,,
2023-07-26 00:00:00,10:37:00,SEM VÍTIMA,FINALIZADA,BOA VISTA,RUA DO SOL,,,CORREIOS,BOA VISTA,,,COLISÃO LATERAL,1,0,0,0,0,0,0,1,0,0,0,,,,,,,,,,,,,
2023-07-26 00:00:00,10:42:00,COM VÍTIMA,FINALIZADA,SANTO AMARO,AV GOVERNADOR AGAMENON MAGALHAES,,,APOS A CHEVROLET / SENTIDO BOA VIAGEM,SANTO AMARO,,,COLISÃO LATERAL,0,1,0,0,0,0,0,0,0,1,0,,,,,,,,,,,,,
2023-07-26 00:00:00,10:45:00,COM VÍTIMA,FINALIZADA,ENCRUZILHADA,RUA FERNANDO CESAR,,,PROX AO MERCADO PUBLICO / AO LADO DA PRAÇA,ENCRUZILHADA,,,COLISÃO FRONTAL,0,1,0,0,0,0,0,0,0,1,0,,,,,,,,,,,,,
2023-07-26 00:00:00,11:29:00,COM VÍTIMA,FINALIZADA,AREIAS,AV RECIFE,4869,AV CAPITAO GREGORIO DE CALDAS,"PROX AO HM VEÍCULOS / SENTIDO BOA VIAGEM , ANTES DO CARREFOUR / ANTIGO BOMPREÇO",AREIAS,494,,COLISÃO TRANSVERSAL,0,1,0,0,0,0,0,0,0,1,0,,,,,,,,,,,,,
2023-07-26 00:00:00,11:34:00,VÍTIMA FATAL,FINALIZADA,SANTO AMARO,RUA DO POMBAL,,RUA FREI CASSIMIRO,PROX. A ANTIGA CTTU,SANTO AMARO,,,COLISÃO FRONTAL,1,1,0,0,0,0,0,0,0,0,1,,,,,,,,,,,,,
2023-07-26 00:00:00,12:02:00,COM VÍTIMA,FINALIZADA,SANTO AMARO,AV GOVERNADOR AGAMENON MAGALHAES,,,DE FRENTE AO TACARUNA,SANTO AMARO,,,COLISÃO FRONTAL,1,1,0,0,0,0,0,0,0,1,0,,,,,,,,,,,,,
2023-07-26 00:00:00,12:22:00,COM VÍTIMA,DUPLICIDADE,SANTO AMARO,AV GOVERNADOR AGAMENON MAGALHAES,,,EM FRENTE AO SHOPPING TACARUNA / SENTIDO OLINDA,SANTO AMARO,,,COLISÃO TRASEIRA,0,1,0,0,0,0,0,0,0,1,0,,,,,,,,,,,,,
2023-07-26 00:00:00,03:01:00,COM VÍTIMA,FINALIZADA,SOLEDADE,AV JOAO DE BARROS,452,,EM FRNTE AOS BOMBEIROS,SOLEDADE,,,COLISÃO TRASEIRA,3,0,0,0,0,0,0,0,0,1,0,,,,,,,,,,,,,
2023-07-26 00:00:00,04:25:00,COM VÍTIMA,FINALIZADA,SANTO ANTONIO,PRC DA REPUBLICA,,,TRIBUNAL DA JUSTIÇA DE PE,SANTO ANTONIO,,,ATROPELAMENTO DE PESSOA,0,1,0,1,0,0,0,0,0,1,0,,,,,,,,,,,,,
2023-07-26 00:00:00,07:11:00,COM VÍTIMA,FINALIZADA,CORDEIRO,RUA PAES CABRAL,314,,PRÓXIMO AO BAR DO VAPOR,CORDEIRO,,,COLISÃO TRANSVERSAL,1,1,0,0,0,0,0,0,0,1,0,,,,,,,,,,,,,
2023-07-26 00:00:00,08:31:00,COM VÍTIMA,FINALIZADA,JARDIM SAO PAULO,RUA LEANDRO BARRETO,,,EM CIMA DO VIADUTO,JARDIM SAO PAULO,,,COLISÃO LATERAL,0,1,0,0,0,0,0,0,0,1,0,,,,,,,,,,,,,
2023-07-26 00:00:00,09:05:00,SEM VÍTIMA,FINALIZADA,JOANA BEZERRA,RUA CABO EUTROPIO,584,RUA CAIBI,DEPÓSITO MANGABA,JOANA BEZERRA,,,CHOQUE,0,0,0,0,0,0,0,1,0,0,0,,,,,,,,,,,,,
2023-07-26 00:00:00,09:09:00,COM VÍTIMA,FINALIZADA,SAN MARTIN,RUA BONIFACIO DE ANDRADE,301,,PRÓXIMO AO POSTO DE SAÚDE,SAN MARTIN,,,COLISÃO TRANSVERSAL,0,1,0,0,0,0,0,0,0,1,0,,,,,,,,,,,,,
2023-07-26 00:00:00,09:10:00,COM VÍTIMA,CANCELADA,MADALENA,RUA JOAO IVO DA SILVA,604,,APÓS O TÚNEL DA ABOLIÇÃO,MADALENA,,,COLISÃO LATERAL,0,1,0,0,0,0,0,0,0,1,0,,,,,,,,,,,,,
2023-07-26 00:00:00,09:26:00,SEM VÍTIMA,CANCELADA,GRACAS,RUA JOAQUIM NABUCO,300,,APÓS O HEMOPE,GRACAS,,,COLISÃO LATERAL,1,1,0,0,0,0,0,0,0,0,0,,,,,,,,,,,,,
2023-07-26 00:00:00,10:09:00,SEM VÍTIMA,FINALIZADA,ENGENHO DO MEIO,RUA DR MIGUEL VIEIRA FERREIRA,107,,EM FRENTE A ESCOLA FONTAINHA DE ABREU,ENGENHO DO MEIO,,,COLISÃO TRANSVERSAL,2,0,0,0,0,0,0,0,0,0,0,,,,,,,,,,,,,
2023-07-27 00:00:00,03:05:00,COM VÍTIMA,FINALIZADA,IBURA,AV DOIS RIOS,,,ENTRADA DO IBURA / SUPERMERCADO MR,IBURA,,,CAPOTAMENTO,1,0,0,0,0,0,0,0,0,3,0,,,,,,,,,,,,,
2023-07-27 00:00:00,06:07:00,COM VÍTIMA,FINALIZADA,PINA,PTE VICE PRESIDENTE JOSE ALENCAR,,,"PONTE ESTAIADA, ACESSO AO RIO MAR",PINA,,,,0,1,0,0,0,0,0,1,0,1,0,,,,,,,,,,,,,
2023-07-27 00:00:00,07:03:00,COM VÍTIMA,FINALIZADA,TAMARINEIRA,EST DO ARRAIAL,,,PROX A CASAS JOSE ARAUJO,TAMARINEIRA,,,COLISÃO LATERAL,0,2,0,0,0,0,0,0,0,1,0,,,,,,,,,,,,,
2023-07-27 00:00:00,07:04:00,COM VÍTIMA,FINALIZADA,ARRUDA,RUA DAS MOCAS,933,,EM FRENTE AO BIBOX / POR TRÁS DO CAMPO DO SANTA CRUZ,ARRUDA,,,COLISÃO LATERAL,0,1,0,0,0,0,0,0,0,1,0,,,,,,,,,,,,,
2023-07-27 00:00:00,07:20:00,COM VÍTIMA,FINALIZADA,BOA VIAGEM,AV BOA VIAGEM,,,ANTES DO PARQUE DONA LINDU / PROX AO QUIOSQUE BEIRA MAR 51,BOA VIAGEM,,,COLISÃO FRONTAL,0,1,0,0,0,0,0,0,0,1,0,,,,,,,,,,,,,
2023-07-27 00:00:00,08:27:00,COM VÍTIMA,FINALIZADA,ESTANCIA,AV DR JOSE RUFINO,,RUA BARAO DE BUIQUE,PRÓXIMO AO COLEGIO VISÃO,ESTANCIA,,,COLISÃO LATERAL,1,1,0,0,0,0,0,0,0,1,0,,,,,,,,,,,,,
2023-07-27 00:00:00,08:59:00,COM VÍTIMA,FINALIZADA,SANTO AMARO,AV GOVERNADOR AGAMENON MAGALHAES,,,EM FRENTE AO ANTIGA FABRICA DO TACARUNA / DEPOIS DA CHEVROLET / SENTIDO BOA VIAGEM,SANTO AMARO,,,COLISÃO LATERAL,0,2,0,0,0,0,0,0,0,2,0,,,,,,,,,,,,,
2023-07-27 00:00:00,10:32:00,COM VÍTIMA,FINALIZADA,BOA VIAGEM,AVENIDA CELSO FURTADO (VIA MANGUE),1773,,PROX AO BIG BOMPREÇO / APOS A DESCIDA DO VIADUTO,BOA VIAGEM,,,QUEDA,0,1,0,0,0,0,0,0,0,1,0,,,,,,,,,,,,,
2023-07-27 00:00:00,10:47:00,COM VÍTIMA,FINALIZADA,VARZEA,RUA BRASUELA,7,,PROX AO BAR DO CARECA / E AO CANO DA COMPESA,VARZEA,,,COLISÃO LATERAL,1,0,0,0,0,0,0,0,0,1,0,,,,,,,,,,,,,
2023-07-27 00:00:00,10:55:00,COM VÍTIMA,FINALIZADA,TORRE,RUA PROFESSOR TRAJANO DE MENDONCA,181,,APOS O POSTO DE GASOLINA SHELL / PROX AO ATACADO DOS PRESENTES,TORRE,,,COLISÃO FRONTAL,0,1,0,0,0,0,0,0,0,1,0,,,,,,,,,,,,,
2023-07-27 00:00:00,11:12:00,COM VÍTIMA,FINALIZADA,MORRO DA CONCEICAO,COR DO BARTOLOMEU,,,PROX A RODINHA  /E PIZZARIA SORVETÃO,MORRO DA CONCEICAO,,,COLISÃO LATERAL,0,1,0,0,0,0,0,0,0,1,0,,,,,,,,,,,,,
2023-07-27 00:00:00,11:23:00,COM VÍTIMA,FINALIZADA,AREIAS,AV DR JOSE RUFINO,,,APOS A HONDA,AREIAS,,,ATROPELAMENTO DE PESSOA,0,1,0,0,1,0,0,0,0,1,0,,,,,,,,,,,,,
2023-07-27 00:00:00,11:23:00,COM VÍTIMA,FINALIZADA,MACAXEIRA,AV NORTE MIGUEL ARRAES DE ALENCAR,,,E/F PARQUE DA MACAXEIRA,MACAXEIRA,,,COLISÃO TRASEIRA,0,0,0,0,0,1,1,0,0,1,0,,,,,,,,,,,,,
2023-07-27 00:00:00,03:39:00,COM VÍTIMA,FINALIZADA,BONGI,EST DO BONGI,322,,EM FRENTE AO MOTEL COSTA AZUL/ E PROXIMO A IGREJA BATISTA,BONGI,,,COLISÃO LATERAL,0,0,0,0,0,0,0,0,0,1,0,,,,,,,,,,,,,
2023-07-27 00:00:00,04:23:00,COM VÍTIMA,FINALIZADA,ARRUDA,RUA BOLIVAR,81,,PROXIMO AO CAMPO DO SANTA CRUZ E PROXIMO AO ARMAZEM CORAL,ARRUDA,,,COLISÃO LATERAL,0,0,0,0,0,0,0,0,0,1,0,,,,,,,,,,,,,
2023-07-27 00:00:00,06:13:00,COM VÍTIMA,FINALIZADA,PINA,AV HERCULANO BANDEIRA,383,,IGREJA DO PINA,PINA,,,COLISÃO TRASEIRA,1,1,0,0,0,0,0,0,0,1,0,,,,,,,,,,,,,
2023-07-27 00:00:00,06:26:00,COM VÍTIMA,FINALIZADA,IMBIRIBEIRA,AV ENGENHEIRO ALVES DE SOUZA,311,,AO LADO DO MERCADINHO QUALIMAX,IMBIRIBEIRA,,,COLISÃO LATERAL,1,1,0,0,0,0,0,0,0,1,0,,,,,,,,,,,,,
2023-07-27 00:00:00,06:50:00,COM VÍTIMA,CANCELADA,CORDEIRO,AV INACIO MONTEIRO,871,,APOS EXPOSIÇÃO DOS ANIMAIS PROXIMO A FEIRA,CORDEIRO,,,COLISÃO LATERAL,1,1,0,0,0,0,0,0,0,1,0,,,,,,,,,,,,,
2023-07-27 00:00:00,08:48:00,COM VÍTIMA,FINALIZADA,IPSEP,AV RECIFE,,,AV DOM HELDER CAMARA,IPSEP,,,COLISÃO LATERAL,1,1,0,0,0,0,0,0,0,1,0,,,,,,,,,,,,,
2023-07-28 00:00:00,07:48:00,COM VÍTIMA,FINALIZADA,IMBIRIBEIRA,AV MARECHAL MASCARENHAS DE MORAES,,,EM FRENTE A JUSTIÇA FEDERAL / PROX AO AEROPORTO,IMBIRIBEIRA,,,COLISÃO FRONTAL,0,1,0,0,0,0,0,0,0,1,0,,,,,,,,,,,,,
2023-07-28 00:00:00,09:02:00,COM VÍTIMA,CANCELADA,BAIRRO DO RECIFE,CAIS DO APOLO,925,,EM FRENTE A  PREFEITURA DO RECIFE!,BAIRRO DO RECIFE,340,CIDADE,TOMBAMENTO,0,1,0,0,0,0,0,0,0,1,0,,,,,,,,,,,,,
2023-07-28 00:00:00,12:51:00,SEM VÍTIMA,FINALIZADA,BOA VIAGEM,AV BOA VIAGEM,4040,,EM FRENTE  CONDOMINIO RESIDENCIAL NUAMGULO,BOA VIAGEM,,,COLISÃO TRASEIRA,2,2,0,0,0,0,0,0,0,0,0,,,,,,,,,,,,,
2023-07-28 00:00:00,02:11:00,COM VÍTIMA,FINALIZADA,BRASILIA TEIMOSA,AV BRASILIA FORMOSA,4,,PROX  AO IATE CLUBE   E/F AO QUIOSQUE DO CABO,BRASILIA TEIMOSA,,,ATROPELAMENTO DE PESSOA,0,1,0,0,1,0,0,0,0,1,0,,,,,,,,,,,,,
2023-07-28 00:00:00,02:21:00,COM VÍTIMA,FINALIZADA,SAO JOSE,AV DANTAS BARRETO,,RUA SAO JOAO,EM FRENTE AO EDIFICIO SAN RAFAEL,SAO JOSE,54,,ATROPELAMENTO DE PESSOA,1,0,0,0,1,0,0,0,0,1,0,,,,,,,,,,,,,
2023-07-28 00:00:00,02:35:00,SEM VÍTIMA,FINALIZADA,AREIAS,AV RECIFE,898,,APOS A FARMACIA  PAGUE MENOS  E A CHURRASCARIA   PAJUÇARA S/T BOA VIAGEM,AREIAS,,,COLISÃO TRASEIRA,1,0,0,0,0,0,1,0,0,0,0,,,,,,,,,,,,,
2023-07-28 00:00:00,04:07:00,VÍTIMA FATAL,FINALIZADA,CAXANGA,AV CAXANGA,2900,,MERCADO EXTRA,CAXANGA,,,COLISÃO LATERAL,0,1,0,0,0,1,0,0,0,0,1,,,,,,,,,,,,,
2023-07-28 00:00:00,04:15:00,COM VÍTIMA,FINALIZADA,IBURA,RUA SANTA LEOPOLDINA,135,,PROX AO ESCRITORIO BAR DO IBURA DE BAIXO  PROX AV DOIS RIOS,IBURA,,,COLISÃO LATERAL,0,1,0,0,0,0,0,0,0,1,0,,,,,,,,,,,,,
2023-07-28 00:00:00,08:16:00,COM VÍTIMA,CANCELADA,VARZEA,RUA GENERAL POLIDORO,253,,EM FRENTE A ACADEMIA UNIT,VARZEA,,,COLISÃO FRONTAL,0,0,0,0,0,0,0,0,0,1,0,,,,,,,,,,,,,
2023-07-28 00:00:00,10:19:00,COM VÍTIMA,FINALIZADA,HIPODROMO,RUA MARQUES DE BAIPENDI,1115,,PRÓXIMO A PRAÇA MENDES SÁ,HIPODROMO,,,COLISÃO LATERAL,0,1,0,0,0,0,0,0,0,1,0,,,,,,,,,,,,,
2023-07-29 00:00:00,05:11:00,SEM VÍTIMA,FINALIZADA,IMBIRIBEIRA,AV MARECHAL MASCARENHAS DE MORAES,,,COM A ARUA JAMAIACA,IMBIRIBEIRA,,,COLISÃO TRASEIRA,1,1,0,0,0,0,0,0,0,0,0,,,,,,,,,,,,,
2023-07-29 00:00:00,10:57:00,COM VÍTIMA,FINALIZADA,SANTO AMARO,AV GOVERNADOR AGAMENON MAGALHAES,,,AO LADO SHOPPING TACARUNA / SENTIDO RECIFE,SANTO AMARO,,,COLISÃO FRONTAL,0,1,0,0,0,0,0,0,0,1,0,,,,,,,,,,,,,
2023-07-29 00:00:00,02:25:00,COM VÍTIMA,FINALIZADA,BOA VIAGEM,RUA SIDERAL,358,,PROXIMO AO RESTAURANTE DONA GULA,BOA VIAGEM,,,COLISÃO LATERAL,0,0,0,0,0,0,0,0,0,1,0,,,,,,,,,,,,,
2023-07-29 00:00:00,07:07:00,COM VÍTIMA,FINALIZADA,TAMARINEIRA,RUA CONEGO BARATA,718,,PRÓXIMO AO DNOCS,TAMARINEIRA,,,COLISÃO TRANSVERSAL,0,2,0,0,0,0,0,0,0,1,0,,,,,,,,,,,,,
2023-07-29 00:00:00,07:16:00,COM VÍTIMA,FINALIZADA,MADALENA,RUA JOAO IVO DA SILVA,1528,,"APOS O TUNEL DA ABOLIÇÃO,  PROX AO POSTO DE GASOLINA",MADALENA,,,COLISÃO TRANSVERSAL,1,1,0,0,0,0,0,0,0,2,0,,,,,,,,,,,,,
2023-07-29 00:00:00,08:05:00,COM VÍTIMA,FINALIZADA,ARRUDA,RUA DAS MOCAS,859,RUA ZEFERINO AGRA,EM FRENTE A COMEDORIA CACULÉ,ARRUDA,,,COLISÃO LATERAL,1,1,0,0,0,0,0,0,0,1,0,,,,,,,,,,,,,
2023-07-29 00:00:00,09:12:00,SEM VÍTIMA,CANCELADA,IBURA,AV DOIS RIOS,,,EM FRENTE A AUTO ESCOLA PILOTO,IBURA,,,COLISÃO TRASEIRA,2,0,0,0,0,0,0,0,0,0,0,,,,,,,,,,,,,
2023-07-30 00:00:00,12:16:00,COM VÍTIMA,FINALIZADA,MANGABEIRA,AV NORTE MIGUEL ARRAES DE ALENCAR,6067,,RUA TENENTE GONÇALVES E/F AO SESC DA AV NORTE,MANGABEIRA,,SUBURBIO,COLISÃO LATERAL,0,1,0,0,0,0,0,0,0,1,0,,,,,,,,,,,,,
2023-07-30 00:00:00,12:18:00,COM VÍTIMA,FINALIZADA,ALTO SANTA TERESINHA,AV ANIBAL BENEVOLO,867,,APOS O COMPAZ DO ALTO SANTA TEREZINHA PROX AO ANTIGO MERDINHIO PASSIRA PROX A RUA DA FEIRA,ALTO SANTA TERESINHA,,,COLISÃO LATERAL,0,1,0,0,0,0,0,0,0,1,0,,,,,,,,,,,,,
2023-07-30 00:00:00,12:52:00,COM VÍTIMA,FINALIZADA,JORDAO,RUA NOVA CANAA,24,,PX AO TERMINAL DO JORDAO BAIXO E AO SUPEMRERCADO ECONOMICO,JORDAO,,,COLISÃO FRONTAL,1,1,0,0,0,0,0,0,0,2,0,,,,,,,,,,,,,
2023-07-30 00:00:00,05:49:00,COM VÍTIMA,FINALIZADA,BOA VIAGEM,RUA CAMBOIM,210,RUA DEZ DE JULHO,"EM FRENTE A MEISO CRISTAL ,PROX A ESTAÇÃO DO METRO DO AEROPORTO",BOA VIAGEM,,SUBURBIO,COLISÃO FRONTAL,1,1,0,0,0,0,0,0,0,1,0,,,,,,,,,,,,,
2023-07-30 00:00:00,07:33:00,COM VÍTIMA,FINALIZADA,BOA VIAGEM,RUA CAMBOIM,639,,PROX. AO RESTAURANTE MANIA CASEIRA,BOA VIAGEM,,,COLISÃO LATERAL,0,1,0,0,0,0,0,0,0,1,0,,,,,,,,,,,,,
2023-07-30 00:00:00,08:09:00,COM VÍTIMA,FINALIZADA,VARZEA,AV AFONSO OLINDENSE,,,PRÓXIMO A LOMBADA ELETRÔNICA,VARZEA,,,COLISÃO LATERAL,1,1,0,0,0,0,0,0,0,1,0,,,,,,,,,,,,,
2023-07-30 00:00:00,08:16:00,COM VÍTIMA,FINALIZADA,VASCO DA GAMA,RUA VASCO DA GAMA,1538,,PROXIMO AO SESI DO VASCO,VASCO DA GAMA,,,COLISÃO LATERAL,0,1,0,0,0,0,0,0,0,1,0,,,,,,,,,,,,,
2023-07-30 00:00:00,10:24:00,COM VÍTIMA,FINALIZADA,BOA VIAGEM,RUA ATLANTICO,69,,CONDOMINIO ESTUDIO EVERESTI,BOA VIAGEM,,,COLISÃO FRONTAL,3,0,0,0,0,0,0,0,0,1,0,,,,,,,,,,,,,
2023-07-30 00:00:00,11:32:00,COM VÍTIMA,FINALIZADA,IPUTINGA,1TR SANTA LUCIA,73,,PROXIMO AO FITEIRO DO DOUGLAS,IPUTINGA,,,COLISÃO LATERAL,0,1,0,0,0,0,0,0,0,1,0,,,,,,,,,,,,,
2023-07-31 00:00:00,08:08:00,COM VÍTIMA,FINALIZADA,SANTO ANTONIO,RUA IMPERADOR PEDRO SEGUNDO,167,,EM FRENTE A SECRETÁRIA DA FAZENDA,SANTO ANTONIO,,,COLISÃO LATERAL,1,1,0,0,0,0,0,0,0,1,0,,,,,,,,,,,,,
2023-07-31 00:00:00,09:10:00,COM VÍTIMA,FINALIZADA,AREIAS,RUA CARUARU,22,,PRAÇA DA LAVADEIRAS,AREIAS,,,COLISÃO LATERAL,1,1,0,0,0,0,0,0,0,1,0,,,,,,,,,,,,,
2023-07-31 00:00:00,09:51:00,COM VÍTIMA,FINALIZADA,SANTO AMARO,RUA TREZE DE MAIO,975,,PX A BORRACHARIA MODESTO RUA DO SESC SENTIDO AVENIDA NORTE,SANTO AMARO,,,COLISÃO LATERAL,1,1,0,0,0,0,0,0,0,1,0,,,,,,,,,,,,,
2023-07-31 00:00:00,10:08:00,COM VÍTIMA,FINALIZADA,ILHA DO LEITE,AV GOVERNADOR AGAMENON MAGALHAES,89,,EM FRENTE AO HOSPITAL PORTUGUES,ILHA DO LEITE,,,COLISÃO LATERAL,0,1,0,0,0,0,0,0,0,1,0,,,,,,,,,,,,,
2023-07-31 00:00:00,02:48:00,COM VÍTIMA,FINALIZADA,SANTO AMARO,RUA TREZE DE MAIO,1981,,BORRACHARIA MODESTO,SANTO AMARO,,,COLISÃO LATERAL,0,0,0,0,0,0,0,0,0,1,0,,,,,,,,,,,,,
2023-07-31 00:00:00,03:01:00,COM VÍTIMA,FINALIZADA,SANTO AMARO,AV CRUZ CABUGA,,,ASSEMBLEIA DE DEUS/ESTAÇÃO BRT,SANTO AMARO,,,COLISÃO LATERAL,0,0,0,0,0,0,0,0,0,1,0,,,,,,,,,,,,,
2023-07-31 00:00:00,05:59:00,COM VÍTIMA,FINALIZADA,IBURA,RUA RIO UNA,471,,AUTO ESCOLA ARCO IRIS,IBURA,,,COLISÃO LATERAL,0,0,0,0,0,0,0,0,0,1,0,,,,,,,,,,,,,
2023-07-31 00:00:00,06:16:00,COM VÍTIMA,FINALIZADA,IMBIRIBEIRA,AV MARECHAL MASCARENHAS DE MORAES,,,EM FRENTE A UNIVERSO / SENTIDO AEROPORTO,IMBIRIBEIRA,,,ATROPELAMENTO DE PESSOA,0,1,0,0,1,0,0,0,0,1,0,,,,,,,,,,,,,
2023-07-31 00:00:00,06:23:00,COM VÍTIMA,FINALIZADA,IBURA,AV JORNALISTA COSTA PORTO,853,,COMPESA,IBURA,,,COLISÃO LATERAL,0,0,0,0,0,0,0,0,0,1,0,,,,,,,,,,,,,
2023-07-31 00:00:00,07:22:00,COM VÍTIMA,CANCELADA,BAIRRO DO RECIFE,AV ALFREDO LISBOA,1152,,PROXIMO A RECEITA FEDERAL,BAIRRO DO RECIFE,,,COLISÃO LATERAL,3,1,0,0,0,0,0,0,0,1,0,,,,,,,,,,,,,
2023-07-31 00:00:00,07:48:00,COM VÍTIMA,FINALIZADA,AREIAS,AV TAPAJOS,642,,APOS O MERCADINHO FIGUEROA,AREIAS,,,COLISÃO LATERAL,1,1,0,0,0,0,0,0,0,1,0,,,,,,,,,,,,,
2023-07-31 00:00:00,08:49:00,COM VÍTIMA,CANCELADA,TAMARINEIRA,RUA CONEGO BARATA,411,,EM FRENTE AO HOSPITAL ULISSES,TAMARINEIRA,,,COLISÃO LATERAL,1,1,0,0,0,0,0,0,0,1,0,,,,,,,,,,,,,
2023-07-31 00:00:00,09:22:00,COM VÍTIMA,FINALIZADA,ARRUDA,AV PROFESSOR JOSE DOS ANJOS,2168,,PROXIMO AO ANTIGO DNOCS,ARRUDA,,,COLISÃO TRASEIRA,0,2,0,0,0,0,0,0,0,1,0,,,,,,,,,,,,,
2023-07-31 00:00:00,09:23:00,COM VÍTIMA,CANCELADA,VARZEA,RUA CASSILANDIA,433,,PROXIMO A UNIVERSIDADE FEDERAL,VARZEA,,,COLISÃO LATERAL,1,1,0,0,0,0,0,0,0,1,0,,,,,,,,,,,,,
2023-07-31 00:00:00,10:32:00,COM VÍTIMA,FINALIZADA,SANTO AMARO,AV GOVERNADOR AGAMENON MAGALHAES,,,COM   A RUA  ODORICO MENDES,SANTO AMARO,,,ATROPELAMENTO DE PESSOA,1,0,0,0,1,0,0,0,0,1,0,,,,,,,,,,,,,
2023-07-31 00:00:00,10:49:00,COM VÍTIMA,FINALIZADA,CASA AMARELA,EST DO ARRAIAL,2672,,PRÓXIMO AO SITIO DA TRINDADE,CASA AMARELA,,,COLISÃO LATERAL,1,1,0,0,0,0,0,0,0,1,0,,,,,,,,,,,,,
2023-08-01 00:00:00,12:40:00,COM VÍTIMA,CANCELADA,CASA AMARELA,EST DO ARRAIAL,1646,,EM  FRENTE A UTI PNEUS,CASA AMARELA,,,COLISÃO LATERAL,1,1,0,0,0,0,0,0,0,1,0,,,,,,,,,,,,,
2023-08-01 00:00:00,07:42:00,COM VÍTIMA,FINALIZADA,JARDIM SAO PAULO,AV RECIFE,,,POSTO IPIRANGA,JARDIM SAO PAULO,704,BOA VIAGEM,COLISÃO FRONTAL,0,1,0,0,0,1,0,0,0,1,0,,,,,,,,,,,,,