data,hora,natureza,situacao,bairro,endereco,numero,detalhe_endereco_acidente,complemento,bairro_cruzamento,num_semaforo,sentido_via,tipo,auto,moto,ciclom,ciclista,pedestre,onibus,caminhao,viatura,outros,vitimas,vitimasfatais,acidente_verificado,tempo_clima,situacao_semaforo,sinalizacao,condicao_via,conservacao_via,ponto_controle,situacao_placa,velocidade_max_via,mao_direcao,divisao_via1,divisao_via2,divisao_via3
2023-08-08 00:00:00,04:20:00,COM VÍTIMA,FINALIZADA,BOA VISTA,RUA DA AURORA,,RUA PRINCESA IZABEL,,BOA VISTA,,,COLISÃO TRASEIRA,0,2,0,0,0,0,0,0,0,1,0,,,,,,,,,,,,,
2023-08-08 00:00:00,04:32:00,COM VÍTIMA,FINALIZADA,IBURA,AV DOIS RIOS,736,,PROX AO SESI E A CLINICA ODONTO MEDIC,IBURA,,,COLISÃO LATERAL,0,1,0,0,0,0,0,0,0,1,0,,,,,,,,,,,,,
2023-08-08 00:00:00,04:33:00,COM VÍTIMA,FINALIZADA,SAO JOSE,RUA IMPERADOR PEDRO SEGUNDO,216,,PROX A LOJA FERRO E AÇO,SAO JOSE,,,COLISÃO LATERAL,0,1,0,0,0,0,0,0,0,1,0,,,,,,,,,,,,,
2023-08-08 00:00:00,04:38:00,COM VÍTIMA,FINALIZADA,SAO JOSE,RUA IMPERIAL,,,PRÓXIMO A JUCEPE,SAO JOSE,510,,COLISÃO LATERAL,0,1,0,0,0,0,1,0,0,1,0,,,,,,,,,,,,,
2023-08-08 00:00:00,04:51:00,COM VÍTIMA,FINALIZADA,BOA VIAGEM,AV DOM JOAO VI,,RUA PEDRO PAES DE MENDONCA,PROX  AO BIG BOMPREÇO  FECHADO  E PROX AO NUMERO 200,BOA VIAGEM,,,COLISÃO LATERAL,1,1,0,0,0,0,0,0,0,1,0,,,,,,,,,,,,,
2023-08-08 00:00:00,06:10:00,COM VÍTIMA,FINALIZADA,GRACAS,RUA AMELIA,939,,EM FRENTE AO COLEGIO AGNES E A FARMACIA DROGASIL,GRACAS,,,COLISÃO LATERAL,0,1,0,0,0,0,0,0,0,1,0,,,,,,,,,,,,,
2023-08-08 00:00:00,06:48:00,COM VÍTIMA,FINALIZADA,IPSEP,AV RECIFE,,,EM FRENTE AO POSTO BR,IPSEP,393,,COLISÃO TRASEIRA,0,2,0,0,0,0,0,0,0,1,0,,,,,,,,,,,,,
2023-08-08 00:00:00,08:52:00,COM VÍTIMA,CANCELADA,BOA VIAGEM,RUA FELIX DE BRITO E MELO,214,,"EM FRENTA A FARMACIA DEPENDENDE, PROXIMO AO CARRIFOUR",BOA VIAGEM,,,COLISÃO FRONTAL,1,1,0,0,0,0,0,0,0,1,0,,,,,,,,,,,,,
2023-08-08 00:00:00,10:49:00,COM VÍTIMA,FINALIZADA,TORROES,RUA IRANI,146,RUA ZUMBI DOS PALMARES,E/F AO MERCADINHO BEZERRA - AO LADO DA IGREJA BATISTA,TORROES,,,COLISÃO LATERAL,1,1,0,0,0,0,0,0,0,1,0,,,,,,,,,,,,,
2023-08-09 00:00:00,06:36:00,COM VÍTIMA,FINALIZADA,MACAXEIRA,AV NORTE MIGUEL ARRAES DE ALENCAR,,,INTEGRAÇÃO DA MACAXEIRA,MACAXEIRA,,,ATROPELAMENTO DE PESSOA,0,0,0,0,0,1,0,0,0,1,0,,,,,,,,,,,,,
2023-08-09 00:00:00,07:23:00,COM VÍTIMA,FINALIZADA,VARZEA,AV AFONSO OLINDENSE,966,,PROX A LOMBADA ELETRONICA EM FRENTE A ACADEMIA GREEN ATENDIDO PELA BASICA 17 RECIFE(ARLIENE),VARZEA,,,COLISÃO LATERAL,1,1,0,0,0,0,0,0,0,1,0,,,,,,,,,,,,,
2023-08-09 00:00:00,07:25:00,COM VÍTIMA,FINALIZADA,BONGI,AV ENGENHEIRO ABDIAS DE CARVALHO,1993,,EM FRENTE AO NOVO ATACAREJO,BONGI,,CIDADE,COLISÃO LATERAL,0,1,0,0,0,0,0,0,0,1,0,,,,,,,,,,,,,
2023-08-09 00:00:00,07:39:00,COM VÍTIMA,FINALIZADA,IPUTINGA,AV MARIO ALVARES PEREIRA DE LYRA,395,,PROX AO CANAL DO CAVOCO / PROX A ACADEMIA DA CIDADE,IPUTINGA,,,COLISÃO LATERAL,1,1,0,0,0,0,0,0,0,1,0,,,,,,,,,,,,,
2023-08-09 00:00:00,08:33:00,COM VÍTIMA,FINALIZADA,AREIAS,AV DR JOSE RUFINO,,,EM FRENTE A HONDA,AREIAS,,,COLISÃO LATERAL,0,1,0,0,0,0,0,0,0,1,0,,,,,,,,,,,,,
2023-08-09 00:00:00,10:55:00,SEM VÍTIMA,FINALIZADA,PINA,AV REPUBLICA DO LIBANO,,RUA NOGUEIRA DE SOUZA,,PINA,,,COLISÃO FRONTAL,1,0,0,0,0,0,1,0,0,0,0,,,,,,,,,,,,,
2023-08-09 00:00:00,12:32:00,COM VÍTIMA,FINALIZADA,SANTO AMARO,AV DR JAYME DA FONTE,12,,PROX A COMPESA / AO LADO LOJA RAIO BIKE,SANTO AMARO,,,ATROPELAMENTO DE PESSOA,1,0,0,0,1,0,0,0,0,1,0,,,,,,,,,,,,,
2023-08-09 00:00:00,12:52:00,COM VÍTIMA,FINALIZADA,ARRUDA,RUA DO MACHADO,,,PROX AO ESPERTINHO DO BIO / EM FRENTE IMPORIO DA CERVEJA,ARRUDA,,,COLISÃO FRONTAL,0,1,0,0,0,0,0,0,0,1,0,,,,,,,,,,,,,
2023-08-09 00:00:00,02:01:00,COM VÍTIMA,FINALIZADA,AFOGADOS,RUA SAO MIGUEL,1845,,E/F A  DISTRIBUIDORA RENASCER,AFOGADOS,,,COLISÃO LATERAL,1,1,0,0,0,0,0,0,0,1,0,,,,,,,,,,,,,
2023-08-09 00:00:00,02:39:00,COM VÍTIMA,FINALIZADA,BOA VIAGEM,RUA JOAO DIAS MARTINS,258,,PROIX AO EDIFICIO MIRELAE AO FRATELLI TURISMO,BOA VIAGEM,,,COLISÃO LATERAL,0,1,0,0,0,0,0,0,0,1,0,,,,,,,,,,,,,
2023-08-09 00:00:00,02:48:00,COM VÍTIMA,DUPLICIDADE,BOA VIAGEM,RUA JOAO DIAS MARTINS,255,,COLÉGIO SANTOS DUMMONT,BOA VIAGEM,,,COLISÃO FRONTAL,1,1,0,0,0,0,0,0,0,1,0,,,,,,,,,,,,,
2023-08-09 00:00:00,07:09:00,COM VÍTIMA,FINALIZADA,CABANGA,VIADUTO CAPITAO TEMUDO,,,SOBRE O VIADUTO,CABANGA,,,COLISÃO TRASEIRA,0,0,0,0,0,0,0,0,0,1,0,,,,,,,,,,,,,
2023-08-09 00:00:00,07:16:00,COM VÍTIMA,FINALIZADA,CORDEIRO,AV INACIO MONTEIRO,341,,ASSEMBLEIA DE DEUS,CORDEIRO,,,COLISÃO LATERAL,1,1,0,0,0,0,0,0,0,1,0,,,,,,,,,,,,,
2023-08-09 00:00:00,07:33:00,COM VÍTIMA,FINALIZADA,ILHA DO LEITE,RUA FRANCISCO ALVES,,,ESQUINA COM HOSPITAL ESPERANÇA,ILHA DO LEITE,,,COLISÃO FRONTAL,1,1,0,0,0,0,0,0,0,1,0,,,,,,,,,,,,,
2023-08-10 00:00:00,09:58:00,SEM VÍTIMA,FINALIZADA,SANTO AMARO,AV GOVERNADOR AGAMENON MAGALHAES,111,,PRÓXIMO A REITORIA,SANTO AMARO,,,COLISÃO LATERAL,1,0,0,0,0,0,0,1,0,0,0,,,,,,,,,,,,,
2023-08-10 00:00:00,10:02:00,COM VÍTIMA,FINALIZADA,SANTO ANTONIO,RUA FLORIANO PEIXOTO,3262,,AO LADO DA CASA DA CULTURA,SANTO ANTONIO,,,COLISÃO FRONTAL,0,1,0,0,0,0,0,0,0,1,0,,,,,,,,,,,,,
2023-08-10 00:00:00,11:23:00,COM VÍTIMA,FINALIZADA,TORRE,RUA REAL DA TORRE,,,EM FRENTE A ESCOLA DESPERTAR,TORRE,,,COLISÃO LATERAL,1,1,0,0,0,0,0,0,0,1,0,,,,,,,,,,,,,
2023-08-10 00:00:00,01:26:00,SEM VÍTIMA,FINALIZADA,CASA AMARELA,AV NORTE MIGUEL ARRAES DE ALENCAR,7368,,ACADEMIA DA SAÚDE,CASA AMARELA,,,COLISÃO LATERAL,0,0,0,0,0,0,1,1,0,0,0,,,,,,,,,,,,,
2023-08-10 00:00:00,04:08:00,COM VÍTIMA,FINALIZADA,TORROES,AV ENGENHEIRO ABDIAS DE CARVALHO,1387,,RETIFICA SÃO PEDRO,TORROES,,,COLISÃO LATERAL,1,2,0,0,0,0,0,0,0,2,0,,,,,,,,,,,,,
2023-08-10 00:00:00,06:03:00,COM VÍTIMA,FINALIZADA,IMBIRIBEIRA,AV MARECHAL MASCARENHAS DE MORAES,5241,,EM FRENTE A FOCUS LOCADORA DE VEICULOS E PROX AO AEROPORTO,IMBIRIBEIRA,,,COLISÃO LATERAL,0,1,0,0,0,0,0,0,0,1,0,,,,,,,,,,,,,
2023-08-10 00:00:00,08:02:00,COM VÍTIMA,FINALIZADA,AREIAS,AV DR JOSE RUFINO,2178,,PRÓXIMO À FARMÁCIA DROGASIL E POSTO SHELL,AREIAS,,,COLISÃO LATERAL,0,1,0,0,0,0,0,0,0,1,0,,,,,,,,,,,,,
2023-08-10 00:00:00,08:31:00,COM VÍTIMA,CANCELADA,ZUMBI,RUA TOMAZ GONZAGA,,,PROXIMO AO EDF TEMER,ZUMBI,,,COLISÃO LATERAL,0,1,0,0,0,0,0,0,0,1,0,,,,,,,,,,,,,
2023-08-11 00:00:00,03:59:00,SEM VÍTIMA,FINALIZADA,MADALENA,RUA MENEZES DRUMOND,98,,PROSSIMO DA PRAÇA DA MADALENA,MADALENA,,,COLISÃO TRASEIRA,3,0,0,0,0,0,0,1,0,0,0,,,,,,,,,,,,,
2023-08-11 00:00:00,07:55:00,COM VÍTIMA,FINALIZADA,IBURA,RUA DR BENIGNO JORDAO DE VASCONCELOS,,,PROX A UPA DE LAGOA ENCANTADA IBURA DE CIMA,IBURA,,,COLISÃO FRONTAL,0,1,0,0,0,0,0,0,0,1,0,,,,,,,,,,,,,
2023-08-11 00:00:00,07:59:00,SEM VÍTIMA,FINALIZADA,AREIAS,AV RECIFE,232,,"PROX A LOJA ARMAZEM CORAL / NA DESCINDA DO VIATUDO DA ESTAÇÃO SANTA LUZIA, PROX AO SUPERMERCADO ATACADÃO",AREIAS,,SUBURBIO,COLISÃO LATERAL,1,0,0,0,0,0,1,0,0,0,0,,,,,,,,,,,,,
2023-08-11 00:00:00,10:45:00,COM VÍTIMA,FINALIZADA,MORRO DA CONCEICAO,RUA ITACOATIARA,,,SUB DO MORRO DA CONCEIÇÃO / EM FRENTE AO CALDO DE CANA,MORRO DA CONCEICAO,,,COLISÃO FRONTAL,0,1,0,0,0,0,0,0,0,1,0,,,,,,,,,,,,,
2023-08-11 00:00:00,10:55:00,COM VÍTIMA,FINALIZADA,MADALENA,RUA REAL DA TORRE,,,PROX AO POSTO SETA / ANTES DO MERCADO DA MADALENA,MADALENA,,,COLISÃO LATERAL,0,1,0,0,0,0,0,0,0,1,0,,,,,,,,,,,,,
2023-08-11 00:00:00,12:11:00,COM VÍTIMA,FINALIZADA,BOMBA DO HEMETERIO,RUA BOMBA DO HEMETERIO,414,,PROX AO CONSULTORIO MEDICO /  E FUNERARIA CANAA,BOMBA DO HEMETERIO,,,COLISÃO LATERAL,0,1,0,0,0,0,0,0,0,1,0,,,,,,,,,,,,,
2023-08-11 00:00:00,12:44:00,COM VÍTIMA,FINALIZADA,CABANGA,AV ENGENHEIRO JOSE ESTELITA,,,EM FRENTE A MOURA B / NO CAIS DO ESTELITA AO LADO DO CABANGA,CABANGA,,,COLISÃO LATERAL,1,0,0,0,0,0,0,0,0,1,0,,,,,,,,,,,,,
2023-08-11 00:00:00,02:32:00,COM VÍTIMA,FINALIZADA,AFOGADOS,RUA SAO MIGUEL,2556,,PROX A MATERNIDADE BANDEIRA FILHO E AO POSTO DE GASOLINA DISLURB,AFOGADOS,,,COLISÃO LATERAL,0,1,0,0,0,0,0,0,0,1,0,,,,,,,,,,,,,
2023-08-11 00:00:00,02:54:00,COM VÍTIMA,FINALIZADA,IMBIRIBEIRA,AV GENERAL MAC ARTHUR,612,,EM FRENTE AO POSTO BR APOS O LE PARQUE,IMBIRIBEIRA,,,COLISÃO LATERAL,1,0,0,0,0,0,0,0,0,1,0,,,,,,,,,,,,,
2023-08-11 00:00:00,05:05:00,COM VÍTIMA,FINALIZADA,IMBIRIBEIRA,RUA ARQUITETO LUIZ NUNES,,,SEMÁFORO 635,IMBIRIBEIRA,,,COLISÃO LATERAL,0,1,0,0,0,0,1,0,0,1,0,,,,,,,,,,,,,
2023-08-11 00:00:00,05:34:00,COM VÍTIMA,FINALIZADA,PAISSANDU,AV ENGENHEIRO ABDIAS DE CARVALHO,,,POSTO IPIRANGA E PROXIMO A BURGER KING,PAISSANDU,,SUBURBIO,COLISÃO LATERAL,0,2,0,0,0,0,0,0,0,3,0,,,,,,,,,,,,,
2023-08-11 00:00:00,09:45:00,COM VÍTIMA,CANCELADA,ESPINHEIRO,RUA DO ESPINHEIRO,774,,EM FRENTEA A PADARIA ESPINHEIRO,ESPINHEIRO,,,COLISÃO LATERAL,1,1,0,0,0,0,0,0,0,1,0,,,,,,,,,,,,,
2023-08-11 00:00:00,10:48:00,SEM VÍTIMA,FINALIZADA,BOA VIAGEM,RUA DR LUIZ INACIO PESSOA DE MELO,91,,PRÓXIMO AO MERCADO RM,BOA VIAGEM,,,COLISÃO FRONTAL,2,0,0,0,0,0,0,0,0,0,0,,,,,,,,,,,,,
2023-08-12 00:00:00,07:20:00,COM VÍTIMA,FINALIZADA,AFOGADOS,RUA SANTA EDWIRGES,242,,PROX AO CANAL E A IGREJA PREBITERIANA / DEPOIS DO ARQUIVO TRIBUNAL DE JUSTICA,AFOGADOS,,,COLISÃO LATERAL,1,1,0,0,0,0,0,0,0,1,0,,,,,,,,,,,,,
2023-08-12 00:00:00,10:09:00,COM VÍTIMA,FINALIZADA,VARZEA,RUA ABATIA,269,,PROX MERCADO BARATEIRO REAL,VARZEA,,,COLISÃO FRONTAL,0,1,0,0,0,0,0,0,0,1,0,,,,,,,,,,,,,
2023-08-12 00:00:00,10:33:00,SEM VÍTIMA,CANCELADA,LINHA DO TIRO,RUA SODRELANDIA,343,,PROX A BARRACA DE BIU,LINHA DO TIRO,,,COLISÃO FRONTAL,1,1,0,0,0,0,0,0,0,0,0,,,,,,,,,,,,,
2023-08-12 00:00:00,12:28:00,COM VÍTIMA,FINALIZADA,CABANGA,VDO PAPA JOAO PAULO II,,,ANTES DA ALÇA DA RUA IMPERIAL,CABANGA,,BOA VIAGEM,COLISÃO LATERAL,1,1,0,0,0,0,0,0,0,1,0,,,,,,,,,,,,,
2023-08-12 00:00:00,12:36:00,COM VÍTIMA,FINALIZADA,SANTO AMARO,RUA DOIS DE JULHO,316,,AO LADO DO SENAI,SANTO AMARO,,,COLISÃO LATERAL,1,1,0,0,0,0,0,0,0,1,0,,,,,,,,,,,,,
2023-08-12 00:00:00,01:35:00,COM VÍTIMA,FINALIZADA,ILHA DO LEITE,RUA HENRIQUE DIAS,,,NOVO COCO BAMBU / SENTIDO BOA VIAGEM,ILHA DO LEITE,,,COLISÃO TRASEIRA,2,0,0,0,0,0,0,0,0,2,0,,,,,,,,,,,,,
2023-08-12 00:00:00,02:08:00,COM VÍTIMA,FINALIZADA,CASA AMARELA,AV NORTE MIGUEL ARRAES DE ALENCAR,,,EM FRENTE AO RESTAURANTE PAJE,CASA AMARELA,,CIDADE,COLISÃO TRASEIRA,1,3,0,0,0,0,0,0,0,2,0,,,,,,,,,,,,,
2023-08-12 00:00:00,03:41:00,COM VÍTIMA,FINALIZADA,GRACAS,AV RUI BARBOSA,,,EM FRENTE AO COLEGIO DAMAS,GRACAS,,,COLISÃO LATERAL,0,1,0,0,0,0,0,0,0,1,0,,,,,,,,,,,,,
2023-08-12 00:00:00,04:25:00,COM VÍTIMA,FINALIZADA,DOIS IRMAOS,RUA DOIS IRMAOS,1143,,ANTES DO AÇUDE DE APIPUCOS,DOIS IRMAOS,,,COLISÃO LATERAL,0,0,0,0,0,0,0,0,0,1,0,,,,,,,,,,,,,
2023-08-12 00:00:00,04:27:00,COM VÍTIMA,CANCELADA,JORDAO,AV DONA CARENTINA,287,,TERMINAL DE ÔNIBUS,JORDAO,,,COLISÃO LATERAL,0,0,0,0,0,0,0,0,0,1,0,,,,,,,,,,,,,
2023-08-12 00:00:00,08:48:00,COM VÍTIMA,CANCELADA,JORDAO,AV DONA CARENTINA,287,,PRÓXIMO AO TERMINAL DE ÔNIBUS DO JORDÃO ALTO,JORDAO,,,COLISÃO LATERAL,0,1,0,0,0,0,0,0,0,1,0,,,,,,,,,,,,,
2023-08-12 00:00:00,10:46:00,COM VÍTIMA,FINALIZADA,IMBIRIBEIRA,AV MARECHAL MASCARENHAS DE MORAES,436,,E/F À LOJA GRILLO FLORES E POSTO YPIRANGA,IMBIRIBEIRA,,,COLISÃO LATERAL,1,1,0,0,0,0,0,0,0,1,0,,,,,,,,,,,,,
2023-08-13 00:00:00,12:03:00,COM VÍTIMA,CANCELADA,IPSEP,AV SALDANHA MARINHO,407,RUA SILVEIRA NETO,PRÓXIMO AO RESTAURANTE DO LUNA,IPSEP,,,COLISÃO LATERAL,0,1,0,0,0,0,0,0,0,1,0,,,,,,,,,,,,,
2023-08-13 00:00:00,04:00:00,SEM VÍTIMA,FINALIZADA,BOA VIAGEM,AV BOA VIAGEM,4558,,EDF. MARIA LEOPOLDINA,BOA VIAGEM,,,COLISÃO TRASEIRA,0,0,0,0,0,0,0,0,0,0,0,,,,,,,,,,,,,
2023-08-13 00:00:00,05:26:00,COM VÍTIMA,FINALIZADA,SANTO AMARO,AV CRUZ CABUGA,,,E/F À IGREJA UNIVERSAL DO REINO DE DEUS,SANTO AMARO,,,COLISÃO LATERAL,1,1,0,0,0,0,0,0,0,1,0,,,,,,,,,,,,,
2023-08-13 00:00:00,09:41:00,COM VÍTIMA,FINALIZADA,IMBIRIBEIRA,AV MARECHAL MASCARENHAS DE MORAES,,,AV MARE MASCARENHAS DE MORAES 7571 EM FRENTE AO AEROPORTO NA PARTE DE CARGA QUE ESTA EM CONSTRUÇAO PROX AO HOTEL IBIS PROX AO RETORNO,IMBIRIBEIRA,,,COLISÃO LATERAL,0,1,0,0,0,0,0,0,0,1,0,,,,,,,,,,,,,
2023-08-13 00:00:00,12:30:00,COM VÍTIMA,FINALIZADA,BOMBA DO HEMETERIO,RUA BOMBA DO HEMETERIO,570,,E/F A IGREJA UNIVERSAL  PROX AO NOVO ATACAREJO,BOMBA DO HEMETERIO,,,COLISÃO LATERAL,0,0,0,0,0,0,0,0,0,1,0,,,,,,,,,,,,,
2023-08-13 00:00:00,01:42:00,COM VÍTIMA,FINALIZADA,JOANA BEZERRA,RUA JARAGUARI,161,,PROX ACADEMIA DA CIDADE E A ESTAÇÃO JOANA BEZERRA,JOANA BEZERRA,,,COLISÃO LATERAL,0,1,0,0,0,0,0,0,0,1,0,,,,,,,,,,,,,
2023-08-13 00:00:00,05:31:00,COM VÍTIMA,FINALIZADA,CASA AMARELA,EST DO ARRAIAL,1888,,PROX A ESCOLA DOM VITAL E AO ARMAZEM TOSCANO,CASA AMARELA,,,COLISÃO LATERAL,0,1,0,0,0,0,0,0,0,1,0,,,,,,,,,,,,,
2023-08-13 00:00:00,07:40:00,COM VÍTIMA,FINALIZADA,JARDIM SAO PAULO,AV SAO PAULO,,,EM FRENTE A FARMÁCIA PAGUE MENOS,JARDIM SAO PAULO,,,COLISÃO FRONTAL,1,1,0,0,0,0,0,0,0,1,0,,,,,,,,,,,,,
2023-08-14 00:00:00,07:01:00,COM VÍTIMA,FINALIZADA,BOA VIAGEM,AV DES JOSE NEVES,,,"PX TUNEL,SENTIDO ATACADAO , SHOPING BOA VIAGEM",BOA VIAGEM,,,COLISÃO LATERAL,0,1,0,0,0,0,0,0,0,1,0,,,,,,,,,,,,,
2023-08-14 00:00:00,07:15:00,SEM VÍTIMA,FINALIZADA,BOA VIAGEM,AV ENGENHEIRO DOMINGOS FERREIRA,2600,RUA PROFESSOR JOSE BRANDAO,LADO OPOSTO A FARMACIA INDEPENDENTE,BOA VIAGEM,550,SUBURBIO,COLISÃO TRANSVERSAL,1,1,0,0,0,0,0,0,0,0,0,,,,,,,,,,,,,
2023-08-14 00:00:00,07:50:00,COM VÍTIMA,FINALIZADA,JIQUIA,AV DR JOSE RUFINO,488,,EM FRENTE A LOJA ARMAZEM CORAL  / BODE DO NO  / POSTO DO JOÃO DIAS,JIQUIA,,,COLISÃO FRONTAL,1,1,0,0,0,0,0,0,0,1,0,,,,,,,,,,,,,
2023-08-14 00:00:00,07:53:00,COM VÍTIMA,FINALIZADA,SANTO AMARO,AV GOVERNADOR AGAMENON MAGALHAES,,,POSTO BR,SANTO AMARO,,,ATROPELAMENTO DE PESSOA,1,0,0,0,1,0,0,0,0,1,0,,,,,,,,,,,,,
2023-08-14 00:00:00,07:58:00,COM VÍTIMA,FINALIZADA,SAO JOSE,AV SUL,,,PX A SEDE DO GALO E POSTO DE GASOLINA SAO JOSE,SAO JOSE,,,QUEDA,0,1,0,0,0,0,0,0,0,1,0,,,,,,,,,,,,,
2023-08-14 00:00:00,08:53:00,COM VÍTIMA,FINALIZADA,SANTO AMARO,AV NORTE MIGUEL ARRAES DE ALENCAR,15036,,PX A PRAÇA DA PICANHA E A CHEVROLET VEICULOS,SANTO AMARO,,,COLISÃO LATERAL,0,1,0,0,0,0,0,0,0,1,0,,,,,,,,,,,,,
2023-08-14 00:00:00,09:17:00,COM VÍTIMA,FINALIZADA,SAO JOSE,RUA DAS CALCADAS,,,PROX A FARMACIA SUCESSO FARMA EM FRENTE AO ATACADO DOS PRESENTES,SAO JOSE,,,COLISÃO LATERAL,0,1,0,0,0,0,0,0,0,1,0,,,,,,,,,,,,,
2023-08-14 00:00:00,09:20:00,COM VÍTIMA,FINALIZADA,BOA VIAGEM,AV ENGENHEIRO DOMINGOS FERREIRA,,,PROX A FARMACIA INDEPENDENTE,BOA VIAGEM,,,COLISÃO LATERAL,0,1,0,0,0,0,0,0,0,1,0,,,,,,,,,,,,,
2023-08-14 00:00:00,09:50:00,COM VÍTIMA,FINALIZADA,TORRE,RUA SOUZA BANDEIRA,496,,PROX A PADARIA DELIA DO TRIGO PROX A CASA DO BOLO,TORRE,,,COLISÃO LATERAL,0,1,0,0,0,0,0,0,0,1,0,,,,,,,,,,,,,
2023-08-14 00:00:00,10:11:00,COM VÍTIMA,FINALIZADA,ARRUDA,RUA CLARA,,,PROX AO ARMAZEM DA VIVIANE,ARRUDA,,,COLISÃO FRONTAL,0,1,0,0,0,0,0,0,0,1,0,,,,,,,,,,,,,
2023-08-14 00:00:00,10:23:00,COM VÍTIMA,FINALIZADA,CASA AMARELA,RUA ARNOLDO MAGALHAES,,,PROX COLEGIO CARLOS DE LIMA CAVALCANTE,CASA AMARELA,,,COLISÃO FRONTAL,0,1,0,0,0,0,0,0,0,1,0,,,,,,,,,,,,,
2023-08-14 00:00:00,12:00:00,COM VÍTIMA,FINALIZADA,VARZEA,AV JOAQUIM RIBEIRO,,,PROX A FACUDADE UNINASSAL PROX A ESTACAO BRT BARREIRAS NO RETORNO,VARZEA,0,,COLISÃO LATERAL,0,1,0,0,0,0,0,0,0,1,0,,,,,,,,,,,,,
2023-08-14 00:00:00,12:00:00,COM VÍTIMA,FINALIZADA,CAXANGA,RUA RIBEIRO PESSOA,,,EM FRENTE A UPA DA CAXANGA / SENTIDO CAMARAGIBE,CAXANGA,,SUBURBIO,COLISÃO FRONTAL,1,1,0,0,0,0,0,0,0,1,0,,,,,,,,,,,,,
2023-08-14 00:00:00,12:53:00,COM VÍTIMA,FINALIZADA,TAMARINEIRA,EST DO ARRAIAL,,,PROX A LOJA JOSÉ ARAUJO,TAMARINEIRA,,,COLISÃO FRONTAL,0,1,0,0,0,0,0,0,0,1,0,,,,,,,,,,,,,
2023-08-14 00:00:00,02:28:00,COM VÍTIMA,FINALIZADA,ESPINHEIRO,AV JOAO DE BARROS,3230,,E/F AO POSTO SELECTA,ESPINHEIRO,,,QUEDA,0,1,0,0,0,0,0,0,0,1,0,,,,,,,,,,,,,
2023-08-14 00:00:00,03:37:00,SEM VÍTIMA,FINALIZADA,SANTO AMARO,AV MARIO MELO,,,ASSEMBLEIA DE DEUS,SANTO AMARO,,,COLISÃO LATERAL,0,1,0,0,0,0,0,1,0,0,0,,,,,,,,,,,,,
2023-08-14 00:00:00,03:49:00,COM VÍTIMA,FINALIZADA,CASA FORTE,AV DEZESSETE DE AGOSTO,1553,,HA 100 METROS DA PRAÇA DE CASA FORTE  E PROX AO ESCRITORIO CALDAS,CASA FORTE,,,COLISÃO LATERAL,0,1,0,0,0,0,0,0,0,1,0,,,,,,,,,,,,,
2023-08-14 00:00:00,05:46:00,COM VÍTIMA,FINALIZADA,BONGI,RUA ISAAC MARKMAN,492,,NEOENERGIA,BONGI,,,COLISÃO LATERAL,0,0,0,0,0,0,0,0,0,1,0,,,,,,,,,,,,,
2023-08-14 00:00:00,05:46:00,COM VÍTIMA,FINALIZADA,SANTO AMARO,AV GOVERNADOR AGAMENON MAGALHAES,6078,,PROXIMO AO POSTO POLICIAL / SENTIDO OLINDA,SANTO AMARO,,,COLISÃO LATERAL,0,1,0,0,0,0,0,0,0,1,0,,,,,,,,,,,,,
2023-08-14 00:00:00,05:46:00,COM VÍTIMA,FINALIZADA,CAXANGA,AV CAXANGA,2800,,E/F A PADARIA REPUBLICA DO PAO   E PROX A EXPOSIÇAO DE ANIMAIS,CAXANGA,,,COLISÃO LATERAL,0,0,0,0,0,0,0,0,0,1,0,,,,,,,,,,,,,
2023-08-14 00:00:00,06:46:00,COM VÍTIMA,CANCELADA,BAIRRO DO RECIFE,RUA DO BRUM,621,,PREFEITURA,BAIRRO DO RECIFE,,,COLISÃO LATERAL,0,1,0,0,0,0,0,0,0,1,0,,,,,,,,,,,,,
2023-08-15 00:00:00,06:40:00,COM VÍTIMA,FINALIZADA,CORDEIRO,RUA JORNALISTA TRAJANO CHACON,,,EM FRENTE AO PARQUE DE EXPOSIÇÕES DO CORDEIRO,CORDEIRO,,,COLISÃO LATERAL,0,1,0,0,0,1,0,0,0,1,0,,,,,,,,,,,,,
2023-08-15 00:00:00,09:29:00,COM VÍTIMA,FINALIZADA,IPSEP,AV RECIFE,,,PROX AO POSTO DE GASOLINA FEDERAL / PROX A GUSTAVO VEÍCULOS,IPSEP,,,COLISÃO TRASEIRA,0,1,0,0,0,0,0,0,0,1,0,,,,,,,,,,,,,
2023-08-15 00:00:00,09:45:00,COM VÍTIMA,FINALIZADA,AFOGADOS,RUA VINTE E UM DE ABRIL,,,EM FRENTE A PADARIA IPIRANGA,AFOGADOS,,,COLISÃO TRASEIRA,0,2,0,0,0,0,0,0,0,1,0,,,,,,,,,,,,,
2023-08-15 00:00:00,09:51:00,COM VÍTIMA,FINALIZADA,AFOGADOS,RUA VINTE E UM DE ABRIL,398,,PROX AO ARRETADO DE BOM,AFOGADOS,,,COLISÃO LATERAL,1,1,0,0,0,0,0,0,0,1,0,,,,,,,,,,,,,
2023-08-15 00:00:00,11:31:00,SEM VÍTIMA,FINALIZADA,BAIRRO DO RECIFE,RUA DO OBSERVATORIO,,RUA DE SAO JORGE,POR TRÁS DA RECEITA FEDERAL   PEGANDO A ESQUINA DA MARINHA,BAIRRO DO RECIFE,,,COLISÃO TRASEIRA,1,0,0,0,0,0,0,1,0,0,0,,,,,,,,,,,,,
2023-08-15 00:00:00,11:39:00,COM VÍTIMA,FINALIZADA,IMBIRIBEIRA,AV MARECHAL MASCARENHAS DE MORAES,,,EM FRENTE ASSOCIAÇÃO DOS FORNECEDORES DE CANA  / PROX A FACULDADE UNIVERSO,IMBIRIBEIRA,,,COLISÃO LATERAL,0,1,0,0,0,0,0,0,0,1,0,,,,,,,,,,,,,
2023-08-15 00:00:00,01:35:00,COM VÍTIMA,FINALIZADA,JOANA BEZERRA,VDO PAPA JOAO PAULO II,,,NA SUBIDA DO VIADUTO  S/T FORUM JOANA BEZERRA EO PINA,JOANA BEZERRA,,,COLISÃO TRASEIRA,1,1,0,0,0,0,0,0,0,1,0,,,,,,,,,,,,,
2023-08-15 00:00:00,02:43:00,SEM VÍTIMA,FINALIZADA,SAO JOSE,RUA FLORIANO PEIXOTO,,RUA PASSO DA PATRIA,EM FRENTE À ESTAÇÃO METRÔ DO RECIFE,SAO JOSE,,CIDADE,COLISÃO TRASEIRA,2,0,0,0,0,0,0,0,0,0,0,,,,,,,,,,,,,
2023-08-15 00:00:00,02:49:00,SEM VÍTIMA,FINALIZADA,SAO JOSE,RUA PASSO DA PATRIA,383,,EM FRENTE A MOTO CRUZ,SAO JOSE,,,COLISÃO TRASEIRA,1,0,0,0,0,0,0,1,0,0,0,,,,,,,,,,,,,
2023-08-15 00:00:00,04:14:00,COM VÍTIMA,FINALIZADA,GRACAS,RUA DO FUTURO,492,,EDF. SENHOR DO BONFIM,GRACAS,,,COLISÃO LATERAL,1,1,0,0,0,0,0,0,0,1,0,,,,,,,,,,,,,
2023-08-15 00:00:00,06:17:00,SEM VÍTIMA,FINALIZADA,MADALENA,AV CAXANGA,,,POSTO IPIRANGA,MADALENA,,SUBURBIO,COLISÃO,0,0,0,0,0,1,0,1,0,0,0,,,,,,,,,,,,,
2023-08-15 00:00:00,06:43:00,COM VÍTIMA,FINALIZADA,BOA VISTA,RUA JOAO LIRA,,RUA DA UNIAO,AO LADO DA COMPESA,BOA VISTA,,,ATROPELAMENTO DE PESSOA,1,0,0,0,1,0,0,0,0,1,0,,,,,,,,,,,,,
2023-08-15 00:00:00,09:55:00,COM VÍTIMA,FINALIZADA,IMBIRIBEIRA,VIADUTO TANCREDO NEVES,,,EM CIMA DO VIADUTO TANCREDO NEVES,IMBIRIBEIRA,,,COLISÃO TRASEIRA,1,1,0,0,0,0,0,0,0,1,0,,,,,,,,,,,,,