data,hora,natureza,situacao,bairro,endereco,numero,detalhe_endereco_acidente,complemento,bairro_cruzamento,num_semaforo,sentido_via,tipo,auto,moto,ciclom,ciclista,pedestre,onibus,caminhao,viatura,outros,vitimas,vitimasfatais,acidente_verificado,tempo_clima,situacao_semaforo,sinalizacao,condicao_via,conservacao_via,ponto_controle,situacao_placa,velocidade_max_via,mao_direcao,divisao_via1,divisao_via2,divisao_via3
2023-08-15 00:00:00,10:12:00,COM VÍTIMA,FINALIZADA,SAN MARTIN,RUA OUREM,,,RESIDENCIAL QUINTA DE SANTO ANTONIO,SAN MARTIN,,,COLISÃO LATERAL,0,1,0,0,0,0,0,0,0,1,0,,,,,,,,,,,,,
2023-08-15 00:00:00,10:42:00,COM VÍTIMA,FINALIZADA,JOANA BEZERRA,RUA JARAGUARI,,,PRÓXIMO AO FORUM E ACADEMIA DA CIDADE,JOANA BEZERRA,,,ATROPELAMENTO DE PESSOA,0,0,0,0,1,1,0,0,0,1,0,,,,,,,,,,,,,
2023-08-16 00:00:00,01:20:00,COM VÍTIMA,FINALIZADA,CAXANGA,AV JOAQUIM RIBEIRO,868,,EM FRENTE AO POSTO DISLUB,CAXANGA,,,COLISÃO LATERAL,0,0,0,0,0,0,0,0,0,1,0,,,,,,,,,,,,,
2023-08-16 00:00:00,06:54:00,COM VÍTIMA,FINALIZADA,SANTO AMARO,AV GOVERNADOR AGAMENON MAGALHAES,,,EM FRENTE A FABRICA TACARUNA,SANTO AMARO,,,COLISÃO LATERAL,0,1,0,0,0,0,0,0,0,1,0,,,,,,,,,,,,,
2023-08-16 00:00:00,08:05:00,COM VÍTIMA,FINALIZADA,TAMARINEIRA,RUA CONEGO BARATA,,AV CONS ROSA E SILVA,ANTES DO SINAL 061 COMENDORIA DA PIZZA,TAMARINEIRA,61,,COLISÃO FRONTAL,1,1,0,0,0,0,0,0,0,1,0,,,,,,,,,,,,,
2023-08-16 00:00:00,10:45:00,COM VÍTIMA,FINALIZADA,BOA VISTA,RUA DA SOLEDADE,,,EM FRENTE AO ALTINO VENTURA,BOA VISTA,,,COLISÃO FRONTAL,2,0,0,0,0,0,0,0,0,1,0,,,,,,,,,,,,,
2023-08-16 00:00:00,12:45:00,COM VÍTIMA,FINALIZADA,MUSTARDINHA,AV MANOEL GONCALVES DA LUZ,,,PROX A FARMACIA INDEPENDENTE / PROX A PRAÇA DO ABC,MUSTARDINHA,,,COLISÃO FRONTAL,1,1,0,0,0,0,0,0,0,1,0,,,,,,,,,,,,,
2023-08-16 00:00:00,12:55:00,COM VÍTIMA,FINALIZADA,CAMPO GRANDE,RUA FARIAS NEVES,,,PROX A PRAÇA DE CAMPO GRANDE,CAMPO GRANDE,,,COLISÃO LATERAL,1,1,0,0,0,0,0,0,0,2,0,,,,,,,,,,,,,
2023-08-16 00:00:00,03:50:00,COM VÍTIMA,FINALIZADA,IMBIRIBEIRA,AV MARECHAL MASCARENHAS DE MORAES,,,LADO OPOSTO À FERREIRA COSTA,IMBIRIBEIRA,,,COLISÃO LATERAL,0,1,0,0,0,0,0,0,0,1,0,,,,,,,,,,,,,
2023-08-16 00:00:00,04:09:00,COM VÍTIMA,DUPLICIDADE,IMBIRIBEIRA,AV MARECHAL MASCARENHAS DE MORAES,,,E/F A FERREIRA COSTA,IMBIRIBEIRA,,,COLISÃO LATERAL,0,0,0,0,0,0,0,0,0,1,0,,,,,,,,,,,,,
2023-08-16 00:00:00,04:18:00,COM VÍTIMA,FINALIZADA,ARRUDA,AV BEBERIBE,,,SEMÁFORO 492,ARRUDA,,,COLISÃO LATERAL,1,1,0,0,0,0,0,0,0,1,0,,,,,,,,,,,,,
2023-08-16 00:00:00,04:47:00,COM VÍTIMA,FINALIZADA,IMBIRIBEIRA,AV PINHEIROS,820,,E/F AO CONDOMINIO  ILHA  CIRIUS   PROX A LAGOA DO ARAÇA,IMBIRIBEIRA,,,COLISÃO LATERAL,0,1,0,0,0,0,0,0,0,1,0,,,,,,,,,,,,,
2023-08-16 00:00:00,05:05:00,COM VÍTIMA,FINALIZADA,DOIS IRMAOS,RUA MANUEL DE MEDEIROS,223,,BIBLIOTECA CENTRAL DA RURAL,DOIS IRMAOS,,,COLISÃO LATERAL,0,0,0,0,0,0,0,0,0,1,0,,,,,,,,,,,,,
2023-08-16 00:00:00,07:17:00,COM VÍTIMA,CANCELADA,NOVA DESCOBERTA,AV VEREADOR OTACILIO AZEVEDO,1998,,EM FRENTE AO ESPETINHO DO JUCA,NOVA DESCOBERTA,,,COLISÃO FRONTAL,1,1,0,0,0,0,0,0,0,1,0,,,,,,,,,,,,,
2023-08-16 00:00:00,07:21:00,COM VÍTIMA,CANCELADA,ESPINHEIRO,AV GOVERNADOR AGAMENON MAGALHAES,6402,,PROXIMO AO VIADUTO DA AV. JOÃO DE BARROS,ESPINHEIRO,,,COLISÃO FRONTAL,1,1,0,0,0,0,0,0,0,1,0,,,,,,,,,,,,,
2023-08-16 00:00:00,11:39:00,COM VÍTIMA,CANCELADA,JARDIM SAO PAULO,,,,"- RUA TAVARES DE HOLANDA, . - SOBRE O VIADUTO DA AV RECIFE, QUE DAR ACESSO A CEASA.",JARDIM SAO PAULO,,,COLISÃO FRONTAL,0,1,0,0,0,0,0,0,0,1,0,,,,,,,,,,,,,
2023-08-17 00:00:00,01:41:00,COM VÍTIMA,FINALIZADA,CASA AMARELA,EST DO ARRAIAL,2385,,DEPOIS DA LOJA FERREIRA COSTA,CASA AMARELA,,,COLISÃO LATERAL,0,1,0,0,0,0,1,0,0,1,0,,,,,,,,,,,,,
2023-08-17 00:00:00,02:01:00,COM VÍTIMA,FINALIZADA,CURADO,,,,"PROX. DA JUSTIÇA FEDERAL, NO SENTIDO CEASA",CURADO,,,COLISÃO FRONTAL,1,1,0,0,0,0,0,0,0,1,0,,,,,,,,,,,,,
2023-08-17 00:00:00,02:13:00,COM VÍTIMA,FINALIZADA,SANTO AMARO,AV NORTE MIGUEL ARRAES DE ALENCAR,,RUA TREZE DE MAIO,,SANTO AMARO,36,,COLISÃO LATERAL,1,1,0,0,0,0,0,0,0,1,0,,,,,,,,,,,,,
2023-08-17 00:00:00,02:45:00,COM VÍTIMA,FINALIZADA,SANTO AMARO,RUA DA AURORA,,,EM FRENTE A ESCULTURA (TORTURA NUNCA MAIS),SANTO AMARO,,,CHOQUE,1,0,0,0,0,0,0,0,0,1,0,,,,,,,,,,,,,
2023-08-17 00:00:00,06:45:00,COM VÍTIMA,FINALIZADA,VARZEA,RUA PROFESSOR ANTONIO COELHO,,RUA JOAO SALES MENEZES,NO SEMAFORO 651,VARZEA,,,COLISÃO LATERAL,2,0,0,0,0,0,0,0,0,1,0,,,,,,,,,,,,,
2023-08-17 00:00:00,07:21:00,COM VÍTIMA,FINALIZADA,SANTO AMARO,AV CRUZ CABUGA,,,EM FRENTE AO HOSPITAL DE SANTO AMARO,SANTO AMARO,,,ATROPELAMENTO DE PESSOA,0,1,0,0,1,0,0,0,0,1,0,,,,,,,,,,,,,
2023-08-17 00:00:00,07:43:00,COM VÍTIMA,FINALIZADA,ARRUDA,AV BEBERIBE,,,EM FRENTE AO CANAL DA CONSTRUÇÃO,ARRUDA,,,COLISÃO FRONTAL,1,1,0,0,0,0,0,0,0,1,0,,,,,,,,,,,,,
2023-08-17 00:00:00,10:25:00,COM VÍTIMA,FINALIZADA,SANTO AMARO,AV CRUZ CABUGA,,,EM FRENTE AO HOSPITAL NAVAL,SANTO AMARO,,,COLISÃO LATERAL,0,1,0,0,0,1,0,0,0,1,0,,,,,,,,,,,,,
2023-08-17 00:00:00,11:03:00,SEM VÍTIMA,FINALIZADA,CASA AMARELA,EST DO ARRAIAL,,,EM FRENTE AO GOPSITAL AGAMENON MAGALHAES,CASA AMARELA,,,COLISÃO LATERAL,2,0,0,0,0,0,0,0,0,0,0,,,,,,,,,,,,,
2023-08-17 00:00:00,11:16:00,COM VÍTIMA,FINALIZADA,AGUA FRIA,EST VELHA DE AGUA FRIA,,,EM FRENTE AO DENOX,AGUA FRIA,,,COLISÃO LATERAL,0,1,0,0,0,0,0,0,0,1,0,,,,,,,,,,,,,
2023-08-17 00:00:00,01:11:00,COM VÍTIMA,FINALIZADA,BOA VISTA,AV CONDE DA BOA VISTA,2479,RUA DOM BOSCO,E/F A EMLURB,BOA VISTA,,,COLISÃO LATERAL,0,1,0,0,0,0,0,0,0,1,0,,,,,,,,,,,,,
2023-08-17 00:00:00,02:33:00,COM VÍTIMA,FINALIZADA,TORRE,RUA MARQUES DE MARICA,271,,PROX A PRAÇA BARRETO DE CAMPELO,TORRE,,,COLISÃO LATERAL,0,1,0,0,0,0,0,0,0,1,0,,,,,,,,,,,,,
2023-08-17 00:00:00,05:09:00,COM VÍTIMA,FINALIZADA,CORREGO DO JENIPAPO,AV DA RECUPERACAO,6425,,PROX A UPA,CORREGO DO JENIPAPO,,,COLISÃO TRASEIRA,1,1,0,0,0,0,0,0,0,1,0,,,,,,,,,,,,,
2023-08-17 00:00:00,09:17:00,COM VÍTIMA,CANCELADA,IMBIRIBEIRA,RUA ITACARI,95,,PRÓXIMO AO BANCO ITAÚ,IMBIRIBEIRA,,,COLISÃO TRANSVERSAL,0,1,0,0,0,0,0,0,0,1,0,,,,,,,,,,,,,
2023-08-17 00:00:00,09:19:00,COM VÍTIMA,FINALIZADA,BOA VIAGEM,AV BOA VIAGEM,,,EM FRENTE AO QUIOSQUE 53 E EDF. EL GRECO,BOA VIAGEM,,,COLISÃO LATERAL,1,1,0,0,0,0,0,0,0,1,0,,,,,,,,,,,,,
2023-08-17 00:00:00,10:41:00,COM VÍTIMA,CANCELADA,BOA VIAGEM,RUA CRUZEIRO DO FORTE,240,,PROXIMO AO SINDICATO DOS AEROVIÁRIOS,BOA VIAGEM,,,COLISÃO LATERAL,1,1,0,0,0,0,0,0,0,1,0,,,,,,,,,,,,,
2023-08-18 00:00:00,07:23:00,COM VÍTIMA,FINALIZADA,ENCRUZILHADA,AV BEBERIBE,176,,EM FRENTE AO POSTO DE GASOLINA SHELL / PROX A FARMACIA DROGASIL,ENCRUZILHADA,,,COLISÃO FRONTAL,0,1,0,0,0,0,0,0,0,1,0,,,,,,,,,,,,,
2023-08-18 00:00:00,07:38:00,COM VÍTIMA,FINALIZADA,CAMPO GRANDE,RUA ODORICO MENDES,,,EM FRENTE AO STTYLLO SUPERMERCADO / PROX A CENTRAL DE F,CAMPO GRANDE,,,COLISÃO FRONTAL,0,0,0,0,0,0,0,0,0,1,0,,,,,,,,,,,,,
2023-08-18 00:00:00,07:59:00,COM VÍTIMA,FINALIZADA,JARDIM SAO PAULO,AV LIBERDADE,839,,PROX A ANTIGA DELEGACIA ROUBOS E FURTOS,JARDIM SAO PAULO,,,COLISÃO LATERAL,0,1,0,0,0,0,0,0,0,1,0,,,,,,,,,,,,,
2023-08-18 00:00:00,08:00:00,COM VÍTIMA,FINALIZADA,ESTANCIA,AV RECIFE,3471,,EM FRENTE AO RESTAURANTE PICANHA REAL / PROX AO POSTO SHELL. SENTIDO  SAN MARTINS,ESTANCIA,,,COLISÃO LATERAL,0,1,0,0,0,0,0,0,0,1,0,,,,,,,,,,,,,
2023-08-18 00:00:00,08:37:00,COM VÍTIMA,FINALIZADA,TEJIPIO,AV LIBERDADE,860,,PROX AO CEMITERIO PARQUE DAS FLORES,TEJIPIO,,,COLISÃO TRANSVERSAL,1,1,0,0,0,0,0,0,0,1,0,,,,,,,,,,,,,
2023-08-18 00:00:00,09:21:00,COM VÍTIMA,FINALIZADA,IPSEP,AV RECIFE,,,EM FRENTE A LOJA PNUS DAIVE SERNTIDO HOSPITAL GERAL DE AREIAS,IPSEP,,,COLISÃO TRASEIRA,0,1,0,0,0,0,0,0,0,1,0,,,,,,,,,,,,,
2023-08-18 00:00:00,11:05:00,COM VÍTIMA,FINALIZADA,BARRO,AV DR JOSE RUFINO,,,PROX A IGREJA CATOLICA / E PROX A ESCOLA IMACULADA CONCEIÇÃO,BARRO,,,COLISÃO LATERAL,0,1,0,0,0,0,0,0,0,1,0,,,,,,,,,,,,,
2023-08-18 00:00:00,11:44:00,COM VÍTIMA,FINALIZADA,VASCO DA GAMA,RUA PIRIZAL,183,,"PROX A OFICINA MARCELO MOTOS , SEGUINDO PELA AV NORTE , SUBINDO O ALTO DO EUCALPTO PRIMEIRA RUA A DIREITA",VASCO DA GAMA,,,QUEDA,0,1,0,0,0,0,0,0,0,1,0,,,,,,,,,,,,,
2023-08-18 00:00:00,12:24:00,COM VÍTIMA,FINALIZADA,MADALENA,RUA JOSE OSORIO,,,EM FRENTE A AUTO CAR / PROX A CONCERSIONARIASR KALANGO,MADALENA,,,COLISÃO LATERAL,1,1,0,0,0,0,0,0,0,1,0,,,,,,,,,,,,,
2023-08-18 00:00:00,12:27:00,COM VÍTIMA,FINALIZADA,CORDEIRO,AV MAURICIO DE NASSAU,402,,PROX AO POSTO DE SAUDE JOSE DUSTAN / EMFRENTE AO RESTAURANTE AZINHA MASTER,CORDEIRO,,,COLISÃO FRONTAL,1,1,0,0,0,0,0,0,0,1,0,,,,,,,,,,,,,
2023-08-18 00:00:00,12:54:00,COM VÍTIMA,FINALIZADA,AFOGADOS,EST DOS REMEDIOS,,,PROX AO ARMAZEM CORAL /  POSTO PRETONEC,AFOGADOS,,,COLISÃO LATERAL,0,1,0,0,0,0,0,0,0,1,0,,,,,,,,,,,,,
2023-08-18 00:00:00,01:00:00,COM VÍTIMA,FINALIZADA,BOA VISTA,RUA DO RIACHUELO,453,,POR TRÁS DO HOSPITAL DO EXERCITO,BOA VISTA,,,COLISÃO LATERAL,0,2,0,0,0,0,0,0,0,2,0,,,,,,,,,,,,,
2023-08-18 00:00:00,01:17:00,COM VÍTIMA,FINALIZADA,BOA VIAGEM,RUA PADRE CABRAL,304,,POR TRÁS DO RESTAURANTE TIO PEPI,BOA VIAGEM,,,COLISÃO LATERAL,0,1,0,0,0,0,0,0,0,1,0,,,,,,,,,,,,,
2023-08-18 00:00:00,01:29:00,SEM VÍTIMA,FINALIZADA,JARDIM SAO PAULO,AV RECIFE,,,EM FRENTE A LOJA FUMÊ E PROXIMO AO RESTAURANTE SOMBRA DA MANGUEIRA/ SENTIDO BOA VIAGEM,JARDIM SAO PAULO,,,COLISÃO LATERAL,0,2,0,0,0,0,0,0,0,0,0,,,,,,,,,,,,,
2023-08-18 00:00:00,01:59:00,COM VÍTIMA,FINALIZADA,PINA,AV REPUBLICA DO LIBANO,,,ENTRADA DO RIOMAR,PINA,,,COLISÃO FRONTAL,1,1,0,0,0,0,0,0,0,1,0,,,,,,,,,,,,,
2023-08-18 00:00:00,02:20:00,COM VÍTIMA,FINALIZADA,PINA,RUA NOGUEIRA DE SOUZA,166,,PROX A ENTRADA DO SHOPPING RIOMAR,PINA,,,COLISÃO LATERAL,0,0,0,0,0,0,0,0,0,1,0,,,,,,,,,,,,,
2023-08-18 00:00:00,04:22:00,COM VÍTIMA,FINALIZADA,BOA VIAGEM,AV DES JOSE NEVES,1881,RUA RIBEIRO DE BRITO,PROX AO COLEGIO 2001  E  A OFICINA MARTELINHO DE OURO,BOA VIAGEM,,,COLISÃO LATERAL,1,0,0,0,0,0,0,0,0,1,0,,,,,,,,,,,,,
2023-08-18 00:00:00,04:23:00,COM VÍTIMA,FINALIZADA,BOA VIAGEM,AV DES JOSE NEVES,,,NA SAIDA DO TUNEL,BOA VIAGEM,,,COLISÃO TRASEIRA,2,0,0,0,0,0,0,0,0,1,0,,,,,,,,,,,,,
2023-08-18 00:00:00,05:07:00,COM VÍTIMA,FINALIZADA,ARRUDA,RUA ANA MAURICIA WANDERLEY,,,PROX AO MR CROCK FRANGO FRITO  E A ESCOLA ANA NERY,ARRUDA,,,COLISÃO LATERAL,0,0,0,0,0,0,0,0,0,1,0,,,,,,,,,,,,,
2023-08-18 00:00:00,05:12:00,COM VÍTIMA,CANCELADA,BOA VISTA,RUA DO RIACHUELO,685,,E/F AO  COLEGIO PINTO JUNIOR,BOA VISTA,,,COLISÃO LATERAL,0,0,0,0,0,0,0,0,0,1,0,,,,,,,,,,,,,
2023-08-18 00:00:00,07:45:00,COM VÍTIMA,FINALIZADA,SANTO AMARO,AV GOVERNADOR AGAMENON MAGALHAES,4928,,PRÓXIMO AO POSTO BR - SENTIDO OLINDA,SANTO AMARO,,,COLISÃO LATERAL,0,1,0,0,0,0,0,0,0,1,0,,,,,,,,,,,,,
2023-08-18 00:00:00,08:19:00,COM VÍTIMA,FINALIZADA,VARZEA,RUA GENERAL POLIDORO,,RUA BATINGA,EM A FARMACIA ESPERANÇA,VARZEA,,,COLISÃO LATERAL,1,1,0,0,0,0,0,0,0,1,0,,,,,,,,,,,,,
2023-08-18 00:00:00,09:04:00,SEM VÍTIMA,FINALIZADA,AREIAS,AV DR JOSE RUFINO,1495,,FARMÁCIA DROGASIL / IGREJA PRESBITERIANA,AREIAS,44,CIDADE,COLISÃO LATERAL,0,1,0,0,0,0,0,1,0,0,0,,,,,,,,,,,,,
2023-08-18 00:00:00,10:20:00,COM VÍTIMA,FINALIZADA,IPUTINGA,AV HISTORIAD JORDAO EMERENCIANO,285,,PRÓXIMO AO ATACADÃO DA BR 101,IPUTINGA,,,COLISÃO LATERAL,0,1,0,0,0,0,0,0,0,1,0,,,,,,,,,,,,,
2023-08-19 00:00:00,12:09:00,SEM VÍTIMA,FINALIZADA,TORROES,AV ENGENHEIRO ABDIAS DE CARVALHO,,,CIA DA PEÇA,TORROES,,SUBURBIO,CHOQUE,2,0,0,0,0,0,0,1,0,0,0,,,,,,,,,,,,,
2023-08-19 00:00:00,09:19:00,SEM VÍTIMA,FINALIZADA,IMBIRIBEIRA,AV MARECHAL MASCARENHAS DE MORAES,2666,RUA DR TAVARES CORREIA,PRÓXIMO A LOJA CENTER AÇO,IMBIRIBEIRA,289,SUBURBIO,COLISÃO,1,0,0,0,0,0,1,0,0,0,0,,,,,,,,,,,,,
2023-08-19 00:00:00,12:03:00,COM VÍTIMA,FINALIZADA,TORREAO,AV GOVERNADOR AGAMENON MAGALHAES,,,EM FRENTE AO HOSPITAL MANDACARU O POSTO BR NO RETORNO,TORREAO,,,COLISÃO LATERAL,1,1,0,0,0,0,0,0,0,2,0,,,,,,,,,,,,,
2023-08-19 00:00:00,12:28:00,COM VÍTIMA,FINALIZADA,ARRUDA,AV BEBERIBE,,,E/F A LOJA CANAL DA CONSTRUÇAO  E A EMPRESA DE ONIBUS SAO PAULO,ARRUDA,,,COLISÃO LATERAL,0,1,0,0,0,0,0,0,0,1,0,,,,,,,,,,,,,
2023-08-19 00:00:00,02:21:00,COM VÍTIMA,FINALIZADA,IMBIRIBEIRA,AV MARECHAL MASCARENHAS DE MORAES,,,ANTES DO VIADUTO TANCREDO NEVES  S/T CID  NA ENTRADA DA FABRICA SOLOS SANTINI,IMBIRIBEIRA,,,CAPOTAMENTO,1,0,0,0,0,0,0,0,0,1,0,,,,,,,,,,,,,
2023-08-19 00:00:00,02:58:00,COM VÍTIMA,FINALIZADA,AFOGADOS,RUA SAO MIGUEL,5863,,PROX AO POSTO DE GASOLINA DISLUB  E OS CORREIOS,AFOGADOS,,,COLISÃO LATERAL,0,0,0,0,0,0,0,0,0,1,0,,,,,,,,,,,,,
2023-08-19 00:00:00,03:27:00,COM VÍTIMA,FINALIZADA,BOA VIAGEM,RUA VISCONDE DE JEQUITINHONHA,902,,EM FRENTE AO BRITANIC INGLES,BOA VIAGEM,,,COLISÃO LATERAL,1,1,0,0,0,0,0,0,0,1,0,,,,,,,,,,,,,
2023-08-19 00:00:00,06:20:00,COM VÍTIMA,FINALIZADA,BARRO,AV DR JOSE RUFINO,3390,,EM CIMA DO VIADUTO QUE LIGA A BR 101 E PROX A ESCOLA ALBERTO TORRES,BARRO,,,COLISÃO LATERAL,0,1,0,0,0,0,0,0,0,1,0,,,,,,,,,,,,,
2023-08-19 00:00:00,06:21:00,COM VÍTIMA,FINALIZADA,SANTO AMARO,RUA DA AURORA,1379,,PROX A PONTO DO LIMOEIRO E PROX A CHEVROLET E  A TV UNIVERSITARIA,SANTO AMARO,,,COLISÃO LATERAL,0,1,0,0,0,0,0,0,0,1,0,,,,,,,,,,,,,
2023-08-19 00:00:00,06:30:00,COM VÍTIMA,FINALIZADA,CAXANGA,AV CAXANGA,,AV GENERAL SAN MARTIN,PROX A ESTÇÃO DO TERMINAL DE GETULIO VARGAS,CAXANGA,,,COLISÃO COM CICLISTA,1,0,0,1,0,0,0,0,0,1,0,,,,,,,,,,,,,
2023-08-19 00:00:00,06:56:00,COM VÍTIMA,FINALIZADA,PAISSANDU,RUA PAISSANDU,,AV GOVERNADOR AGAMENON MAGALHAES,,PAISSANDU,69,,COLISÃO TRANSVERSAL,1,1,0,0,0,0,0,0,0,1,0,,,,,,,,,,,,,
2023-08-19 00:00:00,07:28:00,COM VÍTIMA,FINALIZADA,BOA VIAGEM,RUA COSMORAMA,,,EM FRENTE AO CLUBE DAS AGUIAS,BOA VIAGEM,,,COLISÃO FRONTAL,1,1,0,0,0,0,0,0,0,1,0,,,,,,,,,,,,,
2023-08-19 00:00:00,07:36:00,COM VÍTIMA,FINALIZADA,SAN MARTIN,AV GENERAL SAN MARTIN,,,EM FRENTE A CAVALARIA,SAN MARTIN,,,COLISÃO TRANSVERSAL,0,1,0,0,0,0,0,0,0,1,0,,,,,,,,,,,,,
2023-08-19 00:00:00,09:25:00,COM VÍTIMA,FINALIZADA,TORRE,RUA MELQUISEDEQUE DE LIMA,13,,EM FRENTE DO FRUTE VERDE,TORRE,,,COLISÃO LATERAL,0,1,0,0,0,0,0,0,0,1,0,,,,,,,,,,,,,
2023-08-20 00:00:00,01:38:00,COM VÍTIMA,FINALIZADA,BOA VIAGEM,RUA VISCONDE DE JEQUITINHONHA,,,EM FRENTE AO BAR VILA SETÚBAL,BOA VIAGEM,,,COLISÃO FRONTAL,0,0,0,0,0,0,0,0,0,1,0,,,,,,,,,,,,,
2023-08-20 00:00:00,12:00:00,COM VÍTIMA,FINALIZADA,IMBIRIBEIRA,RUA MARIA VICENTINA DA SILVA,,,APOS A FACULDADE BOA VIAGEM SEGUNDA RUA A DIREITA,IMBIRIBEIRA,,,COLISÃO TRASEIRA,1,0,0,0,0,1,0,0,0,1,0,,,,,,,,,,,,,
2023-08-20 00:00:00,01:41:00,COM VÍTIMA,FINALIZADA,BOA VISTA,AV GOVERNADOR AGAMENON MAGALHAES,,,EM FRENTE AO HOSPITAL MEMORIAL SÃO JOSE,BOA VISTA,6861,,COLISÃO LATERAL,0,1,0,0,0,0,0,0,0,1,0,,,,,,,,,,,,,
2023-08-20 00:00:00,04:03:00,COM VÍTIMA,FINALIZADA,BOA VIAGEM,RUA JOAO CARDOSO AIRES,421,,PROXIMO AO RECIBOM,BOA VIAGEM,574,,COLISÃO LATERAL,1,1,0,0,0,0,0,0,0,1,0,,,,,,,,,,,,,
2023-08-20 00:00:00,05:26:00,COM VÍTIMA,FINALIZADA,IBURA,RUA PARNARAMA,44,,PROXIMO A ECO ESTAÇÃO E AO COLEGIO CRISTIANO CORDEIRO,IBURA,,,COLISÃO LATERAL,0,1,0,0,0,0,0,0,0,1,0,,,,,,,,,,,,,
2023-08-20 00:00:00,09:40:00,COM VÍTIMA,FINALIZADA,CAXANGA,AV CAXANGA,,,EM FRENTE AO COMPAZ MIGUEL ARRAES,CAXANGA,,,ATROPELAMENTO DE PESSOA,2,0,0,0,2,0,0,0,0,2,0,,,,,,,,,,,,,
2023-08-20 00:00:00,10:27:00,COM VÍTIMA,FINALIZADA,SANTO AMARO,AV GOVERNADOR AGAMENON MAGALHAES,3490,,"PROXIMO AO VIADUTO DA AV NORTE, E POSTO DE GASOLINA PETROBRÁS",SANTO AMARO,,,COLISÃO LATERAL,0,1,0,0,0,0,0,0,0,1,0,,,,,,,,,,,,,
2023-08-20 00:00:00,10:40:00,COM VÍTIMA,FINALIZADA,MADALENA,RUA JOSE OSORIO,,AV VISCONDE DE ALBUQUERQUE,EM FRENTE A EXTRA FARMA,MADALENA,50,,COLISÃO LATERAL,0,2,0,0,0,0,0,0,0,1,0,,,,,,,,,,,,,
2023-08-21 00:00:00,06:22:00,COM VÍTIMA,FINALIZADA,IBURA,RUA RIO XINGU,,,EM FRENTE A PADARIA PAN ZILDA,IBURA,,,COLISÃO LATERAL,0,1,0,0,0,0,0,0,8,1,0,,,,,,,,,,,,,
2023-08-21 00:00:00,06:37:00,COM VÍTIMA,FINALIZADA,APIPUCOS,RUA DE APIPUCOS,,RUA CORONEL JOAO BATISTA DO REGO BARROS,PROX. AO POSTO DE SAUDE SÃO JOAO,APIPUCOS,540,,COLISÃO LATERAL,1,1,0,0,0,0,0,0,0,1,0,,,,,,,,,,,,,
2023-08-21 00:00:00,07:11:00,COM VÍTIMA,FINALIZADA,IMBIRIBEIRA,AVENIDA CELSO FURTADO (VIA MANGUE),,,COMPLEXO DO VIDUTO ENG. ANTONIO DE QUIEROS GALVÃO,IMBIRIBEIRA,,,QUEDA,0,1,0,0,0,0,0,0,0,2,0,,,,,,,,,,,,,
2023-08-21 00:00:00,07:16:00,COM VÍTIMA,FINALIZADA,BOA VISTA,RUA GONCALVES MAIA,,,PROX AO CONSULADO AMERICANO,BOA VISTA,,,COLISÃO FRONTAL,0,1,0,0,0,0,0,0,0,1,0,,,,,,,,,,,,,
2023-08-21 00:00:00,07:44:00,SEM VÍTIMA,FINALIZADA,BOA VIAGEM,RUA VISCONDE DE JEQUITINHONHA,,,APÓS A CAPELA DE NOSSA SRA DO LORETO,BOA VIAGEM,,SUBURBIO,COLISÃO TRASEIRA,3,0,0,0,0,0,0,0,0,0,0,,,,,,,,,,,,,
2023-08-21 00:00:00,09:32:00,COM VÍTIMA,DUPLICIDADE,IMBIRIBEIRA,AV MARECHAL MASCARENHAS DE MORAES,,,EM FRENTE A TOYLEX /PROX A VIADUTO,IMBIRIBEIRA,,,COLISÃO LATERAL,1,0,0,0,0,0,0,0,0,1,0,,,,,,,,,,,,,
2023-08-21 00:00:00,09:44:00,COM VÍTIMA,FINALIZADA,IMBIRIBEIRA,AV MARECHAL MASCARENHAS DE MORAES,4555,,TOYOLEX,IMBIRIBEIRA,,,COLISÃO TRASEIRA,2,0,0,0,0,0,0,0,0,1,0,,,,,,,,,,,,,
2023-08-21 00:00:00,10:03:00,COM VÍTIMA,FINALIZADA,JOANA BEZERRA,VIADUTO CAPITAO TEMUDO,,,SOBRE VIADUTO NO SENTIDO OLINDA / ANTES DO HOSPITAL PORTUGUÊS,JOANA BEZERRA,,,COLISÃO FRONTAL,0,1,0,0,0,0,0,0,0,1,0,,,,,,,,,,,,,
2023-08-21 00:00:00,10:09:00,COM VÍTIMA,FINALIZADA,SANTO AMARO,AV GOVERNADOR AGAMENON MAGALHAES,,,"NA DESCIDA DO VIADUTO AO LADO DO SHOPPING TACARUNA, SENT. BOA VIAGEM",SANTO AMARO,,,COLISÃO LATERAL,0,1,0,0,0,0,0,0,0,1,0,,,,,,,,,,,,,
2023-08-21 00:00:00,10:19:00,COM VÍTIMA,FINALIZADA,SANTO AMARO,AV CRUZ CABUGA,,,E/F ASSEMBLEIA DE DEUS,SANTO AMARO,,,COLISÃO TRASEIRA,1,1,0,0,0,0,0,0,0,1,0,,,,,,,,,,,,,
2023-08-21 00:00:00,10:23:00,COM VÍTIMA,FINALIZADA,PRADO,AV ENGENHEIRO ABDIAS DE CARVALHO,,,PROX. A HABIB´S,PRADO,,,COLISÃO LATERAL,0,1,0,0,0,0,0,0,0,1,0,,,,,,,,,,,,,
2023-08-21 00:00:00,10:56:00,COM VÍTIMA,FINALIZADA,TAMARINEIRA,AV CONS ROSA E SILVA,1108,,POSTO SHEL,TAMARINEIRA,,,COLISÃO LATERAL,1,0,0,1,0,0,0,0,0,1,0,,,,,,,,,,,,,
2023-08-21 00:00:00,11:06:00,COM VÍTIMA,FINALIZADA,IPUTINGA,AV CAXANGA,,,EM FRENTE A LOJA DE VEICULOS SM PRIME / EM FRENTE DA ESTAÇÃO BRT PARQUE DO CORDEIRO,IPUTINGA,,,COLISÃO FRONTAL,0,1,0,0,0,0,0,0,0,1,0,,,,,,,,,,,,,
2023-08-21 00:00:00,01:19:00,COM VÍTIMA,FINALIZADA,ILHA DO RETIRO,AV ENGENHEIRO ABDIAS DE CARVALHO,,,DE FRENTE A LOJA DO SPORT,ILHA DO RETIRO,,,COLISÃO TRASEIRA,1,1,0,0,0,0,0,0,0,1,0,,,,,,,,,,,,,
2023-08-21 00:00:00,04:34:00,COM VÍTIMA,FINALIZADA,AGUA FRIA,RUA NAZARE,64,,PROXIMO AO MERCADO PUBLICO DE ÁGUA FRIA E PROXIMO A NEXOS TELECON,AGUA FRIA,,,COLISÃO LATERAL,0,1,0,0,0,0,0,0,0,1,0,,,,,,,,,,,,,
2023-08-21 00:00:00,12:00:00,COM VÍTIMA,FINALIZADA,BONGI,AV ENGENHEIRO ABDIAS DE CARVALHO,2248,,PROXIMO AO TROCÃO E PROXIMO AO SR AUTO PEÇAS,BONGI,,,CHOQUE,1,0,0,0,0,0,0,0,0,1,0,,,,,,,,,,,,,
2023-08-21 00:00:00,06:25:00,COM VÍTIMA,FINALIZADA,BOA VIAGEM,AV CONSELHEIRO AGUIAR,,,SEMÁFORO 005,BOA VIAGEM,,,COLISÃO LATERAL,1,1,0,0,0,0,0,0,0,1,0,,,,,,,,,,,,,
2023-08-21 00:00:00,06:51:00,COM VÍTIMA,FINALIZADA,MANGABEIRA,AV NORTE MIGUEL ARRAES DE ALENCAR,,,SESC CASA AMARELA,MANGABEIRA,,,COLISÃO LATERAL,0,0,0,0,0,0,0,0,0,1,0,,,,,,,,,,,,,
2023-08-21 00:00:00,08:31:00,COM VÍTIMA,FINALIZADA,MADALENA,RUA REAL DA TORRE,,,PROXIMO À ESCOLA JOAQUIM TÁVORA E AO TÚNEL DA ABOLIÇÃO,MADALENA,,,COLISÃO LATERAL,1,1,0,0,0,0,0,0,0,1,0,,,,,,,,,,,,,