data,hora,natureza,situacao,bairro,endereco,numero,detalhe_endereco_acidente,complemento,bairro_cruzamento,num_semaforo,sentido_via,tipo,auto,moto,ciclom,ciclista,pedestre,onibus,caminhao,viatura,outros,vitimas,vitimasfatais,acidente_verificado,tempo_clima,situacao_semaforo,sinalizacao,condicao_via,conservacao_via,ponto_controle,situacao_placa,velocidade_max_via,mao_direcao,divisao_via1,divisao_via2,divisao_via3
2023-08-21 00:00:00,08:31:00,COM VÍTIMA,FINALIZADA,BOA VISTA,RUA DOM BOSCO,1000,,PROXIMO AO SAMU,BOA VISTA,,,COLISÃO LATERAL,1,1,0,0,0,0,0,0,0,1,0,,,,,,,,,,,,,
2023-08-21 00:00:00,09:04:00,COM VÍTIMA,FINALIZADA,SANTO AMARO,AV GOVERNADOR AGAMENON MAGALHAES,7954,,PROX AO POSTO DE COMBUSTÍVEL DISLUB,SANTO AMARO,,SUBURBIO,COLISÃO LATERAL,0,2,0,0,0,0,0,0,0,1,0,,,,,,,,,,,,,
2023-08-21 00:00:00,09:18:00,COM VÍTIMA,FINALIZADA,BARRO,AV DR JOSE RUFINO,,,SOBRE O VIADUTO DA BR-101,BARRO,,,COLISÃO FRONTAL,0,0,0,0,0,0,0,0,0,1,0,,,,,,,,,,,,,
2023-08-22 00:00:00,03:16:00,SEM VÍTIMA,FINALIZADA,SAO JOSE,RUA REALEZA,5,,AO LADO DO NÚMERO 05,SAO JOSE,,CIDADE,CHOQUE,1,0,0,0,0,0,0,0,0,0,0,,,,,,,,,,,,,
2023-08-22 00:00:00,06:54:00,COM VÍTIMA,FINALIZADA,SAN MARTIN,AV JOAO CABRAL DE MELO NETO,134,,RESTAURANTE XODO,SAN MARTIN,,,COLISÃO LATERAL,1,1,0,0,0,0,0,0,0,1,0,,,,,,,,,,,,,
2023-08-22 00:00:00,07:16:00,COM VÍTIMA,FINALIZADA,IBURA,AV SANTOS,,,PX A COMPESA,IBURA,,,COLISÃO LATERAL,0,1,0,0,0,0,0,0,0,1,0,,,,,,,,,,,,,
2023-08-22 00:00:00,08:32:00,COM VÍTIMA,FINALIZADA,SAN MARTIN,AV GENERAL SAN MARTIN,,,PROX A PRAÇA GENERAL SAN MARTIN,SAN MARTIN,,,COLISÃO LATERAL,1,1,0,0,0,0,0,0,0,1,0,,,,,,,,,,,,,
2023-08-22 00:00:00,09:24:00,SEM VÍTIMA,FINALIZADA,SANTO AMARO,RUA TREZE DE MAIO,,,EM FRENTE A ESCOLA ESTADUAL JOSÉ MARIA,SANTO AMARO,,,COLISÃO,1,0,0,0,0,0,0,1,0,0,0,,,,,,,,,,,,,
2023-08-22 00:00:00,10:41:00,COM VÍTIMA,FINALIZADA,MADALENA,AV CAXANGA,,,EM FRENTE AO COMPAZ MIGUEL ARRAES / SENTIDO RECIFE  PROX AO SEMÁFORO,MADALENA,,,COLISÃO FRONTAL,0,1,0,0,0,0,0,0,0,1,0,,,,,,,,,,,,,
2023-08-22 00:00:00,10:49:00,SEM VÍTIMA,FINALIZADA,BOA VIAGEM,AV CONSELHEIRO AGUIAR,,RUA PADRE BERNADINO PESSOA,SEMÁFORO 125 / PROX A FARMACIA SANTA MARIA,BOA VIAGEM,,,COLISÃO FRONTAL,2,1,0,0,0,0,0,0,0,0,0,,,,,,,,,,,,,
2023-08-22 00:00:00,01:51:00,COM VÍTIMA,FINALIZADA,BOA VIAGEM,AV VINTE DE JANEIRO,651,,AO LADO DO ANTIGO  GAPAO DA SADIA E A  PROX AO COLEGIO DOURADO  EA FEIJOADA DO LEOPOLDO,BOA VIAGEM,,,COLISÃO LATERAL,0,1,0,0,0,0,0,0,0,1,0,,,,,,,,,,,,,
2023-08-22 00:00:00,03:34:00,COM VÍTIMA,FINALIZADA,SANTO AMARO,AV GOVERNADOR AGAMENON MAGALHAES,,,ENTRADA DO SHOP TACARUNA LADO DA AGAMENON,SANTO AMARO,,,COLISÃO LATERAL,1,1,0,0,0,0,1,0,0,1,0,,,,,,,,,,,,,
2023-08-22 00:00:00,04:15:00,SEM VÍTIMA,FINALIZADA,AFOGADOS,RUA NICOLAU PEREIRA,,,,AFOGADOS,73,CIDADE,COLISÃO,1,0,0,0,0,0,0,1,0,0,0,,,,,,,,,,,,,
2023-08-22 00:00:00,04:25:00,COM VÍTIMA,FINALIZADA,MADALENA,AV CAXANGA,409,,CENTRAL DAS BATERIAS,MADALENA,,,COLISÃO FRONTAL,2,1,0,1,0,0,0,0,0,1,0,,,,,,,,,,,,,
2023-08-22 00:00:00,06:31:00,COM VÍTIMA,FINALIZADA,BOA VIAGEM,RUA RIBEIRO DE BRITO,772,,PROX AO SHOP RECIFE/PADARIA RIO SERGIO,BOA VIAGEM,,,COLISÃO LATERAL,1,1,0,0,0,0,0,0,0,1,0,,,,,,,,,,,,,
2023-08-22 00:00:00,10:41:00,COM VÍTIMA,FINALIZADA,BOA VISTA,RUA DO PROGRESSO,269,RUA DAS NINFAS,,BOA VISTA,,,COLISÃO FRONTAL,2,0,0,0,0,0,0,0,0,1,0,,,,,,,,,,,,,
2023-08-23 00:00:00,08:10:00,COM VÍTIMA,FINALIZADA,AREIAS,AV DR JOSE RUFINO,2323,,NA FRENTE DA IGREJA PREBISTERIANA E COLEGIO INCENTIVO,AREIAS,,,COLISÃO LATERAL,0,1,0,0,0,0,0,0,0,1,0,,,,,,,,,,,,,
2023-08-23 00:00:00,08:11:00,COM VÍTIMA,FINALIZADA,CASA AMARELA,AV NORTE MIGUEL ARRAES DE ALENCAR,12396,,EM FRENTE A BARRO LIMA,CASA AMARELA,,,COLISÃO LATERAL,0,1,0,0,0,0,0,0,0,1,0,,,,,,,,,,,,,
2023-08-23 00:00:00,08:11:00,COM VÍTIMA,FINALIZADA,MACAXEIRA,AV NORTE MIGUEL ARRAES DE ALENCAR,10379,,APOS O PARQUE DA MACAXEIRA  PROXIMO A ESCOLA ESTADUAL MARIA AMALIA,MACAXEIRA,,,COLISÃO LATERAL,0,1,0,0,0,0,0,0,0,1,0,,,,,,,,,,,,,
2023-08-23 00:00:00,09:57:00,COM VÍTIMA,FINALIZADA,BEBERIBE,AV BEBERIBE,,,PROX A PIZZARIA REI DO ARUMADINHO PROX A MB RASTREAMENTO,BEBERIBE,,,COLISÃO LATERAL,0,1,0,0,0,0,0,0,0,1,0,,,,,,,,,,,,,
2023-08-23 00:00:00,12:57:00,COM VÍTIMA,FINALIZADA,CASA AMARELA,AV PEDRO ALLAIN,87,,PX RETIFICA PADRA E LOJAO DAS CLINICAS,CASA AMARELA,,,COLISÃO LATERAL,0,0,1,0,0,0,0,0,0,1,0,,,,,,,,,,,,,
2023-08-23 00:00:00,03:11:00,COM VÍTIMA,FINALIZADA,ILHA DO RETIRO,RUA TABAIARES,56,,POR TRAS DO GINASIO DO SPORT E PROXIMO AO SEBRAE,ILHA DO RETIRO,,,COLISÃO LATERAL,0,1,0,0,0,0,0,0,0,1,0,,,,,,,,,,,,,
2023-08-23 00:00:00,03:14:00,COM VÍTIMA,FINALIZADA,ILHA DO LEITE,RUA FRANCISCO ALVES,1460,,AO LADO DO HOSPITAL ESPERANÇA E EM FRENTE A CASA LUX OTICA,ILHA DO LEITE,,,COLISÃO LATERAL,0,1,0,0,0,0,0,0,0,1,0,,,,,,,,,,,,,
2023-08-23 00:00:00,04:31:00,COM VÍTIMA,FINALIZADA,IMBIRIBEIRA,VIADUTO TANCREDO NEVES,,,DESCIDA DO VIADUTO,IMBIRIBEIRA,,,COLISÃO FRONTAL,1,1,0,0,0,0,0,0,0,1,0,,,,,,,,,,,,,
2023-08-23 00:00:00,06:23:00,SEM VÍTIMA,FINALIZADA,BOA VIAGEM,RUA ERNESTO DE PAULA SANTOS,,RUA JONATHAS DE VASCONCELOS,EM FRENTE AO POSTO PETROBRAS,BOA VIAGEM,,CIDADE,COLISÃO,1,0,0,0,0,0,1,0,0,0,0,,,,,,,,,,,,,
2023-08-23 00:00:00,07:30:00,COM VÍTIMA,FINALIZADA,IPSEP,AV RECIFE,,,,IPSEP,393,,COLISÃO LATERAL,0,1,0,0,0,0,0,0,0,1,0,,,,,,,,,,,,,
2023-08-23 00:00:00,08:35:00,SEM VÍTIMA,FINALIZADA,SANTO AMARO,RUA ISRAEL FONSECA,93,,EM FRENTE AO Nº 93,SANTO AMARO,,SUBURBIO,COLISÃO,1,1,0,0,0,0,0,0,0,0,0,,,,,,,,,,,,,
2023-08-23 00:00:00,10:38:00,COM VÍTIMA,FINALIZADA,BOA VIAGEM,AV CONSELHEIRO AGUIAR,,RUA ATLANTICO,JHONY GASTROBAR,BOA VIAGEM,,,COLISÃO TRASEIRA,1,1,0,0,0,0,0,0,0,1,0,,,,,,,,,,,,,
2023-08-24 00:00:00,12:02:00,COM VÍTIMA,FINALIZADA,PINA,AV HERCULANO BANDEIRA,543,,PRÓXIMO AO ATACADO DOS PRESENTES,PINA,,,COLISÃO LATERAL,1,1,0,0,0,0,0,0,0,1,0,,,,,,,,,,,,,
2023-08-24 00:00:00,06:06:00,COM VÍTIMA,FINALIZADA,SANTO AMARO,AV MARIO MELO,,,,SANTO AMARO,171,,COLISÃO TRANSVERSAL,0,2,0,0,0,0,0,0,0,2,0,,,,,,,,,,,,,
2023-08-24 00:00:00,12:49:00,SEM VÍTIMA,FINALIZADA,SANTO AMARO,RUA DO POMBAL,,PRC DO CAMPO SANTO,SESC DE SANTO AMARO,SANTO AMARO,,SUBURBIO,COLISÃO,1,0,0,0,0,0,0,0,0,0,0,,,,,,,,,,,,,
2023-08-24 00:00:00,12:56:00,COM VÍTIMA,FINALIZADA,JORDAO,AV MARIA IRENE,,,ANTES DO ATACAREJO   EDF JAYME RAMALHO,JORDAO,,,COLISÃO FRONTAL,1,1,0,0,0,0,0,0,0,2,0,,,,,,,,,,,,,
2023-08-24 00:00:00,01:23:00,COM VÍTIMA,FINALIZADA,DOIS IRMAOS,RUA MANUEL DE MEDEIROS,252,,EM FRENTE A UFRPE E PROXIMO AO HOSPITAL VETERINARIO DA UFRPE,DOIS IRMAOS,,,COLISÃO LATERAL,0,1,0,0,0,0,0,0,0,1,0,,,,,,,,,,,,,
2023-08-24 00:00:00,06:07:00,COM VÍTIMA,CANCELADA,DOIS IRMAOS,AV DA RECUPERACAO,259,,EM FRENTE AO TRADICIONAL CALDO DE CANA / FONTE DA ÁGUA MINERAL NOVA ERA,DOIS IRMAOS,,,COLISÃO LATERAL,0,0,0,0,0,0,0,0,0,1,0,,,,,,,,,,,,,
2023-08-24 00:00:00,06:44:00,COM VÍTIMA,FINALIZADA,IMBIRIBEIRA,RUA ITAJAI,779,,MOTEL IMPERIO,IMBIRIBEIRA,,,COLISÃO LATERAL,0,1,0,0,0,0,0,0,0,1,0,,,,,,,,,,,,,
2023-08-24 00:00:00,07:18:00,COM VÍTIMA,FINALIZADA,CABANGA,AV ENGENHEIRO JOSE ESTELITA,879,,,CABANGA,,CIDADE,COLISÃO LATERAL,0,1,0,0,0,0,0,0,0,2,0,,,,,,,,,,,,,
2023-08-24 00:00:00,08:57:00,COM VÍTIMA,FINALIZADA,IBURA,AV DOIS RIOS,,RUA RIO XINGU,EM FRENTE AO POSTO BR,IBURA,,,COLISÃO FRONTAL,1,1,0,0,0,0,0,0,0,2,0,,,,,,,,,,,,,
2023-08-24 00:00:00,10:06:00,COM VÍTIMA,CANCELADA,IBURA,AV DOIS RIOS,301,,PRÓXIMO À CLÍNICA À CLÍNICA ARNALDO MARQUES,IBURA,,,COLISÃO LATERAL,0,1,0,0,0,0,0,0,0,1,0,,,,,,,,,,,,,
2023-08-25 00:00:00,12:21:00,COM VÍTIMA,CANCELADA,SANTO AMARO,AV GOVERNADOR AGAMENON MAGALHAES,,RUA ODORICO MENDES,PRÓXIMO AO IC E CEPLANC,SANTO AMARO,,,COLISÃO TRASEIRA,0,2,0,0,0,0,0,0,0,2,0,,,,,,,,,,,,,
2023-08-25 00:00:00,06:29:00,COM VÍTIMA,FINALIZADA,MACAXEIRA,AV NORTE MIGUEL ARRAES DE ALENCAR,,,PROX. AO PARQUE E INTEGRAÇÃO DA MACAXEIRA,MACAXEIRA,,,COLISÃO LATERAL,0,1,0,0,0,0,0,0,0,1,0,,,,,,,,,,,,,
2023-08-25 00:00:00,08:01:00,SEM VÍTIMA,FINALIZADA,DOIS UNIDOS,AV HILDEBRANDO DE VASCONCELOS,24,,PROX AO DEPOSITO DE BEBIDA ALBURQUEQUE,DOIS UNIDOS,,,COLISÃO LATERAL,1,0,0,0,0,1,0,0,0,0,0,,,,,,,,,,,,,
2023-08-25 00:00:00,08:30:00,COM VÍTIMA,FINALIZADA,CASA AMARELA,AV NORTE MIGUEL ARRAES DE ALENCAR,4895,,IGREJA DO AMOR,CASA AMARELA,,,COLISÃO LATERAL,1,0,0,1,0,0,0,0,0,1,0,,,,,,,,,,,,,
2023-08-25 00:00:00,08:56:00,SEM VÍTIMA,FINALIZADA,BOA VISTA,RUA DA SAUDADE,,,AO LADO DO EDIFÍCIO MARAJÓ,BOA VISTA,308,,COLISÃO TRASEIRA,3,0,0,0,0,0,0,0,0,0,0,,,,,,,,,,,,,
2023-08-25 00:00:00,11:16:00,COM VÍTIMA,FINALIZADA,BOA VIAGEM,RUA ANTONIO FALCAO,80,,EMBAIXO DO VIADUTO DA VIA MANGUE,BOA VIAGEM,,,COLISÃO LATERAL,0,1,0,0,0,0,0,0,0,1,0,,,,,,,,,,,,,
2023-08-25 00:00:00,11:31:00,COM VÍTIMA,FINALIZADA,IMBIRIBEIRA,RUA DUQUE ESTRADA,59,,"CRUZAMENTO COM A RUA BARAO DE AGUA BRANCA , PROX AO LE PARK",IMBIRIBEIRA,,,COLISÃO LATERAL,0,1,0,0,0,0,0,0,0,1,0,,,,,,,,,,,,,
2023-08-25 00:00:00,01:50:00,COM VÍTIMA,FINALIZADA,BOA VISTA,RUA PRINCESA IZABEL,107,,E/F A CAMARA  MUNICIPAL DOS VEREADORES,BOA VISTA,,,COLISÃO LATERAL,1,1,0,0,0,0,0,0,0,1,0,,,,,,,,,,,,,
2023-08-25 00:00:00,02:26:00,COM VÍTIMA,FINALIZADA,IMBIRIBEIRA,RUA ITAJUBA,243,,PROX AO PANDEIRÃO E AO ARMAZEM ALICERPE,IMBIRIBEIRA,,,COLISÃO LATERAL,0,1,0,0,0,0,0,0,0,1,0,,,,,,,,,,,,,
2023-08-25 00:00:00,04:26:00,COM VÍTIMA,FINALIZADA,AFOGADOS,AV SUL,1880,,MARMOARIA,AFOGADOS,,,COLISÃO LATERAL,1,0,0,1,0,0,0,0,0,1,0,,,,,,,,,,,,,
2023-08-25 00:00:00,05:58:00,COM VÍTIMA,FINALIZADA,NOVA DESCOBERTA,AV VEREADOR OTACILIO AZEVEDO,366,,PROXIMO A FABRICA DA KINITOS E PROXIMO AO PSF DA VILA DA BOA VISTA,NOVA DESCOBERTA,,,COLISÃO LATERAL,0,1,0,0,0,0,0,0,0,1,0,,,,,,,,,,,,,
2023-08-25 00:00:00,06:12:00,COM VÍTIMA,FINALIZADA,SANTO AMARO,AV GOVERNADOR AGAMENON MAGALHAES,8659,,JEEP / SENTIDO OLINDA,SANTO AMARO,,,COLISÃO LATERAL,0,0,0,0,0,0,0,0,0,1,0,,,,,,,,,,,,,
2023-08-25 00:00:00,06:25:00,COM VÍTIMA,FINALIZADA,ARRUDA,AV BEBERIBE,,,DE FRENTE AO ESTÁDIO DO SANTA CRUZ,ARRUDA,,,COLISÃO LATERAL,0,0,0,1,0,1,0,0,0,1,0,,,,,,,,,,,,,
2023-08-25 00:00:00,07:25:00,COM VÍTIMA,FINALIZADA,MADALENA,RUA JOSE OSORIO,680,,TEXEIRA PRIME,MADALENA,,,COLISÃO FRONTAL,0,2,0,0,0,0,0,0,0,2,0,,,,,,,,,,,,,
2023-08-25 00:00:00,08:30:00,COM VÍTIMA,CANCELADA,VASCO DA GAMA,RUA DOIS DE FEVEREIRO,368,,,VASCO DA GAMA,,,COLISÃO LATERAL,0,1,0,0,0,0,0,0,0,1,0,,,,,,,,,,,,,
2023-08-25 00:00:00,08:36:00,SEM VÍTIMA,FINALIZADA,LINHA DO TIRO,AV ANIBAL BENEVOLO,952,,BORRACHARIA DO BURRO ANÃ,LINHA DO TIRO,,CIDADE,COLISÃO,0,1,0,0,0,0,0,1,0,0,0,,,,,,,,,,,,,
2023-08-25 00:00:00,11:27:00,COM VÍTIMA,CANCELADA,BARRO,AV DR JOSE RUFINO,3276,,EM FRENTE AO QUARTEL DO QUARTO BATALHÃO,BARRO,,,COLISÃO TRANSVERSAL,0,1,0,0,0,0,0,0,0,1,0,,,,,,,,,,,,,
2023-08-26 00:00:00,05:09:00,COM VÍTIMA,FINALIZADA,CAMPO GRANDE,AV GOVERNADOR AGAMENON MAGALHAES,,,PRÓXIMO A CENTRAL DE FLAGRANTES,CAMPO GRANDE,,CIDADE,COLISÃO FRONTAL,1,1,0,0,0,0,0,0,0,1,0,,,,,,,,,,,,,
2023-08-26 00:00:00,07:17:00,COM VÍTIMA,FINALIZADA,ESPINHEIRO,AV GOVERNADOR AGAMENON MAGALHAES,,,EMPRESARIAL AGAMENON MAGALHAES,ESPINHEIRO,,,COLISÃO TRASEIRA,1,1,0,0,0,0,0,0,0,1,0,,,,,,,,,,,,,
2023-08-26 00:00:00,08:16:00,COM VÍTIMA,FINALIZADA,SANTO AMARO,AV GOVERNADOR AGAMENON MAGALHAES,,,EM FRENTE A DELEGACIA DE FLAGRANTE,SANTO AMARO,49,,COLISÃO LATERAL,1,1,0,0,0,0,0,0,0,1,0,,,,,,,,,,,,,
2023-08-26 00:00:00,12:00:00,SEM VÍTIMA,FINALIZADA,AFLITOS,AV CONS ROSA E SILVA,1086,,ESTACIONAMENTO INTERNO DO CLUBE NÁUTICO,AFLITOS,,SUBURBIO,COLISÃO,1,0,0,0,0,0,0,1,0,0,0,,,,,,,,,,,,,
2023-08-26 00:00:00,12:09:00,COM VÍTIMA,FINALIZADA,ENCRUZILHADA,AV NORTE MIGUEL ARRAES DE ALENCAR,8956,,AO LADO DA CONCESSIONARIA RENAULT,ENCRUZILHADA,,,COLISÃO TRASEIRA,1,2,0,0,0,0,0,0,0,2,0,,,,,,,,,,,,,
2023-08-26 00:00:00,03:22:00,COM VÍTIMA,FINALIZADA,JARDIM SAO PAULO,RUA DR DEVALDO BORGES,106,,EM FRENTE A FARMACIA PAGUE MENOS E AO CAMPO EL SALVADOR,JARDIM SAO PAULO,,,COLISÃO LATERAL,0,1,0,0,0,0,0,0,0,1,0,,,,,,,,,,,,,
2023-08-26 00:00:00,03:59:00,COM VÍTIMA,FINALIZADA,AFOGADOS,RUA SAO MIGUEL,268,,DEPATRI DELEGACIA,AFOGADOS,,,COLISÃO FRONTAL,1,1,0,0,0,0,0,0,0,1,0,,,,,,,,,,,,,
2023-08-26 00:00:00,04:03:00,SEM VÍTIMA,FINALIZADA,SANTO AMARO,AV GOVERNADOR AGAMENON MAGALHAES,,,REITORIA DA UPE,SANTO AMARO,465,SUBURBIO,COLISÃO,1,0,0,0,0,0,0,1,0,0,0,,,,,,,,,,,,,
2023-08-26 00:00:00,06:18:00,COM VÍTIMA,FINALIZADA,AGUA FRIA,RUA CORONEL URBANO RIBEIRO DE SENA,522,,COMPESA,AGUA FRIA,,,COLISÃO LATERAL,0,0,0,0,0,0,0,0,0,1,0,,,,,,,,,,,,,
2023-08-26 00:00:00,07:22:00,COM VÍTIMA,FINALIZADA,SANTO AMARO,RUA DOS PALMARES,194,,E/F AO POSTO MÉDICO JULIÃO - PROXIMO AO PROCAP,SANTO AMARO,,,COLISÃO LATERAL,1,1,0,0,0,0,0,0,0,1,0,,,,,,,,,,,,,
2023-08-27 00:00:00,12:44:00,COM VÍTIMA,CANCELADA,BOMBA DO HEMETERIO,RUA BOMBA DO HEMETERIO,,,EM FRENTE A FARMACIA,BOMBA DO HEMETERIO,,,COLISÃO LATERAL,0,1,0,0,0,0,0,0,0,1,0,,,,,,,,,,,,,
2023-08-27 00:00:00,10:31:00,COM VÍTIMA,FINALIZADA,IPSEP,AV RECIFE,,,EM FRENTE AO RESTAURANTE SAL E BRASA (REGISTRO DA SAMU)/// ANTES DO SEMAFORO DA SAL E BRASA,IPSEP,393,,COLISÃO LATERAL,1,1,0,0,0,0,0,0,0,1,0,,,,,,,,,,,,,
2023-08-27 00:00:00,11:52:00,COM VÍTIMA,FINALIZADA,IMBIRIBEIRA,AV MARECHAL MASCARENHAS DE MORAES,2712,,"EM FRENTE A CONCESSIONARIA CHEVROLET, SENT. AEROPORTO // SENTIDO PRAZERES PROX A FACULDADE UNIVERSO EM FRENTE A CHEVROLET TAMBÉM",IMBIRIBEIRA,,,COLISÃO LATERAL,1,1,0,0,0,0,0,0,0,1,0,,,,,,,,,,,,,
2023-08-27 00:00:00,04:06:00,SEM VÍTIMA,FINALIZADA,BOA VIAGEM,AV CONSELHEIRO AGUIAR,40,AV HERCULANO BANDEIRA,AO LADO DO NÚMERO 40 / PRÓXIMO AO SEMÁFORO 138,BOA VIAGEM,,CIDADE,COLISÃO TRASEIRA,2,0,0,0,0,0,0,0,0,0,0,,,,,,,,,,,,,
2023-08-28 00:00:00,07:23:00,SEM VÍTIMA,FINALIZADA,IPSEP,AV RECIFE,,,LADO OPOSTO AO POSTO DE COMBUSTÍVEL FEDERAL,IPSEP,,CIDADE,COLISÃO TRASEIRA,2,0,0,0,0,0,0,0,0,0,0,,,,,,,,,,,,,
2023-08-28 00:00:00,07:29:00,COM VÍTIMA,FINALIZADA,IBURA,AV SANTOS,130,,PROXIMO A COMPESA,IBURA,,,COLISÃO LATERAL,1,1,0,0,0,0,0,0,0,1,0,,,,,,,,,,,,,
2023-08-28 00:00:00,08:15:00,COM VÍTIMA,FINALIZADA,FUNDAO,AV BEBERIBE,,AV GEDALHA,PROX A IGREJA QUADRANGULAR,FUNDAO,,,COLISÃO COM CICLISTA,0,0,0,1,0,0,0,0,0,1,0,,,,,,,,,,,,,
2023-08-28 00:00:00,09:20:00,COM VÍTIMA,FINALIZADA,TORREAO,RUA OTHON PARAISO,560,,PROX A IGREJA DOS MORMONS / PROX A PRAÇA,TORREAO,,,COLISÃO FRONTAL,0,1,0,0,0,0,0,0,0,1,0,,,,,,,,,,,,,
2023-08-28 00:00:00,10:05:00,SEM VÍTIMA,FINALIZADA,DOIS UNIDOS,SUB DA MEDALHA MILAGROSA,64,,IGREJA ASSEMBLEIA DE DEUS,DOIS UNIDOS,,,CHOQUE,0,0,0,0,0,0,0,0,0,0,0,,,,,,,,,,,,,
2023-08-28 00:00:00,01:41:00,COM VÍTIMA,FINALIZADA,BOA VIAGEM,RUA JOAO CARDOSO AIRES,1038,,COLÉGIO MADRE DE DEUS,BOA VIAGEM,,,COLISÃO LATERAL,0,0,0,0,0,0,0,0,0,1,0,,,,,,,,,,,,,
2023-08-28 00:00:00,02:23:00,COM VÍTIMA,FINALIZADA,CAXANGA,RUA EMILIANO BRAGA,560,,TERMINAL DA CDU / ESCOLA CONHECER,CAXANGA,,,COLISÃO TRANSVERSAL,0,1,0,0,0,1,0,0,0,1,0,,,,,,,,,,,,,
2023-08-28 00:00:00,04:25:00,COM VÍTIMA,FINALIZADA,DERBY,AV GOVERNADOR AGAMENON MAGALHAES,,,,DERBY,75,OLINDA,ATROPELAMENTO DE PESSOA,0,1,0,0,1,0,0,0,0,2,0,,,,,,,,,,,,,
2023-08-28 00:00:00,05:06:00,COM VÍTIMA,FINALIZADA,TAMARINEIRA,RUA JOSE DE VASCONCELOS,,RUA VISCONDE DE ABAETE,NA FRENTE DO COLEGIO ANGULO DA TAMARINEIRA,TAMARINEIRA,,,COLISÃO FRONTAL,0,2,0,0,0,0,0,0,0,1,0,,,,,,,,,,,,,
2023-08-28 00:00:00,05:19:00,COM VÍTIMA,FINALIZADA,IMBIRIBEIRA,RUA SARGENTO SILVINO DE MACEDO,179,,COLÉGIO GGE,IMBIRIBEIRA,,,COLISÃO LATERAL,0,0,0,0,0,0,0,0,0,1,0,,,,,,,,,,,,,
2023-08-28 00:00:00,05:19:00,COM VÍTIMA,FINALIZADA,CAXANGA,AV CAXANGA,4938,,BOI E BRASA,CAXANGA,,,COLISÃO LATERAL,0,0,0,0,0,0,0,0,0,1,0,,,,,,,,,,,,,
2023-08-28 00:00:00,05:58:00,COM VÍTIMA,FINALIZADA,JARDIM SAO PAULO,RUA BRAGANCA,459,,TATU DIESEL,JARDIM SAO PAULO,,,COLISÃO LATERAL,0,0,0,0,0,0,0,0,0,1,0,,,,,,,,,,,,,
2023-08-28 00:00:00,05:58:00,COM VÍTIMA,FINALIZADA,IMBIRIBEIRA,RUA ALFREDO MARCONDES,190,,IGREJA DA RECONCILIAÇÃO,IMBIRIBEIRA,,,COLISÃO LATERAL,0,0,0,0,0,0,0,0,0,1,0,,,,,,,,,,,,,
2023-08-28 00:00:00,07:34:00,COM VÍTIMA,FINALIZADA,IBURA,AV DOIS RIOS,,,POLICLINICA ARNALDO MARQUES,IBURA,,,CHOQUE,1,1,0,0,0,0,1,0,0,1,0,,,,,,,,,,,,,
2023-08-28 00:00:00,08:31:00,COM VÍTIMA,FINALIZADA,IMBIRIBEIRA,AV MARECHAL MASCARENHAS DE MORAES,,,AEROPORTO DO RECIFE,IMBIRIBEIRA,,,COLISÃO FRONTAL,0,3,0,0,0,0,0,0,0,1,0,,,,,,,,,,,,,
2023-08-28 00:00:00,08:48:00,COM VÍTIMA,CANCELADA,JARDIM SAO PAULO,RUA LEANDRO BARRETO,572,,EM FRENTE A ACADEMIA ARENA,JARDIM SAO PAULO,,,COLISÃO FRONTAL,0,1,0,0,0,0,0,0,0,1,0,,,,,,,,,,,,,
2023-08-28 00:00:00,10:39:00,COM VÍTIMA,CANCELADA,JOANA BEZERRA,VIADUTO CAPITAO TEMUDO,,,SENTIDO OLINDA,JOANA BEZERRA,,,COLISÃO LATERAL,0,1,0,0,0,0,0,0,0,1,0,,,,,,,,,,,,,
2023-08-29 00:00:00,12:09:00,COM VÍTIMA,FINALIZADA,MADALENA,AV ENGENHEIRO ABDIAS DE CARVALHO,1601,,"EM FRENTE A LANCHONETE BOB""S",MADALENA,,,COLISÃO TRANSVERSAL,0,1,0,0,0,0,0,0,0,1,0,,,,,,,,,,,,,
2023-08-29 00:00:00,05:36:00,COM VÍTIMA,FINALIZADA,SANTO AMARO,AV GOVERNADOR AGAMENON MAGALHAES,,RUA ODORICO MENDES,PRÓXIMO À CEHAB  - SENTIDO BOA VIAGEM,SANTO AMARO,,,COLISÃO LATERAL,1,1,0,0,0,0,0,0,0,1,0,,,,,,,,,,,,,
2023-08-29 00:00:00,06:47:00,COM VÍTIMA,FINALIZADA,CAXANGA,RUA RIBEIRO PESSOA,208,,SENT. DOIS IRMÃOS APOS A UPA,CAXANGA,,,COLISÃO LATERAL,1,1,0,0,0,0,0,0,0,1,0,,,,,,,,,,,,,
2023-08-29 00:00:00,07:30:00,COM VÍTIMA,DUPLICIDADE,CAXANGA,AV CAXANGA,,1SB DA JOSELIA,EM FRENTE A UPA,CAXANGA,,,COLISÃO LATERAL,0,1,0,0,0,0,0,0,0,1,0,,,,,,,,,,,,,
2023-08-29 00:00:00,08:49:00,COM VÍTIMA,FINALIZADA,DOIS IRMAOS,RUA MANUEL DE MEDEIROS,,,PROX. A UFRPE E ESCOLA LIONS DE PARNAMIRIM,DOIS IRMAOS,,,COLISÃO LATERAL,0,1,0,0,0,0,0,0,0,1,0,,,,,,,,,,,,,
2023-08-29 00:00:00,11:23:00,COM VÍTIMA,FINALIZADA,TOTO,RUA JUVENCIO MARQUES DA CUNHA,,,EM FRENTE A CAPELINHA SÃO JOSÉ DO TOTO,TOTO,,,COLISÃO LATERAL,0,1,0,0,0,0,0,0,0,1,0,,,,,,,,,,,,,
2023-08-29 00:00:00,12:21:00,COM VÍTIMA,FINALIZADA,AREIAS,AV RECIFE,,,NO SEMAFORO 085  VT 21 NO LOCAL,AREIAS,,,COLISÃO LATERAL,1,1,0,0,0,0,0,0,0,1,0,,,,,,,,,,,,,
2023-08-29 00:00:00,02:15:00,COM VÍTIMA,FINALIZADA,BEBERIBE,RUA URIEL DE HOLANDA,473,,PRAÇA DA CONVENÇÃO,BEBERIBE,,,COLISÃO LATERAL,0,0,0,0,0,0,0,0,0,1,0,,,,,,,,,,,,,
2023-08-29 00:00:00,04:48:00,COM VÍTIMA,FINALIZADA,SANTO AMARO,AV GOVERNADOR AGAMENON MAGALHAES,8985,,PROXIMO AO SHOPPING TACARUNA E ANTES DO ESPAÇO CIÊNCIAS,SANTO AMARO,,,COLISÃO LATERAL,0,1,0,0,0,0,0,0,0,1,0,,,,,,,,,,,,,
2023-08-29 00:00:00,05:43:00,COM VÍTIMA,FINALIZADA,IPSEP,AV RECIFE,,,SPLASH PISCINAS / SUPERMERCADO ECONOMICO,IPSEP,,,COLISÃO TRASEIRA,0,1,0,0,0,0,1,0,0,1,0,,,,,,,,,,,,,
2023-08-29 00:00:00,06:39:00,COM VÍTIMA,FINALIZADA,BOMBA DO HEMETERIO,RUA BOMBA DO HEMETERIO,484,,EXTRA ATACAREJO,BOMBA DO HEMETERIO,,,COLISÃO LATERAL,0,0,0,0,0,0,0,0,0,1,0,,,,,,,,,,,,,
2023-08-29 00:00:00,07:28:00,COM VÍTIMA,FINALIZADA,BONGI,AV ENGENHEIRO ABDIAS DE CARVALHO,,,PRÓXIMO AOS CORREIOS,BONGI,,,COLISÃO LATERAL,1,1,0,0,0,0,0,0,0,1,0,,,,,,,,,,,,,
2023-08-29 00:00:00,07:57:00,COM VÍTIMA,FINALIZADA,SANTO AMARO,RUA DOS PALMARES,,RUA TREZE DE MAIO,,SANTO AMARO,,,COLISÃO LATERAL,1,1,0,0,0,0,0,0,0,2,0,,,,,,,,,,,,,
2023-08-30 00:00:00,06:48:00,COM VÍTIMA,FINALIZADA,CASA AMARELA,RUA EUGENIO SAMICO,,RUA PAULA BATISTA,POR TRAS DA PRAÇA DO TRABALHO,CASA AMARELA,,,COLISÃO FRONTAL,1,1,0,0,0,0,0,0,0,1,0,,,,,,,,,,,,,
2023-08-30 00:00:00,07:49:00,SEM VÍTIMA,FINALIZADA,JAQUEIRA,AV RUI BARBOSA,,,EM FRENTE AO PARQUE DA  JAQUEIRA,JAQUEIRA,452,CIDADE,CHOQUE,1,0,0,0,0,0,0,0,0,0,0,,,,,,,,,,,,,