data,hora,natureza,situacao,bairro,endereco,numero,detalhe_endereco_acidente,complemento,bairro_cruzamento,num_semaforo,sentido_via,tipo,auto,moto,ciclom,ciclista,pedestre,onibus,caminhao,viatura,outros,vitimas,vitimasfatais,acidente_verificado,tempo_clima,situacao_semaforo,sinalizacao,condicao_via,conservacao_via,ponto_controle,situacao_placa,velocidade_max_via,mao_direcao,divisao_via1,divisao_via2,divisao_via3
2023-09-13 00:00:00,09:44:00,COM VÍTIMA,DUPLICIDADE,CORDEIRO,AV CAXANGA,,,PROX A EXPOSIÇÃO DE ANIMAIS / AO LADFO DA REPUBLICA DO PÃO,CORDEIRO,,,COLISÃO,0,1,0,0,0,0,0,0,0,1,0,,,,,,,,,,,,,
2023-09-13 00:00:00,10:39:00,COM VÍTIMA,FINALIZADA,COELHOS,RUA DOS COELHOS,,PTE JOAQUIM CARDOSO,APOS O IMIP / SOBRE O VIADUTO JOAQUIM CARDOSO,COELHOS,,,COLISÃO TRASEIRA,0,1,0,0,0,0,0,0,0,1,0,,,,,,,,,,,,,
2023-09-13 00:00:00,10:48:00,COM VÍTIMA,FINALIZADA,PINA,PTE AGAMENON MAGALHAES,,,SOBRE A PONTE,PINA,,,QUEDA,0,1,0,0,0,0,0,0,0,1,0,,,,,,,,,,,,,
2023-09-13 00:00:00,10:54:00,COM VÍTIMA,FINALIZADA,CASA FORTE,AV DEZESSETE DE AGOSTO,,,PRAÇA DE CASA FORTE,CASA FORTE,,,COLISÃO LATERAL,0,2,0,0,0,0,0,0,0,1,0,,,,,,,,,,,,,
2023-09-13 00:00:00,11:13:00,COM VÍTIMA,FINALIZADA,ALTO DO MANDU,AV DR EURICO CHAVES,,,PROX A FARMACIA MANDACARU,ALTO DO MANDU,,,COLISÃO,0,1,0,0,0,0,0,0,0,1,0,,,,,,,,,,,,,
2023-09-13 00:00:00,12:57:00,COM VÍTIMA,FINALIZADA,SANTO AMARO,AV NORTE MIGUEL ARRAES DE ALENCAR,,RUA DA AURORA,,SANTO AMARO,,,COLISÃO TRANSVERSAL,2,0,0,0,0,0,0,0,0,2,0,,,,,,,,,,,,,
2023-09-13 00:00:00,02:05:00,COM VÍTIMA,FINALIZADA,IPSEP,AV RECIFE,,AV DOM HELDER CAMARA,ARMAZÉM CORAL,IPSEP,,,ATROPELAMENTO DE PESSOA,0,1,0,0,1,0,0,0,0,1,0,,,,,,,,,,,,,
2023-09-13 00:00:00,04:16:00,SEM VÍTIMA,FINALIZADA,,RUA BENFICA,,AV VISCONDE DE ALBUQUERQUE,,,,CIDADE,COLISÃO TRANSVERSAL,1,1,0,0,0,0,0,0,0,0,0,,,,,,,,,,,,,
2023-09-13 00:00:00,05:52:00,COM VÍTIMA,FINALIZADA,SANTO AMARO,AV CRUZ CABUGA,,,EM FRENTE AO MERCADO DE SANTO AMARO,SANTO AMARO,455,,CHOQUE,1,0,0,0,0,0,0,0,0,1,0,,,,,,,,,,,,,
2023-09-13 00:00:00,07:13:00,COM VÍTIMA,CANCELADA,JORDAO,RUA ESTRELA D'OESTE,,,PROXIMO A PANIFICADORA JANAINA,JORDAO,,,COLISÃO TRANSVERSAL,2,0,0,0,0,0,0,0,0,1,0,,,,,,,,,,,,,
2023-09-14 00:00:00,12:20:00,COM VÍTIMA,CANCELADA,BREJO DA GUABIRABA,AV VEREADOR OTACILIO AZEVEDO,3816,,PRÓXIMO AO CAMPO DO FLUMINENSE,BREJO DA GUABIRABA,,,COLISÃO,0,1,0,0,0,0,0,0,0,1,0,,,,,,,,,,,,,
2023-09-14 00:00:00,06:48:00,COM VÍTIMA,FINALIZADA,PRADO,AV ENGENHEIRO ABDIAS DE CARVALHO,,,EM FRENTE AO LABORATORIO CERPE,PRADO,,,COLISÃO COM CICLISTA,0,0,0,1,0,0,1,0,0,1,0,,,,,,,,,,,,,
2023-09-14 00:00:00,07:09:00,COM VÍTIMA,FINALIZADA,AGUA FRIA,AV BEBERIBE,,,"APOS A LOMBADA ELETRONICA, APOS A PADARIA SUBLIME PAO",AGUA FRIA,,,COLISÃO LATERAL,0,1,0,0,0,0,0,0,0,1,0,,,,,,,,,,,,,
2023-09-14 00:00:00,07:13:00,COM VÍTIMA,FINALIZADA,DERBY,RUA HENRIQUE DIAS,,,PROX AO RESTAURANTE COCO BAMBU / PROX AO COLEGIO DA PM,DERBY,,,COLISÃO,0,1,0,0,0,0,0,0,0,1,0,,,,,,,,,,,,,
2023-09-14 00:00:00,08:03:00,COM VÍTIMA,FINALIZADA,BOMBA DO HEMETERIO,RUA BOMBA DO HEMETERIO,233,,PROX AO CLUBE ABANO / E PROX AO CANAL,BOMBA DO HEMETERIO,,,COLISÃO,0,1,0,0,0,0,0,0,0,1,0,,,,,,,,,,,,,
2023-09-14 00:00:00,09:25:00,COM VÍTIMA,FINALIZADA,BOA VIAGEM,RUA FELIX DE BRITO E MELO,,,PROX. AO BANCO BRADESCO,BOA VIAGEM,,,COLISÃO LATERAL,0,1,0,0,0,0,0,0,0,1,0,,,,,,,,,,,,,
2023-09-14 00:00:00,09:33:00,COM VÍTIMA,FINALIZADA,BRASILIA TEIMOSA,AV BRASILIA FORMOSA,,RUA PORAQUE,PROX AO BAR DO PÉ DE PORCO DO LULA,BRASILIA TEIMOSA,,,COLISÃO LATERAL,1,1,0,0,0,0,0,0,0,1,0,,,,,,,,,,,,,
2023-09-14 00:00:00,11:54:00,COM VÍTIMA,FINALIZADA,IMBIRIBEIRA,AV MARECHAL MASCARENHAS DE MORAES,,,"EM FRENTE A FLOR ART, SENT. AEROPORTO",IMBIRIBEIRA,,,COLISÃO TRASEIRA,1,1,0,0,0,0,0,0,0,1,0,,,,,,,,,,,,,
2023-09-14 00:00:00,12:30:00,COM VÍTIMA,FINALIZADA,AREIAS,AV DR JOSE RUFINO,,,EM FRENTE A LOJAS AMERICANAS,AREIAS,,,COLISÃO,0,1,0,0,0,0,0,0,0,1,0,,,,,,,,,,,,,
2023-09-14 00:00:00,12:58:00,COM VÍTIMA,CANCELADA,IPUTINGA,AV MAURICIO DE NASSAU,,,PROX AO SUPERMERCADO RENDE MAIS  E A LOMBADA ELETRONICA,IPUTINGA,,,COLISÃO LATERAL,0,1,0,0,0,0,0,0,0,1,0,,,,,,,,,,,,,
2023-09-14 00:00:00,04:08:00,COM VÍTIMA,FINALIZADA,TORRE,RUA CONDE DE IRAJA,1121,,E/F A PRAÇA CAMPELO BARRETO,TORRE,,,COLISÃO FRONTAL,1,1,0,0,0,0,0,0,0,1,0,,,,,,,,,,,,,
2023-09-14 00:00:00,06:15:00,SEM VÍTIMA,CANCELADA,AREIAS,AV RECIFE,,,PROX A ENTRADA DA VILA TAMANDARÉ  E LADO OPOSTO A LOJA ALEXANDRE GALVÃO SENTIDO BOA VIAGEM CIDADE UNIVERSITARIA,AREIAS,,,COLISÃO TRASEIRA,2,0,0,0,0,0,0,0,0,0,0,,,,,,,,,,,,,
2023-09-14 00:00:00,07:15:00,COM VÍTIMA,FINALIZADA,IPSEP,RUA JEAN EMILE FAVRE,1011,,EM FRENTE AO SUPERMERCADO IGUAÇU,IPSEP,,,COLISÃO LATERAL,1,1,0,0,0,0,0,0,0,2,0,,,,,,,,,,,,,
2023-09-14 00:00:00,09:27:00,COM VÍTIMA,FINALIZADA,CORDEIRO,RUA DR MIGUEL VIEIRA FERREIRA,,RUA CLAUDIO BROTHERHOOD,,CORDEIRO,,,COLISÃO FRONTAL,1,1,0,0,0,0,0,0,0,1,0,,,,,,,,,,,,,
2023-09-15 00:00:00,07:34:00,COM VÍTIMA,FINALIZADA,SAN MARTIN,AV GENERAL SAN MARTIN,,,PROX A ACADEMIA SMART GYNFIT,SAN MARTIN,,,COLISÃO LATERAL,1,1,0,0,0,0,0,0,0,1,0,,,,,,,,,,,,,
2023-09-15 00:00:00,09:13:00,SEM VÍTIMA,FINALIZADA,BOA VIAGEM,AV ENGENHEIRO DOMINGOS FERREIRA,,,OPOSTO AO Nº 2391,BOA VIAGEM,,SUBURBIO,COLISÃO TRANSVERSAL,0,0,0,0,0,1,0,1,0,0,0,,,,,,,,,,,,,
2023-09-15 00:00:00,10:05:00,COM VÍTIMA,FINALIZADA,ILHA DO LEITE,AV FREI MATIAS TEVES,,,EM FRENTE AO EDIFICIO GRAMBEL / LADO CONTRARIO AO HOSPITAL PORTUGUÊS,ILHA DO LEITE,,,COLISÃO,0,1,0,0,0,0,0,0,0,1,0,,,,,,,,,,,,,
2023-09-15 00:00:00,02:37:00,COM VÍTIMA,FINALIZADA,AFOGADOS,RUA DA PAZ,,PRC DA PAZ,EM FRENTE AO BANCO ITAÚ   E A PLICLINICA DO LARGO DA PAZ E A ESTAÇAO DOP METRO,AFOGADOS,,,COLISÃO LATERAL,1,1,0,0,0,0,0,0,0,2,0,,,,,,,,,,,,,
2023-09-15 00:00:00,05:30:00,COM VÍTIMA,FINALIZADA,SAO JOSE,AV SUL,4607,,PROX AO QUARTEL DO CABANGA,SAO JOSE,,,COLISÃO LATERAL,0,0,0,0,0,0,0,0,0,1,0,,,,,,,,,,,,,
2023-09-15 00:00:00,05:41:00,COM VÍTIMA,FINALIZADA,IBURA,AV DOIS RIOS,1028,,IBURA DE BAIXO PROX AOP SESI  E/F AO POSTO SHELL,IBURA,,,COLISÃO LATERAL,0,2,0,0,0,0,0,0,0,1,0,,,,,,,,,,,,,
2023-09-15 00:00:00,06:02:00,COM VÍTIMA,FINALIZADA,GRACAS,AV CONS ROSA E SILVA,,,EM FRENTE AO  HOSPITAL DO SERVIDOR,GRACAS,,,COLISÃO COM CICLISTA,1,0,0,1,0,0,0,0,0,1,0,,,,,,,,,,,,,
2023-09-15 00:00:00,07:01:00,COM VÍTIMA,CANCELADA,NOVA DESCOBERTA,RUA SANTA TEREZA,459,,PROXIMO AO TERMINAL DE NOVA DESCOBERTA,NOVA DESCOBERTA,,,COLISÃO FRONTAL,0,1,0,0,0,0,0,0,0,1,0,,,,,,,,,,,,,
2023-09-15 00:00:00,07:38:00,COM VÍTIMA,FINALIZADA,SANTO AMARO,AV DR JAYME DA FONTE,542,,EM FRENTE A COMPESA,SANTO AMARO,,,COLISÃO LATERAL,0,1,0,0,0,0,0,0,0,1,0,,,,,,,,,,,,,
2023-09-15 00:00:00,10:33:00,COM VÍTIMA,CANCELADA,CAXANGA,AV CAXANGA,1052,,PROXIMO A FACULDADE SANTA HELENA,CAXANGA,,,COLISÃO FRONTAL,0,1,0,0,0,0,0,0,0,1,0,,,,,,,,,,,,,
2023-09-15 00:00:00,10:35:00,COM VÍTIMA,CANCELADA,SANCHO,RUA MARIA DE LOURDES DA SILVA,104,,EM FRENTE A ANTONIO DO LEITE/ APOS O HOSPITAL OTAVIO DE FREITAS,SANCHO,,,COLISÃO FRONTAL,0,1,0,0,0,0,0,0,0,1,0,,,,,,,,,,,,,
2023-09-16 00:00:00,01:29:00,COM VÍTIMA,CANCELADA,PASSARINHO,RUA CHORAO,201,,PRÓXIMO AO BIU DO GÁS E ARMAZÉM DO IRMÃO,PASSARINHO,,,COLISÃO,0,1,0,0,0,0,0,0,0,1,0,,,,,,,,,,,,,
2023-09-16 00:00:00,07:23:00,COM VÍTIMA,FINALIZADA,PASSARINHO,RUA CORREGO DA BICA,,,EM FRENTE AO JACARE BURGUER E PROX. AO TERMINAL DE ONIBUS DE NOVA DESCOBERTA,PASSARINHO,,,COLISÃO LATERAL,0,1,0,0,0,0,0,0,0,1,0,,,,,,,,,,,,,
2023-09-16 00:00:00,08:33:00,COM VÍTIMA,FINALIZADA,AFOGADOS,RUA COSME VIANA,,EST DOS REMEDIOS,EM FRENTE A TUPAN / E EM FRENTE A PRAÇA AO LADO  DA IGREJA DA NOSSA SENHORA DOS REMEDIOS,AFOGADOS,,,COLISÃO,0,1,0,0,0,0,0,0,0,1,0,,,,,,,,,,,,,
2023-09-16 00:00:00,12:25:00,COM VÍTIMA,FINALIZADA,IMBIRIBEIRA,AV MARECHAL MASCARENHAS DE MORAES,,,EM FRENTE AO HOTEL AEROPORTO / PROX AO VIADUTO TRANCREDO NEVES,IMBIRIBEIRA,,SUBURBIO,COLISÃO,0,1,0,0,0,0,0,0,0,1,0,,,,,,,,,,,,,
2023-09-16 00:00:00,12:28:00,COM VÍTIMA,FINALIZADA,IPSEP,RUA JEAN EMILE FAVRE,,,EM FRENTE A DELEGACIA DO IPSEP,IPSEP,,,COLISÃO FRONTAL,1,1,0,0,0,0,0,0,0,1,0,,,,,,,,,,,,,
2023-09-16 00:00:00,12:53:00,COM VÍTIMA,FINALIZADA,APIPUCOS,RUA DE APIPUCOS,50,RUA DOM MALAN,,APIPUCOS,,,COLISÃO TRANSVERSAL,0,0,0,0,0,0,0,0,0,1,0,,,,,,,,,,,,,
2023-09-16 00:00:00,02:38:00,COM VÍTIMA,FINALIZADA,ESPINHEIRO,RUA QUARENTA E OITO,,AV GOVERNADOR AGAMENON MAGALHAES,EM BAIXO DO  VIADUTO JOÃO DE BARROS,ESPINHEIRO,406,,COLISÃO TRASEIRA,1,1,0,0,0,0,0,0,0,1,0,,,,,,,,,,,,,
2023-09-16 00:00:00,03:03:00,COM VÍTIMA,FINALIZADA,CORDEIRO,AV CAXANGA,,,E/F A EXPOSIÇAO DE ANIMAIS  S/T SUB,CORDEIRO,,,COLISÃO TRASEIRA,0,2,0,0,0,0,0,0,0,1,0,,,,,,,,,,,,,
2023-09-16 00:00:00,05:30:00,COM VÍTIMA,FINALIZADA,SANCHO,RUA PAULINO DE FARIAS,659,,PROX AO HOSPITAL OTAVIO DE FREITAS,SANCHO,,,COLISÃO LATERAL,0,0,0,0,0,0,0,0,0,1,0,,,,,,,,,,,,,
2023-09-16 00:00:00,06:21:00,COM VÍTIMA,FINALIZADA,CAXANGA,AV CAXANGA,,,EM FRENTE DA ESTAÇÃO DO BRT DEPOIS DA PONTE DA CAXANGÁ,CAXANGA,,CIDADE,COLISÃO TRASEIRA,1,1,0,0,0,0,0,0,0,1,0,,,,,,,,,,,,,
2023-09-16 00:00:00,06:58:00,COM VÍTIMA,FINALIZADA,JAQUEIRA,AV SANTOS DUMONT,34,,,JAQUEIRA,,,COLISÃO,1,1,0,0,0,0,0,0,0,1,0,,,,,,,,,,,,,
2023-09-16 00:00:00,09:03:00,COM VÍTIMA,FINALIZADA,PRADO,RUA GOMES TABORDA,442,,EM FRENTE AO BAILE PERFUMADO E MADEIREIRA SÃO JUDAS TADEU,PRADO,,,QUEDA,1,1,0,0,0,0,0,0,0,1,0,,,,,,,,,,,,,
2023-09-16 00:00:00,09:18:00,COM VÍTIMA,DUPLICIDADE,PRADO,RUA GOMES TABORDA,,,MADEIRA SÃO JUDAS TADEU,PRADO,,,QUEDA,0,1,0,0,0,0,0,0,0,1,0,,,,,,,,,,,,,
2023-09-16 00:00:00,09:52:00,COM VÍTIMA,FINALIZADA,IPSEP,AV RECIFE,6729,,"PRÓXIMO AO ARMAZÉM CORAL, SAÍDA DO IBURA",IPSEP,,,COLISÃO,0,0,0,0,0,0,0,0,0,1,0,,,,,,,,,,,,,
2023-09-16 00:00:00,11:20:00,COM VÍTIMA,FINALIZADA,BOMBA DO HEMETERIO,COR DO BARTOLOMEU,484,,EM FRENTE A SORVETERIA SORVETÃO,BOMBA DO HEMETERIO,,,COLISÃO LATERAL,2,1,0,0,0,0,0,0,0,2,0,,,,,,,,,,,,,
2023-09-17 00:00:00,05:19:00,SEM VÍTIMA,FINALIZADA,IMBIRIBEIRA,RUA JOSE DA SILVA LUCENA,241,,,IMBIRIBEIRA,,,COLISÃO LATERAL,2,0,0,0,0,0,0,0,0,0,0,,,,,,,,,,,,,
2023-09-17 00:00:00,07:16:00,COM VÍTIMA,FINALIZADA,DOIS IRMAOS,RUA MANUEL DE MEDEIROS,,,EM FRENTE AO LAFEPE,DOIS IRMAOS,,,QUEDA,0,1,0,0,0,0,0,0,0,1,0,,,,,,,,,,,,,
2023-09-17 00:00:00,10:35:00,COM VÍTIMA,FINALIZADA,BOA VISTA,RUA DA SOLEDADE,,,RUA POR TRAS DO ALTINO VENTURA,BOA VISTA,,,COLISÃO LATERAL,2,0,0,0,0,0,0,0,0,1,0,,,,,,,,,,,,,
2023-09-17 00:00:00,11:32:00,COM VÍTIMA,FINALIZADA,JORDAO,RUA ALBERTO LUNDGREN,,,NA SUBIDA DO BALAIO PROX A FEIRA DO TROCA,JORDAO,,,COLISÃO TRASEIRA,1,2,0,0,0,0,0,0,0,3,0,,,,,,,,,,,,,
2023-09-17 00:00:00,04:29:00,COM VÍTIMA,FINALIZADA,IPUTINGA,RUA SAO MATEUS,1060,,CONDOMINIO JARDIM RENASCENÇA,IPUTINGA,,,COLISÃO LATERAL,1,1,0,0,0,0,0,0,0,1,0,,,,,,,,,,,,,
2023-09-17 00:00:00,08:44:00,SEM VÍTIMA,CANCELADA,CIDADE UNIVERSITARIA,AV PROFESSOR ARTUR DE SA,826,,HOSPITAL DAS CLINICAS,CIDADE UNIVERSITARIA,,,COLISÃO FRONTAL,2,0,0,0,0,0,0,0,0,0,0,,,,,,,,,,,,,
2023-09-17 00:00:00,10:09:00,COM VÍTIMA,FINALIZADA,BOA VIAGEM,AV ENGENHEIRO DOMINGOS FERREIRA,,,RUA CEL BENEDITO CHAVES,BOA VIAGEM,,,COLISÃO LATERAL,1,1,0,0,0,0,0,0,0,1,0,,,,,,,,,,,,,
2023-09-18 00:00:00,12:18:00,SEM VÍTIMA,FINALIZADA,DOIS UNIDOS,1TR CORREGO DO CURIO,69,,"POR TRÁS DA UPA DE NOVA DESCOBERTA. OBS: O LOGRADOURO CORRETO É A ""RUA CÓRREGO DO CURIÓ"", QUE NÃO TEM CADASTRO NESTA PLANILHA,   E QUE JÁ FOI SOLICITADO AO GCM IVO AURÉLIO.",DOIS UNIDOS,,SUBURBIO,CHOQUE,0,0,0,0,0,0,0,1,1,0,0,,,,,,,,,,,,,
2023-09-18 00:00:00,07:16:00,COM VÍTIMA,FINALIZADA,PRADO,RUA SANTA EDWIRGES,,AV ENGENHEIRO ABDIAS DE CARVALHO,PROX. A ENGEFRIO,PRADO,,,QUEDA,1,1,0,0,0,0,0,0,0,1,0,,,,,,,,,,,,,
2023-09-18 00:00:00,07:25:00,COM VÍTIMA,FINALIZADA,IMBIRIBEIRA,AV MARECHAL MASCARENHAS DE MORAES,,RUA MIS JOEL CARLSON,NO SEMAFORO 287,IMBIRIBEIRA,,,COLISÃO LATERAL,1,1,0,0,0,0,0,0,0,1,0,,,,,,,,,,,,,
2023-09-18 00:00:00,08:32:00,COM VÍTIMA,FINALIZADA,TEJIPIO,RUA FALCAO DE LACERDA,,,EM FRENTE A PRAÇA DE TEJIPIO  / PROX A OFICINA GUILMARA,TEJIPIO,,,COLISÃO,0,1,0,0,0,0,0,0,0,1,0,,,,,,,,,,,,,
2023-09-18 00:00:00,08:35:00,COM VÍTIMA,FINALIZADA,CASA AMARELA,AV NORTE MIGUEL ARRAES DE ALENCAR,5600,,"EM FRENTE A AGENCIA DE EMPREGOS, SENT. MACAXEIRA",CASA AMARELA,,,COLISÃO TRASEIRA,0,1,0,0,0,1,0,0,0,1,0,,,,,,,,,,,,,
2023-09-18 00:00:00,08:38:00,COM VÍTIMA,FINALIZADA,ARRUDA,AV PROFESSOR JOSE DOS ANJOS,,,PROX A PONTE E LOJA DEMILLA MODAS,ARRUDA,,,COLISÃO,0,1,0,0,0,0,0,0,0,1,0,,,,,,,,,,,,,
2023-09-16 00:00:00,12:00:00,COM VÍTIMA,FINALIZADA,IMBIRIBEIRA,AV MARECHAL MASCARENHAS DE MORAES,4704,,"APOS VIADUTO TANCREDO NEVES, SENTIDO AEROPORTO",IMBIRIBEIRA,116,SUBURBIO,COLISÃO TRASEIRA,1,1,0,0,0,0,0,0,0,1,0,,,,,,,,,,,,,
2023-09-18 00:00:00,09:38:00,COM VÍTIMA,FINALIZADA,SAN MARTIN,AV GENERAL SAN MARTIN,,,PROXIMO  A DROGASIL,SAN MARTIN,,,COLISÃO TRASEIRA,1,1,0,0,0,0,0,0,0,1,0,,,,,,,,,,,,,
2023-09-18 00:00:00,09:40:00,COM VÍTIMA,FINALIZADA,CABANGA,AV ENGENHEIRO JOSE ESTELITA,,,SOB O VIADUTO DO CAPITÃO TEMUDO,CABANGA,,,COLISÃO,1,1,0,0,0,0,0,0,0,1,0,,,,,,,,,,,,,
2023-09-18 00:00:00,09:48:00,COM VÍTIMA,FINALIZADA,SANTO AMARO,AV NORTE MIGUEL ARRAES DE ALENCAR,,AV CRUZ CABUGA,,SANTO AMARO,,,COLISÃO,1,1,0,0,0,0,0,0,0,1,0,,,,,,,,,,,,,
2023-09-18 00:00:00,10:34:00,COM VÍTIMA,FINALIZADA,MADALENA,AV BEIRA RIO,591,,EM FRENTE AO EDF. SOBRADO DO  CAPIBARIBE,MADALENA,,,COLISÃO TRASEIRA,1,1,0,0,0,0,0,0,0,1,0,,,,,,,,,,,,,
2023-09-18 00:00:00,10:50:00,COM VÍTIMA,FINALIZADA,IBURA,AV DOIS RIOS,,,EM FRENTE A IGREJA DOS MORMONS / PROX A UPINHA,IBURA,,,COLISÃO,0,1,0,0,0,0,0,0,0,1,0,,,,,,,,,,,,,
2023-09-18 00:00:00,11:47:00,COM VÍTIMA,DUPLICIDADE,CAXANGA,AV PROFESSOR MORAES REGO,,,EM FRENTE AO HOSPITAL HAPVIDA E AO POSTO BR,CAXANGA,,,COLISÃO,0,1,0,0,0,0,0,0,0,1,0,,,,,,,,,,,,,
2023-09-18 00:00:00,12:01:00,COM VÍTIMA,FINALIZADA,VARZEA,RUA MARECHAL MANOEL LUIS OSORIO,,,PROX AO HAPVIDA,VARZEA,,,COLISÃO,0,1,0,0,0,0,0,0,0,1,0,,,,,,,,,,,,,
2023-09-18 00:00:00,12:08:00,COM VÍTIMA,FINALIZADA,MADALENA,AV BEIRA RIO,,RUA JOSE OSORIO,PROX A PONTE DE CAPUNGA / PROX A A FACULDADE MAURICIO DE NASSAU,MADALENA,387,,CHOQUE,1,0,0,0,0,0,0,0,0,1,0,,,,,,,,,,,,,
2023-09-18 00:00:00,01:05:00,COM VÍTIMA,FINALIZADA,CASA AMARELA,EST DO ARRAIAL,,,E/F AO SITIO DA TRINDADE,CASA AMARELA,,,COLISÃO TRASEIRA,1,1,0,0,0,0,0,0,0,1,0,,,,,,,,,,,,,
2023-09-18 00:00:00,04:32:00,COM VÍTIMA,FINALIZADA,NOVA DESCOBERTA,AV CHAGAS FERREIRA,,,PROX AO CAMPO DO DALICIA  E NA SUB DO ALTO SANTA TEREZA,NOVA DESCOBERTA,,,COLISÃO FRONTAL,1,1,0,0,0,1,0,0,0,4,0,,,,,,,,,,,,,
2023-09-18 00:00:00,04:35:00,COM VÍTIMA,FINALIZADA,AFOGADOS,RUA SAO MIGUEL,,RUA LUIZ PEREIRA DE FARIAS,REPASSADA PELO COP,AFOGADOS,,,COLISÃO,1,0,0,0,0,0,0,0,0,1,0,,,,,,,,,,,,,
2023-09-18 00:00:00,04:52:00,COM VÍTIMA,FINALIZADA,BOA VIAGEM,RUA PROFESSOR SIMOES BARBOSA,558,,,BOA VIAGEM,,,COLISÃO,0,0,0,0,0,0,0,0,0,1,0,,,,,,,,,,,,,
2023-09-18 00:00:00,05:28:00,COM VÍTIMA,FINALIZADA,CAMPO GRANDE,RUA ODORICO MENDES,301,,EM FRENTE AO CLUBE DAS PÁS,CAMPO GRANDE,,,COLISÃO TRASEIRA,1,1,0,0,0,0,0,0,0,1,0,,,,,,,,,,,,,
2023-09-18 00:00:00,05:30:00,COM VÍTIMA,FINALIZADA,JIQUIA,RUA SAO MIGUEL,,,E/F A DROGARIA BONGI,JIQUIA,,,COLISÃO LATERAL,1,1,0,0,0,0,0,0,0,1,0,,,,,,,,,,,,,
2023-09-18 00:00:00,05:52:00,COM VÍTIMA,FINALIZADA,CIDADE UNIVERSITARIA,AV PROFESSOR ARTUR DE SA,1185,,EM FRENTE A UFPE E PROXIMO AO POSTO BR,CIDADE UNIVERSITARIA,,,COLISÃO LATERAL,0,1,0,0,0,0,0,0,0,1,0,,,,,,,,,,,,,
2023-09-18 00:00:00,05:56:00,COM VÍTIMA,FINALIZADA,CAMPO GRANDE,RUA SAO CAETANO,704,,EM FRENTE A PIZZARIA DE SIRLANE,CAMPO GRANDE,,,COLISÃO LATERAL,0,1,0,0,0,0,0,0,0,1,0,,,,,,,,,,,,,
2023-09-18 00:00:00,11:19:00,COM VÍTIMA,FINALIZADA,SANTO AMARO,RUA TREZE DE MAIO,,RUA FREI CASSIMIRO,EN FRENTE A MODESTO BORRACHARIA,SANTO AMARO,,,COLISÃO TRANSVERSAL,1,1,0,0,0,0,0,0,0,1,0,,,,,,,,,,,,,
2023-09-19 00:00:00,07:18:00,COM VÍTIMA,FINALIZADA,TORROES,AV ENGENHEIRO ABDIAS DE CARVALHO,,,"PROX. AO POSTO DE GASOLINA BR, AO LADO DO ANTIGO YOKI",TORROES,,,COLISÃO LATERAL,0,1,0,0,0,0,0,0,0,1,0,,,,,,,,,,,,,
2023-09-19 00:00:00,07:38:00,COM VÍTIMA,FINALIZADA,TAMARINEIRA,EST VELHA DE AGUA FRIA,,,PROX. AO DENOX,TAMARINEIRA,,,COLISÃO LATERAL,0,1,0,0,0,0,0,0,0,1,0,,,,,,,,,,,,,
2023-09-19 00:00:00,08:29:00,COM VÍTIMA,FINALIZADA,TORREAO,AV GOVERNADOR AGAMENON MAGALHAES,,,PROX. AO HOSPITAL HAP VIDA SENT. BOA VIAGEM,TORREAO,,,COLISÃO LATERAL,0,1,0,0,0,0,0,0,0,1,0,,,,,,,,,,,,,
2023-09-19 00:00:00,08:53:00,COM VÍTIMA,FINALIZADA,MADALENA,RUA JOSE OSORIO,865,,PROX. A MORAIS MULTIMARCAS VEICULOS,MADALENA,,,COLISÃO LATERAL,1,1,0,0,0,0,0,0,0,2,0,,,,,,,,,,,,,
2023-09-19 00:00:00,08:59:00,COM VÍTIMA,FINALIZADA,SAN MARTIN,RUA COMENDADOR FRANCO FERREIRA,,,AO LADO DA CAVALARIA E PROX A PRAÇA DE EVENTOS DE SAN MARTINS,SAN MARTIN,,,COLISÃO,1,1,0,0,0,0,0,0,0,1,0,,,,,,,,,,,,,
2023-09-19 00:00:00,09:05:00,COM VÍTIMA,FINALIZADA,CASA AMARELA,AV DR EURICO CHAVES,,,PROX. AO BREGOSO BURGUER E BARBEARIA NAVALHA,CASA AMARELA,,,COLISÃO LATERAL,0,1,0,0,0,0,0,0,0,1,0,,,,,,,,,,,,,
2023-09-19 00:00:00,10:11:00,COM VÍTIMA,FINALIZADA,CASA AMARELA,RUA CONS PERETTI,106,,PROX A TRATORIA DA DANI / PROX A BARBEARIA LA ROSA /,CASA AMARELA,,,COLISÃO,0,1,0,0,0,0,0,0,0,1,0,,,,,,,,,,,,,
2023-09-19 00:00:00,12:40:00,COM VÍTIMA,FINALIZADA,SANTO AMARO,RUA DO HOSPICIO,,,EM FRENTE A CÂMARA DE VEREADORES,SANTO AMARO,,,COLISÃO LATERAL,1,1,0,0,0,0,0,0,0,1,0,,,,,,,,,,,,,
2023-09-19 00:00:00,01:06:00,COM VÍTIMA,FINALIZADA,ENGENHO DO MEIO,RUA ANTONIO CURADO,892,,EM FRENTE AO CLUBE DA SUDENE,ENGENHO DO MEIO,,,COLISÃO,0,1,0,0,0,0,0,0,0,1,0,,,,,,,,,,,,,
2023-09-19 00:00:00,01:10:00,COM VÍTIMA,FINALIZADA,ILHA DO LEITE,RUA MARQUES AMORIM,30,,EM FRENTE AO EMPRESARIAL ILHA DO LEITE,ILHA DO LEITE,,,COLISÃO LATERAL,1,1,0,0,0,0,0,0,0,1,0,,,,,,,,,,,,,
2023-09-19 00:00:00,01:44:00,COM VÍTIMA,FINALIZADA,BOA VIAGEM,AV ENGENHEIRO DOMINGOS FERREIRA,,RUA BRUNO VELOSO,REALIZAR VARREDURA,BOA VIAGEM,,,COLISÃO TRASEIRA,0,0,0,0,0,0,0,0,0,1,0,,,,,,,,,,,,,
2023-09-19 00:00:00,02:05:00,COM VÍTIMA,FINALIZADA,ENCRUZILHADA,AV BEBERIBE,,,EM FRENTE A ESCOLA NUCLEO ATITUDE E A FERREIRA PINTO,ENCRUZILHADA,,,QUEDA,0,1,0,0,0,0,0,0,0,1,0,,,,,,,,,,,,,
2023-09-19 00:00:00,03:57:00,COM VÍTIMA,FINALIZADA,BOA VIAGEM,RUA ANTONIO FALCAO,,,NO SEMAFORO 006  E/F AO EMPRESARIAL OTAVIANO DIAS,BOA VIAGEM,,,COLISÃO LATERAL,1,1,0,0,0,0,0,0,0,1,0,,,,,,,,,,,,,
2023-09-19 00:00:00,08:22:00,COM VÍTIMA,FINALIZADA,CASA FORTE,AV DEZESSETE DE AGOSTO,,,EM FRENTE AO POSTO DE SAUDE ERMILIO DE MORAES E AO POSTO DE COMBUSTIVEL AMIGÃO,CASA FORTE,,,COLISÃO LATERAL,0,1,0,0,0,0,0,0,0,1,0,,,,,,,,,,,,,
2023-09-19 00:00:00,09:34:00,COM VÍTIMA,CANCELADA,IBURA,RUA JOSE LEONCIO GALVAO,108,AV RIO LARGO,PRÓXIMO À ECO ESTAÇÃO DA PREFEITURA,IBURA,,,COLISÃO,0,1,0,0,0,0,0,0,0,1,0,,,,,,,,,,,,,
2023-09-19 00:00:00,11:18:00,COM VÍTIMA,FINALIZADA,AREIAS,AV RECIFE,,,E/F AO CONDOMINIO INGNEZ ANDREAZA - SENTIDO AEROPORTO,AREIAS,,,ATROPELAMENTO DE PESSOA,0,0,0,0,1,0,1,0,0,1,0,,,,,,,,,,,,,
2023-09-19 00:00:00,11:21:00,COM VÍTIMA,CANCELADA,IMBIRIBEIRA,AV MARECHAL MASCARENHAS DE MORAES,30,,PRÓXIMO ÀS LOJAS FERREIRA COSTA E CASAS BAHIA,IMBIRIBEIRA,,,COLISÃO,0,1,0,0,0,0,0,0,0,1,0,,,,,,,,,,,,,