data,hora,natureza,situacao,bairro,endereco,numero,detalhe_endereco_acidente,complemento,bairro_cruzamento,num_semaforo,sentido_via,tipo,auto,moto,ciclom,ciclista,pedestre,onibus,caminhao,viatura,outros,vitimas,vitimasfatais,acidente_verificado,tempo_clima,situacao_semaforo,sinalizacao,condicao_via,conservacao_via,ponto_controle,situacao_placa,velocidade_max_via,mao_direcao,divisao_via1,divisao_via2,divisao_via3
2023-09-20 00:00:00,07:17:00,COM VÍTIMA,FINALIZADA,AREIAS,AV RECIFE,,,EM FRENTE AO ATACADÃO / E O ANTIGO MACRO,AREIAS,,,COLISÃO,0,1,0,0,0,0,0,0,0,1,0,,,,,,,,,,,,,
2023-09-20 00:00:00,07:17:00,COM VÍTIMA,FINALIZADA,VARZEA,RUA EDUARDO PRADO,54,,AO LADO DA INTEGRAÇÃO COSME DAMIÃO / PROX A FARMACIA PRIMAVERA,VARZEA,,,COLISÃO LATERAL,2,0,0,0,0,0,0,0,0,1,0,,,,,,,,,,,,,
2023-09-20 00:00:00,07:38:00,COM VÍTIMA,FINALIZADA,IMBIRIBEIRA,AV MARECHAL MASCARENHAS DE MORAES,,,EM FRENTE AO AEROPORTO / PROX A LOCADORA DE AUTOMOVEL UNIDAS,IMBIRIBEIRA,,,COLISÃO,0,1,0,0,0,0,0,0,0,1,0,,,,,,,,,,,,,
2023-09-20 00:00:00,07:38:00,COM VÍTIMA,FINALIZADA,JAQUEIRA,RUA PADRE ROMA,,,PROX. AO BAR DO NENO E CIRURGICA MEDINI,JAQUEIRA,,,COLISÃO LATERAL,0,1,0,0,0,0,0,0,0,1,0,,,,,,,,,,,,,
2023-09-20 00:00:00,07:53:00,COM VÍTIMA,FINALIZADA,ESPINHEIRO,VDO INDEPENDENCIA,,,NA DESCIDA DO VIADUTO QUE PASSA POR CIMA DA AVENIDA NORTE - SENTIDO BOA VIAGEM,ESPINHEIRO,,,COLISÃO TRANSVERSAL,0,1,0,0,0,1,0,0,0,1,0,,,,,,,,,,,,,
2023-09-20 00:00:00,07:57:00,COM VÍTIMA,DUPLICIDADE,SANTO AMARO,AV GOVERNADOR AGAMENON MAGALHAES,,,EM CIMA DO VIADUTO JOÃO DE BARROS / SENTIDO DERBY,SANTO AMARO,,,COLISÃO,0,1,0,0,0,0,0,0,0,1,0,,,,,,,,,,,,,
2023-09-20 00:00:00,08:31:00,COM VÍTIMA,FINALIZADA,JORDAO,AV MARIA IRENE,,,"NA SAIDA DO TUNEL FELIPE CAMARÃO, SENT. JORDAO",JORDAO,,,COLISÃO COM CICLISTA,0,1,0,1,0,0,0,0,0,2,0,,,,,,,,,,,,,
2023-09-20 00:00:00,08:34:00,COM VÍTIMA,FINALIZADA,CAXANGA,AV JOAQUIM RIBEIRO,,,ENCIMA DA PONTE DA CAXANGA / PROX A UPA,CAXANGA,,,COLISÃO,0,1,0,0,0,0,0,0,0,1,0,,,,,,,,,,,,,
2023-09-20 00:00:00,09:58:00,COM VÍTIMA,FINALIZADA,AGUA FRIA,AV BEBERIBE,2352,,"EM FRENTE A ACADEMIA  CIA DO CORPO, PROX. AO SUPERMERCADO DOIS IRMÃOS",AGUA FRIA,,,ATROPELAMENTO DE PESSOA,0,1,0,0,1,0,0,0,0,1,0,,,,,,,,,,,,,
2023-09-20 00:00:00,10:06:00,SEM VÍTIMA,FINALIZADA,BOA VIAGEM,RUA COSMORAMA,,,EM FRENTE A ESCOLA ESTADUAL AUGUSTO SEVERO,BOA VIAGEM,,,COLISÃO FRONTAL,1,0,0,0,0,0,0,1,0,0,0,,,,,,,,,,,,,
2023-09-20 00:00:00,01:27:00,COM VÍTIMA,FINALIZADA,PONTO DE PARADA,RUA PORCIUNCULA,12,,,PONTO DE PARADA,,,COLISÃO,0,0,0,0,0,0,0,0,0,1,0,,,,,,,,,,,,,
2023-09-20 00:00:00,01:52:00,COM VÍTIMA,FINALIZADA,BOA VISTA,RUA JOAQUIM FELIPE,104,,,BOA VISTA,,,COLISÃO,0,0,0,0,0,0,0,0,0,1,0,,,,,,,,,,,,,
2023-09-20 00:00:00,06:19:00,COM VÍTIMA,FINALIZADA,DERBY,AV GOVERNADOR AGAMENON MAGALHAES,1593,,EM FRENTE AO HR,DERBY,,,COLISÃO,0,1,0,0,0,0,0,0,0,1,0,,,,,,,,,,,,,
2023-09-20 00:00:00,08:51:00,COM VÍTIMA,FINALIZADA,ARRUDA,AV BEBERIBE,,,EM FRENTE AO CAMPO DO SANTA CRUZ,ARRUDA,,,ATROPELAMENTO DE PESSOA,0,1,0,0,1,0,0,0,0,1,0,,,,,,,,,,,,,
2023-09-20 00:00:00,07:50:00,COM VÍTIMA,FINALIZADA,BOA VISTA,RUA DO HOSPICIO,176,,EM FRENTE A FIGUEIRA CLAÇADOS,BOA VISTA,,,COLISÃO,0,0,0,0,0,0,0,0,0,1,0,,,,,,,,,,,,,
2023-09-20 00:00:00,07:50:00,COM VÍTIMA,FINALIZADA,AFOGADOS,EST DOS REMEDIOS,10,,PRÓXIMO À FARMACIA DO TRABALHADOR E DA IGREJA CATÓLICA,AFOGADOS,,,COLISÃO,0,0,0,0,0,0,0,0,0,1,0,,,,,,,,,,,,,
2023-09-20 00:00:00,09:21:00,SEM VÍTIMA,FINALIZADA,IMBIRIBEIRA,AV MARECHAL MASCARENHAS DE MORAES,,,PRÓXIMO AO AEROPORTO,IMBIRIBEIRA,,,CHOQUE,0,0,0,0,0,0,0,0,0,0,0,,,,,,,,,,,,,
2023-09-21 00:00:00,07:44:00,COM VÍTIMA,FINALIZADA,DOIS IRMAOS,RUA RIBEIRO PESSOA,345,,PROX A UPA DA CAXANGA / EM FRENTE AO PINTO FORMOSO,DOIS IRMAOS,,,COLISÃO FRONTAL,1,1,0,0,0,0,0,0,0,1,0,,,,,,,,,,,,,
2023-09-21 00:00:00,08:05:00,COM VÍTIMA,FINALIZADA,SAN MARTIN,AV GENERAL SAN MARTIN,,,PROX AO RESTAURANTE CHO DAN NORDESTINO / PROX AO GIRADOURO DE SAN MARTINS SENTIDO AV RECIFE,SAN MARTIN,,,COLISÃO FRONTAL,1,1,0,0,0,0,0,0,0,2,0,,,,,,,,,,,,,
2023-09-21 00:00:00,08:45:00,COM VÍTIMA,CANCELADA,PRADO,AV ENGENHEIRO ABDIAS DE CARVALHO,,,EM FRENTE KANTAM / PROX A ENGEFRIO,PRADO,,,COLISÃO,0,1,0,0,0,0,0,0,0,1,0,,,,,,,,,,,,,
2023-09-21 00:00:00,08:57:00,SEM VÍTIMA,FINALIZADA,AFOGADOS,AV SUL,,,TERMINAL INTEGRADO DE AFOGADOS,AFOGADOS,,CIDADE,COLISÃO LATERAL,1,0,0,0,0,0,1,0,0,0,0,,,,,,,,,,,,,
2023-09-21 00:00:00,09:00:00,COM VÍTIMA,FINALIZADA,CORDEIRO,AV GENERAL SAN MARTIN,,,"CRUZAMENTO COM A GOMES TABORDA, ANTIGA RUA DA LAMA / PROX A FARMACIA PAGUE MENOS / PROX AO SUPERMERCADO IDEAL ATACAREJO",CORDEIRO,,,COLISÃO,0,1,0,0,0,0,0,0,0,1,0,,,,,,,,,,,,,
2023-09-21 00:00:00,09:31:00,COM VÍTIMA,FINALIZADA,ARRUDA,AV PROFESSOR JOSE DOS ANJOS,,,PROX. AO BOMPREÇO E O CAMPO DO ARRUDA,ARRUDA,,,COLISÃO LATERAL,0,1,0,0,0,0,0,0,0,1,0,,,,,,,,,,,,,
2023-09-21 00:00:00,11:44:00,SEM VÍTIMA,FINALIZADA,MADALENA,AV VISCONDE DE ALBUQUERQUE,,RUA BARTOLOMEU DE GUSMAO,NA DESCIDA DA PONTE DA CAPUNGA,MADALENA,,,COLISÃO TRANSVERSAL,0,0,0,0,0,0,0,0,0,0,0,,,,,,,,,,,,,
2023-09-21 00:00:00,03:30:00,SEM VÍTIMA,FINALIZADA,PARNAMIRIM,AV PARNAMIRIM,196,RUA TITO ROSAS,EM FRENTE AO POSTO SHELL,PARNAMIRIM,10,CIDADE,COLISÃO TRASEIRA,1,0,0,0,0,1,0,0,0,0,0,,,,,,,,,,,,,
2023-09-21 00:00:00,04:16:00,COM VÍTIMA,FINALIZADA,CASA AMARELA,AV NORTE MIGUEL ARRAES DE ALENCAR,,,PROX YAMAHA E A MATARNIDADE BARROS LIMA,CASA AMARELA,,CIDADE,COLISÃO TRASEIRA,1,1,0,0,0,0,0,0,0,2,0,,,,,,,,,,,,,
2023-09-21 00:00:00,04:21:00,SEM VÍTIMA,FINALIZADA,SAO JOSE,RUA IMPERIAL,1911,,,SAO JOSE,,SUBURBIO,COLISÃO TRASEIRA,1,0,0,0,0,0,0,1,0,0,0,,,,,,,,,,,,,
2023-09-21 00:00:00,04:47:00,COM VÍTIMA,FINALIZADA,CAMPO GRANDE,RUA ODORICO MENDES,681,,EM FRENTE AO CLUBE DAS PÁS,CAMPO GRANDE,,,COLISÃO LATERAL,0,1,0,0,0,0,0,0,0,1,0,,,,,,,,,,,,,
2023-09-21 00:00:00,04:57:00,COM VÍTIMA,FINALIZADA,IPSEP,AV RECIFE,1386,,EM FRENTE A RECIFE MOTOS E AO LADO DO DEPOSITO RECURSO NATURAL,IPSEP,,,COLISÃO LATERAL,0,1,0,0,0,0,0,0,0,1,0,,,,,,,,,,,,,
2023-09-21 00:00:00,05:11:00,COM VÍTIMA,FINALIZADA,IMBIRIBEIRA,AV MARECHAL MASCARENHAS DE MORAES,12,,PROXIMO A LASER ELETRO,IMBIRIBEIRA,,,COLISÃO LATERAL,0,1,0,0,0,0,0,0,0,1,0,,,,,,,,,,,,,
2023-09-21 00:00:00,05:38:00,COM VÍTIMA,FINALIZADA,LINHA DO TIRO,RUA PROFESSOR JOSE AMARINO DOS REIS,314,,APÓS A ASSEMBLEIA DE DEUS,LINHA DO TIRO,,,COLISÃO LATERAL,0,1,0,0,0,0,0,0,0,1,0,,,,,,,,,,,,,
2023-09-21 00:00:00,05:47:00,COM VÍTIMA,FINALIZADA,SANTO AMARO,AV NORTE MIGUEL ARRAES DE ALENCAR,654,,POUCO ANTES DO SEMAFORO 036,SANTO AMARO,,SUBURBIO,COLISÃO TRASEIRA,1,1,0,0,0,0,0,0,0,1,0,,,,,,,,,,,,,
2023-09-21 00:00:00,08:34:00,COM VÍTIMA,FINALIZADA,JARDIM SAO PAULO,RUA LEOBINA PEREIRA,,RUA LEANDRO BARRETO,,JARDIM SAO PAULO,,,COLISÃO,0,1,0,0,0,0,0,0,0,1,0,,,,,,,,,,,,,
2023-09-21 00:00:00,09:51:00,COM VÍTIMA,FINALIZADA,SANTO AMARO,AV CRUZ CABUGA,,,LADO OPOSTO À ACADEMIA HAVANNA - E/ F À ESTAÇÃO BRT - SENTIDO SUBURBIO,SANTO AMARO,,,COLISÃO COM CICLISTA,0,1,0,1,0,0,0,0,0,2,0,,,,,,,,,,,,,
2023-09-22 00:00:00,12:59:00,COM VÍTIMA,CANCELADA,BOA VIAGEM,AV BOA VIAGEM,462,,PRÓXIMO AO PRIMEIRO JARDIM,BOA VIAGEM,,,COLISÃO,0,1,0,0,0,0,0,0,0,1,0,,,,,,,,,,,,,
2023-09-22 00:00:00,07:31:00,COM VÍTIMA,FINALIZADA,IMBIRIBEIRA,AV MARECHAL MASCARENHAS DE MORAES,,,PROX EM FRENTE AO POSTO DE GASOLINA BR /PROX AO GERALDÃO SENTIDO AEROPORTO,IMBIRIBEIRA,,,COLISÃO TRASEIRA,0,1,0,0,0,0,0,0,0,1,0,,,,,,,,,,,,,
2023-09-22 00:00:00,07:34:00,COM VÍTIMA,FINALIZADA,AREIAS,AV DR JOSE RUFINO,,,APOS O SENAI VINDO DE AFOGADOS RECIFE E VINDO DE JABOATAO APOS LINHA FERREA,AREIAS,,,COLISÃO LATERAL,1,1,0,0,0,0,0,0,0,1,0,,,,,,,,,,,,,
2023-09-22 00:00:00,08:53:00,COM VÍTIMA,FINALIZADA,JORDAO,AV MARIA IRENE,,,EM FRENTE AO QUARTEL DA AERONAUTICA,JORDAO,,,COLISÃO LATERAL,0,1,0,0,0,0,0,0,0,1,0,,,,,,,,,,,,,
2023-09-22 00:00:00,09:14:00,COM VÍTIMA,FINALIZADA,PINA,AVENIDA CELSO FURTADO (VIA MANGUE),,,SENTIDO BOA VIAGEM NA SUBIDA DO VIADUTO,PINA,,,COLISÃO,0,1,0,0,0,0,0,0,0,1,0,,,,,,,,,,,,,
2023-09-22 00:00:00,10:42:00,SEM VÍTIMA,FINALIZADA,AFOGADOS,RUA SANTO ANGELO,,RUA SANTOS ARAUJO,AO LADO DA ANTIGA SOUZA CRUZ,AFOGADOS,,,COLISÃO LATERAL,1,0,0,0,0,0,1,0,0,0,0,,,,,,,,,,,,,
2023-09-22 00:00:00,11:08:00,COM VÍTIMA,FINALIZADA,CAJUEIRO,AV CIDADE DE MONTEIRO,375,,PROX AO ARMAZEM CORAL,CAJUEIRO,,,COLISÃO,0,1,0,0,0,0,0,0,0,1,0,,,,,,,,,,,,,
2023-09-22 00:00:00,11:32:00,COM VÍTIMA,FINALIZADA,IPUTINGA,AV MAURICIO DE NASSAU,,EST DO BARBALHO,PROX A CASA DE PLACAS,IPUTINGA,,,COLISÃO,1,1,0,0,0,0,0,0,0,1,0,,,,,,,,,,,,,
2023-09-22 00:00:00,12:43:00,COM VÍTIMA,FINALIZADA,BREJO DA GUABIRABA,COR JOSE IDALINO,,,PACTE DENTRO DO CENTRO DE CIDADANIA DO BAIRRO / EM FRENTE AO ARMAZEM BARATAÇO,BREJO DA GUABIRABA,,,COLISÃO,0,1,0,0,0,0,0,0,0,1,0,,,,,,,,,,,,,
2023-09-22 00:00:00,01:30:00,COM VÍTIMA,FINALIZADA,CAJUEIRO,AV BEBERIBE,,,PROXIMO A PRAÇA DO FUNDÃO E A HORTFRUT NOSSA SENHORA APARECIDA,CAJUEIRO,,,COLISÃO LATERAL,0,1,0,0,0,0,0,0,0,1,0,,,,,,,,,,,,,
2023-09-22 00:00:00,02:28:00,COM VÍTIMA,FINALIZADA,PINA,AV DR DIRCEU VELLOSO TOSCANO DE BRITO,356,,PROXIMO AO 19º BATALHÃO E AO SHOPPING RIO MAR,PINA,,,ATROPELAMENTO DE PESSOA,0,1,0,0,1,0,0,0,0,1,0,,,,,,,,,,,,,
2023-09-22 00:00:00,02:44:00,COM VÍTIMA,FINALIZADA,CAMPO GRANDE,RUA MARIO SETE,575,,PROXIMO A IGREJA DO BOM PARTO,CAMPO GRANDE,,,COLISÃO LATERAL,2,1,0,0,0,0,0,0,0,1,0,,,,,,,,,,,,,
2023-09-22 00:00:00,03:37:00,COM VÍTIMA,FINALIZADA,CABANGA,AV ENGENHEIRO JOSE ESTELITA,,,PROXIMO AO CABANGA IATE CLUBE,CABANGA,,,COLISÃO LATERAL,0,1,0,0,0,0,0,0,0,1,0,,,,,,,,,,,,,
2023-09-22 00:00:00,04:32:00,COM VÍTIMA,FINALIZADA,BRASILIA TEIMOSA,RUA FRANCISCO VALPASSOS,58,,EM FRENTE A REFIBRA TELECON,BRASILIA TEIMOSA,,,COLISÃO LATERAL,0,1,0,0,0,1,0,0,0,1,0,,,,,,,,,,,,,
2023-09-23 00:00:00,02:08:00,COM VÍTIMA,FINALIZADA,BOA VIAGEM,AV ENGENHEIRO DOMINGOS FERREIRA,,RUA PROFESSOR JOSE BRANDAO,,BOA VIAGEM,550,,COLISÃO,2,0,0,0,0,0,0,0,0,2,0,,,,,,,,,,,,,
2023-09-23 00:00:00,03:30:00,COM VÍTIMA,FINALIZADA,PINA,AV BOA VIAGEM,980,,EM FRENTE AS QUADRAS DE TENIS,PINA,,,CHOQUE,2,0,0,0,0,0,0,0,0,1,0,,,,,,,,,,,,,
2023-09-23 00:00:00,05:33:00,COM VÍTIMA,FINALIZADA,IPSEP,AV RECIFE,,RUA JEAN EMILE FAVRE,,IPSEP,,,QUEDA,1,1,0,0,0,0,0,0,0,2,0,,,,,,,,,,,,,
2023-09-23 00:00:00,11:38:00,COM VÍTIMA,CANCELADA,JAQUEIRA,AV RUI BARBOSA,,,APOIS PARQUE DA JAQUEIRA / PROX AO COLEGIO DAMAS,JAQUEIRA,,,COLISÃO,0,1,0,0,0,0,0,0,0,1,0,,,,,,,,,,,,,
2023-09-23 00:00:00,11:38:00,COM VÍTIMA,FINALIZADA,CASA AMARELA,RUA PADRE LEMOS,,,EM FRENTE AO POSTO DE GASOLINA BR / NA ENTRADA DO VASCO DA GAMA,CASA AMARELA,,,COLISÃO,1,1,0,0,0,0,0,0,0,1,0,,,,,,,,,,,,,
2023-09-23 00:00:00,12:03:00,COM VÍTIMA,FINALIZADA,MADALENA,EST DOS REMEDIOS,,AV ENGENHEIRO ABDIAS DE CARVALHO,PROX A MADALENA,MADALENA,,,COLISÃO TRASEIRA,1,1,0,0,0,0,0,0,0,1,0,,,,,,,,,,,,,
2023-09-23 00:00:00,12:47:00,SEM VÍTIMA,FINALIZADA,IMBIRIBEIRA,RUA ALVARO AMORIM,208,RUA ARQUITETO LUIZ NUNES,EM FRENTE AO NÚMERO 208,IMBIRIBEIRA,,SUBURBIO,COLISÃO TRASEIRA,2,0,0,0,0,0,0,0,0,0,0,,,,,,,,,,,,,
2023-09-23 00:00:00,01:38:00,COM VÍTIMA,FINALIZADA,BARRO,RUA BARAO DE LADARIO,127,,PROXIMO AO HOTEL OLYMPIKUS,BARRO,,,COLISÃO,0,1,0,0,0,0,0,0,0,1,0,,,,,,,,,,,,,
2023-09-23 00:00:00,05:04:00,COM VÍTIMA,FINALIZADA,AREIAS,AV RECIFE,4841,,EM FRENTE AO CARREFOUR /SENTIDO CEASA,AREIAS,,,QUEDA,0,1,0,0,0,0,0,0,0,1,0,,,,,,,,,,,,,
2023-09-23 00:00:00,05:35:00,COM VÍTIMA,FINALIZADA,ESTANCIA,RUA MORAIS E SILVA,548,,EM FRENTE A GALERIA MARGARIDA,ESTANCIA,,,COLISÃO LATERAL,1,1,0,0,0,0,0,0,0,2,0,,,,,,,,,,,,,
2023-09-23 00:00:00,06:26:00,COM VÍTIMA,FINALIZADA,ARRUDA,AV BEBERIBE,,,ESTADIO CLUBE  DO SANTA CRUZ,ARRUDA,,,COLISÃO,0,1,0,0,0,0,0,0,0,1,0,,,,,,,,,,,,,
2023-09-23 00:00:00,06:42:00,COM VÍTIMA,CANCELADA,IMBIRIBEIRA,AV MARECHAL MASCARENHAS DE MORAES,18,,ANTES DO ATACADÃO SENTIDO AEROPORTO,IMBIRIBEIRA,,,COLISÃO,0,1,0,0,0,0,0,0,0,1,0,,,,,,,,,,,,,
2023-09-23 00:00:00,07:04:00,COM VÍTIMA,FINALIZADA,MADALENA,RUA REAL DA TORRE,,,"APÓS O PONTO DO AÇAI, EM FRENTE AO POSTO DE GASOLINA SETA",MADALENA,,,COLISÃO,0,1,0,0,0,0,0,0,0,1,0,,,,,,,,,,,,,
2023-09-23 00:00:00,07:39:00,SEM VÍTIMA,CANCELADA,MADALENA,RUA BENFICA,,,COM A ESTRADA DOS REMENDIOS,MADALENA,,,COLISÃO,1,1,0,0,0,0,0,0,0,0,0,,,,,,,,,,,,,
2023-09-23 00:00:00,07:56:00,COM VÍTIMA,FINALIZADA,PORTO DA MADEIRA,AV BEBERIBE,,,E/F AO BAR DALVA D'OLIVEIRA,PORTO DA MADEIRA,,,COLISÃO,0,1,0,0,0,0,0,0,0,1,0,,,,,,,,,,,,,
2023-09-23 00:00:00,08:32:00,COM VÍTIMA,CANCELADA,AFOGADOS,RUA JOSE MIRANDA,2,,"EM FRENTE A TABACARIA VINTE DE ABRIL, ANTES DO BAR ARRETADO DE BOM",AFOGADOS,,,COLISÃO,0,1,0,0,0,0,0,0,0,1,0,,,,,,,,,,,,,
2023-09-23 00:00:00,08:58:00,COM VÍTIMA,CANCELADA,CASA FORTE,AV DEZESSETE DE AGOSTO,,,E/F AO SHOPPING PLAZA E BANCO DO BRASIL,CASA FORTE,,SUBURBIO,QUEDA,0,1,0,0,0,0,0,0,0,1,0,,,,,,,,,,,,,
2023-09-23 00:00:00,09:39:00,COM VÍTIMA,FINALIZADA,MANGABEIRA,AV NORTE MIGUEL ARRAES DE ALENCAR,4607,,PRÓXIMO À ENTRADA DA MANGABEIRA,MANGABEIRA,,,COLISÃO TRASEIRA,1,1,0,0,0,0,0,0,0,1,0,,,,,,,,,,,,,
2023-09-23 00:00:00,10:05:00,COM VÍTIMA,CANCELADA,IBURA,AV DOIS RIOS,578,,PRÓXIMO A FREVO  E IGREJA EVANGELICA EL SHADAI,IBURA,,,COLISÃO,1,1,0,0,0,0,0,0,0,1,0,,,,,,,,,,,,,
2023-09-23 00:00:00,11:00:00,COM VÍTIMA,CANCELADA,BOA VIAGEM,AV BOA VIAGEM,560,,EM FRENTE AO RESTAURANTE CASQUINHO DO TIO,BOA VIAGEM,,,COLISÃO TRASEIRA,2,1,0,0,0,0,0,0,0,1,0,,,,,,,,,,,,,
2023-09-23 00:00:00,11:30:00,COM VÍTIMA,FINALIZADA,BOA VIAGEM,RUA JOAO DIAS MARTINS,255,,APÓS O MAR HOTEL,BOA VIAGEM,,,COLISÃO LATERAL,2,0,0,0,0,0,0,0,0,1,0,,,,,,,,,,,,,
2023-09-23 00:00:00,11:40:00,SEM VÍTIMA,FINALIZADA,SANTO AMARO,AV CRUZ CABUGA,,,MERCADO DE SANTO AMARO,SANTO AMARO,,SUBURBIO,CHOQUE,1,0,0,0,0,0,0,0,0,0,0,,,,,,,,,,,,,
2023-09-24 00:00:00,12:32:00,COM VÍTIMA,CANCELADA,DOIS UNIDOS,AV HILDEBRANDO DE VASCONCELOS,1619,,"NA ENTRADA DE DOIS UNIDOS, NA PONTE",DOIS UNIDOS,,,COLISÃO,0,0,0,0,0,0,0,0,0,1,0,,,,,,,,,,,,,
2023-09-24 00:00:00,06:12:00,COM VÍTIMA,FINALIZADA,IBURA,AV PERNAMBUCO,,,UR 3 / NA CURVA ANTES DA HAMBURGUERIA TITANIUM / PX AO COLEGIO POLE VALENTE,IBURA,,,COLISÃO LATERAL,0,1,0,0,0,0,0,0,0,1,0,,,,,,,,,,,,,
2023-09-24 00:00:00,09:10:00,COM VÍTIMA,FINALIZADA,AREIAS,AV DR JOSE RUFINO,1495,,EM  FRENTE A IGREJA PRESBITERIANA,AREIAS,,,COLISÃO LATERAL,1,1,0,0,0,0,0,0,0,1,0,,,,,,,,,,,,,
2023-09-24 00:00:00,09:17:00,COM VÍTIMA,FINALIZADA,CABANGA,RUA NOVA DA CABANGA,,,PROX AO CAMPO DE FUTEBOL E AO VIADUTO CAPITAO TEMUDO,CABANGA,,,COLISÃO LATERAL,0,1,0,0,0,0,0,0,0,1,0,,,,,,,,,,,,,
2023-09-24 00:00:00,01:41:00,COM VÍTIMA,FINALIZADA,FUNDAO,RUA CORONEL URBANO RIBEIRO DE SENA,2696,,AO ALDO A PADARIA SUBLIME PÃO,FUNDAO,,,ATROPELAMENTO DE PESSOA,0,0,0,0,1,0,1,0,0,1,0,,,,,,,,,,,,,
2023-09-24 00:00:00,04:58:00,COM VÍTIMA,FINALIZADA,BOA VIAGEM,AV ENGENHEIRO DOMINGOS FERREIRA,2284,,E/F A FARMACIA PAGUE MENOS,BOA VIAGEM,,,COLISÃO TRASEIRA,1,1,0,0,0,0,0,0,0,1,0,,,,,,,,,,,,,
2023-09-24 00:00:00,05:03:00,COM VÍTIMA,FINALIZADA,BAIRRO DO RECIFE,CAIS DO APOLO,,AV MILITAR,PROXIMO A PCR,BAIRRO DO RECIFE,,,COLISÃO,1,0,0,0,0,0,0,0,0,1,0,,,,,,,,,,,,,
2023-09-24 00:00:00,08:07:00,COM VÍTIMA,FINALIZADA,CASA AMARELA,RUA PROFESSOR ALVARO LIMA,1284,,EST DO ENCANAMENTO,CASA AMARELA,,,COLISÃO LATERAL,1,1,0,0,0,0,0,0,0,1,0,,,,,,,,,,,,,
2023-09-25 00:00:00,06:55:00,COM VÍTIMA,FINALIZADA,CAXANGA,AV CAXANGA,5034,,PROX. A IGREJA ASSEMBLEIA DE DEUS  NOVAS DE PAZ,CAXANGA,,,COLISÃO LATERAL,0,1,0,0,0,0,0,1,0,1,0,,,,,,,,,,,,,
2023-09-25 00:00:00,07:09:00,COM VÍTIMA,FINALIZADA,SANTO AMARO,AV DR JAYME DA FONTE,,,AO LADO DA COMPESA,SANTO AMARO,,,COLISÃO LATERAL,1,1,0,0,0,0,0,0,0,1,0,,,,,,,,,,,,,
2023-09-25 00:00:00,09:10:00,COM VÍTIMA,FINALIZADA,JAQUEIRA,RUA MUNIZ TAVARES,,,PROX. A PRAÇA FLEMING E PET SHOP CÃO Q RI,JAQUEIRA,,,COLISÃO LATERAL,0,1,0,0,0,0,0,0,0,1,0,,,,,,,,,,,,,
2023-09-25 00:00:00,10:11:00,COM VÍTIMA,FINALIZADA,SAO JOSE,AV SUL,,,PROX AO QUARTEL DA ROCAN,SAO JOSE,,,COLISÃO TRASEIRA,0,1,0,0,0,0,0,0,0,1,0,,,,,,,,,,,,,
2023-09-25 00:00:00,10:58:00,SEM VÍTIMA,FINALIZADA,SANTO AMARO,AV CRUZ CABUGA,767,,LADO OPOSTO A CASA DA INDÚSTRIA,SANTO AMARO,,SUBURBIO,CHOQUE,0,0,0,0,0,0,0,0,1,0,0,,,,,,,,,,,,,
2023-09-25 00:00:00,12:09:00,COM VÍTIMA,FINALIZADA,IMBIRIBEIRA,RUA ARQUITETO LUIZ NUNES,,,AO LADO ESCOLA ANITA GARIBALDA / PROX A LAGOA DO ARAÇA,IMBIRIBEIRA,632,,COLISÃO TRASEIRA,0,1,0,0,0,0,0,0,0,1,0,,,,,,,,,,,,,
2023-09-25 00:00:00,12:35:00,COM VÍTIMA,FINALIZADA,BOA VIAGEM,RUA DOS NAVEGANTES,,,PROX AO EDIFICIO ANDA LUCIA,BOA VIAGEM,,,COLISÃO,0,1,0,0,0,0,0,0,0,1,0,,,,,,,,,,,,,
2023-09-25 00:00:00,12:58:00,COM VÍTIMA,FINALIZADA,BOA VIAGEM,AV CONSELHEIRO AGUIAR,,RUA FELIX DE BRITO E MELO,POR TRAS DA PADARIA BOA VIAGEM,BOA VIAGEM,,,ATROPELAMENTO DE PESSOA,1,0,0,0,1,0,0,0,0,1,0,,,,,,,,,,,,,
2023-09-25 00:00:00,01:22:00,COM VÍTIMA,FINALIZADA,SAO JOSE,RUA FLORIANO PEIXOTO,3128,,AO LADO DA CASA DA CULTURA / PROXIMO A ESTAÇÃO DO METRO DO RECIFE,SAO JOSE,,,COLISÃO FRONTAL,1,1,0,0,0,0,0,0,0,1,0,,,,,,,,,,,,,
2023-09-25 00:00:00,01:56:00,COM VÍTIMA,FINALIZADA,BEBERIBE,RUA COMPOSITOR VINICIUS DE MORAIS,189,,POR TRAS DO MERCADO DE BEBERIBE NA PISTA NOVA,BEBERIBE,,,COLISÃO,0,1,0,0,0,0,0,0,0,1,0,,,,,,,,,,,,,
2023-09-25 00:00:00,02:17:00,COM VÍTIMA,FINALIZADA,CORDEIRO,AV MAURICIO DE NASSAU,685,,PROXIMO AO GOE,CORDEIRO,,,COLISÃO LATERAL,1,1,0,0,0,0,0,0,0,1,0,,,,,,,,,,,,,
2023-09-25 00:00:00,02:40:00,COM VÍTIMA,FINALIZADA,MADALENA,RUA REAL DA TORRE,256,,DEPOIS DO MERCADO DA MADALENA E PROX A MARCOS EQUIPADORA  ANTES DO TUNEL DA ABOLIÇÃO,MADALENA,,,COLISÃO,2,0,0,0,0,0,0,0,0,1,0,,,,,,,,,,,,,
2023-09-25 00:00:00,03:54:00,COM VÍTIMA,FINALIZADA,PRADO,RUA RICARDO SALAZAR,178,,GIRADOURO PROXIMO AO SALÃO DE BELEZA NETO,PRADO,,,COLISÃO,0,1,0,0,0,0,0,0,0,1,0,,,,,,,,,,,,,
2023-09-25 00:00:00,05:07:00,COM VÍTIMA,FINALIZADA,IMBIRIBEIRA,AV MARECHAL MASCARENHAS DE MORAES,4561,,AO LADO DA TOYOTA S/T AFOGADOS,IMBIRIBEIRA,,,COLISÃO LATERAL,1,1,0,0,0,0,0,0,0,1,0,,,,,,,,,,,,,
2023-09-25 00:00:00,05:47:00,COM VÍTIMA,FINALIZADA,BONGI,AV ENGENHEIRO ABDIAS DE CARVALHO,1264,,FACULDADE ESTACIO,BONGI,,,COLISÃO,0,1,0,0,0,0,0,0,0,1,0,,,,,,,,,,,,,
2023-09-25 00:00:00,06:11:00,COM VÍTIMA,FINALIZADA,HIPODROMO,RUA MARQUES DE BAIPENDI,140,,PROXIMO AO CALDINHO DA ZEZE,HIPODROMO,,,COLISÃO,0,1,0,0,0,0,0,0,0,1,0,,,,,,,,,,,,,
2023-09-25 00:00:00,06:22:00,COM VÍTIMA,FINALIZADA,PAISSANDU,AV GOVERNADOR AGAMENON MAGALHAES,2209,,MEMORIAL SÃO JOSE,PAISSANDU,,,COLISÃO,0,1,0,0,0,0,0,0,0,1,0,,,,,,,,,,,,,
2023-09-25 00:00:00,06:46:00,COM VÍTIMA,CANCELADA,ARRUDA,AV BEBERIBE,,,FEIRA NOVA DE AGUA FRIA,ARRUDA,,,COLISÃO,0,1,0,0,0,0,0,0,0,1,0,,,,,,,,,,,,,
2023-09-25 00:00:00,11:38:00,COM VÍTIMA,CANCELADA,JIQUIA,RUA SAO MIGUEL,,,PRÓXIMO AO BODE DO NÔ,JIQUIA,,,COLISÃO TRANSVERSAL,1,1,0,0,0,0,0,0,0,2,0,,,,,,,,,,,,,
2023-09-26 00:00:00,01:14:00,COM VÍTIMA,FINALIZADA,DERBY,PRC PROFESSOR AGAMENON MAGALHAES,,,COM A AV GOV CARLOS DE LIMA  CAVALCANTI,DERBY,,,COLISÃO TRANSVERSAL,0,2,0,0,0,0,0,0,0,1,0,,,,,,,,,,,,,
2023-09-26 00:00:00,06:19:00,COM VÍTIMA,FINALIZADA,BOA VIAGEM,AV ENGENHEIRO DOMINGOS FERREIRA,,RUA PADRE BERNADINO PESSOA,NO SEMAFORO 144,BOA VIAGEM,,,COLISÃO COM CICLISTA,1,0,0,1,0,0,0,0,0,1,0,,,,,,,,,,,,,
2023-09-26 00:00:00,07:47:00,COM VÍTIMA,FINALIZADA,DERBY,AV GOVERNADOR AGAMENON MAGALHAES,,RUA JOAQUIM NABUCO,,DERBY,174,,COLISÃO TRANSVERSAL,1,1,0,0,0,0,0,0,0,1,0,,,,,,,,,,,,,