data,hora,natureza,situacao,bairro,endereco,numero,detalhe_endereco_acidente,complemento,bairro_cruzamento,num_semaforo,sentido_via,tipo,auto,moto,ciclom,ciclista,pedestre,onibus,caminhao,viatura,outros,vitimas,vitimasfatais,acidente_verificado,tempo_clima,situacao_semaforo,sinalizacao,condicao_via,conservacao_via,ponto_controle,situacao_placa,velocidade_max_via,mao_direcao,divisao_via1,divisao_via2,divisao_via3
2023-09-26 00:00:00,08:14:00,COM VÍTIMA,FINALIZADA,TORROES,RUA ZUMBI DOS PALMARES,,,PROX AO MERCADINHO VEM QUE TEM / PROX AO DEPOSITO BRASIL GÁS,TORROES,,,COLISÃO,0,1,0,0,0,0,0,0,0,1,0,,,,,,,,,,,,,
2023-09-26 00:00:00,08:50:00,COM VÍTIMA,FINALIZADA,IPUTINGA,AV MAURICIO DE NASSAU,,,PROX AO SUPERMERCADO RENDE MAIS,IPUTINGA,,,COLISÃO,1,1,0,0,1,0,0,0,0,1,0,,,,,,,,,,,,,
2023-09-26 00:00:00,01:14:00,COM VÍTIMA,FINALIZADA,BAIRRO DO RECIFE,AV MILITAR,550,,POSTO DE GASOLINA // PREFEITURA DO RECIFE,BAIRRO DO RECIFE,,,COLISÃO,0,1,0,0,0,0,0,0,0,1,0,,,,,,,,,,,,,
2023-09-26 00:00:00,01:55:00,COM VÍTIMA,FINALIZADA,CAMPO GRANDE,EST DE BELEM,848,,PX AO POSTO PETRONAC // PX A MULTIBOM // EM FRENTE A CLÍNICA CENTRAL,CAMPO GRANDE,,,COLISÃO,2,0,0,0,0,0,0,0,0,1,0,,,,,,,,,,,,,
2023-09-26 00:00:00,02:01:00,COM VÍTIMA,FINALIZADA,PAISSANDU,AV GOVERNADOR AGAMENON MAGALHAES,,,EM FRENTE AO HOSPITAL PORTUGUES,PAISSANDU,,,COLISÃO LATERAL,1,1,0,0,0,0,0,0,0,1,0,,,,,,,,,,,,,
2023-09-26 00:00:00,02:48:00,COM VÍTIMA,FINALIZADA,IBURA,RUA FRANCISCO BELTRAO,474,,CONSELHO TUTELAR // SUBINDO A LADEIRA,IBURA,,,COLISÃO,0,1,0,0,0,0,0,0,0,1,0,,,,,,,,,,,,,
2023-09-26 00:00:00,02:48:00,COM VÍTIMA,FINALIZADA,MACAXEIRA,AV NORTE MIGUEL ARRAES DE ALENCAR,5797,,PROX A PRAÇA DA MACAXEIRA,MACAXEIRA,,,COLISÃO,0,1,0,0,0,0,0,0,0,1,0,,,,,,,,,,,,,
2023-09-26 00:00:00,02:52:00,SEM VÍTIMA,FINALIZADA,DOIS UNIDOS,RUA ALTO DO MARACANA,400,,PADARIA ALTO DO MARACANA,DOIS UNIDOS,,,COLISÃO,2,0,0,0,0,0,0,0,0,0,0,,,,,,,,,,,,,
2023-09-26 00:00:00,03:58:00,COM VÍTIMA,FINALIZADA,IMBIRIBEIRA,RUA SARGENTO SILVINO DE MACEDO,378,,POR TRAZ DO VIA CLUBE // MOTEL FANTASY,IMBIRIBEIRA,,,COLISÃO,0,1,0,0,0,0,0,0,0,1,0,,,,,,,,,,,,,
2023-09-26 00:00:00,04:22:00,COM VÍTIMA,FINALIZADA,PINA,AV REPUBLICA DO LIBANO,419,,SHOOPING RIO MAR,PINA,,,COLISÃO,0,1,0,0,0,0,0,0,0,1,0,,,,,,,,,,,,,
2023-09-26 00:00:00,04:28:00,COM VÍTIMA,FINALIZADA,SANTO AMARO,AV CRUZ CABUGA,1899,,PRAÇA TACARUNA OPOSTO A ESTACAO BRT,SANTO AMARO,,,COLISÃO,1,1,0,0,0,0,0,0,0,1,0,,,,,,,,,,,,,
2023-09-26 00:00:00,07:29:00,COM VÍTIMA,FINALIZADA,ROSARINHO,AV NORTE MIGUEL ARRAES DE ALENCAR,,AV SANTOS DUMONT,PRÓXIMO A PADARIA ROSARINHO,ROSARINHO,,,COLISÃO,0,0,0,0,0,0,0,0,0,1,0,,,,,,,,,,,,,
2023-09-26 00:00:00,09:28:00,COM VÍTIMA,FINALIZADA,DOIS IRMAOS,RUA MANUEL DE MEDEIROS,93,,APÓS A UNIVERSIDADE RURAL,DOIS IRMAOS,,,COLISÃO,0,1,0,0,0,0,0,0,0,1,0,,,,,,,,,,,,,
2023-09-27 00:00:00,07:28:00,COM VÍTIMA,FINALIZADA,IMBIRIBEIRA,AV MARECHAL MASCARENHAS DE MORAES,,,EM FRENTE A POSTO DE COMBUSTIVEL IPIRANGA SENTIDO AEROPORTO / EM FRENTE A LOJA GRILO,IMBIRIBEIRA,,,QUEDA,0,1,0,0,0,0,0,0,0,1,0,,,,,,,,,,,,,
2023-09-27 00:00:00,07:43:00,COM VÍTIMA,FINALIZADA,CAMPO GRANDE,RUA SAO CAETANO,,RUA PROFESSOR FRANCISCO DA TRINDADE,PROX. AO CLUBE DAS PAS,CAMPO GRANDE,,,COLISÃO LATERAL,0,1,0,0,0,0,0,0,0,1,0,,,,,,,,,,,,,
2023-09-27 00:00:00,07:46:00,COM VÍTIMA,FINALIZADA,VARZEA,AV AFONSO OLINDENSE,,,PROX. A SECRETARIA DE EDUCAÇÃO,VARZEA,,,COLISÃO LATERAL,0,1,0,0,0,0,0,0,0,1,0,,,,,,,,,,,,,
2023-09-27 00:00:00,08:49:00,COM VÍTIMA,DUPLICIDADE,SANTO AMARO,RUA DOS PALMARES,,,,SANTO AMARO,,,COLISÃO LATERAL,0,0,0,0,0,0,0,0,0,1,0,,,,,,,,,,,,,
2023-09-27 00:00:00,08:52:00,COM VÍTIMA,FINALIZADA,SANTO AMARO,AV MARIO MELO,,,PRÓX A ESQUINA DO CEMITÉRIO DE SANTO AMARO,SANTO AMARO,,,COLISÃO,1,1,0,0,0,0,0,0,0,1,0,,,,,,,,,,,,,
2023-09-27 00:00:00,10:08:00,COM VÍTIMA,FINALIZADA,IPUTINGA,EST DO BARBALHO,,,PARALELA COM ANTIGO BOMPREÇO DA CAXANGA,IPUTINGA,,,COLISÃO,1,1,0,0,0,0,0,0,0,1,0,,,,,,,,,,,,,
2023-09-27 00:00:00,11:37:00,COM VÍTIMA,FINALIZADA,AFOGADOS,RUA QUITERIO INACIO DE MELLO,234,,EM FRENTE A LOJA BRASIL,AFOGADOS,,,QUEDA,0,1,0,0,0,0,0,0,0,1,0,,,,,,,,,,,,,
2023-09-27 00:00:00,12:50:00,COM VÍTIMA,FINALIZADA,IPUTINGA,AV MAURICIO DE NASSAU,,RUA N S DA SAUDE,PROX AO PARQUE DO CAIARA,IPUTINGA,88,,COLISÃO COM CICLISTA,0,1,0,1,0,0,0,0,0,1,0,,,,,,,,,,,,,
2023-09-27 00:00:00,01:36:00,COM VÍTIMA,FINALIZADA,BOA VIAGEM,RUA JOAQUIM BANDEIRA,10,,E/F A MARFEMA MATERIAIS  ELETRICOS    E A ESTAÇAO ANTONIO FALCAO,BOA VIAGEM,,,COLISÃO TRASEIRA,1,1,0,0,0,0,0,0,0,1,0,,,,,,,,,,,,,
2023-09-27 00:00:00,02:16:00,COM VÍTIMA,FINALIZADA,BOA VISTA,RUA DOM BOSCO,,,EM FRENTE AO ESTACIONAMENTO SANPARK,BOA VISTA,,,COLISÃO,1,1,0,0,0,0,0,0,0,1,0,,,,,,,,,,,,,
2023-09-27 00:00:00,02:21:00,COM VÍTIMA,FINALIZADA,IMBIRIBEIRA,AV RECIFE,14603,,CHURRASCARIA SAL E BRASA // VIADUTO TRANQUEDO NEVES,IMBIRIBEIRA,,,COLISÃO LATERAL,0,1,0,0,0,0,0,0,0,1,0,,,,,,,,,,,,,
2023-09-27 00:00:00,04:43:00,COM VÍTIMA,FINALIZADA,VARZEA,RUA ANTONIO PEREIRA,315,,PROXIMO AO TIP,VARZEA,,,COLISÃO FRONTAL,0,1,0,0,0,1,0,0,0,2,0,,,,,,,,,,,,,
2023-09-27 00:00:00,05:52:00,COM VÍTIMA,FINALIZADA,VARZEA,RUA GASTAO VIDIGAL,,,UPA DA CAXANGÁ,VARZEA,,,COLISÃO COM CICLISTA,1,0,0,1,0,0,0,0,0,1,0,,,,,,,,,,,,,
2023-09-27 00:00:00,06:06:00,COM VÍTIMA,FINALIZADA,IMBIRIBEIRA,AV MARECHAL MASCARENHAS DE MORAES,291,,IDRA IPV,IMBIRIBEIRA,,,COLISÃO,0,1,0,1,0,0,0,0,0,1,0,,,,,,,,,,,,,
2023-09-27 00:00:00,06:13:00,COM VÍTIMA,FINALIZADA,AFOGADOS,EST DOS REMEDIOS,372,,E/F NOVO ATACAREJO,AFOGADOS,,,COLISÃO,0,1,0,0,0,0,0,0,0,1,0,,,,,,,,,,,,,
2023-09-27 00:00:00,08:21:00,COM VÍTIMA,CANCELADA,MADALENA,RUA JOSE BONIFACIO,,,EM FRENTE AO RESTAURANTE JOÃO DA CARNE DE SOL,MADALENA,,,COLISÃO TRASEIRA,1,1,0,0,0,0,0,0,0,1,0,,,,,,,,,,,,,
2023-09-27 00:00:00,09:05:00,COM VÍTIMA,FINALIZADA,ARRUDA,RUA DAS MOCAS,,RUA ZEFERINO AGRA,E/F AO RESTAURANTE KA COLÉ,ARRUDA,,,COLISÃO LATERAL,1,1,0,0,0,0,0,0,0,1,0,,,,,,,,,,,,,
2023-09-28 00:00:00,07:27:00,COM VÍTIMA,FINALIZADA,ESPINHEIRO,AV GOVERNADOR AGAMENON MAGALHAES,,,PROX. AO CLUBE PORTUGUES E MC´DONALD,ESPINHEIRO,,,COLISÃO LATERAL,0,1,0,0,0,0,0,0,0,1,0,,,,,,,,,,,,,
2023-09-28 00:00:00,11:25:00,COM VÍTIMA,FINALIZADA,ESPINHEIRO,RUA DR FERNANDO ALLAIN,,RUA MARQUES DO PARANA,POR TRÁS DO MINISTERIO DO TRABALHO / PROX AO MARTELINHO DE OURO,ESPINHEIRO,,,COLISÃO,1,1,0,0,0,0,0,0,0,1,0,,,,,,,,,,,,,
2023-09-28 00:00:00,12:14:00,COM VÍTIMA,FINALIZADA,ENCRUZILHADA,AV JOAO DE BARROS,1629,,EM FRENTE A FEDERAÇÃO ESPÍRITA PERNAMBUCANA,ENCRUZILHADA,,,COLISÃO,1,1,0,0,0,0,0,0,0,1,0,,,,,,,,,,,,,
2023-09-28 00:00:00,12:35:00,COM VÍTIMA,DUPLICIDADE,VARZEA,AV PROFESSOR ARTUR DE SA,,,PROXIMO AO SEMITERIO DA VARZEA,VARZEA,,,COLISÃO FRONTAL,1,0,0,0,0,0,0,0,0,1,0,,,,,,,,,,,,,
2023-09-28 00:00:00,12:43:00,COM VÍTIMA,FINALIZADA,CIDADE UNIVERSITARIA,AV PROFESSOR ARTUR DE SA,1134,,PROXIMO AO BAR DA KELLY E AO CEMITERIO DA VARZEA,CIDADE UNIVERSITARIA,,,COLISÃO LATERAL,0,1,0,0,0,0,0,0,0,1,0,,,,,,,,,,,,,
2023-09-28 00:00:00,01:42:00,COM VÍTIMA,FINALIZADA,BOA VIAGEM,RUA BALTAZAR PASSOS,383,,PROXIMO A CULTURA INGLEZA // PADARIA PAN JOVEM,BOA VIAGEM,,,COLISÃO,0,1,0,0,0,0,0,0,0,1,0,,,,,,,,,,,,,
2023-09-28 00:00:00,03:33:00,COM VÍTIMA,FINALIZADA,BOA VIAGEM,RUA PROFESSOR JOSE BRANDAO,269,,E/F AO EDF RIO SENA  ESQUINA DA  CLINICA ARMINDO MOURA,BOA VIAGEM,,,ATROPELAMENTO DE PESSOA,1,0,0,0,3,0,0,0,0,1,0,,,,,,,,,,,,,
2023-09-28 00:00:00,03:50:00,COM VÍTIMA,FINALIZADA,IMBIRIBEIRA,AV SUL,S/N,,EM BAIXO DO VIADUTO TANCREDO NEVES E PROXIMO A ESTAÇÃO TANCREDO NEVES,IMBIRIBEIRA,,,COLISÃO FRONTAL,0,1,0,0,0,1,0,0,0,1,0,,,,,,,,,,,,,
2023-09-28 00:00:00,04:00:00,COM VÍTIMA,FINALIZADA,TORRE,RUA REAL DA TORRE,S/N,,PROXIMO A LOJA DA SHINERAY,TORRE,,,COLISÃO,0,1,0,0,0,0,0,0,0,1,0,,,,,,,,,,,,,
2023-09-28 00:00:00,04:36:00,COM VÍTIMA,FINALIZADA,SANTO AMARO,AV CRUZ CABUGA,,,EMBAIXO DO VIADUTO  DO TACARUNA ENGENHEIRO ROBERTO  PEREIRA DE CARVALHO,SANTO AMARO,,,COLISÃO TRASEIRA,1,1,0,0,0,0,0,0,0,1,0,,,,,,,,,,,,,
2023-09-28 00:00:00,07:06:00,COM VÍTIMA,FINALIZADA,JOANA BEZERRA,PTE JOAQUIM CARDOSO,,TRV DO RAPOSO,,JOANA BEZERRA,,,COLISÃO,1,1,0,0,0,0,0,0,0,1,0,,,,,,,,,,,,,
2023-09-28 00:00:00,07:32:00,COM VÍTIMA,FINALIZADA,JOANA BEZERRA,VIADUTO CAPITAO TEMUDO,,,,JOANA BEZERRA,,,QUEDA,0,1,0,0,0,0,0,0,0,1,0,,,,,,,,,,,,,
2023-09-29 00:00:00,07:15:00,COM VÍTIMA,FINALIZADA,CABANGA,PTE GOVERNADOR PAULO GUERRA,,,APÓS AO CABANGA / SOBRE O VIADUTO DO PAULO GUERRA,CABANGA,,,QUEDA,0,1,0,0,0,0,0,0,0,2,0,,,,,,,,,,,,,
2023-09-29 00:00:00,08:27:00,COM VÍTIMA,FINALIZADA,ENCRUZILHADA,AV BEBERIBE,335,,EM FRENTE AO BANCO DO BRASIL,ENCRUZILHADA,,,COLISÃO LATERAL,0,2,0,0,0,0,0,0,0,2,0,,,,,,,,,,,,,
2023-09-29 00:00:00,09:34:00,COM VÍTIMA,FINALIZADA,CASA AMARELA,RUA PADRE LEMOS,,,EM FRENTE A MATIAS PEÇAS,CASA AMARELA,,,COLISÃO LATERAL,1,1,0,0,0,0,0,0,0,1,0,,,,,,,,,,,,,
2023-09-29 00:00:00,10:27:00,COM VÍTIMA,FINALIZADA,DOIS IRMAOS,RUA MANUEL DE MEDEIROS,300,,PROX. AO RESTAURANTE GUARIBA,DOIS IRMAOS,,,COLISÃO COM CICLISTA,1,0,0,1,0,0,0,0,0,1,0,,,,,,,,,,,,,
2023-09-29 00:00:00,10:44:00,COM VÍTIMA,FINALIZADA,SANTO AMARO,RUA DA AURORA,1027,,PROX AO BANCO CENTRAL,SANTO AMARO,,,COLISÃO TRASEIRA,1,1,0,0,0,0,0,0,0,1,0,,,,,,,,,,,,,
2023-09-29 00:00:00,12:00:00,COM VÍTIMA,FINALIZADA,MADALENA,AV CAXANGA,,,EM FRENTE AO COMPAZ / SENTIDO CAMARAGIBE,MADALENA,,,COLISÃO,0,1,0,0,0,0,0,0,0,1,0,,,,,,,,,,,,,
2023-09-29 00:00:00,02:02:00,COM VÍTIMA,FINALIZADA,MUSTARDINHA,AV MANOEL GONCALVES DA LUZ,489,,E/F AO SUPERMERCADO TEM,MUSTARDINHA,,,COLISÃO LATERAL,0,2,0,0,0,0,0,0,0,1,0,,,,,,,,,,,,,
2023-09-29 00:00:00,04:39:00,COM VÍTIMA,FINALIZADA,TORRE,AV BEIRA RIO,1305,,AO LADO DO MARTELINHO DE OURO  E/F AO EDF AVA GARDNER,TORRE,,,COLISÃO,1,1,0,0,0,0,0,0,0,1,0,,,,,,,,,,,,,
2023-09-29 00:00:00,07:06:00,COM VÍTIMA,FINALIZADA,SANTO AMARO,AV GOVERNADOR AGAMENON MAGALHAES,,,APÓS O SEMÁFORO 378,SANTO AMARO,,,COLISÃO,1,1,0,0,0,0,0,0,0,1,0,,,,,,,,,,,,,
2023-09-29 00:00:00,08:53:00,COM VÍTIMA,FINALIZADA,VARZEA,AV CAXANGA,,,EM FRENTE A DROGRASIL,VARZEA,,,COLISÃO,0,1,0,0,0,0,0,0,0,3,0,,,,,,,,,,,,,
2023-09-29 00:00:00,09:37:00,COM VÍTIMA,FINALIZADA,ESPINHEIRO,RUA DO ESPINHEIRO,,,COM RUA SANTO ELIAS,ESPINHEIRO,,,COLISÃO TRANSVERSAL,1,1,0,0,0,0,0,0,0,1,0,,,,,,,,,,,,,
2023-09-29 00:00:00,11:51:00,COM VÍTIMA,CANCELADA,ILHA DO RETIRO,RUA JOAO ELISIO RAMOS,204,,AO LADO DO ESTÁDIO DA ILHA DO RETIRO,ILHA DO RETIRO,,,COLISÃO,0,1,0,0,0,0,0,0,0,1,0,,,,,,,,,,,,,
2023-09-30 00:00:00,05:50:00,COM VÍTIMA,FINALIZADA,BONGI,RUA COSME VIANA,,,COM  A RUA ALFRELDO BUARQUE,BONGI,430,,COLISÃO,0,2,0,0,0,0,0,0,0,3,0,,,,,,,,,,,,,
2023-09-30 00:00:00,06:56:00,COM VÍTIMA,FINALIZADA,IMBIRIBEIRA,AV MARECHAL MASCARENHAS DE MORAES,,,"EM FRENTE A FERREIRA COSTA, SENT. AFOGADOS",IMBIRIBEIRA,,,COLISÃO LATERAL,0,1,0,0,0,0,0,0,0,1,0,,,,,,,,,,,,,
2023-09-30 00:00:00,06:59:00,COM VÍTIMA,FINALIZADA,TORROES,AV ENGENHEIRO ABDIAS DE CARVALHO,,,FRENTE UPA DA ABDIAS,TORROES,,,,1,1,0,0,0,0,0,0,0,1,0,,,,,,,,,,,,,
2023-09-30 00:00:00,07:45:00,COM VÍTIMA,FINALIZADA,JOANA BEZERRA,AV GOVERNADOR AGAMENON MAGALHAES,,,APOS HOSPITAL PORTUGUES,JOANA BEZERRA,,,COLISÃO,1,1,0,0,0,0,0,0,0,1,0,,,,,,,,,,,,,
2023-09-30 00:00:00,07:46:00,COM VÍTIMA,FINALIZADA,ROSARINHO,AV NORTE MIGUEL ARRAES DE ALENCAR,3287,,PROX A PADARIA DO ROSARINHO,ROSARINHO,,,ATROPELAMENTO DE PESSOA,0,1,0,0,1,0,0,0,0,1,0,,,,,,,,,,,,,
2023-09-30 00:00:00,08:03:00,COM VÍTIMA,FINALIZADA,AREIAS,AV DR JOSE RUFINO,,,"EM FRENTE AO TREINAMENTO DA HONDA, APOS O SENAI  SENT.  CIDADE",AREIAS,,,COLISÃO LATERAL,0,1,0,0,0,0,0,0,0,1,0,,,,,,,,,,,,,
2023-09-30 00:00:00,08:45:00,COM VÍTIMA,DUPLICIDADE,AREIAS,AV DR JOSE RUFINO,,,PROX. AO COLEGIO JOSE MARIANO E VIADUTO SANTA LUZIA,AREIAS,,,COLISÃO LATERAL,0,1,0,0,0,0,0,0,0,1,0,,,,,,,,,,,,,
2023-09-30 00:00:00,09:10:00,COM VÍTIMA,FINALIZADA,IMBIRIBEIRA,AV MARECHAL MASCARENHAS DE MORAES,,,"EM FRENTE A TUPAN, SENT. CIDADE, PROX. AO VIADUTO TANCREDO NEVES",IMBIRIBEIRA,,,COLISÃO LATERAL,0,1,0,0,0,0,0,0,0,1,0,,,,,,,,,,,,,
2023-09-30 00:00:00,09:29:00,COM VÍTIMA,FINALIZADA,BOA VIAGEM,AV ENGENHEIRO DOMINGOS FERREIRA,,,EM FRENTE A DELEGACIA DE BOA VIAGEM,BOA VIAGEM,,,COLISÃO LATERAL,0,1,0,0,0,0,0,0,0,1,0,,,,,,,,,,,,,
2023-09-30 00:00:00,09:39:00,COM VÍTIMA,FINALIZADA,IMBIRIBEIRA,RUA JOAQUIM BANDEIRA,,,EMBAIXO DO PONTILHÃO DA ESTAÇÃO ANTONIO FALCAO,IMBIRIBEIRA,,,COLISÃO LATERAL,0,1,0,0,0,0,0,0,0,1,0,,,,,,,,,,,,,
2023-09-30 00:00:00,10:01:00,COM VÍTIMA,FINALIZADA,SAO JOSE,AV SUL,,,"EM FRENTE A EMPRESA PORTELA, SENT. CAIS DE SANTA RITA",SAO JOSE,,,COLISÃO LATERAL,0,1,0,0,0,0,0,0,0,1,0,,,,,,,,,,,,,
2023-09-30 00:00:00,10:03:00,COM VÍTIMA,FINALIZADA,IBURA,AV RIO SAO FRANCISCO,,,"PROX. AO COLEGIO POLIVALENTE , E PARAD DAS IGREJAS",IBURA,,,COLISÃO LATERAL,0,1,0,0,0,0,0,0,0,1,0,,,,,,,,,,,,,
2023-09-30 00:00:00,10:32:00,COM VÍTIMA,FINALIZADA,PORTO DA MADEIRA,AV BEBERIBE,,,EM FRENTE AO REI DO ARRUMADINHO E O CONJUNTO JOAO PAULO II,PORTO DA MADEIRA,,,COLISÃO LATERAL,0,1,0,0,0,0,0,0,0,1,0,,,,,,,,,,,,,
2023-09-30 00:00:00,10:41:00,COM VÍTIMA,FINALIZADA,CORDEIRO,AV GENERAL SAN MARTIN,,,EM FRENTE AO HOSPITAL GETULIO VARGAS,CORDEIRO,,,COLISÃO LATERAL,0,1,0,0,0,0,0,0,0,1,0,,,,,,,,,,,,,
2023-09-30 00:00:00,11:19:00,COM VÍTIMA,FINALIZADA,TORROES,EST DO FORTE DO ARRAIAL N. DO B. JESUS,1592,,PROX AO ARMAZÉM CASA MODERNA,TORROES,,,COLISÃO,1,1,0,0,0,0,0,0,0,1,0,,,,,,,,,,,,,
2023-09-30 00:00:00,11:19:00,COM VÍTIMA,FINALIZADA,MACAXEIRA,AV NORTE MIGUEL ARRAES DE ALENCAR,,,EM FRENTE AO PARQUE DA MACAXEIRA,MACAXEIRA,,,COLISÃO LATERAL,0,1,0,0,0,0,0,0,0,1,0,,,,,,,,,,,,,
2023-09-30 00:00:00,11:56:00,COM VÍTIMA,DUPLICIDADE,CORDEIRO,EST DO FORTE DO ARRAIAL N. DO B. JESUS,,,EM FRENTE AO ARMAZEM CASA MODERNA,CORDEIRO,,,COLISÃO LATERAL,0,1,0,0,0,0,0,0,0,1,0,,,,,,,,,,,,,
2023-09-30 00:00:00,03:11:00,COM VÍTIMA,FINALIZADA,TORROES,AV ENGENHEIRO ABDIAS DE CARVALHO,,,PROX AO POSTO SHEL ANTES DA UPA DO TORROES,TORROES,,,COLISÃO LATERAL,0,1,0,0,0,0,0,0,0,1,0,,,,,,,,,,,,,
2023-09-30 00:00:00,06:11:00,COM VÍTIMA,FINALIZADA,IBURA,RUA JORNALISTA EDSON REGIS,,,AO LADO DO MOTEL CRISTAL,IBURA,,SUBURBIO,COLISÃO FRONTAL,1,1,0,0,0,0,0,0,0,1,0,,,,,,,,,,,,,
2023-09-30 00:00:00,06:42:00,COM VÍTIMA,FINALIZADA,ALTO JOSE BONIFACIO,RUA ALTO JOSE BONIFACIO,522,,ANTES DO COLEGIO CAIO PEREIRA,ALTO JOSE BONIFACIO,,,COLISÃO FRONTAL,0,2,0,0,0,0,0,0,0,2,0,,,,,,,,,,,,,
2023-09-30 00:00:00,07:26:00,COM VÍTIMA,FINALIZADA,CASA FORTE,AV DEZESSETE DE AGOSTO,,,EM FRENTE AO CENTRO MÉDICO SENADOR JOSÉ HERMÍNIO DE MORAIS E AO LADO DO POSTO DISLUB,CASA FORTE,,,COLISÃO,2,1,0,0,0,0,0,0,0,1,0,,,,,,,,,,,,,
2023-09-30 00:00:00,09:50:00,COM VÍTIMA,FINALIZADA,PARNAMIRIM,AV PARNAMIRIM,,,EM  FRENTE A DROGRASIL,PARNAMIRIM,,,QUEDA,0,1,0,0,0,0,0,0,0,1,0,,,,,,,,,,,,,
2023-10-01 00:00:00,12:54:00,COM VÍTIMA,FINALIZADA,BOA VIAGEM,RUA RIO AZUL,367,,EM FRENTE AO RESTAURANTE MARINHOS,BOA VIAGEM,,,COLISÃO TRASEIRA,1,1,0,0,0,0,0,0,0,1,0,,,,,,,,,,,,,
2023-10-01 00:00:00,01:44:00,COM VÍTIMA,FINALIZADA,IMBIRIBEIRA,AV MARECHAL MASCARENHAS DE MORAES,39,,EM FRENTE AO GERALDÃO // POSTO DE GASOLINA BR,IMBIRIBEIRA,,,COLISÃO,0,1,0,0,0,0,0,0,0,1,0,,,,,,,,,,,,,
2023-10-01 00:00:00,02:19:00,COM VÍTIMA,FINALIZADA,BOA VIAGEM,RUA ERNESTO DE PAULA SANTOS,315,,PROXIMO AO RESTAURANTE E RODIZIO MUNDO ANIMAL,BOA VIAGEM,,,COLISÃO,0,1,0,0,0,0,0,0,0,1,0,,,,,,,,,,,,,
2023-10-01 00:00:00,04:05:00,COM VÍTIMA,FINALIZADA,ALTO JOSE DO PINHO,RUA DA MACAIBA,689,,PROXIMO A LOJA KATIA MODAS,ALTO JOSE DO PINHO,,,COLISÃO,0,1,0,0,0,0,0,0,0,1,0,,,,,,,,,,,,,
2023-10-01 00:00:00,06:41:00,COM VÍTIMA,CANCELADA,NOVA DESCOBERTA,AV VEREADOR OTACILIO AZEVEDO,3375,,APOS O SUPERMERCADO TODO DIA DE NOVA DESCOBERTA,NOVA DESCOBERTA,,,COLISÃO,0,1,0,0,0,0,0,0,0,1,0,,,,,,,,,,,,,
2023-10-01 00:00:00,10:55:00,COM VÍTIMA,FINALIZADA,TAMARINEIRA,RUA CONEGO BARATA,,,E/F AO HOSP. ULISSES PERNAMBUCANO,TAMARINEIRA,,,COLISÃO LATERAL,1,2,0,0,0,0,0,0,0,1,0,,,,,,,,,,,,,
2023-10-02 00:00:00,07:19:00,COM VÍTIMA,FINALIZADA,SANTO AMARO,PTE DO LIMOEIRO,,,SENTIDO AV NORTE / PROX AO QUARTEL,SANTO AMARO,,,COLISÃO,0,1,0,0,0,0,0,0,0,1,0,,,,,,,,,,,,,
2023-10-02 00:00:00,10:47:00,COM VÍTIMA,FINALIZADA,ILHA JOANA BEZERRA,AV GOVERNADOR AGAMENON MAGALHAES,,,EMBAIXO DA PASSARELA ANTES DA PONTE SENT. OLINDA,ILHA JOANA BEZERRA,,,CHOQUE,1,0,0,0,0,0,0,0,0,2,0,,,,,,,,,,,,,
2023-10-02 00:00:00,11:11:00,COM VÍTIMA,FINALIZADA,TAMARINEIRA,RUA PADRE ROMA,,,ANTES DO POSTO  ALBERT SABIN,TAMARINEIRA,,,COLISÃO,0,1,0,0,0,0,0,0,0,1,0,,,,,,,,,,,,,
2023-10-02 00:00:00,11:33:00,COM VÍTIMA,FINALIZADA,SANTO AMARO,AV GOVERNADOR AGAMENON MAGALHAES,,,"APOS O VIADUTO DA JOAO DE BARROS, SENT. DERBY",SANTO AMARO,,,COLISÃO LATERAL,0,1,0,0,0,0,0,0,0,1,0,,,,,,,,,,,,,
2023-10-02 00:00:00,12:14:00,COM VÍTIMA,FINALIZADA,MADALENA,RUA REAL DA TORRE,,,PROX AO POSTO SETTA / E A LOJA AÇAI,MADALENA,,,COLISÃO,1,0,0,0,0,0,0,0,0,1,0,,,,,,,,,,,,,
2023-10-02 00:00:00,12:17:00,COM VÍTIMA,FINALIZADA,BOA VIAGEM,AV ENGENHEIRO DOMINGOS FERREIRA,,,PROX AO POSTO BR / EM FRENTE AO BAR BARBARICO,BOA VIAGEM,,,COLISÃO,0,1,0,0,0,0,0,0,0,1,0,,,,,,,,,,,,,
2023-10-02 00:00:00,01:07:00,COM VÍTIMA,FINALIZADA,BOA VIAGEM,AV ENGENHEIRO DOMINGOS FERREIRA,2600,,EM FRENTE AO RESTAURANTE BARBARICO,BOA VIAGEM,,,COLISÃO TRASEIRA,1,1,0,0,0,0,0,0,0,1,0,,,,,,,,,,,,,
2023-10-02 00:00:00,01:22:00,COM VÍTIMA,FINALIZADA,JORDAO,RUA ALBERTO LUNDGREN,54,,PROXIMO AO NUCLEO DA POLICIA/ PRAÇA DO JORDÃO,JORDAO,,,COLISÃO LATERAL,0,1,0,0,0,0,0,1,0,1,0,,,,,,,,,,,,,
2023-10-02 00:00:00,01:36:00,COM VÍTIMA,FINALIZADA,JOANA BEZERRA,AV BEIRA RIO,3549,,PROX AO CAMPO DO BARRO E A ACADEMIA DA CIDADE,JOANA BEZERRA,,,COLISÃO,0,1,0,0,0,0,0,0,0,1,0,,,,,,,,,,,,,
2023-10-02 00:00:00,03:18:00,COM VÍTIMA,FINALIZADA,BOA VIAGEM,AV ENGENHEIRO DOMINGOS FERREIRA,2986,,EM FRENTE A ROMARRI DECORAÇÕES,BOA VIAGEM,,,COLISÃO LATERAL,2,1,0,0,0,0,0,0,0,1,0,,,,,,,,,,,,,
2023-10-02 00:00:00,07:02:00,COM VÍTIMA,FINALIZADA,ARRUDA,AV BEBERIBE,,,PRÓXIMO AO BATEPAPO/ LOGO APÓS O ARMAZÉM CANAL DA CONSTRUÇÃO,ARRUDA,,,COLISÃO,1,1,0,0,0,0,0,0,0,2,0,,,,,,,,,,,,,
2023-10-02 00:00:00,07:35:00,COM VÍTIMA,FINALIZADA,IPUTINGA,EST DO BARBALHO,,,PROXIMO AO ANTIGO HIPER BOMPREÇO,IPUTINGA,,,COLISÃO,0,1,0,0,0,0,0,0,0,1,0,,,,,,,,,,,,,
2023-10-02 00:00:00,08:08:00,COM VÍTIMA,FINALIZADA,VARZEA,AV CAXANGA,4894,,EM FRENTE AO GOLF CLUB PXÓXIMO  A PARADA DO BRT,VARZEA,,SUBURBIO,COLISÃO,0,1,0,0,0,0,0,0,0,1,0,,,,,,,,,,,,,
2023-10-02 00:00:00,10:24:00,COM VÍTIMA,FINALIZADA,DERBY,AV GOVERNADOR AGAMENON MAGALHAES,,PRC DO DERBY,ESTAÇÃO DO BRT,DERBY,75,SUBURBIO,QUEDA,0,1,0,0,0,0,0,0,0,2,0,,,,,,,,,,,,,
2023-10-03 00:00:00,08:06:00,COM VÍTIMA,FINALIZADA,ENCRUZILHADA,AV BEBERIBE,584,,EM FRENTE A FERREIRA PINTO,ENCRUZILHADA,,,COLISÃO,1,1,0,0,0,0,0,0,0,1,0,,,,,,,,,,,,,
2023-10-03 00:00:00,08:41:00,COM VÍTIMA,FINALIZADA,TOTO,AV LIBERDADE,,,NA ENTRADA DO CEMITERIO PARQUE DAS FLORES,TOTO,,,COLISÃO LATERAL,0,1,0,0,0,0,0,0,0,1,0,,,,,,,,,,,,,
2023-10-03 00:00:00,08:45:00,COM VÍTIMA,FINALIZADA,ENCRUZILHADA,RUA QUARENTA E OITO,,,REALIZAR VARREDURA,ENCRUZILHADA,,,COLISÃO LATERAL,0,0,0,0,0,0,0,0,0,1,0,,,,,,,,,,,,,
2023-10-03 00:00:00,08:54:00,COM VÍTIMA,FINALIZADA,IMBIRIBEIRA,RUA ARQUITETO LUIZ NUNES,,RUA JULIO VERNE,,IMBIRIBEIRA,,,COLISÃO,0,1,0,0,0,0,0,0,0,1,0,,,,,,,,,,,,,