data,hora,natureza,situacao,bairro,endereco,numero,detalhe_endereco_acidente,complemento,bairro_cruzamento,num_semaforo,sentido_via,tipo,auto,moto,ciclom,ciclista,pedestre,onibus,caminhao,viatura,outros,vitimas,vitimasfatais,acidente_verificado,tempo_clima,situacao_semaforo,sinalizacao,condicao_via,conservacao_via,ponto_controle,situacao_placa,velocidade_max_via,mao_direcao,divisao_via1,divisao_via2,divisao_via3
2023-10-09 00:00:00,05:20:00,COM VÍTIMA,FINALIZADA,MACAXEIRA,RUA ALTO DO PITU,199,,PROX AO CAMPO DO UNIAO E A COMPESA,MACAXEIRA,,,COLISÃO LATERAL,0,0,0,0,0,1,1,0,0,1,0,,,,,,,,,,,,,
2023-10-09 00:00:00,05:22:00,COM VÍTIMA,FINALIZADA,IMBIRIBEIRA,AV MARECHAL MASCARENHAS DE MORAES,35,,E/F A HONDA,IMBIRIBEIRA,,,COLISÃO LATERAL,0,1,0,0,0,0,0,0,0,1,0,,,,,,,,,,,,,
2023-10-09 00:00:00,06:53:00,COM VÍTIMA,CANCELADA,AFOGADOS,EST DOS REMEDIOS,973,,PROX A OFICINA DEL UCIANO E AO CABOCLINHO,AFOGADOS,,,COLISÃO,0,1,0,0,0,0,0,0,0,1,0,,,,,,,,,,,,,
2023-10-09 00:00:00,07:50:00,COM VÍTIMA,CANCELADA,IBURA,AV DOIS RIOS,430,,"IGREJA DOS MORMOS, DEPOIS DO POSTO SHELL",IBURA,,,,0,1,0,0,0,0,0,0,0,1,0,,,,,,,,,,,,,
2023-10-10 00:00:00,05:09:00,SEM VÍTIMA,FINALIZADA,ILHA DO LEITE,RUA DR JOAO ASFORA,280,,EM FRENTE HOSPITAL ILHA DO LEITE,ILHA DO LEITE,,SUBURBIO,CHOQUE,0,0,0,0,0,0,1,0,1,0,0,,,,,,,,,,,,,
2023-10-10 00:00:00,05:38:00,COM VÍTIMA,FINALIZADA,PONTO DE PARADA,AV BEBERIBE,,,COM A MEN SÁ,PONTO DE PARADA,,,COLISÃO LATERAL,1,1,0,0,0,0,0,0,0,1,0,,,,,,,,,,,,,
2023-10-10 00:00:00,08:50:00,COM VÍTIMA,FINALIZADA,TORRE,RUA JOSE BONIFACIO,,,"EM FRENTE AO CARREFOUR, SENT. PARNAMIRIM",TORRE,,,COLISÃO LATERAL,1,0,0,0,0,0,0,0,0,1,0,,,,,,,,,,,,,
2023-10-10 00:00:00,09:16:00,COM VÍTIMA,FINALIZADA,AFOGADOS,RUA SAO MIGUEL,1136,,EM FRENTE AO CHINA IN BOX,AFOGADOS,,,COLISÃO FRONTAL,0,2,0,0,0,0,0,0,0,3,0,,,,,,,,,,,,,
2023-10-10 00:00:00,09:17:00,COM VÍTIMA,FINALIZADA,MADALENA,AV CAXANGA,51,,EM FRENTE AO COMPAZ,MADALENA,,,COLISÃO LATERAL,1,0,0,0,0,1,0,0,0,1,0,,,,,,,,,,,,,
2023-10-10 00:00:00,09:31:00,COM VÍTIMA,FINALIZADA,SANTO AMARO,RUA BARROS BARRETO,,RUA DO SOSSEGO,PERTO DA HIPER METAL,SANTO AMARO,,,COLISÃO LATERAL,2,0,0,0,0,0,0,0,0,1,0,,,,,,,,,,,,,
2023-10-10 00:00:00,10:29:00,COM VÍTIMA,FINALIZADA,ESPINHEIRO,AV GOVERNADOR AGAMENON MAGALHAES,,,NA SAIDA DA RUA LEOPOLDO LINS,ESPINHEIRO,,,COLISÃO,1,1,0,0,0,0,0,0,0,1,0,,,,,,,,,,,,,
2023-10-10 00:00:00,11:23:00,COM VÍTIMA,DUPLICIDADE,PINA,AV HERCULANO BANDEIRA,,,PROX. AO RIO MAR SENT. CIDADE,PINA,,,COLISÃO LATERAL,0,1,0,0,0,0,0,0,0,1,0,,,,,,,,,,,,,
2023-10-10 00:00:00,11:32:00,COM VÍTIMA,FINALIZADA,PINA,AV GOVERNADOR PAULO GUERRA,,,,PINA,,,COLISÃO,0,0,0,0,0,0,0,0,0,1,0,,,,,,,,,,,,,
2023-10-10 00:00:00,11:54:00,COM VÍTIMA,FINALIZADA,IMBIRIBEIRA,AV MARECHAL MASCARENHAS DE MORAES,,,EM FRENTE A TOYOTA,IMBIRIBEIRA,,,COLISÃO LATERAL,0,1,0,0,0,0,0,0,0,1,0,,,,,,,,,,,,,
2023-10-10 00:00:00,12:48:00,COM VÍTIMA,FINALIZADA,JARDIM SAO PAULO,AV LIBERDADE,,,PROX A IGREJA CONGRECIONAL DA LIBERDADE / PROX AO MARTEILINDO DE OURO,JARDIM SAO PAULO,,,COLISÃO TRASEIRA,1,1,0,0,0,0,0,0,0,1,0,,,,,,,,,,,,,
2023-10-10 00:00:00,01:53:00,COM VÍTIMA,FINALIZADA,MADALENA,RUA LOPES DE CARVALHO,317,RUA HERMOGENES DE MORAIS,APOS O BOMPREÇO DA BEM FICA PRIMEIRA RUA A ESQUERDA,MADALENA,,,COLISÃO LATERAL,1,1,0,0,0,0,0,0,0,1,0,,,,,,,,,,,,,
2023-10-10 00:00:00,05:06:00,COM VÍTIMA,DUPLICIDADE,CORDEIRO,AV CAXANGA,,,E/F AO TI GETULIO VARGAS,CORDEIRO,,,COLISÃO LATERAL,0,2,0,0,0,0,0,0,0,1,0,,,,,,,,,,,,,
2023-10-10 00:00:00,05:18:00,COM VÍTIMA,FINALIZADA,CORDEIRO,AV CAXANGA,3091,,EM FRENTE AO TERMINAL GETULIO VARGAS,CORDEIRO,,,COLISÃO LATERAL,0,0,0,0,0,0,0,0,0,1,0,,,,,,,,,,,,,
2023-10-10 00:00:00,06:11:00,COM VÍTIMA,FINALIZADA,CASA FORTE,AV DEZESSETE DE AGOSTO,258,,EM FRENTE AO RESTAURANTE RECANTO PARAIBANO,CASA FORTE,,,COLISÃO LATERAL,1,1,0,0,0,0,0,0,0,1,0,,,,,,,,,,,,,
2023-10-11 00:00:00,08:09:00,COM VÍTIMA,FINALIZADA,IMBIRIBEIRA,AV MARECHAL MASCARENHAS DE MORAES,,,EM FRENTE A UPA SENT. AFOGADOS,IMBIRIBEIRA,,,COLISÃO LATERAL,0,1,0,0,0,0,0,0,0,1,0,,,,,,,,,,,,,
2023-10-11 00:00:00,09:12:00,COM VÍTIMA,FINALIZADA,SANTO AMARO,AV CRUZ CABUGA,,,NA FRENTE DO HOSPITAL DO CANCER,SANTO AMARO,,,COLISÃO TRASEIRA,1,0,1,0,0,1,0,0,0,1,0,,,,,,,,,,,,,
2023-10-11 00:00:00,12:08:00,COM VÍTIMA,FINALIZADA,IPUTINGA,AV MAURICIO DE NASSAU,61,RUA N S DA SAUDE,PERTO DO PARQUE DO CAIARA,IPUTINGA,,,COLISÃO LATERAL,1,1,0,0,0,0,0,0,0,1,0,,,,,,,,,,,,,
2023-10-11 00:00:00,12:47:00,COM VÍTIMA,FINALIZADA,PINA,AV REPUBLICA DO LIBANO,,RUA NOGUEIRA DE SOUZA,PROX AO CALDINHO DO NENEM,PINA,,,COLISÃO LATERAL,1,1,0,0,0,0,0,0,0,1,0,,,,,,,,,,,,,
2023-10-11 00:00:00,02:38:00,COM VÍTIMA,FINALIZADA,CABANGA,AV ENGENHEIRO JOSE ESTELITA,,,AO LADO DO CABANGA IATE CLUBE,CABANGA,,,COLISÃO LATERAL,1,1,0,0,0,0,0,0,0,1,0,,,,,,,,,,,,,
2023-10-11 00:00:00,03:25:00,COM VÍTIMA,FINALIZADA,IPSEP,AV RECIFE,,,E/F AO ANTIGO BOMPREÇO S/T AEROPORTO,IPSEP,,,ATROPELAMENTO DE PESSOA,1,0,0,0,1,0,0,0,0,1,0,,,,,,,,,,,,,
2023-10-11 00:00:00,03:32:00,COM VÍTIMA,FINALIZADA,DERBY,AV GOVERNADOR AGAMENON MAGALHAES,,,E/F A LOJA PEPV,DERBY,,,COLISÃO LATERAL,1,0,0,0,0,1,0,0,0,1,0,,,,,,,,,,,,,
2023-10-11 00:00:00,03:34:00,COM VÍTIMA,FINALIZADA,BOA VIAGEM,RUA CARLOS PEREIRA FALCAO,120,,PROX AO SUPERMERCADO SOBERANO  E RESTAURANTE BODE DO NO,BOA VIAGEM,,,COLISÃO LATERAL,0,1,0,0,0,0,0,0,0,1,0,,,,,,,,,,,,,
2023-10-11 00:00:00,05:13:00,COM VÍTIMA,FINALIZADA,TAMARINEIRA,AV NORTE MIGUEL ARRAES DE ALENCAR,192,,E/F AO NEXOS MOTEL,TAMARINEIRA,,,COLISÃO LATERAL,0,1,0,0,0,0,0,0,0,1,0,,,,,,,,,,,,,
2023-10-11 00:00:00,07:03:00,SEM VÍTIMA,CANCELADA,PINA,AVENIDA CELSO FURTADO (VIA MANGUE),,,"KM2,4",PINA,,,COLISÃO,2,0,0,0,0,0,0,0,0,0,0,,,,,,,,,,,,,
2023-10-11 00:00:00,07:05:00,SEM VÍTIMA,CANCELADA,SAO JOSE,RUA IMPERIAL,,,PRÓXIMO A ESCOLA DE REFERÊNCIA EM ENSINO MÉDIO JOAQUIM NABUCO,SAO JOSE,,,COLISÃO,2,0,0,0,0,0,0,0,0,0,0,,,,,,,,,,,,,
2023-10-11 00:00:00,09:56:00,COM VÍTIMA,FINALIZADA,CAXANGA,RUA RIBEIRO PESSOA,,,PRÓXIMO AO MOTEL NINJA,CAXANGA,,,COLISÃO LATERAL,0,1,0,0,0,1,0,0,0,1,0,,,,,,,,,,,,,
2023-10-12 00:00:00,10:36:00,COM VÍTIMA,FINALIZADA,CORDEIRO,AV ENGENHEIRO ABDIAS DE CARVALHO,,EST DO FORTE DO ARRAIAL N. DO B. JESUS,SEMAFORO 375,CORDEIRO,,,COLISÃO,1,1,0,0,0,0,0,0,0,1,0,,,,,,,,,,,,,
2023-10-12 00:00:00,10:59:00,COM VÍTIMA,DUPLICIDADE,TORROES,AV ENGENHEIRO ABDIAS DE CARVALHO,,,PROX. A UPA DOS TORROES,TORROES,,,COLISÃO LATERAL,0,1,0,0,0,0,0,0,0,1,0,,,,,,,,,,,,,
2023-10-12 00:00:00,11:00:00,COM VÍTIMA,FINALIZADA,BAIRRO DO RECIFE,CAIS DO APOLO,,,EM FRENTE A PREFEITURA DO RECIFE,BAIRRO DO RECIFE,,,COLISÃO LATERAL,0,1,0,0,0,0,0,0,0,1,0,,,,,,,,,,,,,
2023-10-12 00:00:00,12:16:00,COM VÍTIMA,FINALIZADA,MADALENA,RUA BENFICA,,,E/F A PRAÇA DO INTERNACIONAL,MADALENA,,,QUEDA,0,1,0,0,0,0,0,0,0,1,0,,,,,,,,,,,,,
2023-10-12 00:00:00,12:41:00,COM VÍTIMA,FINALIZADA,PINA,PTE GOVERNADOR PAULO GUERRA,199,,NO VIADUTO DO PINA S/T CID,PINA,,,COLISÃO LATERAL,1,1,0,0,0,0,0,0,0,1,0,,,,,,,,,,,,,
2023-10-12 00:00:00,01:26:00,COM VÍTIMA,FINALIZADA,TORROES,AV ENGENHEIRO ABDIAS DE CARVALHO,,,E/F AO YOKI,TORROES,,,COLISÃO LATERAL,0,1,0,0,0,0,0,0,0,1,0,,,,,,,,,,,,,
2023-10-12 00:00:00,03:06:00,COM VÍTIMA,FINALIZADA,JARDIM SAO PAULO,RUA ALVENOPOLIS,296,,PROX A ESCOLA DOM BOSCO,JARDIM SAO PAULO,,,COLISÃO LATERAL,1,0,0,0,0,0,0,0,0,1,0,,,,,,,,,,,,,
2023-10-12 00:00:00,06:27:00,COM VÍTIMA,FINALIZADA,BOA VIAGEM,TRV DR PEDRO DE MELO CAHU,,RUA PROFESSOR JOSE BRANDAO,PROX AO COLEGIO SANTA MARIA  E EM FRENTE AO BEATH CLASS,BOA VIAGEM,,,COLISÃO LATERAL,2,0,0,0,0,0,0,0,0,1,0,,,,,,,,,,,,,
2023-10-12 00:00:00,07:15:00,COM VÍTIMA,FINALIZADA,SAN MARTIN,AV GENERAL SAN MARTIN,475,,EM FRENTE À SORVETERIA MUG. SOLICITANTE INFORMA QUE NÃO EXISTEM MAIS PONTOS DE REFERÊNCIAS / ENTRE O SEMÁFORO DA GOMES TABORDA E O HOSPITAL GETÚLIO VARGAS,SAN MARTIN,,,COLISÃO,0,1,0,0,0,0,0,0,0,1,0,,,,,,,,,,,,,
2023-10-12 00:00:00,07:18:00,COM VÍTIMA,DUPLICIDADE,BOA VIAGEM,RUA PROFESSOR JOSE BRANDAO,833,,PROXIMO AO COLEGIO DE BOA VIAGEM,BOA VIAGEM,,,COLISÃO,0,0,0,0,0,0,0,0,0,1,0,,,,,,,,,,,,,
2023-10-13 00:00:00,12:45:00,SEM VÍTIMA,FINALIZADA,BOA VIAGEM,AVENIDA CELSO FURTADO (VIA MANGUE),,,,BOA VIAGEM,,,COLISÃO,2,0,0,0,0,0,0,0,0,0,0,,,,,,,,,,,,,
2023-10-13 00:00:00,06:15:00,COM VÍTIMA,FINALIZADA,AFLITOS,AV CONS ROSA E SILVA,1655,,"APOS O CLUB NAUTICO, EM FRENTE AO BOM PREÇO",AFLITOS,,,COLISÃO,1,0,0,0,0,0,0,0,0,1,0,,,,,,,,,,,,,
2023-10-13 00:00:00,07:23:00,COM VÍTIMA,FINALIZADA,ESPINHEIRO,RUA QUARENTA E OITO,,,APOS A FARMACIA PAGUE MENOS,ESPINHEIRO,,,COLISÃO LATERAL,0,1,0,0,0,0,0,0,0,1,0,,,,,,,,,,,,,
2023-10-13 00:00:00,07:48:00,COM VÍTIMA,FINALIZADA,CAMPO GRANDE,RUA PROFESSOR FRANCISCO DA TRINDADE,,,PROX. AO CLUBE DAS PAS E PRAÇA DE CAMPO GRANDE,CAMPO GRANDE,,,COLISÃO LATERAL,0,1,0,0,0,0,0,0,0,1,0,,,,,,,,,,,,,
2023-10-13 00:00:00,08:01:00,COM VÍTIMA,FINALIZADA,HIPODROMO,RUA CARLOS FERNANDES,246,,PROX. AO COLEGIO CLOVIS BEVILAQUA,HIPODROMO,,,COLISÃO FRONTAL,1,1,0,0,0,0,0,0,0,2,0,,,,,,,,,,,,,
2023-10-13 00:00:00,08:56:00,COM VÍTIMA,FINALIZADA,AFOGADOS,RUA VINTE E UM DE ABRIL,930,,PROX A PRAÇA DO GIRADOURO / EM FRENTE JOEL DAS BEBIDAS. SENTIDO AFOGADOS,AFOGADOS,,,COLISÃO COM CICLISTA,1,0,0,1,0,0,0,0,0,1,0,,,,,,,,,,,,,
2023-10-13 00:00:00,09:16:00,SEM VÍTIMA,FINALIZADA,CIDADE UNIVERSITARIA,RUA PROFESSOR ANTONIO COELHO,,RUA EMILIANO BRAGA,AO LADO DO TERMINAL T.I DA CAXANGA,CIDADE UNIVERSITARIA,,,COLISÃO LATERAL,1,1,0,0,0,0,0,0,0,0,0,,,,,,,,,,,,,
2023-10-13 00:00:00,10:31:00,COM VÍTIMA,FINALIZADA,IBURA,RUA BARAO DE ANTONINA,,,ULTIMO RETORNO DA CHURRASCARIA SAL E BRASA // FATO COMERCIO,IBURA,,,COLISÃO LATERAL,1,1,0,0,0,0,0,0,0,1,0,,,,,,,,,,,,,
2023-10-13 00:00:00,12:17:00,COM VÍTIMA,FINALIZADA,VARZEA,AV CAXANGA,5759,,EM FRENTE AO TERMINAL T.I CAXANGA,VARZEA,262,,ATROPELAMENTO DE PESSOA,0,0,0,1,1,0,0,0,0,1,0,,,,,,,,,,,,,
2023-10-13 00:00:00,02:06:00,COM VÍTIMA,CANCELADA,ESPINHEIRO,AV JOAO DE BARROS,1420,,PROX AO EXTRA,ESPINHEIRO,,,COLISÃO COM CICLISTA,1,0,0,1,0,0,0,0,0,1,0,,,,,,,,,,,,,
2023-10-13 00:00:00,04:57:00,SEM VÍTIMA,CANCELADA,JOANA BEZERRA,AV BEIRA RIO,,,NO CAMPO DO BARRO NA DESCIDA DO VIADUTO  ANTES DO FORUM,JOANA BEZERRA,,,COLISÃO LATERAL,1,1,0,0,0,0,0,0,0,0,0,,,,,,,,,,,,,
2023-10-13 00:00:00,05:41:00,COM VÍTIMA,FINALIZADA,DOIS UNIDOS,RUA DIVISOPOLIS,49,,APOS A ESCOLA MARACANA NA SEGUNDA CURVA,DOIS UNIDOS,,,COLISÃO FRONTAL,0,1,0,0,0,1,0,0,0,1,0,,,,,,,,,,,,,
2023-10-13 00:00:00,06:38:00,SEM VÍTIMA,FINALIZADA,DOIS UNIDOS,RUA VERTENTES DO LERIO,82,,,DOIS UNIDOS,,,CHOQUE,1,1,0,0,0,0,1,0,0,0,0,,,,,,,,,,,,,
2023-10-13 00:00:00,06:49:00,SEM VÍTIMA,CANCELADA,BOMBA DO HEMETERIO,RUA BOMBA DO HEMETERIO,641,,PROX A SERGIO ORTO FRUITS,BOMBA DO HEMETERIO,,,COLISÃO LATERAL,2,0,0,0,0,0,0,0,0,0,0,,,,,,,,,,,,,
2023-10-14 00:00:00,12:31:00,COM VÍTIMA,FINALIZADA,BOA VIAGEM,RUA ANTONIO FALCAO,,,PROX. AO CARREFU,BOA VIAGEM,227,,COLISÃO LATERAL,1,1,0,0,0,0,0,0,0,1,0,,,,,,,,,,,,,
2023-10-14 00:00:00,01:26:00,SEM VÍTIMA,CANCELADA,IBURA,AV SAO PAULO,,,TERMINAL DO ONIBUS DE TRES CARNEIROS ALTO,IBURA,,,COLISÃO LATERAL,0,0,0,0,0,1,1,0,0,0,0,,,,,,,,,,,,,
2023-10-14 00:00:00,02:17:00,COM VÍTIMA,FINALIZADA,BOA VIAGEM,AV ANTONIO DE GOES,430,,PROX AO MCDONALD´S,BOA VIAGEM,,,COLISÃO LATERAL,0,1,0,0,0,0,0,0,0,1,0,,,,,,,,,,,,,
2023-10-14 00:00:00,03:10:00,COM VÍTIMA,FINALIZADA,CORDEIRO,RUA VISCONDE DE ITABORAI,341,,PERTO DO COLEGIO ALBERTO SABIN,CORDEIRO,,,COLISÃO LATERAL,1,1,0,0,0,0,0,0,0,1,0,,,,,,,,,,,,,
2023-10-14 00:00:00,03:23:00,COM VÍTIMA,FINALIZADA,TORROES,EST DO FORTE DO ARRAIAL N. DO B. JESUS,1592,,EM FRENTE A SUPREMA LAVANDERIA,TORROES,,,COLISÃO COM CICLISTA,1,0,0,1,0,0,0,0,0,1,0,,,,,,,,,,,,,
2023-10-14 00:00:00,03:39:00,COM VÍTIMA,FINALIZADA,BOA VIAGEM,RUA HENRIQUE CAPITULINO,,RUA DOS NAVEGANTES,POX AO QUIOSQUE 13 NA RUA DO BRIGADEIRO DA AERONAULTICA,BOA VIAGEM,,,COLISÃO LATERAL,1,1,0,0,0,0,0,0,0,1,0,,,,,,,,,,,,,
2023-10-14 00:00:00,04:12:00,COM VÍTIMA,FINALIZADA,SANTO AMARO,AV MARIO MELO,,RUA PALMARES,E/F AO INSS,SANTO AMARO,,,COLISÃO LATERAL,1,1,0,0,0,0,0,0,0,1,0,,,,,,,,,,,,,
2023-10-14 00:00:00,05:02:00,COM VÍTIMA,FINALIZADA,CASA AMARELA,AV NORTE MIGUEL ARRAES DE ALENCAR,680,RUA MANDACARU,AO LADO DA FARMACIA MANDACARU,CASA AMARELA,,,COLISÃO,0,2,0,0,0,0,0,0,0,1,0,,,,,,,,,,,,,
2023-10-14 00:00:00,05:43:00,COM VÍTIMA,FINALIZADA,BOA VIAGEM,RUA DONA MAGINA PONTUAL,,,E/F A GREJA  NOSSA SENHORA DE FATIMA,BOA VIAGEM,,,CAPOTAMENTO,0,0,0,0,0,0,0,0,0,1,0,,,,,,,,,,,,,
2023-10-14 00:00:00,09:13:00,COM VÍTIMA,FINALIZADA,TORROES,AV BICENTENARIO DA REVOLUCAO FRANCESA,900,,FARMACIA POUPE MAIS,TORROES,,,COLISÃO,0,1,0,0,1,0,1,0,0,2,0,,,,,,,,,,,,,
2023-10-14 00:00:00,09:20:00,SEM VÍTIMA,FINALIZADA,BEBERIBE,AV BEBERIBE,4216,,EM FRENTE AO POSTO SHELL,BEBERIBE,,,COLISÃO FRONTAL,1,1,0,0,0,0,0,0,0,0,0,,,,,,,,,,,,,
2023-10-14 00:00:00,10:02:00,SEM VÍTIMA,FINALIZADA,BOA VIAGEM,RUA JOAO DIAS MARTINS,,RUA DONA MAGINA PONTUAL,,BOA VIAGEM,,,CAPOTAMENTO,2,0,0,0,0,0,0,0,0,0,0,,,,,,,,,,,,,
2023-10-15 00:00:00,07:20:00,COM VÍTIMA,FINALIZADA,GRACAS,AV RUI BARBOSA,,,PROX AO MUSEU DO ESTADO / AO LADO DA PEDRAGON,GRACAS,,,COLISÃO,0,1,0,0,0,0,0,0,0,1,0,,,,,,,,,,,,,
2023-10-15 00:00:00,08:54:00,COM VÍTIMA,FINALIZADA,SANTO AMARO,RUA DR LEOPOLDO LINS,,,DE FRENTE A FACULDADE DE CIENCIAS HUMANA,SANTO AMARO,,,COLISÃO,0,1,0,0,0,0,0,0,0,1,0,,,,,,,,,,,,,
2023-10-15 00:00:00,08:54:00,COM VÍTIMA,FINALIZADA,ARRUDA,AV PROFESSOR JOSE DOS ANJOS,,,POR TRÁS DO CAMPO DO ARRUDA,ARRUDA,,,COLISÃO,0,1,0,0,0,0,0,0,0,1,0,,,,,,,,,,,,,
2023-10-15 00:00:00,11:10:00,COM VÍTIMA,FINALIZADA,CORDEIRO,RUA ANGELICA,,,PROX A PADARIA DO FORTE  / PROX AO AO SUPERMERCADO DO PREÇO,CORDEIRO,,,COLISÃO,1,1,0,0,0,0,0,0,0,1,0,,,,,,,,,,,,,
2023-10-15 00:00:00,02:16:00,COM VÍTIMA,FINALIZADA,IMBIRIBEIRA,AV MARECHAL MASCARENHAS DE MORAES,60,,PROXIMO A FACULDADE UNIVERSO E SKAYFIT,IMBIRIBEIRA,,,COLISÃO,0,1,0,0,0,0,0,0,0,1,0,,,,,,,,,,,,,
2023-10-15 00:00:00,04:17:00,COM VÍTIMA,FINALIZADA,CASA AMARELA,RUA BELA VISTA,152,,PADARIA BELA VISTA,CASA AMARELA,,,COLISÃO LATERAL,1,1,0,0,0,0,0,0,0,1,0,,,,,,,,,,,,,
2023-10-15 00:00:00,11:39:00,SEM VÍTIMA,CANCELADA,IMBIRIBEIRA,RUA ITACARE,,,PROXIMO AO BAR ESPAÇO ABERTO,IMBIRIBEIRA,,,CHOQUE,2,0,0,0,0,0,0,0,0,0,0,,,,,,,,,,,,,
2023-10-16 00:00:00,07:37:00,COM VÍTIMA,FINALIZADA,AFOGADOS,RUA SAO MIGUEL,,,EM FRENTE AO RESTAURANTE CHINE BOX / PROX AO QUARTEL,AFOGADOS,,,COLISÃO,1,1,0,0,1,0,0,0,0,1,0,,,,,,,,,,,,,
2023-10-16 00:00:00,07:37:00,COM VÍTIMA,FINALIZADA,NOVA DESCOBERTA,RUA NOVA DESCOBERTA,,,EM FRENTE AO ARMAZEM IMPERIO DA CONSTRUÇÃO,NOVA DESCOBERTA,,,COLISÃO,0,1,0,0,0,0,0,0,0,1,0,,,,,,,,,,,,,
2023-10-16 00:00:00,08:34:00,COM VÍTIMA,FINALIZADA,ARRUDA,RUA MUNIZ GALVAO,143,,BAR MISTUREBA,ARRUDA,,,COLISÃO FRONTAL,1,1,0,0,0,0,0,0,0,1,0,,,,,,,,,,,,,
2023-10-16 00:00:00,08:41:00,COM VÍTIMA,FINALIZADA,BOA VIAGEM,AV CONSELHEIRO AGUIAR,2941,RUA PADRE BERNADINO PESSOA,"PROX A TUTU E PRIMA CASA, NA RUA DA PADARIA BOA VIAGEM",BOA VIAGEM,,,COLISÃO,1,1,0,0,0,0,0,0,0,1,0,,,,,,,,,,,,,
2023-10-16 00:00:00,10:10:00,COM VÍTIMA,FINALIZADA,CAMPO GRANDE,AV GOVERNADOR AGAMENON MAGALHAES,,,PROX AO POSTO BR /  PROX AO HOSPITAL MANDACARU,CAMPO GRANDE,,,COLISÃO,0,1,0,0,0,0,0,0,0,1,0,,,,,,,,,,,,,
2023-10-16 00:00:00,12:02:00,COM VÍTIMA,FINALIZADA,BAIRRO DO RECIFE,CAIS DO APOLO,,,PROX AO TRIBUNAL REGIONAL FEDERAL,BAIRRO DO RECIFE,,,COLISÃO LATERAL,2,0,0,0,0,0,0,0,0,1,0,,,,,,,,,,,,,
2023-10-16 00:00:00,12:15:00,COM VÍTIMA,FINALIZADA,SANTO AMARO,AV GOVERNADOR AGAMENON MAGALHAES,,,"PROX AO HAP VIDA , PROX AO SHOPPING TACARUNA , SENTIDO  BOA VIAGEM",SANTO AMARO,,SUBURBIO,COLISÃO LATERAL,1,1,0,0,0,0,0,0,0,2,0,,,,,,,,,,,,,
2023-10-16 00:00:00,01:42:00,SEM VÍTIMA,FINALIZADA,BOA VISTA,RUA LUIZ BARBALHO,279,AV GOVERNADOR AGAMENON MAGALHAES,EM FRENTE A PRONTO PELE,BOA VISTA,,,CHOQUE,1,0,0,0,0,0,0,0,0,0,0,,,,,,,,,,,,,
2023-10-16 00:00:00,01:59:00,COM VÍTIMA,FINALIZADA,LINHA DO TIRO,RUA URIEL DE HOLANDA,,,SEMÁFORO 641,LINHA DO TIRO,,,COLISÃO FRONTAL,0,2,0,0,0,0,0,0,0,1,0,,,,,,,,,,,,,
2023-10-16 00:00:00,03:21:00,COM VÍTIMA,FINALIZADA,IMBIRIBEIRA,RUA JULIO VERNE,217,,NA RUA DO SINDICATO DOS TAXISTA,IMBIRIBEIRA,,,COLISÃO LATERAL,0,2,0,0,0,0,0,0,0,3,0,,,,,,,,,,,,,
2023-10-16 00:00:00,03:39:00,COM VÍTIMA,FINALIZADA,CASA AMARELA,RUA PADRE LEMOS,626,,KINITOS,CASA AMARELA,,,COLISÃO LATERAL,1,1,0,0,0,0,0,0,0,2,0,,,,,,,,,,,,,
2023-10-16 00:00:00,04:42:00,COM VÍTIMA,FINALIZADA,MADALENA,AV VISCONDE DE ALBUQUERQUE,,RUA JOSE OSORIO,PROX EXTRA FARMA E A FARMACIA DO TRABALHADOR,MADALENA,,SUBURBIO,COLISÃO LATERAL,1,1,0,0,0,0,0,0,0,1,0,,,,,,,,,,,,,
2023-10-16 00:00:00,06:32:00,COM VÍTIMA,FINALIZADA,ILHA DO LEITE,AV FREI MATIAS TEVES,,RUA SENADOR JOSE HENRIQUE,PROX A MULTI IMAGEM E AO LADO DO HOSPITAL ALBERT  SABIN,ILHA DO LEITE,,,COLISÃO FRONTAL,1,1,0,0,0,0,0,0,0,1,0,,,,,,,,,,,,,
2023-10-17 00:00:00,12:29:00,COM VÍTIMA,FINALIZADA,IMBIRIBEIRA,RUA SARGENTO SILVINO DE MACEDO,35,RUA JOAQUIM BANDEIRA,ESQUINA COM O HOTEL PRAIA SUL,IMBIRIBEIRA,,,COLISÃO,1,1,0,0,0,0,0,0,0,1,0,,,,,,,,,,,,,
2023-10-17 00:00:00,08:12:00,COM VÍTIMA,FINALIZADA,CAXANGA,AV CAXANGA,,,GOLF CLUBE // E/F A PARADA DO BRT,CAXANGA,,,COLISÃO FRONTAL,4,0,0,0,0,0,0,0,0,2,0,,,,,,,,,,,,,
2023-10-17 00:00:00,08:27:00,COM VÍTIMA,FINALIZADA,IMBIRIBEIRA,AV MARECHAL MASCARENHAS DE MORAES,,,PROX. A FLOR E ARTE E POSTO IPIRANGA SENT. CIDADE,IMBIRIBEIRA,,,COLISÃO LATERAL,0,1,0,0,0,0,0,0,0,1,0,,,,,,,,,,,,,
2023-10-17 00:00:00,08:33:00,COM VÍTIMA,FINALIZADA,BOA VIAGEM,AV ENGENHEIRO DOMINGOS FERREIRA,2907,,"EM FRENTE A REI DOS GALETOS, SENTIDO PIEDADE",BOA VIAGEM,,,COLISÃO TRASEIRA,1,1,0,0,0,0,0,0,0,1,0,,,,,,,,,,,,,
2023-10-17 00:00:00,09:02:00,COM VÍTIMA,FINALIZADA,CASA FORTE,AV DEZESSETE DE AGOSTO,704,,EM FRENTE AO POSTO DE GASOLINA PETROCAL,CASA FORTE,,,COLISÃO TRASEIRA,2,1,0,0,0,0,0,0,0,1,0,,,,,,,,,,,,,
2023-10-17 00:00:00,11:04:00,SEM VÍTIMA,FINALIZADA,IBURA,AV DOIS RIOS,,,OTICA PRECISÃO,IBURA,561,CIDADE,COLISÃO TRASEIRA,1,0,0,0,0,0,1,0,0,0,0,,,,,,,,,,,,,
2023-10-17 00:00:00,12:22:00,COM VÍTIMA,FINALIZADA,AFLITOS,AV CONS ROSA E SILVA,,,AO LADO DO CLUBE PORTUGUÊS / SENTINDO AFLITOS,AFLITOS,,,COLISÃO,0,1,0,0,0,0,0,0,0,1,0,,,,,,,,,,,,,
2023-10-17 00:00:00,12:58:00,COM VÍTIMA,FINALIZADA,MADALENA,RUA JOSE OSORIO,,,SOBRE A PONTE DA CAPUNGA,MADALENA,,,COLISÃO,0,1,0,0,0,0,0,0,0,1,0,,,,,,,,,,,,,
2023-10-17 00:00:00,02:07:00,SEM VÍTIMA,FINALIZADA,BOA VIAGEM,RUA FELIX DE BRITO E MELO,,AV CONSELHEIRO AGUIAR,AO LADO DO BANCO BRADESCO,BOA VIAGEM,546,,,1,0,0,0,0,0,0,1,0,0,0,,,,,,,,,,,,,
2023-10-17 00:00:00,02:59:00,COM VÍTIMA,FINALIZADA,BOA VIAGEM,AV ENGENHEIRO DOMINGOS FERREIRA,2589,,EMPRESARIAL ALEXANDRE DE CASTRO,BOA VIAGEM,,,CHOQUE,1,0,0,0,0,0,0,0,0,1,0,,,,,,,,,,,,,
2023-10-17 00:00:00,05:03:00,COM VÍTIMA,FINALIZADA,BOA VIAGEM,AV CONSELHEIRO AGUIAR,1365,,PROXIMO A FARMACIA DROGASIL E A PARLA DELI,BOA VIAGEM,,,COLISÃO,2,0,0,0,0,0,0,0,0,2,0,,,,,,,,,,,,,
2023-10-17 00:00:00,07:44:00,COM VÍTIMA,FINALIZADA,SANTO AMARO,AV GOVERNADOR AGAMENON MAGALHAES,,,DEPOIS DO VIADUTO DA AV NORTE,SANTO AMARO,,OLINDA,COLISÃO LATERAL,0,1,0,1,0,0,0,0,0,2,0,,,,,,,,,,,,,