data,hora,natureza,situacao,bairro,endereco,numero,detalhe_endereco_acidente,complemento,bairro_cruzamento,num_semaforo,sentido_via,tipo,auto,moto,ciclom,ciclista,pedestre,onibus,caminhao,viatura,outros,vitimas,vitimasfatais,acidente_verificado,tempo_clima,situacao_semaforo,sinalizacao,condicao_via,conservacao_via,ponto_controle,situacao_placa,velocidade_max_via,mao_direcao,divisao_via1,divisao_via2,divisao_via3
2023-10-17 00:00:00,09:38:00,COM VÍTIMA,FINALIZADA,BAIRRO DO RECIFE,AV MILITAR,,,POR TRAZ DA FABRICA DE BISCOITOS PILAR,BAIRRO DO RECIFE,,CIDADE,COLISÃO,0,1,0,0,0,0,0,0,0,1,0,,,,,,,,,,,,,
2023-10-18 00:00:00,08:08:00,COM VÍTIMA,FINALIZADA,ROSARINHO,RUA DR JOSE MARIA,,,LADO OPOSTO À PADARIA PÃO RECIFE,ROSARINHO,,,COLISÃO TRANSVERSAL,1,1,0,0,0,0,0,0,0,2,0,,,,,,,,,,,,,
2023-10-18 00:00:00,08:50:00,COM VÍTIMA,FINALIZADA,MADALENA,RUA DR JOAO COIMBRA,,RUA ERNANI BRAGA,PROX. AO MERCADO PUBLIDO DA MADALENA,MADALENA,,,COLISÃO LATERAL,1,1,0,0,0,0,0,0,0,1,0,,,,,,,,,,,,,
2023-10-18 00:00:00,10:29:00,SEM VÍTIMA,FINALIZADA,JOANA BEZERRA,RUA CABO EUTROPIO,590,RUA MALHADA,MERCEARIA POSTO IPIRANGA,JOANA BEZERRA,,CIDADE,COLISÃO TRASEIRA,0,1,0,0,0,0,0,1,0,0,0,,,,,,,,,,,,,
2023-10-18 00:00:00,11:15:00,COM VÍTIMA,FINALIZADA,BOA VISTA,RUA HENRIQUE DIAS,,AV GOVERNADOR AGAMENON MAGALHAES,AO LADO DA FARMACIA PAGUE MENOS,BOA VISTA,,,COLISÃO LATERAL,1,0,0,0,0,0,0,0,0,1,0,,,,,,,,,,,,,
2023-10-18 00:00:00,12:45:00,COM VÍTIMA,FINALIZADA,BOA VIAGEM,RUA RIBEIRO DE BRITO,,,E/F A HONDA,BOA VIAGEM,,,ATROPELAMENTO DE PESSOA,0,0,0,0,0,0,0,0,0,1,0,,,,,,,,,,,,,
2023-10-18 00:00:00,01:32:00,COM VÍTIMA,FINALIZADA,IPUTINGA,AV CAXANGA,,RUA GENERAL POLIDORO,EM FRENTE À ITALIANA,IPUTINGA,,,COLISÃO,0,0,0,0,0,0,0,0,0,1,0,,,,,,,,,,,,,
2023-10-18 00:00:00,01:47:00,COM VÍTIMA,FINALIZADA,BOA VIAGEM,RUA JOSE MOREIRA LEAL,165,,COLÉGIO ELO,BOA VIAGEM,,,COLISÃO LATERAL,1,1,0,0,0,0,0,0,0,1,0,,,,,,,,,,,,,
2023-10-18 00:00:00,02:53:00,COM VÍTIMA,FINALIZADA,COHAB,AV SANTOS,,,UR2 / EM FRENTE AO FERRO VELHO MOZÁ,COHAB,,,COLISÃO,0,0,0,0,0,0,0,0,0,1,0,,,,,,,,,,,,,
2023-10-18 00:00:00,03:39:00,COM VÍTIMA,FINALIZADA,ESTANCIA,AV RECIFE,,,PROXIMO O GALETOS E AO RESIDENCIAL IGNEZ ANDREAZZA,ESTANCIA,,,COLISÃO,0,1,0,0,0,0,0,0,0,1,0,,,,,,,,,,,,,
2023-10-18 00:00:00,04:08:00,COM VÍTIMA,FINALIZADA,PRADO,RUA HERCULES FLORENCE,,,PROX A BIG CAR,PRADO,,,COLISÃO LATERAL,1,1,0,0,0,0,0,0,0,1,0,,,,,,,,,,,,,
2023-10-18 00:00:00,04:20:00,SEM VÍTIMA,FINALIZADA,IPSEP,RUA SAO NICOLAU,,RUA ABDIAS CABRAL DE MOURA,EM FRENTE A SPORT CAR,IPSEP,,,,1,0,0,0,0,0,0,0,0,0,0,,,,,,,,,,,,,
2023-10-18 00:00:00,05:11:00,COM VÍTIMA,FINALIZADA,COHAB,RUA DR BENIGNO JORDAO DE VASCONCELOS,618,,PROXIMO A ESCOLA LAGOA ENCANTADA E AO SALÃO DE BELEZA SAMANTA MOURA,COHAB,,,COLISÃO,0,1,0,0,0,0,0,0,0,1,0,,,,,,,,,,,,,
2023-10-18 00:00:00,05:59:00,COM VÍTIMA,FINALIZADA,SANTO AMARO,AV CRUZ CABUGA,,,PROXIMO AO PARQUE TREZE DE MAIO E CAIXA ECONOMICA,SANTO AMARO,,,COLISÃO,0,1,0,0,0,0,0,0,0,1,0,,,,,,,,,,,,,
2023-10-18 00:00:00,07:43:00,COM VÍTIMA,FINALIZADA,IBURA,AV DOM HELDER CAMARA,,,CRUZAMENTO DA LINHA FÉRREA,IBURA,,,COLISÃO,0,1,0,1,0,0,0,0,0,1,0,,,,,,,,,,,,,
2023-10-19 00:00:00,12:17:00,COM VÍTIMA,FINALIZADA,BOA VIAGEM,RUA VISCONDE DE JEQUITINHONHA,,RUA ERNESTO DE PAULA SANTOS,SUPER MERCADO SOBERANO,BOA VIAGEM,304,,COLISÃO,0,0,0,0,0,0,0,0,0,1,0,,,,,,,,,,,,,
2023-10-19 00:00:00,07:43:00,COM VÍTIMA,FINALIZADA,ARRUDA,AV PROFESSOR JOSE DOS ANJOS,,,EM FRENTE A COOPERATIVA PALHA DE ARROZ,ARRUDA,,,COLISÃO LATERAL,0,1,0,0,0,0,0,0,0,1,0,,,,,,,,,,,,,
2023-10-19 00:00:00,09:12:00,COM VÍTIMA,FINALIZADA,SANTO AMARO,AV CRUZ CABUGA,,,"PROX. AO MINISTERIO MADUREIRA, ANTIGA HONDA E CASA FUNERARIA MORADA DA PAZ",SANTO AMARO,,,COLISÃO LATERAL,1,1,0,0,0,1,0,0,0,2,0,,,,,,,,,,,,,
2023-10-19 00:00:00,10:27:00,COM VÍTIMA,FINALIZADA,AREIAS,AV DR JOSE RUFINO,,,"AO LADO DO SENAI, PACIENTE DENTRO DA ACADEMIA GRIBLOX",AREIAS,,,COLISÃO LATERAL,0,1,0,0,0,0,0,0,0,1,0,,,,,,,,,,,,,
2023-10-19 00:00:00,10:27:00,COM VÍTIMA,FINALIZADA,TORROES,RUA WASHINGTON DUARTE ESPINDOLA,,,VIA QUE LIGA A AV. RECIFE A BR-101,TORROES,0,,ATROPELAMENTO DE PESSOA,0,0,0,0,1,1,0,0,0,1,0,,,,,,,,,,,,,
2023-10-19 00:00:00,11:57:00,COM VÍTIMA,FINALIZADA,BOA VIAGEM,RUA MAMANGUAPE,583,,PROX. AO CARREFOUR,BOA VIAGEM,,,COLISÃO COM CICLISTA,1,0,0,1,0,0,0,0,0,1,0,,,,,,,,,,,,,
2023-10-19 00:00:00,02:02:00,COM VÍTIMA,FINALIZADA,JARDIM SAO PAULO,AV RECIFE,,,DENTRO DO SUPEMERCADO ASSAI,JARDIM SAO PAULO,,,COLISÃO TRANSVERSAL,1,1,0,0,0,0,0,0,0,1,0,,,,,,,,,,,,,
2023-10-19 00:00:00,02:42:00,COM VÍTIMA,FINALIZADA,ESPINHEIRO,RUA DO ESPINHEIRO,64,,PROXIMO AO RESTAURANTE VIA PALADAR E A FARMACIA DROGASIL,ESPINHEIRO,,,COLISÃO,0,1,0,0,0,0,0,0,0,1,0,,,,,,,,,,,,,
2023-10-19 00:00:00,07:20:00,COM VÍTIMA,FINALIZADA,SANTO AMARO,PRC GENERAL ABREU E LIMA,,,POR TRÁS DA ESCOLA ALMIRANTE SOARES DULTRA,SANTO AMARO,,,ATROPELAMENTO DE ANIMAL,0,1,0,0,0,0,0,0,0,1,0,,,,,,,,,,,,,
2023-10-20 00:00:00,12:42:00,COM VÍTIMA,FINALIZADA,SANTO AMARO,AV NORTE MIGUEL ARRAES DE ALENCAR,,AV CRUZ CABUGA,CEMITERIO DOS INGLESES,SANTO AMARO,,,COLISÃO TRANSVERSAL,2,0,0,0,0,0,0,0,0,3,0,,,,,,,,,,,,,
2023-10-20 00:00:00,06:47:00,COM VÍTIMA,FINALIZADA,PINA,AV ANTONIO DE GOES,,,PROX. AO SHOPPING RIO MAR E COMPESA,PINA,,,COLISÃO LATERAL,0,1,0,0,0,0,0,0,0,1,0,,,,,,,,,,,,,
2023-10-20 00:00:00,07:40:00,COM VÍTIMA,FINALIZADA,SANTO AMARO,AV DR JAYME DA FONTE,,,PROX. AO SUPERMERCADO MAIS VOCE E ELAINE MODAS,SANTO AMARO,,,COLISÃO LATERAL,0,1,0,0,0,0,0,0,0,1,0,,,,,,,,,,,,,
2023-10-20 00:00:00,10:19:00,COM VÍTIMA,FINALIZADA,BOA VIAGEM,AV ENGENHEIRO DOMINGOS FERREIRA,,,EM FRENTE AO RESTAURANTE FAMILIA JULIANO,BOA VIAGEM,,,COLISÃO,0,1,0,0,0,0,0,0,0,1,0,,,,,,,,,,,,,
2023-10-20 00:00:00,10:30:00,COM VÍTIMA,FINALIZADA,AREIAS,AV RECIFE,341,,"PROX AO POSTO SHELL, SENTIDO SAN MARTIN  ( DEPOIS DO ATACADAO )",AREIAS,,,ATROPELAMENTO DE PESSOA,0,1,0,0,1,0,0,0,0,1,0,,,,,,,,,,,,,
2023-10-20 00:00:00,10:39:00,COM VÍTIMA,FINALIZADA,BOA VIAGEM,AV ENGENHEIRO DOMINGOS FERREIRA,,,EM FRENTE AO ASSAI,BOA VIAGEM,380,,COLISÃO TRASEIRA,0,2,0,0,0,1,0,0,0,1,0,,,,,,,,,,,,,
2023-10-20 00:00:00,01:07:00,COM VÍTIMA,FINALIZADA,IMBIRIBEIRA,AV MARECHAL MASCARENHAS DE MORAES,,,LADO OPOSTO A GRILO/ SENTIDO AEROPORTO,IMBIRIBEIRA,396,,COLISÃO LATERAL,3,0,0,0,0,0,0,0,0,1,0,,,,,,,,,,,,,
2023-10-20 00:00:00,01:30:00,COM VÍTIMA,FINALIZADA,BEBERIBE,AV BEBERIBE,,AV PROFESSOR JOSE DOS ANJOS,,BEBERIBE,,,COLISÃO COM CICLISTA,1,0,0,2,0,0,0,0,0,1,0,,,,,,,,,,,,,
2023-10-20 00:00:00,01:43:00,COM VÍTIMA,FINALIZADA,JORDAO,AV MARIA IRENE,1948,,BASE AEREA DE RECIFE,JORDAO,,,COLISÃO LATERAL,0,0,0,0,0,0,0,0,0,1,0,,,,,,,,,,,,,
2023-10-20 00:00:00,02:45:00,COM VÍTIMA,FINALIZADA,BOA VISTA,AV CONDE DA BOA VISTA,2596,,PROXIMO AO SHOPPING BOA VISTA E DROGARIA SÃO PAULO,BOA VISTA,,,COLISÃO,0,1,0,0,0,2,0,0,0,1,0,,,,,,,,,,,,,
2023-10-20 00:00:00,02:49:00,COM VÍTIMA,FINALIZADA,AFOGADOS,RUA PADRE JOSE DE SA LEITAO,,AV SUL,,AFOGADOS,509,,COLISÃO,1,0,0,0,1,0,0,0,0,1,0,,,,,,,,,,,,,
2023-10-20 00:00:00,03:06:00,COM VÍTIMA,FINALIZADA,IMBIRIBEIRA,AV PINHEIROS,,AV MARECHAL MASCARENHAS DE MORAES,,IMBIRIBEIRA,,,COLISÃO,1,1,0,0,0,0,0,0,0,1,0,,,,,,,,,,,,,
2023-10-20 00:00:00,03:59:00,COM VÍTIMA,FINALIZADA,ALTO JOSE DO PINHO,RUA MARAGOGI,422,,E/F A IGRJA UNIVERSAL,ALTO JOSE DO PINHO,,,COLISÃO FRONTAL,0,2,0,0,0,0,0,0,0,1,0,,,,,,,,,,,,,
2023-10-20 00:00:00,04:32:00,COM VÍTIMA,DUPLICIDADE,ALTO JOSE DO PINHO,RUA MARAGOGIPE,422,,EM FRENTE A IGREJA UNIVERSAL,ALTO JOSE DO PINHO,,,COLISÃO,0,1,0,0,0,0,0,0,0,1,0,,,,,,,,,,,,,
2023-10-20 00:00:00,05:57:00,COM VÍTIMA,FINALIZADA,CAMPO GRANDE,RUA JERONIMO VILELA,367,,PROXIMO A PADARIA SANTO ANTONIO,CAMPO GRANDE,,,COLISÃO,0,1,0,0,0,0,0,0,0,1,0,,,,,,,,,,,,,
2023-10-20 00:00:00,06:58:00,COM VÍTIMA,CANCELADA,IMBIRIBEIRA,AV MARECHAL MASCARENHAS DE MORAES,,,JUIZADO ESPECIAIS DO RECIFE / POSTO DE SAUDE,IMBIRIBEIRA,,,QUEDA,0,1,0,0,0,0,0,0,0,1,0,,,,,,,,,,,,,
2023-10-20 00:00:00,08:12:00,COM VÍTIMA,FINALIZADA,JOANA BEZERRA,VIADUTO CAPITAO TEMUDO,,,SUBIDA DO VIADUTO,JOANA BEZERRA,,,COLISÃO,0,2,0,0,0,1,0,0,0,1,0,,,,,,,,,,,,,
2023-10-20 00:00:00,11:14:00,COM VÍTIMA,FINALIZADA,CASA AMARELA,EST DO ARRAIAL,,RUA PAULA BATISTA,AGENCIA NACIONAL DE MINERAÇÃO,CASA AMARELA,,,COLISÃO,1,1,0,0,0,0,0,0,0,1,0,,,,,,,,,,,,,
2023-10-20 00:00:00,11:39:00,SEM VÍTIMA,FINALIZADA,SAO JOSE,RUA JARAGUARI,80,,,SAO JOSE,,SUBURBIO,COLISÃO LATERAL,0,1,0,0,0,0,0,0,0,0,0,,,,,,,,,,,,,
2023-10-21 00:00:00,12:10:00,SEM VÍTIMA,FINALIZADA,TAMARINEIRA,RUA SILVEIRA DE CARVALHO,208,,,TAMARINEIRA,,SUBURBIO,COLISÃO LATERAL,2,0,0,0,0,0,0,0,0,0,0,,,,,,,,,,,,,
2023-10-21 00:00:00,04:45:00,COM VÍTIMA,FINALIZADA,BAIRRO DO RECIFE,CAIS DO APOLO,,,PROXIMO A PCR,BAIRRO DO RECIFE,,,ATROPELAMENTO DE PESSOA,1,0,0,0,1,0,0,0,0,1,0,,,,,,,,,,,,,
2023-10-21 00:00:00,12:50:00,COM VÍTIMA,FINALIZADA,AREIAS,RUA IPOJUCA,273,,PROXIMO A ESCOLA PROFISSIONALIZANTE DE AREIAS,AREIAS,,,COLISÃO,0,1,0,0,0,0,0,0,0,1,0,,,,,,,,,,,,,
2023-10-21 00:00:00,01:02:00,COM VÍTIMA,FINALIZADA,TORRE,RUA REAL DA TORRE,,,PROXIMO AO RECIBOM DA TORRE,TORRE,,,COLISÃO,0,1,0,0,0,0,0,0,0,1,0,,,,,,,,,,,,,
2023-10-21 00:00:00,01:09:00,COM VÍTIMA,FINALIZADA,BOA VIAGEM,RUA CAPITAO ZUZINHA,365,,PROXIMO AO BAR DA AZINHA,BOA VIAGEM,,,COLISÃO,0,1,0,0,0,0,0,0,0,1,0,,,,,,,,,,,,,
2023-10-21 00:00:00,01:55:00,COM VÍTIMA,FINALIZADA,ESPINHEIRO,RUA QUARENTA E OITO,,,EM FRENTE AO RESTAURANTE SABOR DO RANCHO,ESPINHEIRO,,,COLISÃO,0,1,0,0,0,0,0,0,0,1,0,,,,,,,,,,,,,
2023-10-21 00:00:00,02:23:00,COM VÍTIMA,FINALIZADA,DOIS IRMAOS,RUA MANUEL DE MEDEIROS,11,,PROXIMO AO ARMAZEM COUTO E A UFRPE,DOIS IRMAOS,,,COLISÃO,0,1,0,0,0,0,0,0,0,1,0,,,,,,,,,,,,,
2023-10-21 00:00:00,04:08:00,COM VÍTIMA,FINALIZADA,AREIAS,RUA RIO SOLIMOES,385,,PADARIA SOLIMOES,AREIAS,,,COLISÃO LATERAL,0,0,0,0,0,0,0,0,0,1,0,,,,,,,,,,,,,
2023-10-21 00:00:00,04:39:00,COM VÍTIMA,FINALIZADA,SANTO AMARO,RUA AURORA,1267,,INSTITUTO TAVARES BURIL,SANTO AMARO,,,COLISÃO LATERAL,0,0,0,0,0,0,0,0,0,1,0,,,,,,,,,,,,,
2023-10-21 00:00:00,05:39:00,COM VÍTIMA,FINALIZADA,BOA VIAGEM,AV ENGENHEIRO DOMINGOS FERREIRA,,RUA CORONEL SERGIO HENRIQUE CARDIM,,BOA VIAGEM,444,,ATROPELAMENTO DE PESSOA,0,0,0,0,1,0,0,0,0,1,0,,,,,,,,,,,,,
2023-10-21 00:00:00,10:18:00,COM VÍTIMA,FINALIZADA,CASA FORTE,AV DEZESSETE DE AGOSTO,1447,,EM FRENTE AO ERMIRIO DE MORAES,CASA FORTE,,,COLISÃO LATERAL,1,1,0,0,0,0,0,0,0,1,0,,,,,,,,,,,,,
2023-10-22 00:00:00,02:29:00,COM VÍTIMA,FINALIZADA,IBURA,AV DOIS RIOS,899,,,IBURA,,,COLISÃO FRONTAL,1,1,0,0,0,0,0,0,0,1,0,,,,,,,,,,,,,
2023-10-22 00:00:00,03:33:00,SEM VÍTIMA,FINALIZADA,BOA VIAGEM,RUA DEZ DE JULHO,210,RUA CAMBOIM,PRÓXIMO AO ESTABELECIMENTO ALUGUEL BRASIL DE CARROS,BOA VIAGEM,,CIDADE,COLISÃO,2,0,0,0,0,0,0,0,0,0,0,,,,,,,,,,,,,
2023-10-22 00:00:00,09:05:00,COM VÍTIMA,FINALIZADA,IMBIRIBEIRA,AV MARECHAL MASCARENHAS DE MORAES,1482,,EM FRENTE A ENCRUZILHADA PNEUS,IMBIRIBEIRA,,,COLISÃO,2,0,0,0,0,0,0,0,0,1,0,,,,,,,,,,,,,
2023-10-23 00:00:00,04:27:00,COM VÍTIMA,FINALIZADA,MADALENA,RUA REAL DA TORRE,,RUA PADRE ANCHIETA,NO CRUZAMENTO,MADALENA,192,,COLISÃO,0,1,0,0,0,1,0,0,0,1,0,,,,,,,,,,,,,
2023-10-23 00:00:00,06:10:00,COM VÍTIMA,FINALIZADA,SAO JOSE,AV SUL,,,PROX. A FENIX PROMAGEM E GALVANIZAÇÃO SUL,SAO JOSE,260,,COLISÃO LATERAL,0,1,0,0,0,0,0,0,0,1,0,,,,,,,,,,,,,
2023-10-23 00:00:00,07:30:00,COM VÍTIMA,FINALIZADA,PONTO DE PARADA,RUA PROFESSOR JERONIMO GUEIROS,,,PROX A MARTENIDADE DA ENCRUZILHADA E PROX A FERREIRA PINTO,PONTO DE PARADA,,,COLISÃO,0,1,0,0,0,0,0,0,0,1,0,,,,,,,,,,,,,
2023-10-23 00:00:00,07:52:00,COM VÍTIMA,FINALIZADA,AREIAS,AV RECIFE,,,EM FRENTE AO ATACADÃO / SENTIDO BR 232 ',AREIAS,,,COLISÃO,0,1,0,0,0,0,0,0,0,1,0,,,,,,,,,,,,,
2023-10-23 00:00:00,07:58:00,COM VÍTIMA,FINALIZADA,BOA VIAGEM,RUA WALDEMAR NERY CARNEIRO MONTEIRO,,,PROX. AO RESTAURANTE DONA GULA E COLEGIO PEQUENOS PASSOS,BOA VIAGEM,,,COLISÃO LATERAL,0,1,0,0,0,0,0,0,0,1,0,,,,,,,,,,,,,
2023-10-23 00:00:00,08:52:00,COM VÍTIMA,FINALIZADA,PRADO,RUA CARLOS GOMES,279,RUA JAPECANGA,PROX AO CAVALO DOURADO / EM FRENTE DO ARMAZEM COMECERCIAL VEGA,PRADO,,,COLISÃO FRONTAL,1,1,0,0,0,0,0,0,0,1,0,,,,,,,,,,,,,
2023-10-23 00:00:00,09:41:00,COM VÍTIMA,FINALIZADA,ILHA JOANA BEZERRA,VDO PAPA JOAO PAULO II,,,"EM FRENTE A ESTAÇÃO JOANA BEZERRA, SENT. BOA VIAGEM",ILHA JOANA BEZERRA,,,COLISÃO LATERAL,0,1,0,0,0,0,0,0,0,1,0,,,,,,,,,,,,,
2023-10-23 00:00:00,11:12:00,COM VÍTIMA,FINALIZADA,ILHA JOANA BEZERRA,AV DES GUERRA BARRETO,,,AO LADO DO FORUM JOANA BEZERRA,ILHA JOANA BEZERRA,,,COLISÃO,0,0,0,0,0,0,0,0,0,1,0,,,,,,,,,,,,,
2023-10-23 00:00:00,02:12:00,COM VÍTIMA,FINALIZADA,ENCRUZILHADA,AV BEBERIBE,,,BANCO DO BRASIL,ENCRUZILHADA,,,COLISÃO LATERAL,0,0,0,0,0,0,0,0,0,1,0,,,,,,,,,,,,,
2023-10-23 00:00:00,03:58:00,COM VÍTIMA,FINALIZADA,CAMPO GRANDE,EST DE BELEM,514,,PROX AO ANTIGO TERMINAL DE CAMPO GRANDE,CAMPO GRANDE,,,COLISÃO LATERAL,0,0,0,0,0,0,0,0,0,1,0,,,,,,,,,,,,,
2023-10-23 00:00:00,06:50:00,COM VÍTIMA,FINALIZADA,TORROES,AV ENGENHEIRO ABDIAS DE CARVALHO,913,,PROX. AO CAMARÃO DO LÉONO SENTIDO BR-232,TORROES,,SU,COLISÃO LATERAL,0,0,0,0,0,0,0,0,0,1,0,,,,,,,,,,,,,
2023-10-23 00:00:00,09:49:00,COM VÍTIMA,FINALIZADA,IPSEP,RUA JEAN EMILE FAVRE,,,EM FRENTE AO POSTO BR,IPSEP,527,,COLISÃO FRONTAL,1,1,0,0,0,0,0,0,0,1,0,,,,,,,,,,,,,
2023-10-24 00:00:00,02:52:00,COM VÍTIMA,CANCELADA,NOVA DESCOBERTA,,,,HOSPITAL DA RESTAURAÇÃO,NOVA DESCOBERTA,,,COLISÃO TRANSVERSAL,0,1,0,0,0,0,0,0,0,1,0,,,,,,,,,,,,,
2023-10-24 00:00:00,07:26:00,COM VÍTIMA,FINALIZADA,ESPINHEIRO,AV GOVERNADOR AGAMENON MAGALHAES,,,EM FRENTE AO SUPERMERCADO BOMPREÇO / SENTIDO OLINDA,ESPINHEIRO,173,,COLISÃO TRASEIRA,1,1,0,0,0,0,0,0,0,1,0,,,,,,,,,,,,,
2023-10-24 00:00:00,08:04:00,COM VÍTIMA,FINALIZADA,IBURA,AV RECIFE,3273,,SENT. SAN MARTIN PROX. A JJK AUTOS,IBURA,,,COLISÃO TRASEIRA,1,1,0,0,0,0,0,0,0,1,0,,,,,,,,,,,,,
2023-10-24 00:00:00,08:42:00,SEM VÍTIMA,FINALIZADA,CORDEIRO,AV GENERAL SAN MARTIN,1208,,EM FRENTE AO SEMÁFORO DE Nº 058,CORDEIRO,58,SUBURBIO,COLISÃO LATERAL,1,1,0,0,0,0,0,0,0,0,0,,,,,,,,,,,,,
2023-10-24 00:00:00,08:47:00,COM VÍTIMA,FINALIZADA,IMBIRIBEIRA,AV MARECHAL MASCARENHAS DE MORAES,,,"EM FRENTE A LASER ELETRO, SENT. AFOGADOS",IMBIRIBEIRA,,,COLISÃO LATERAL,1,1,0,0,0,0,0,0,0,1,0,,,,,,,,,,,,,
2023-10-24 00:00:00,09:05:00,COM VÍTIMA,FINALIZADA,TAMARINEIRA,RUA CONEGO BARATA,,,AO LADO DA CASA DAS PLANTAS,TAMARINEIRA,,,COLISÃO,0,1,0,0,0,0,0,0,0,1,0,,,,,,,,,,,,,
2023-10-24 00:00:00,09:14:00,COM VÍTIMA,FINALIZADA,SANTO AMARO,AV NORTE MIGUEL ARRAES DE ALENCAR,,,SOBRE O VIADUTO DA AV NORTE /,SANTO AMARO,,,COLISÃO,0,1,0,0,0,0,0,0,0,1,0,,,,,,,,,,,,,
2023-10-24 00:00:00,10:08:00,COM VÍTIMA,FINALIZADA,CORDEIRO,RUA COSME VIANA,,,PRÓXIMO AO CRUZAMENTO DA AV. SÃO MIGUEL,CORDEIRO,,,COLISÃO,0,0,0,0,0,0,0,0,0,1,0,,,,,,,,,,,,,
2023-10-24 00:00:00,10:41:00,SEM VÍTIMA,FINALIZADA,IMBIRIBEIRA,RUA ENGENHEIRO JOSE BRANDAO CAVALCANTE,385,,ENTRADA PRINCIPAL DA LAGOA DO ARAÇA,IMBIRIBEIRA,,,COLISÃO LATERAL,1,0,0,0,0,1,0,0,0,0,0,,,,,,,,,,,,,
2023-10-24 00:00:00,10:46:00,COM VÍTIMA,FINALIZADA,IPSEP,RUA ITAIMBE,,,"EM FRENTE A LOJA MEU SOFA, PROX. A CADEMIA SELFIT",IPSEP,,,COLISÃO LATERAL,0,1,0,0,0,0,0,0,0,1,0,,,,,,,,,,,,,
2023-10-24 00:00:00,01:11:00,COM VÍTIMA,FINALIZADA,ILHA DO LEITE,RUA SAO GONCALO,132,,,ILHA DO LEITE,,,COLISÃO,0,0,0,0,0,0,0,0,0,1,0,,,,,,,,,,,,,
2023-10-24 00:00:00,01:16:00,SEM VÍTIMA,FINALIZADA,VARZEA,RUA CORONEL PACHECO,2017,,PRAÇA DA VÁRZEA,VARZEA,,CIDADE,COLISÃO LATERAL,1,0,0,0,0,0,0,1,0,0,0,,,,,,,,,,,,,
2023-10-24 00:00:00,04:26:00,SEM VÍTIMA,FINALIZADA,GRACAS,RUA SENADOR ALBERTO PAIVA,960,,PORTÃO LATERAL DO MUSEU DO ESTADO DE PERNAMBUCO,GRACAS,,SUBURBIO,COLISÃO TRASEIRA,1,0,0,0,0,0,0,1,0,0,0,,,,,,,,,,,,,
2023-10-24 00:00:00,05:00:00,COM VÍTIMA,FINALIZADA,BEBERIBE,AV BEBERIBE,,,PROXIMO AO POSTO DE GASOLINA SUVINE E AO INOCOOP,BEBERIBE,,,COLISÃO,1,0,0,0,0,0,0,0,0,1,0,,,,,,,,,,,,,
2023-10-24 00:00:00,05:38:00,COM VÍTIMA,FINALIZADA,IPSEP,RUA JEAN EMILE FAVRE,1769,,PROXIMO A PADARIA VILA DO PÃO,IPSEP,,,COLISÃO LATERAL,1,1,0,0,0,0,0,0,0,2,0,,,,,,,,,,,,,
2023-10-24 00:00:00,06:26:00,COM VÍTIMA,FINALIZADA,SAO JOSE,RUA IMPERIAL,1222,,PROX AO VIADUTO DE JOANA BEZERRA,SAO JOSE,,,COLISÃO TRANSVERSAL,2,0,0,0,0,0,0,0,0,2,0,,,,,,,,,,,,,
2023-10-24 00:00:00,06:55:00,COM VÍTIMA,FINALIZADA,GUABIRABA,AV DA RECUPERACAO,7239,,OFICINA DE MOLAS,GUABIRABA,,,COLISÃO LATERAL,0,0,0,0,0,0,0,0,0,1,0,,,,,,,,,,,,,
2023-10-24 00:00:00,06:55:00,COM VÍTIMA,FINALIZADA,JOANA BEZERRA,RUA IMPERIAL,1878,,EM BAIXO DO VIADUTO CAPITÃO TEMUDO,JOANA BEZERRA,,,COLISÃO LATERAL,0,0,0,0,0,0,0,0,0,1,0,,,,,,,,,,,,,
2023-10-24 00:00:00,08:13:00,COM VÍTIMA,FINALIZADA,JORDAO,AV MARIA IRENE,718,,EM FRENTE A IGREJA DE DEUS NOVO TEMPO E O POSTO TOTAL,JORDAO,,,COLISÃO,0,0,0,0,0,0,0,0,0,1,0,,,,,,,,,,,,,
2023-10-24 00:00:00,08:38:00,SEM VÍTIMA,CANCELADA,ARRUDA,AV BEBERIBE,,,EM FRENTE AO CAMPO DO ARRUDA E DO ARMAZÉM CORAL,ARRUDA,,,COLISÃO,0,0,0,0,0,0,0,0,0,0,0,,,,,,,,,,,,,
2023-10-24 00:00:00,09:57:00,COM VÍTIMA,FINALIZADA,IMBIRIBEIRA,VIADUTO TANCREDO NEVES,,,"ALÇA DE ACESSO A MASCARENHAS, SENTIDO UPA DA IMBIRIBEIRA",IMBIRIBEIRA,,,CAPOTAMENTO,2,0,0,0,0,0,0,0,0,2,0,,,,,,,,,,,,,
2023-10-24 00:00:00,11:51:00,COM VÍTIMA,FINALIZADA,JOANA BEZERRA,VIADUTO CAPITAO TEMUDO,,,SOBRE O VIADUTO,JOANA BEZERRA,,,COLISÃO,0,0,0,0,0,0,0,0,0,1,0,,,,,,,,,,,,,
2023-10-25 00:00:00,12:05:00,COM VÍTIMA,FINALIZADA,IPSEP,AV RECIFE,,,ANTES DO PAN DE AREIAS,IPSEP,212,,COLISÃO,0,0,0,0,0,0,0,0,0,2,0,,,,,,,,,,,,,
2023-10-25 00:00:00,05:36:00,COM VÍTIMA,FINALIZADA,MACAXEIRA,AV NORTE MIGUEL ARRAES DE ALENCAR,571,,PRÓXIMO AO TERMINAL DA MACAXEIRA,MACAXEIRA,,,CHOQUE,0,0,0,0,0,0,0,0,0,1,0,,,,,,,,,,,,,
2023-10-25 00:00:00,08:21:00,COM VÍTIMA,FINALIZADA,CASA AMARELA,RUA PADRE LEMOS,,,EM FRENTE A KINITOS E ARMAZEM FERREIRA PINTO,CASA AMARELA,,,COLISÃO LATERAL,0,1,0,0,0,0,0,0,0,1,0,,,,,,,,,,,,,
2023-10-25 00:00:00,08:22:00,COM VÍTIMA,FINALIZADA,BEBERIBE,AV BEBERIBE,4446,,EM FRENTE AO ATACAREJO SUPER MIX,BEBERIBE,,,ATROPELAMENTO DE PESSOA,0,1,0,0,1,0,0,0,0,1,0,,,,,,,,,,,,,
2023-10-25 00:00:00,09:18:00,COM VÍTIMA,FINALIZADA,SAO JOSE,AV SUL,,,"APOS AS TORRES GEMEAS, PROX. AO CAIS DE SANTA RITA EM FRENTE AO HOTEL EM CONSTRUÇÃO",SAO JOSE,,,COLISÃO LATERAL,0,1,0,0,0,0,0,0,0,1,0,,,,,,,,,,,,,
2023-10-25 00:00:00,09:47:00,COM VÍTIMA,FINALIZADA,AGUA FRIA,EST VELHA DE AGUA FRIA,,,EM FRENTE ACADEMIA MEGA BOX / PROX A POLICLINICA SALOMÃO KELMER,AGUA FRIA,,,COLISÃO,0,1,0,0,0,0,0,0,0,1,0,,,,,,,,,,,,,
2023-10-25 00:00:00,09:53:00,COM VÍTIMA,FINALIZADA,ARRUDA,AV PROFESSOR JOSE DOS ANJOS,972,,PROX A PADARIA PAN CRISTAL,ARRUDA,,,COLISÃO COM CICLISTA,1,0,0,1,1,0,0,0,0,2,0,,,,,,,,,,,,,
2023-10-25 00:00:00,12:24:00,SEM VÍTIMA,FINALIZADA,AREIAS,AV DR JOSE RUFINO,1320,,ARMAZEM COMERCIAL NOVO LAR,AREIAS,,SUBURBIO,COLISÃO TRASEIRA,3,0,0,0,0,0,0,0,0,0,0,,,,,,,,,,,,,
2023-10-25 00:00:00,01:41:00,COM VÍTIMA,FINALIZADA,MADALENA,AV VISCONDE DE ALBUQUERQUE,401,,PROX GALERIA MADALENA CENTER,MADALENA,,,COLISÃO FRONTAL,1,1,0,0,0,0,0,0,0,1,0,,,,,,,,,,,,,
2023-10-25 00:00:00,02:16:00,COM VÍTIMA,FINALIZADA,ROSARINHO,AV NORTE MIGUEL ARRAES DE ALENCAR,9364,,PROXIMO A PADARIA ROSARINHO,ROSARINHO,,,COLISÃO,0,1,0,0,0,0,0,0,0,1,0,,,,,,,,,,,,,
2023-10-25 00:00:00,02:26:00,COM VÍTIMA,FINALIZADA,TORREAO,AV NORTE MIGUEL ARRAES DE ALENCAR,,,PROXIMO AO VIADUTO DA AV NORTE E AO LADO DA CONCESSIONARIA CHEVROLET,TORREAO,,CIDADE,COLISÃO,0,1,0,0,0,0,0,0,0,1,0,,,,,,,,,,,,,