data,hora,natureza,situacao,bairro,endereco,numero,detalhe_endereco_acidente,complemento,bairro_cruzamento,num_semaforo,sentido_via,tipo,auto,moto,ciclom,ciclista,pedestre,onibus,caminhao,viatura,outros,vitimas,vitimasfatais,acidente_verificado,tempo_clima,situacao_semaforo,sinalizacao,condicao_via,conservacao_via,ponto_controle,situacao_placa,velocidade_max_via,mao_direcao,divisao_via1,divisao_via2,divisao_via3
2023-11-09 00:00:00,07:43:00,COM VÍTIMA,DUPLICIDADE,SANTO AMARO,RUA DOS PALMARES,,RUA TREZE DE MAIO,,SANTO AMARO,30,,COLISÃO FRONTAL,0,0,0,0,0,0,0,0,0,1,0,,,,,,,,,,,,,
2023-11-09 00:00:00,07:53:00,COM VÍTIMA,FINALIZADA,SANTO AMARO,RUA DOS PALMARES,263,,PRÓX. AO INSS,SANTO AMARO,,,COLISÃO,1,1,0,0,0,0,0,0,0,1,0,,,,,,,,,,,,,
2023-11-09 00:00:00,08:20:00,COM VÍTIMA,FINALIZADA,PINA,AV ENGENHEIRO DOMINGOS FERREIRA,1187,,EM FRENTE AO POSTO SHELL,PINA,,,ATROPELAMENTO DE PESSOA,0,0,0,0,1,1,0,0,0,1,0,,,,,,,,,,,,,
2023-11-10 00:00:00,03:28:00,SEM VÍTIMA,FINALIZADA,BOA VIAGEM,RUA SA E SOUZA,,RUA BARAO DE SOUZA LEAO,EM FRENTE À ESCOLA BRIGADEIRO EDUARDO GOMES,BOA VIAGEM,159,CIDADE,COLISÃO TRASEIRA,1,0,0,0,0,0,0,1,0,0,0,,,,,,,,,,,,,
2023-11-10 00:00:00,08:57:00,COM VÍTIMA,FINALIZADA,SANTO AMARO,AV GOVERNADOR AGAMENON MAGALHAES,,,EM FRENTE A FÁBRICA TACARUNA ( SENTIDO CIDADE ),SANTO AMARO,,SUBURBIO,COLISÃO LATERAL,1,1,0,0,0,0,0,0,0,1,0,,,,,,,,,,,,,
2023-11-10 00:00:00,02:51:00,COM VÍTIMA,FINALIZADA,PARNAMIRIM,RUA SEBASTIAO ALVES,273,,E/F AO  FAACA  BOTECO  E PARRILLA,PARNAMIRIM,,,COLISÃO FRONTAL,1,1,0,0,0,0,0,0,0,1,0,,,,,,,,,,,,,
2023-11-10 00:00:00,02:59:00,COM VÍTIMA,FINALIZADA,ENCRUZILHADA,RUA CONS PORTELA,250,,BANCO ITAU DA ENCRUZILHADA,ENCRUZILHADA,,,COLISÃO LATERAL,0,0,0,0,0,0,0,0,0,1,0,,,,,,,,,,,,,
2023-11-10 00:00:00,04:21:00,COM VÍTIMA,FINALIZADA,IBURA,AV DOIS RIOS,307,,BANCA DE JOGO CAMINHO DA SORTE,IBURA,,,COLISÃO LATERAL,0,1,0,0,0,1,0,0,0,1,0,,,,,,,,,,,,,
2023-11-10 00:00:00,04:21:00,COM VÍTIMA,FINALIZADA,SANTO AMARO,AV MARIO MELO,882,,ESCOLA SILVIO RABELO,SANTO AMARO,,,COLISÃO LATERAL,0,0,0,0,0,0,0,0,0,1,0,,,,,,,,,,,,,
2023-11-10 00:00:00,05:51:00,COM VÍTIMA,CANCELADA,IBURA,AV DOIS RIOS,,,E/F AO POSTO SHEL,IBURA,,,COLISÃO TRASEIRA,1,1,0,0,0,0,0,0,0,1,0,,,,,,,,,,,,,
2023-11-10 00:00:00,06:55:00,COM VÍTIMA,FINALIZADA,ARRUDA,RUA RAMIZ GALVAO,,,PROX AO ESTÁDIO DO SANTA CRUZ,ARRUDA,,,COLISÃO FRONTAL,1,1,0,0,0,0,0,0,0,1,0,,,,,,,,,,,,,
2023-11-10 00:00:00,07:09:00,COM VÍTIMA,FINALIZADA,BAIRRO DO RECIFE,RUA DO BRUM,,,EM FRENTE AO TRF,BAIRRO DO RECIFE,,,COLISÃO TRANSVERSAL,1,1,0,0,0,0,0,0,0,1,0,,,,,,,,,,,,,
2023-11-10 00:00:00,07:20:00,COM VÍTIMA,FINALIZADA,JARDIM SAO PAULO,AV SAO PAULO,,,EM FRENTE AO MINI SHOPPING,JARDIM SAO PAULO,,,COLISÃO TRASEIRA,1,1,0,0,0,0,0,0,0,1,0,,,,,,,,,,,,,
2023-11-10 00:00:00,07:37:00,COM VÍTIMA,CANCELADA,ENGENHO DO MEIO,RUA ANTONIO CURADO,194,,COM A RUA MANOEL  CORTE  REAL,ENGENHO DO MEIO,,,COLISÃO TRANSVERSAL,1,1,0,0,0,0,0,0,0,1,0,,,,,,,,,,,,,
2023-11-10 00:00:00,07:53:00,COM VÍTIMA,CANCELADA,TORROES,AV ENGENHEIRO ABDIAS DE CARVALHO,,,"APÓS O POSTO SHELL , SENTIDO BR 232",TORROES,,,ATROPELAMENTO DE PESSOA,1,0,0,0,2,0,0,0,0,2,0,,,,,,,,,,,,,
2023-11-11 00:00:00,01:26:00,COM VÍTIMA,FINALIZADA,CORDEIRO,AV CAXANGA,,RUA CLAUDIO BROTHERHOOD,DEFRONTE AO PARQUE DE EXPOSIÇÃO DE ANIMAIS DO CORDEIRO - SENTIDO CIDADE,CORDEIRO,,CIDADE,COLISÃO,1,1,0,0,0,0,0,0,0,2,0,,,,,,,,,,,,,
2023-11-11 00:00:00,03:51:00,COM VÍTIMA,FINALIZADA,MADALENA,RUA REAL DA TORRE,,,PRÓXIMO A RUA JOSÉ OSÓRIO,MADALENA,,,COLISÃO TRANSVERSAL,1,1,0,0,0,0,0,0,0,2,0,,,,,,,,,,,,,
2023-11-11 00:00:00,05:42:00,COM VÍTIMA,FINALIZADA,AFOGADOS,RUA PROFESSOR AUGUSTO WANDERLEY FILHO,,,COM A RUA MOCOTOLOMBÓ,AFOGADOS,,,COLISÃO,0,1,0,0,0,0,0,0,0,2,0,,,,,,,,,,,,,
2023-11-11 00:00:00,11:27:00,COM VÍTIMA,FINALIZADA,BOA VIAGEM,RUA ANTONIO FALCAO,,,"PROX A SONHARES COLCHÕES E ASSESSÓRIOS,  PROX  A VILMA  AUTO CENTER,   PROX A ESTAÇÃO ANTONIO FALCÃO",BOA VIAGEM,,,COLISÃO LATERAL,0,1,0,0,0,0,0,0,0,1,0,,,,,,,,,,,,,
2023-11-11 00:00:00,02:11:00,COM VÍTIMA,FINALIZADA,CAXANGA,RUA ELIZEU CAVALCANTE,,,PROX A ENTRADA DA ESTAÇAO DO BRT NO SEMFORO 265,CAXANGA,,,COLISÃO COM CICLISTA,0,0,0,1,0,0,0,0,0,1,0,,,,,,,,,,,,,
2023-11-11 00:00:00,02:39:00,COM VÍTIMA,FINALIZADA,AFOGADOS,TRV SAO MIGUEL,176,,EM FRENTE AO SHOPPING SAO MIGUEL CENTER,AFOGADOS,,,COLISÃO TRASEIRA,1,1,0,0,0,0,0,0,0,1,0,,,,,,,,,,,,,
2023-11-11 00:00:00,02:45:00,COM VÍTIMA,FINALIZADA,CASA FORTE,AV DEZESSETE DE AGOSTO,,,E/F AO BAR CHEF,CASA FORTE,,,COLISÃO LATERAL,1,1,0,0,0,0,0,0,0,1,0,,,,,,,,,,,,,
2023-11-11 00:00:00,03:06:00,COM VÍTIMA,FINALIZADA,BOA VIAGEM,RUA ANTONIO FALCAO,,RUA FRANCISCO DA CUNHA,EM FRENTE A FARMACIA DROGASIL,BOA VIAGEM,,,COLISÃO TRASEIRA,1,1,0,0,0,0,0,0,0,2,0,,,,,,,,,,,,,
2023-11-11 00:00:00,03:08:00,COM VÍTIMA,FINALIZADA,ILHA DO RETIRO,EST DOS REMEDIOS,1355,,E/F A VIA TOTAL PNEUS  AO RESTAURANTE  PONTO DO GAUCHO,ILHA DO RETIRO,1355,,COLISÃO LATERAL,0,0,0,0,0,0,0,0,0,1,0,,,,,,,,,,,,,
2023-11-11 00:00:00,04:39:00,COM VÍTIMA,FINALIZADA,SAO JOSE,AV SUL,,,PROX AO POSTO BR  EM BAIXO DO VIADUTO CAPITÃO TEMUDO,SAO JOSE,,SUBURBIO,COLISÃO FRONTAL,0,0,0,0,0,2,0,0,0,2,0,,,,,,,,,,,,,
2023-11-11 00:00:00,05:05:00,COM VÍTIMA,FINALIZADA,PRADO,RUA JOAO IVO DA SILVA,,,PROX A LOJA ELETRO TEC,PRADO,,,COLISÃO TRASEIRA,1,1,0,0,0,0,0,0,0,1,0,,,,,,,,,,,,,
2023-11-11 00:00:00,05:08:00,COM VÍTIMA,FINALIZADA,CORDEIRO,RUA CLAUDIO BROTHERHOOD,887,PRC DR JOSE VILELA,AO LADO DA OFICINA DO MADSON,CORDEIRO,,,COLISÃO LATERAL,0,1,0,0,0,0,0,0,0,1,0,,,,,,,,,,,,,
2023-11-11 00:00:00,05:09:00,COM VÍTIMA,FINALIZADA,IMBIRIBEIRA,AV MARECHAL MASCARENHAS DE MORAES,3175,RUA MURITIBA,PRÓXIMO A FERREIRA COSTA,IMBIRIBEIRA,,CIDADE,COLISÃO TRASEIRA,4,1,0,0,0,0,0,0,0,2,0,,,,,,,,,,,,,
2023-11-11 00:00:00,05:11:00,COM VÍTIMA,FINALIZADA,IMBIRIBEIRA,RUA JOSE DA SILVA LUCENA,497,,PROXA FERREIRA COSTA,IMBIRIBEIRA,,,COLISÃO LATERAL,0,0,0,0,0,0,0,0,0,1,0,,,,,,,,,,,,,
2023-11-11 00:00:00,05:37:00,COM VÍTIMA,FINALIZADA,PORTO DA MADEIRA,AV BEBERIBE,,,PROX AO POSTO BC E A GALERIA CAJUEIRO,PORTO DA MADEIRA,,,QUEDA,0,1,0,0,0,0,0,0,0,1,0,,,,,,,,,,,,,
2023-11-11 00:00:00,05:53:00,COM VÍTIMA,FINALIZADA,SAN MARTIN,AV ENGENHEIRO ABDIAS DE CARVALHO,,,PROX AO ATACAREJO  E/F AO COMPAZ,SAN MARTIN,,,COLISÃO LATERAL,0,0,0,0,0,0,0,0,0,1,0,,,,,,,,,,,,,
2023-11-11 00:00:00,05:54:00,COM VÍTIMA,FINALIZADA,JAQUEIRA,AV RUI BARBOSA,,,NA ESQUINA DA ACADEMIA LAITE,JAQUEIRA,,,COLISÃO FRONTAL,1,1,0,0,0,0,0,0,0,1,0,,,,,,,,,,,,,
2023-11-11 00:00:00,08:43:00,COM VÍTIMA,FINALIZADA,SANTO AMARO,RUA DA UNIAO,,,COM A RUA MAMEDE SIMÕES AO LADO DA ASSEMLÉIA LEGISLATIVA,SANTO AMARO,,,COLISÃO TRANSVERSAL,1,1,0,0,0,0,0,0,0,1,0,,,,,,,,,,,,,
2023-11-11 00:00:00,09:22:00,COM VÍTIMA,FINALIZADA,SAO JOSE,RUA IMPERIAL,1222,,ANTES DO VIADUTO CAP TEMUDO,SAO JOSE,,,CAPOTAMENTO,2,1,0,0,0,0,0,0,0,2,0,,,,,,,,,,,,,
2023-11-11 00:00:00,11:21:00,COM VÍTIMA,FINALIZADA,VARZEA,RUA ABATIA,363,,EM FRENTE AO FRIGÓRIFICO ABATIA,VARZEA,,,COLISÃO TRANSVERSAL,1,1,0,0,0,0,0,0,0,1,0,,,,,,,,,,,,,
2023-11-12 00:00:00,09:22:00,COM VÍTIMA,FINALIZADA,IMBIRIBEIRA,VIADUTO TANCREDO NEVES,,,PROX A UPA DA IMBIRIBEIRA / SENTIDO AV RECIFE,IMBIRIBEIRA,,,COLISÃO,1,1,0,0,0,0,0,0,0,1,0,,,,,,,,,,,,,
2023-11-12 00:00:00,10:24:00,COM VÍTIMA,FINALIZADA,ILHA DO RETIRO,AV ENGENHEIRO ABDIAS DE CARVALHO,,,EM FRENTE A ILHA DO RETIRO,ILHA DO RETIRO,,,COLISÃO,0,1,0,0,0,0,0,0,0,1,0,,,,,,,,,,,,,
2023-11-12 00:00:00,11:02:00,COM VÍTIMA,FINALIZADA,COQUEIRAL,RUA DR JOSE CORNELIO,,,PROX A ESTAÇÃO DE METRO COQUEIRAL,COQUEIRAL,,,COLISÃO,0,1,0,0,0,0,0,0,0,1,0,,,,,,,,,,,,,
2023-11-12 00:00:00,11:39:00,COM VÍTIMA,FINALIZADA,ILHA DO RETIRO,AV ENGENHEIRO ABDIAS DE CARVALHO,,,EM FRENTE AO CAMPO DE SPORT,ILHA DO RETIRO,,,COLISÃO,0,1,0,0,0,0,0,0,0,1,0,,,,,,,,,,,,,
2023-11-12 00:00:00,12:28:00,COM VÍTIMA,FINALIZADA,PONTO DE PARADA,RUA PROFESSOR JERONIMO GUEIROS,,,PROX A COCA COLA,PONTO DE PARADA,,,QUEDA,0,1,0,0,0,0,0,0,0,1,0,,,,,,,,,,,,,
2023-11-12 00:00:00,05:16:00,SEM VÍTIMA,FINALIZADA,AREIAS,AV CAPITAO GREGORIO DE CALDAS,79,,CLINICA CENTER / CARREFOUR DA AV. RECIFE,AREIAS,,,COLISÃO FRONTAL,4,0,0,0,0,0,0,0,0,0,0,,,,,,,,,,,,,
2023-11-12 00:00:00,06:01:00,COM VÍTIMA,FINALIZADA,TEJIPIO,AV DR JOSE RUFINO,4709,,ESCOLA ALBERTO TORRES,TEJIPIO,,,COLISÃO LATERAL,0,0,0,0,0,0,0,0,0,1,0,,,,,,,,,,,,,
2023-11-12 00:00:00,06:56:00,COM VÍTIMA,FINALIZADA,PARNAMIRIM,RUA VIRGINIA LORETO,84,,POR TRÁS DA IGREJA DOS MORMONS,PARNAMIRIM,,,COLISÃO LATERAL,0,0,0,0,0,0,0,0,0,1,0,,,,,,,,,,,,,
2023-11-12 00:00:00,08:35:00,COM VÍTIMA,CANCELADA,IPUTINGA,AV CAXANGA,8889,,EM FRENTE A AUTO ESCOLA PILOTO E A CONCESSIONÁRIA DA HONDA,IPUTINGA,,,COLISÃO,0,0,0,0,0,0,0,0,0,1,0,,,,,,,,,,,,,
2023-11-12 00:00:00,08:46:00,SEM VÍTIMA,FINALIZADA,MACAXEIRA,RUA CORONEL JOAO BATISTA DO REGO BARROS,21,,PARQUE DA MACAXEIRA,MACAXEIRA,671,,COLISÃO TRASEIRA,1,1,0,0,0,0,0,0,0,0,0,,,,,,,,,,,,,
2023-11-12 00:00:00,09:16:00,COM VÍTIMA,FINALIZADA,CASA FORTE,AV DEZESSETE DE AGOSTO,1645,,APÓS A PRAÇA DE CASA FORTE,CASA FORTE,,,COLISÃO,0,2,0,0,0,0,0,0,0,2,0,,,,,,,,,,,,,
2023-11-12 00:00:00,10:50:00,COM VÍTIMA,CANCELADA,BOA VIAGEM,RUA VISCONDE DE JEQUITINHONHA,,,POR TRÁS DO PARQUE DONA LINDU,BOA VIAGEM,,,COLISÃO,0,1,0,0,0,0,0,0,0,1,0,,,,,,,,,,,,,
2023-11-13 00:00:00,06:33:00,COM VÍTIMA,FINALIZADA,SANTO ANTONIO,RUA DO SOL,,,EM FRENTE AO TEATRO SANTA ISABEL,SANTO ANTONIO,,,COLISÃO LATERAL,0,1,0,0,0,0,0,0,0,1,0,,,,,,,,,,,,,
2023-11-13 00:00:00,09:20:00,COM VÍTIMA,FINALIZADA,MADALENA,RUA CLOVIS BEVILAQUA,,,EM FRENTE A ASSOCIAÇÃO BANDEPE,MADALENA,,,COLISÃO,0,1,0,0,0,0,0,0,0,1,0,,,,,,,,,,,,,
2023-11-13 00:00:00,10:38:00,COM VÍTIMA,FINALIZADA,GUABIRABA,RUA ALTO JOSE IDALINO,,,PROX AO TERMINAL DE ONIBUS / NA ESQUINA DA IGREJA BATISTA,GUABIRABA,,,COLISÃO,0,1,0,0,0,0,0,0,0,1,0,,,,,,,,,,,,,
2023-11-13 00:00:00,11:43:00,COM VÍTIMA,FINALIZADA,COELHOS,PTE JOAQUIM CARDOSO,,,PROX AO FORUM JOANA BEZERRA,COELHOS,,,COLISÃO,0,1,0,0,0,0,0,0,0,1,0,,,,,,,,,,,,,
2023-11-13 00:00:00,02:50:00,SEM VÍTIMA,FINALIZADA,TEJIPIO,RUA FALCAO DE LACERDA,,,PRÓXIMO AO CARTÓRIO,TEJIPIO,,,COLISÃO,0,0,0,0,0,0,0,0,0,0,0,,,,,,,,,,,,,
2023-11-13 00:00:00,05:42:00,COM VÍTIMA,FINALIZADA,ENGENHO DO MEIO,RUA FRANCISCO BEZERRA MONTEIRO,390,,BET PLACE,ENGENHO DO MEIO,,,COLISÃO LATERAL,0,0,0,0,0,0,0,0,0,1,0,,,,,,,,,,,,,
2023-11-13 00:00:00,07:26:00,COM VÍTIMA,FINALIZADA,CAMPO GRANDE,AV PROFESSOR JOSE DOS ANJOS,1556,,UNIDADE DE SAUDE ANTONIO FRANCISCO AREIAS,CAMPO GRANDE,,,COLISÃO LATERAL,1,0,0,1,0,0,0,0,0,1,0,,,,,,,,,,,,,
2023-11-13 00:00:00,07:16:00,COM VÍTIMA,FINALIZADA,BOA VIAGEM,RUA DOS NAVEGANTES,,,COM A RUA ERNESTO  DE PAULA SANTOS,BOA VIAGEM,,,COLISÃO LATERAL,1,1,0,0,0,0,0,0,0,1,0,,,,,,,,,,,,,
2023-11-14 00:00:00,07:56:00,COM VÍTIMA,FINALIZADA,TORREAO,RUA OTHON PARAISO,123,,EM FRENTE AO EDF. FUTURO NOEMIA PARAISO,TORREAO,,,COLISÃO LATERAL,1,1,0,0,0,0,0,0,0,1,0,,,,,,,,,,,,,
2023-11-14 00:00:00,08:38:00,COM VÍTIMA,FINALIZADA,IMBIRIBEIRA,RUA ALVARO AMORIM,,AV MARECHAL MASCARENHAS DE MORAES,NO SEMAFORO 279,IMBIRIBEIRA,,,COLISÃO LATERAL,1,1,0,0,0,0,0,0,0,1,0,,,,,,,,,,,,,
2023-11-14 00:00:00,09:38:00,COM VÍTIMA,FINALIZADA,IBURA,RUA DOZE DE JUNHO,,,PROX. AO MERCADO PROABE ALIMENTOS E COOMUNIDADE VINTE E SETE DE NOVEMBRO,IBURA,,,COLISÃO LATERAL,0,1,0,0,0,0,0,0,0,1,0,,,,,,,,,,,,,
2023-11-14 00:00:00,11:12:00,COM VÍTIMA,FINALIZADA,IMBIRIBEIRA,AV MARECHAL MASCARENHAS DE MORAES,,,NO FINAL DO MURO DO AEROPORTO / NA ENTRADA DO JORDÃO,IMBIRIBEIRA,,,COLISÃO,0,1,0,0,0,0,0,0,0,1,0,,,,,,,,,,,,,
2023-11-14 00:00:00,12:35:00,SEM VÍTIMA,FINALIZADA,SAO JOSE,TRV DO GUSMAO,178,,,SAO JOSE,,,COLISÃO LATERAL,1,0,0,0,0,1,0,0,0,0,0,,,,,,,,,,,,,
2023-11-14 00:00:00,12:46:00,COM VÍTIMA,FINALIZADA,CASA FORTE,AV DEZESSETE DE AGOSTO,,,EM FRENTE AO PET E CIA,CASA FORTE,,,COLISÃO,0,1,0,0,0,0,0,0,0,1,0,,,,,,,,,,,,,
2023-11-14 00:00:00,12:50:00,COM VÍTIMA,FINALIZADA,SANTO AMARO,AV CRUZ CABUGA,,,EM FRENTE AO SENAI CRUZAMENTO COM FREI CASSIMIRO,SANTO AMARO,,,COLISÃO,0,1,0,0,0,0,0,0,0,1,0,,,,,,,,,,,,,
2023-11-14 00:00:00,04:20:00,COM VÍTIMA,FINALIZADA,IPUTINGA,EST DO BARBALHO,980,,PROX AO DETRAN E/F CONAB,IPUTINGA,,,COLISÃO FRONTAL,0,2,0,0,0,0,0,0,0,2,0,,,,,,,,,,,,,
2023-11-14 00:00:00,06:56:00,COM VÍTIMA,CANCELADA,ARRUDA,AV BEBERIBE,,,DE FRENTE AO ESTÁDIO DO SANTA CRUZ,ARRUDA,,,COLISÃO LATERAL,1,1,0,0,0,0,0,0,0,1,0,,,,,,,,,,,,,
2023-11-14 00:00:00,07:52:00,COM VÍTIMA,CANCELADA,DOIS UNIDOS,AV HILDEBRANDO DE VASCONCELOS,1202,,PRÓXIMO AO COLEGIO ESTADUAL E AO ANTIGO CT DO SANTA CRUZ,DOIS UNIDOS,,,COLISÃO,0,1,0,0,0,0,0,0,0,1,0,,,,,,,,,,,,,
2023-11-14 00:00:00,08:26:00,COM VÍTIMA,CANCELADA,IBURA,AV RIO SAO FRANCISCO,160,,UR1 PRÓXIMO A ACADEMIA DA CIDADE,IBURA,,,COLISÃO,0,0,0,0,0,0,0,0,0,1,0,,,,,,,,,,,,,
2023-11-14 00:00:00,10:37:00,COM VÍTIMA,CANCELADA,BOA VIAGEM,RUA BARAO DE SOUZA LEAO,1000,,AO LADO DO COLEGIO SANTO DUMONT,BOA VIAGEM,,,COLISÃO,0,0,0,0,0,0,0,0,0,1,0,,,,,,,,,,,,,
2023-11-15 00:00:00,01:45:00,COM VÍTIMA,FINALIZADA,IBURA,AV DOIS RIOS,,,E/F À IGREJA ELSHADAI E POSTO SHELL,IBURA,,,COLISÃO FRONTAL,1,1,0,0,0,0,0,0,0,1,0,,,,,,,,,,,,,
2023-11-15 00:00:00,05:12:00,SEM VÍTIMA,FINALIZADA,IBURA,AV PRESIDENTE DUTRA,,,EM FRENTE AO POSTO RECIFE,IBURA,,SUBURBIO,CHOQUE,1,0,0,0,0,0,0,0,0,0,0,,,,,,,,,,,,,
2023-11-15 00:00:00,05:19:00,COM VÍTIMA,FINALIZADA,SANTO AMARO,AV GOVERNADOR AGAMENON MAGALHAES,,,"PROX. A PROCURADORIA DA REPUBLICA, NO SENTIDO BOA VIAGEM , LADO OPOSTO A UPE",SANTO AMARO,,,COLISÃO LATERAL,1,1,0,0,0,0,0,0,0,1,0,,,,,,,,,,,,,
2023-11-15 00:00:00,07:38:00,COM VÍTIMA,FINALIZADA,MACAXEIRA,RUA MARIA CANDIDA,,,"NO BAIRRO BURITI PARTE BAIXA, PROX. AO MERCADINHO SANTO ANOTNI E POSTO DE SAUDE",MACAXEIRA,,,COLISÃO LATERAL,0,1,0,0,0,0,0,0,0,1,0,,,,,,,,,,,,,
2023-11-15 00:00:00,09:09:00,COM VÍTIMA,FINALIZADA,SAN MARTIN,AV GENERAL SAN MARTIN,,,"EM FRENTE A FARMACIA DROGASIL, PROX. AO GETULIO VARGAS",SAN MARTIN,,,COLISÃO LATERAL,0,1,0,0,0,0,0,0,0,1,0,,,,,,,,,,,,,
2023-11-15 00:00:00,12:01:00,COM VÍTIMA,FINALIZADA,BOA VIAGEM,RUA CAMBOIM,481,,EM FRENTE A CASA DE FESTA  CRISTAL MAISON,BOA VIAGEM,,,COLISÃO LATERAL,1,1,0,0,0,0,0,0,0,1,0,,,,,,,,,,,,,
2023-11-15 00:00:00,03:01:00,COM VÍTIMA,FINALIZADA,TEJIPIO,RUA APRIGIO GUIMARAES,398,,NA RUA DO HOSPITL OTAVIO DE FREITAS,TEJIPIO,,,COLISÃO LATERAL,1,1,0,0,0,0,0,0,0,1,0,,,,,,,,,,,,,
2023-11-15 00:00:00,04:37:00,COM VÍTIMA,FINALIZADA,BOA VIAGEM,VIADUTO TANCREDO NEVES,,,COLISAO SOBRE O VIADUTO TANCREDO NEVES,BOA VIAGEM,,,COLISÃO LATERAL,1,1,0,0,0,0,0,0,0,1,0,,,,,,,,,,,,,
2023-11-15 00:00:00,06:59:00,COM VÍTIMA,FINALIZADA,JARDIM SAO PAULO,RUA LEANDRO BARRETO,,RUA LEOBINA PEREIRA,BEM NO CRUZAMENTO ONDE TEM A PIZZARIA DOS GEMEOS,JARDIM SAO PAULO,,,COLISÃO FRONTAL,1,1,0,0,0,0,0,0,0,1,0,,,,,,,,,,,,,
2023-11-15 00:00:00,07:45:00,COM VÍTIMA,FINALIZADA,IPSEP,AV RECIFE,,,SEMÁFORO 016 / PRÓX. DO NÚCLEO / ENTRADA DO IBURA,IPSEP,,,COLISÃO TRANSVERSAL,1,1,0,0,0,0,0,0,0,1,0,,,,,,,,,,,,,
2023-11-16 00:00:00,06:58:00,COM VÍTIMA,FINALIZADA,PASSARINHO,RUA ANDORINHA,,RUA PATATIVA,NA SUBDA DO ALTO SA BONDADE,PASSARINHO,,,COLISÃO LATERAL,0,1,0,0,0,0,0,0,0,1,0,,,,,,,,,,,,,
2023-11-16 00:00:00,07:35:00,COM VÍTIMA,FINALIZADA,BOA VIAGEM,RUA PROFESSOR JOAO MEDEIROS,139,,PROX. A LOJA PETZ,BOA VIAGEM,,,COLISÃO TRASEIRA,1,1,0,0,0,0,0,0,0,1,0,,,,,,,,,,,,,
2023-11-16 00:00:00,07:58:00,COM VÍTIMA,FINALIZADA,ESPINHEIRO,RUA QUARENTA E OITO,531,RUA CONS PORTELA,PROX A PAG MENOS,ESPINHEIRO,,,COLISÃO,0,1,0,0,0,1,0,0,0,1,0,,,,,,,,,,,,,
2023-11-16 00:00:00,09:19:00,SEM VÍTIMA,FINALIZADA,MORRO DA CONCEICAO,COR DO BARTOLOMEU,257,,EM FRENTE A ALEX CAR,MORRO DA CONCEICAO,,CIDADE,COLISÃO TRASEIRA,2,0,0,0,0,0,0,0,0,0,0,,,,,,,,,,,,,
2023-11-16 00:00:00,09:36:00,COM VÍTIMA,CANCELADA,SAO JOSE,RUA IMPERIAL,,,EM FRENTE AO RECIFE GÁS  / ANTES DA PONTE E PROX A EMPRESA ALIMONDA,SAO JOSE,,,COLISÃO,0,1,0,0,0,0,0,0,0,1,0,,,,,,,,,,,,,
2023-11-16 00:00:00,10:58:00,COM VÍTIMA,FINALIZADA,BARRO,AV DR JOSE RUFINO,,,"NO SEMAFORO 208, EM FRENTE AO EXERCITO BRASILEIRO",BARRO,,,COLISÃO LATERAL,1,0,0,0,0,0,1,0,0,2,0,,,,,,,,,,,,,
2023-11-16 00:00:00,01:08:00,SEM VÍTIMA,FINALIZADA,SANTO AMARO,AV JOAO DE BARROS,805,,GASTRO  PE,SANTO AMARO,,CIDADE,COLISÃO TRASEIRA,3,0,0,0,0,0,0,0,0,0,0,,,,,,,,,,,,,
2023-11-16 00:00:00,01:38:00,SEM VÍTIMA,DUPLICIDADE,ESPINHEIRO,AV JOAO DE BARROS,819,,PRÓXIMO AO SANTANDER,ESPINHEIRO,,,COLISÃO LATERAL,0,0,0,0,0,0,0,0,0,0,0,,,,,,,,,,,,,
2023-11-16 00:00:00,03:02:00,SEM VÍTIMA,FINALIZADA,NOVA DESCOBERTA,ALT DO OLHO D'AGUA,,,NA SUBIDA DA DANTAS  PROX AO LARGO DONA REGINA,NOVA DESCOBERTA,,,COLISÃO FRONTAL,0,1,0,0,0,0,0,1,0,0,0,,,,,,,,,,,,,
2023-11-16 00:00:00,03:15:00,COM VÍTIMA,FINALIZADA,BONGI,AV ENGENHEIRO ABDIAS DE CARVALHO,1701,,NA FRENTE DO POSTO DE GASOLINA DA BR,BONGI,,,COLISÃO,0,1,0,0,0,0,0,0,0,1,0,,,,,,,,,,,,,
2023-11-16 00:00:00,05:03:00,COM VÍTIMA,FINALIZADA,AFOGADOS,RUA ERNESTO CAVALCANTI,16,,RUA E/F AO CLUBE ATLETICO,AFOGADOS,,,COLISÃO FRONTAL,1,1,0,0,0,0,0,0,0,1,0,,,,,,,,,,,,,
2023-11-16 00:00:00,05:37:00,COM VÍTIMA,FINALIZADA,TORROES,AV ENGENHEIRO ABDIAS DE CARVALHO,,,YOKI,TORROES,,,COLISÃO TRASEIRA,2,1,0,0,0,0,0,0,0,1,0,,,,,,,,,,,,,
2023-11-16 00:00:00,08:12:00,COM VÍTIMA,FINALIZADA,SANTO AMARO,AV GOVERNADOR AGAMENON MAGALHAES,,,"EM FRENTE A UPE, NO SENTIDO BOA VIAGEM",SANTO AMARO,,,COLISÃO TRASEIRA,1,1,0,0,0,0,0,0,0,1,0,,,,,,,,,,,,,
2023-11-16 00:00:00,08:37:00,COM VÍTIMA,FINALIZADA,IBURA,AV DOIS RIOS,74,,EM FRENTE AO POSTO BR,IBURA,,,COLISÃO FRONTAL,1,2,0,0,0,0,0,0,0,2,0,,,,,,,,,,,,,
2023-11-16 00:00:00,08:49:00,COM VÍTIMA,FINALIZADA,GUABIRABA,AV DA RECUPERACAO,,,"PROX AO RESTAURANTE DO LAU , APÓS A UPINHA DA GUABIRABA",GUABIRABA,,,COLISÃO TRASEIRA,1,1,0,0,0,0,0,0,0,1,0,,,,,,,,,,,,,
2023-11-17 00:00:00,06:44:00,COM VÍTIMA,FINALIZADA,IPSEP,AV RECIFE,2528,,EM FRENTE AVANT MULTIMARCAS,IPSEP,,,COLISÃO TRASEIRA,1,1,0,0,0,0,0,0,0,1,0,,,,,,,,,,,,,
2023-11-17 00:00:00,09:33:00,COM VÍTIMA,FINALIZADA,SANTO AMARO,AV DR JAYME DA FONTE,,,EM TODA SUA ESTENÇÃO,SANTO AMARO,,,TOMBAMENTO,0,0,0,0,0,0,0,0,0,1,0,,,,,,,,,,,,,
2023-11-17 00:00:00,11:43:00,SEM VÍTIMA,FINALIZADA,ESPINHEIRO,RUA AFONSO BATISTA,201,,PROX AO HAPVIDA,ESPINHEIRO,,,COLISÃO,2,0,0,0,0,0,0,0,0,0,0,,,,,,,,,,,,,
2023-11-17 00:00:00,12:49:00,SEM VÍTIMA,FINALIZADA,AFLITOS,RUA SAMUEL CAMPELO,328,,PROX A  ENTRADA DO CLUBE NAUTICO E/F AO EDF PARCK HOME,AFLITOS,,,COLISÃO FRONTAL,1,0,0,0,0,0,0,1,0,0,0,,,,,,,,,,,,,
2023-11-17 00:00:00,02:42:00,COM VÍTIMA,FINALIZADA,SANTO AMARO,AV CRUZ CABUGA,,,NA FRENTE DO SHOPPING TACARUNA E PROX AO HCP,SANTO AMARO,,,COLISÃO,0,1,0,0,0,0,0,0,0,1,0,,,,,,,,,,,,,
2023-11-17 00:00:00,03:20:00,COM VÍTIMA,FINALIZADA,AREIAS,AV DR JOSE RUFINO,810,,EM FRENTE A LR SERVICE E BRINK KIDS,AREIAS,,,COLISÃO LATERAL,1,1,0,0,0,0,0,0,0,2,0,,,,,,,,,,,,,
2023-11-17 00:00:00,05:28:00,COM VÍTIMA,FINALIZADA,MADALENA,AV VISCONDE DE ALBUQUERQUE,300,,MADALENA CENTER,MADALENA,,,COLISÃO LATERAL,1,1,0,0,0,0,0,0,0,1,0,,,,,,,,,,,,,
2023-11-17 00:00:00,05:35:00,COM VÍTIMA,FINALIZADA,PAISSANDU,RUA PAISSANDU,178,,,PAISSANDU,,,COLISÃO,1,0,0,0,0,0,0,0,0,1,0,,,,,,,,,,,,,
2023-11-17 00:00:00,06:19:00,COM VÍTIMA,FINALIZADA,PAISSANDU,RUA PAISSANDU,714,,DE FRENTE AO HOSPITAL SÃO MARCOS,PAISSANDU,,,COLISÃO FRONTAL,1,1,0,0,0,0,0,0,0,1,0,,,,,,,,,,,,,