data,hora,natureza,situacao,bairro,endereco,numero,detalhe_endereco_acidente,complemento,bairro_cruzamento,num_semaforo,sentido_via,tipo,auto,moto,ciclom,ciclista,pedestre,onibus,caminhao,viatura,outros,vitimas,vitimasfatais,acidente_verificado,tempo_clima,situacao_semaforo,sinalizacao,condicao_via,conservacao_via,ponto_controle,situacao_placa,velocidade_max_via,mao_direcao,divisao_via1,divisao_via2,divisao_via3
2023-11-17 00:00:00,06:41:00,SEM VÍTIMA,FINALIZADA,IPSEP,RUA JEAN EMILE FAVRE,,,EM FRENTE A FACULDADE DE BOA VIAGEM,IPSEP,,,COLISÃO FRONTAL,3,0,0,0,0,0,0,0,0,0,0,,,,,,,,,,,,,
2023-11-17 00:00:00,09:01:00,SEM VÍTIMA,FINALIZADA,SAO JOSE,AV SUL,,,ANTIGO MOTEL CRISTAL,SAO JOSE,,,COLISÃO,1,0,0,0,0,0,0,1,0,0,0,,,,,,,,,,,,,
2023-11-17 00:00:00,09:28:00,SEM VÍTIMA,FINALIZADA,CORDEIRO,RUA BRASILANDIA,,RUA GREGORIO JUNIOR,,CORDEIRO,,,COLISÃO,2,0,0,0,0,0,0,0,0,0,0,,,,,,,,,,,,,
2023-11-17 00:00:00,10:11:00,COM VÍTIMA,FINALIZADA,BONGI,AV ENGENHEIRO ABDIAS DE CARVALHO,,,NOVO ATACAREJO,BONGI,,,COLISÃO,1,1,0,0,0,0,0,0,0,1,0,,,,,,,,,,,,,
2023-11-18 00:00:00,07:18:00,COM VÍTIMA,FINALIZADA,SANTO AMARO,RUA DOS PALMARES,,,APOS O  PROCAPE EM FRENTE AO LABORATORIO FRANCISCO JULIÃO,SANTO AMARO,,,COLISÃO FRONTAL,1,1,0,0,0,0,0,0,0,2,0,,,,,,,,,,,,,
2023-11-18 00:00:00,07:28:00,COM VÍTIMA,FINALIZADA,IMBIRIBEIRA,AV MARECHAL MASCARENHAS DE MORAES,,,"EM FRENTE A JACAUNA, AO LADO DO ASSAI",IMBIRIBEIRA,,,COLISÃO,1,1,0,0,0,0,0,0,0,1,0,,,,,,,,,,,,,
2023-11-18 00:00:00,08:31:00,COM VÍTIMA,FINALIZADA,TAMARINEIRA,RUA CONEGO BARATA,537,,NO CRUZAMENTO DA AV NORTE,TAMARINEIRA,,,COLISÃO,0,1,0,0,0,0,0,0,0,1,0,,,,,,,,,,,,,
2023-11-18 00:00:00,01:28:00,COM VÍTIMA,FINALIZADA,CORDEIRO,RUA MARAVILHA,31,,CAPELINHA SANTO ANTONIO,CORDEIRO,,,COLISÃO LATERAL,1,1,0,0,0,0,0,0,0,1,0,,,,,,,,,,,,,
2023-11-18 00:00:00,07:57:00,COM VÍTIMA,CANCELADA,CAXANGA,AV CAXANGA,9418,,PRÓXIMO AO SUPERMERCADO SOBERANO E A CASA DA TINTAS,CAXANGA,,,COLISÃO,1,1,0,0,0,0,0,0,0,1,0,,,,,,,,,,,,,
2023-11-18 00:00:00,08:19:00,SEM VÍTIMA,CANCELADA,AREIAS,RUA CAPITAO MANUEL DE AGUIAR,192,,PRÓXIMO A  PRAÇA MERCIA DE ALBUQUERQUE,AREIAS,,,COLISÃO TRASEIRA,2,0,0,0,0,0,0,0,0,0,0,,,,,,,,,,,,,
2023-11-18 00:00:00,11:37:00,COM VÍTIMA,FINALIZADA,CORDEIRO,EST DO FORTE DO ARRAIAL N. DO B. JESUS,555,,EM FRENTE AO ESPAÇO VIDA,CORDEIRO,,,COLISÃO LATERAL,1,1,0,0,0,0,0,0,0,1,0,,,,,,,,,,,,,
2023-11-19 00:00:00,12:08:00,COM VÍTIMA,FINALIZADA,TORRE,RUA JOSE BONIFACIO,,,PRÓXIMO AO EDELSOM CABELELEIRO,TORRE,,,COLISÃO LATERAL,2,0,0,0,0,0,0,0,0,1,0,,,,,,,,,,,,,
2023-11-19 00:00:00,07:15:00,COM VÍTIMA,FINALIZADA,MACAXEIRA,AV NORTE MIGUEL ARRAES DE ALENCAR,,,PROX. A ESCOLA NADIR COLAÇO SENT. MACAXEIRA,MACAXEIRA,,,COLISÃO LATERAL,0,1,0,0,0,0,0,0,0,1,0,,,,,,,,,,,,,
2023-11-19 00:00:00,07:59:00,COM VÍTIMA,FINALIZADA,PASSARINHO,EST DE PASSARINHO,,,TERMINAL COMPLEMENTAR/ DOIS UNIDOS,PASSARINHO,,,ATROPELAMENTO DE PESSOA,0,1,0,0,1,0,0,0,0,2,0,,,,,,,,,,,,,
2023-11-19 00:00:00,08:01:00,COM VÍTIMA,FINALIZADA,AFOGADOS,RUA SAO MIGUEL,727,,EM FRENTE A IGREJA BATISTA DE AFOGADOS,AFOGADOS,,,COLISÃO LATERAL,1,1,0,0,0,0,0,0,0,2,0,,,,,,,,,,,,,
2023-11-19 00:00:00,11:38:00,COM VÍTIMA,FINALIZADA,BOA VIAGEM,AV VINTE DE JANEIRO,,,APOS A ESTAÇÃO AEROPORTO,BOA VIAGEM,,,COLISÃO LATERAL,1,1,0,0,0,0,0,0,0,2,0,,,,,,,,,,,,,
2023-11-19 00:00:00,03:33:00,COM VÍTIMA,FINALIZADA,CAMPO GRANDE,AV. LUÍS CORRÊA DE BRITO,,,DEPOIS DO MERCADO DO SITIO NOVO / EM FRENTE A BANCA DE BICHO SONHO REAL,CAMPO GRANDE,,,COLISÃO,0,1,0,0,0,0,0,0,0,1,0,,,,,,,,,,,,,
2023-11-19 00:00:00,04:03:00,COM VÍTIMA,FINALIZADA,VASCO DA GAMA,RUA GRIJALVA COSTA,9,,EM FRENTE A UPINHA DOM HELDER CAMERA,VASCO DA GAMA,,,COLISÃO,0,1,0,0,0,0,0,0,0,1,0,,,,,,,,,,,,,
2023-11-19 00:00:00,04:52:00,COM VÍTIMA,FINALIZADA,NOVA DESCOBERTA,RUA NOVA DESCOBERTA,1833,,PROX AO BUTECO TOP / EM FRENTE A IGREJA UNIVERSAL,NOVA DESCOBERTA,,,COLISÃO,0,1,0,0,0,1,0,0,0,1,0,,,,,,,,,,,,,
2023-11-19 00:00:00,05:48:00,COM VÍTIMA,FINALIZADA,BARRO,RUA POETA APRENDIZ,,,PROX AO MERCADINHO BOA OPÇÃO,BARRO,,,COLISÃO,0,1,0,0,0,0,0,0,0,1,0,,,,,,,,,,,,,
2023-11-19 00:00:00,07:27:00,COM VÍTIMA,FINALIZADA,IBURA,AV JORNALISTA COSTA PORTO,,,EM FRENTE A COMPESA,IBURA,,,COLISÃO FRONTAL,0,3,0,0,0,0,0,0,0,2,0,,,,,,,,,,,,,
2023-11-20 00:00:00,06:42:00,COM VÍTIMA,FINALIZADA,SAO JOSE,AV SUL,,,EM FRENTE A MINEIRO RODAS,SAO JOSE,,,QUEDA,0,1,0,0,0,0,0,0,0,1,0,,,,,,,,,,,,,
2023-11-20 00:00:00,07:23:00,COM VÍTIMA,FINALIZADA,PRADO,AV ENGENHEIRO ABDIAS DE CARVALHO,,,PROX A FARMACIA PAGUE MENOS SENTIDO ILHA DO RETIRO,PRADO,,,COLISÃO,0,1,0,0,0,0,0,0,0,1,0,,,,,,,,,,,,,
2023-11-20 00:00:00,07:35:00,SEM VÍTIMA,FINALIZADA,TORROES,AV ENGENHEIRO ABDIAS DE CARVALHO,,,"APOS O POSTO SHELL, SENT. CIDADE",TORROES,,,COLISÃO TRASEIRA,0,1,0,0,0,0,0,1,0,0,0,,,,,,,,,,,,,
2023-11-20 00:00:00,07:48:00,COM VÍTIMA,FINALIZADA,CORDEIRO,AV INACIO MONTEIRO,,,"EM FRENTE AO COLEGIO ALBERT SABIN, PROX. A CONCESSIONARIA BOX CAR",CORDEIRO,,,COLISÃO LATERAL,1,1,0,0,0,0,0,0,0,1,0,,,,,,,,,,,,,
2023-11-20 00:00:00,08:06:00,COM VÍTIMA,FINALIZADA,CAMPO GRANDE,AV CORREIA DE BRITO,2125,,NA FRENTE DO POSTO DE GASOLINA SANTA MARIA,CAMPO GRANDE,,,COLISÃO,0,1,0,0,0,0,1,0,0,1,0,,,,,,,,,,,,,
2023-11-20 00:00:00,10:55:00,COM VÍTIMA,FINALIZADA,ILHA JOANA BEZERRA,AV BEIRA RIO,2112,,AO LADO DO FÓRUM DE JOANA BEZERRA,ILHA JOANA BEZERRA,,,ATROPELAMENTO DE PESSOA,0,1,0,0,1,0,0,0,0,1,0,,,,,,,,,,,,,
2023-11-20 00:00:00,11:00:00,COM VÍTIMA,FINALIZADA,VASCO DA GAMA,RUA PLANALTO,,,"NO ALTO NOSSA SENHORA DE FATIMA, PROX. A RUA DOIS",VASCO DA GAMA,,,COLISÃO LATERAL,0,1,0,0,0,0,0,0,0,1,0,,,,,,,,,,,,,
2023-11-20 00:00:00,11:51:00,COM VÍTIMA,FINALIZADA,CORDEIRO,RUA MARIA QUITERIA,,,PROX AO RECIFE AUTO E PARQUE DA EXPOSIÇÃO DE ANIMAIS,CORDEIRO,,,COLISÃO,0,1,0,0,0,0,0,0,0,1,0,,,,,,,,,,,,,
2023-11-20 00:00:00,11:57:00,COM VÍTIMA,FINALIZADA,ESTANCIA,AV RECIFE,,,EM FRENTE AO ATACADÃO DA AV RECIFE,ESTANCIA,,,COLISÃO,0,1,0,0,0,0,0,0,0,1,0,,,,,,,,,,,,,
2023-11-20 00:00:00,12:03:00,COM VÍTIMA,FINALIZADA,TORRE,RUA ZILDA S DE SANTANA,,,PROX AO CAMPO DO BUERÃO / PROX A PRAÇA DA TORRE,TORRE,,,ATROPELAMENTO DE PESSOA,1,0,0,0,1,0,0,0,0,1,0,,,,,,,,,,,,,
2023-11-20 00:00:00,01:49:00,COM VÍTIMA,FINALIZADA,DERBY,AV GOVERNADOR AGAMENON MAGALHAES,,,PROXIMO A FARMACIA PAGUE MENOS,DERBY,,,COLISÃO TRASEIRA,1,1,0,0,0,0,0,0,0,1,0,,,,,,,,,,,,,
2023-11-20 00:00:00,01:54:00,COM VÍTIMA,CANCELADA,VARZEA,RUA GENERAL POLIDORO,462,,MERCADINHO BARATEIRO / FARMACIA ESPERANÇA,VARZEA,,,COLISÃO LATERAL,1,1,0,0,0,0,0,0,0,1,0,,,,,,,,,,,,,
2023-11-20 00:00:00,02:57:00,COM VÍTIMA,FINALIZADA,SANTO AMARO,AV GOVERNADOR AGAMENON MAGALHAES,5708,,SHOPPING TACARUNA,SANTO AMARO,,,COLISÃO LATERAL,0,1,0,0,0,0,0,0,0,1,0,,,,,,,,,,,,,
2023-11-20 00:00:00,03:35:00,COM VÍTIMA,FINALIZADA,JOANA BEZERRA,AV BEIRA RIO,3537,,AO LADO DO FORUM /  PROXIMO A AACD,JOANA BEZERRA,,,COLISÃO TRASEIRA,1,1,0,0,0,0,0,0,0,2,0,,,,,,,,,,,,,
2023-11-20 00:00:00,05:32:00,COM VÍTIMA,FINALIZADA,FUNDAO,AV BEBERIBE,,,EM FRENTE A PADARIA SUBLIME PÃO,FUNDAO,307,,COLISÃO LATERAL,1,1,0,0,0,0,0,0,0,1,0,,,,,,,,,,,,,
2023-11-20 00:00:00,06:33:00,COM VÍTIMA,FINALIZADA,SANCHO,RUA APRIGIO GUIMARAES,697,,HOSPITAL OTÁVIO DE FREITAS,SANCHO,,,COLISÃO LATERAL,1,1,0,0,0,0,0,0,0,1,0,,,,,,,,,,,,,
2023-11-20 00:00:00,08:25:00,COM VÍTIMA,CANCELADA,PINA,RUA TOME GIBSON,,,PRÓXIMO A PADARIA MIRAMAR,PINA,,,COLISÃO LATERAL,1,1,0,0,0,0,0,0,0,1,0,,,,,,,,,,,,,
2023-11-21 00:00:00,07:10:00,COM VÍTIMA,FINALIZADA,BONGI,AV ENGENHEIRO ABDIAS DE CARVALHO,,,EM FRENTE AO COMPAZ E CHESF,BONGI,,,COLISÃO,0,1,0,0,0,0,0,0,0,1,0,,,,,,,,,,,,,
2023-11-21 00:00:00,07:24:00,COM VÍTIMA,FINALIZADA,ILHA DO RETIRO,AV ENGENHEIRO ABDIAS DE CARVALHO,714,,EM FRENTE AO POSTO SHELL,ILHA DO RETIRO,,,COLISÃO,1,1,0,0,0,0,0,0,0,1,0,,,,,,,,,,,,,
2023-11-21 00:00:00,08:43:00,COM VÍTIMA,FINALIZADA,BONGI,AV CONSUL VILARES FRAGOSO,,,PROX A CAVALERIA / PROX A SECRETARIA ESTADUAL DE SAUDE,BONGI,,,COLISÃO,0,1,0,0,0,0,0,0,0,1,0,,,,,,,,,,,,,
2023-11-21 00:00:00,09:30:00,COM VÍTIMA,FINALIZADA,ESPINHEIRO,RUA CONS PORTELA,210,,EM FRENTE AO CREMEPE,ESPINHEIRO,,,COLISÃO TRASEIRA,1,1,0,0,0,0,0,0,0,1,0,,,,,,,,,,,,,
2023-11-21 00:00:00,09:47:00,COM VÍTIMA,FINALIZADA,SANTO ANTONIO,RUA FLORIANO PEIXOTO,,,PROX A CASA DA CULTURA  E DA HONDA MOTO,SANTO ANTONIO,,,COLISÃO,0,1,0,0,0,0,0,0,0,1,0,,,,,,,,,,,,,
2023-11-21 00:00:00,10:24:00,COM VÍTIMA,FINALIZADA,IPUTINGA,RUA MINISTRO JOAO ALBERTO,,,AO LADO DO SUPERMERCADO  ATACADÃO,IPUTINGA,,,COLISÃO,0,1,0,0,0,0,0,0,0,1,0,,,,,,,,,,,,,
2023-11-21 00:00:00,10:45:00,COM VÍTIMA,FINALIZADA,IMBIRIBEIRA,AV MARECHAL MASCARENHAS DE MORAES,,,LADO OPOSTO DA FLPOR E ART / SENTIDO PRAZERES,IMBIRIBEIRA,,,COLISÃO,0,1,0,0,0,0,0,0,0,1,0,,,,,,,,,,,,,
2023-11-21 00:00:00,10:52:00,COM VÍTIMA,DUPLICIDADE,ESPINHEIRO,RUA CONS PORTELA,,,EM FRENTE AO POSTO PETRONAC,ESPINHEIRO,,,COLISÃO LATERAL,0,1,0,0,0,0,0,0,0,1,0,,,,,,,,,,,,,
2023-11-21 00:00:00,11:25:00,COM VÍTIMA,FINALIZADA,CABANGA,VIADUTO CAPITAO TEMUDO,,,SENTIDO PINA / VIADUTO CAPITÃO TEMUDO,CABANGA,,,COLISÃO,0,1,0,0,0,0,0,0,0,1,0,,,,,,,,,,,,,
2023-11-21 00:00:00,11:37:00,COM VÍTIMA,FINALIZADA,BOA VIAGEM,AV MARECHAL JUAREZ TAVORA,,,EM FRENTE A FERREIRA PINTO NA BEIRA CANAL,BOA VIAGEM,,,COLISÃO LATERAL,0,1,0,0,0,0,0,0,0,1,0,,,,,,,,,,,,,
2023-11-21 00:00:00,11:53:00,COM VÍTIMA,FINALIZADA,NOVA DESCOBERTA,RUA CORREGO DO JOAQUIM,,,PROX AO TERMINAL DO CORREGO DO JOAQUIM / IGREJA  ASSEMBLEIA DE DEUS,NOVA DESCOBERTA,,,COLISÃO,0,1,0,0,0,0,0,0,0,1,0,,,,,,,,,,,,,
2023-11-21 00:00:00,12:06:00,COM VÍTIMA,FINALIZADA,CASA AMARELA,AV NORTE MIGUEL ARRAES DE ALENCAR,,,EM FRENTE A IGREJA DO AMOR / PROX A HONDA MOTOS,CASA AMARELA,,,COLISÃO,0,1,0,0,0,0,0,0,0,1,0,,,,,,,,,,,,,
2023-11-21 00:00:00,01:15:00,COM VÍTIMA,FINALIZADA,MADALENA,RUA JOSE BONIFACIO,,RUA DEMOSTENES DE OLINDA,,MADALENA,,,COLISÃO,0,0,0,0,0,0,0,0,0,1,0,,,,,,,,,,,,,
2023-11-21 00:00:00,01:19:00,COM VÍTIMA,FINALIZADA,CAXANGA,AV CAXANGA,8880,,PROXIMO A UPA DA CAXANGA,CAXANGA,,,COLISÃO,0,1,0,0,0,0,0,0,0,1,0,,,,,,,,,,,,,
2023-11-21 00:00:00,02:36:00,COM VÍTIMA,FINALIZADA,VASCO DA GAMA,AV NORTE MIGUEL ARRAES DE ALENCAR,,,E/F AO SESI  S/T SUB,VASCO DA GAMA,,,COLISÃO LATERAL,1,1,0,0,0,0,0,0,0,1,0,,,,,,,,,,,,,
2023-11-21 00:00:00,02:47:00,COM VÍTIMA,FINALIZADA,IMBIRIBEIRA,AV MARECHAL MASCARENHAS DE MORAES,1967,,E/F  JAC  MOTORS RECIFE S/T A FOGADOS,IMBIRIBEIRA,,,COLISÃO TRASEIRA,1,1,0,0,0,0,0,0,0,1,0,,,,,,,,,,,,,
2023-11-21 00:00:00,04:08:00,COM VÍTIMA,FINALIZADA,AGUA FRIA,RUA SAO SEBASTIAO,510,,POR TRÁS DA IGREJA UNIVERSAL,AGUA FRIA,,,COLISÃO LATERAL,2,1,0,0,0,0,0,0,0,1,0,,,,,,,,,,,,,
2023-11-21 00:00:00,04:55:00,COM VÍTIMA,FINALIZADA,BARRO,RUA AMADOR ARAUJO,135,,PROX AO MEGA RAÇOES,BARRO,,,COLISÃO FRONTAL,1,1,0,0,0,0,0,0,0,1,0,,,,,,,,,,,,,
2023-11-21 00:00:00,06:08:00,COM VÍTIMA,FINALIZADA,ESTANCIA,AV RECIFE,205,,MESTRE DAS BATERIAS,ESTANCIA,,,COLISÃO LATERAL,1,1,0,0,0,0,0,0,0,2,0,,,,,,,,,,,,,
2023-11-21 00:00:00,06:10:00,COM VÍTIMA,FINALIZADA,SAO JOSE,AV SUL,S/N,,PROXIMO AO HOTEL LUA DE MEL,SAO JOSE,,,COLISÃO FRONTAL,0,0,0,1,0,1,0,0,0,1,0,,,,,,,,,,,,,
2023-11-21 00:00:00,07:35:00,COM VÍTIMA,FINALIZADA,ARRUDA,AV BEBERIBE,,RUA DO TRIUNFO,PRÓX. O CANAL DA CONTRUÇÃO,ARRUDA,,,COLISÃO,1,1,0,0,0,0,0,0,0,1,0,,,,,,,,,,,,,
2023-11-22 00:00:00,07:11:00,COM VÍTIMA,FINALIZADA,BOA VIAGEM,AVENIDA CELSO FURTADO (VIA MANGUE),,,ACESSO  VIADUTO DOM JOAO VI,BOA VIAGEM,,,COLISÃO LATERAL,1,1,0,0,0,0,0,0,0,1,0,,,,,,,,,,,,,
2023-11-22 00:00:00,07:25:00,COM VÍTIMA,FINALIZADA,SANTO AMARO,AV CRUZ CABUGA,,,EM FRENTE AO ARMAZEM CORAL / SENTIDO RECIFE,SANTO AMARO,,,COLISÃO,0,2,0,0,0,0,0,0,0,1,0,,,,,,,,,,,,,
2023-11-22 00:00:00,07:27:00,SEM VÍTIMA,FINALIZADA,BOA VIAGEM,AV ENGENHEIRO DOMINGOS FERREIRA,,,PROX A FARMÁCIA DROGASIL,BOA VIAGEM,,,COLISÃO,0,0,0,0,0,0,0,0,0,0,0,,,,,,,,,,,,,
2023-11-22 00:00:00,08:29:00,COM VÍTIMA,FINALIZADA,VARZEA,AV PROFESSOR ARTUR DE SA,,,EM FRENTE DA ENTRADA DA EMERGENCIA DO HOSPITAL DAS CLINICAS,VARZEA,,,COLISÃO,1,1,0,0,0,0,0,0,0,1,0,,,,,,,,,,,,,
2023-11-22 00:00:00,08:52:00,COM VÍTIMA,FINALIZADA,MANGABEIRA,AV NORTE MIGUEL ARRAES DE ALENCAR,4578,,SEMAFORO 096,MANGABEIRA,,,COLISÃO LATERAL,1,1,0,0,0,0,0,0,0,2,0,,,,,,,,,,,,,
2023-11-22 00:00:00,09:00:00,COM VÍTIMA,FINALIZADA,AGUA FRIA,RUA ALEGRE,,,PROX AO MERCADO DO OLEO E O PET ALEGRE,AGUA FRIA,,,COLISÃO,0,1,0,0,0,0,0,0,0,1,0,,,,,,,,,,,,,
2023-11-22 00:00:00,09:10:00,COM VÍTIMA,FINALIZADA,NOVA DESCOBERTA,RUA NOVA DESCOBERTA,123A,,PROX AO ATACAREJO,NOVA DESCOBERTA,,,COLISÃO LATERAL,0,2,0,0,0,0,0,0,0,1,0,,,,,,,,,,,,,
2023-11-22 00:00:00,09:34:00,COM VÍTIMA,FINALIZADA,AFOGADOS,RUA SAO MIGUEL,,,APOS O BODE DO NO // QUARTEL,AFOGADOS,,,COLISÃO LATERAL,0,1,0,0,0,0,0,0,0,1,0,,,,,,,,,,,,,
2023-11-22 00:00:00,10:09:00,COM VÍTIMA,FINALIZADA,BEBERIBE,AV BEBERIBE,,,NA PRAÇA DA CONVENÇÃO /  NA ESQUINA DO POSTO DE GASOLINA BR,BEBERIBE,,,COLISÃO,0,1,0,0,0,0,0,0,0,1,0,,,,,,,,,,,,,
2023-11-22 00:00:00,10:31:00,COM VÍTIMA,FINALIZADA,JARDIM SAO PAULO,AV RECIFE,5705,,,JARDIM SAO PAULO,,,COLISÃO,0,0,0,0,0,0,0,0,0,1,0,,,,,,,,,,,,,
2023-11-22 00:00:00,10:44:00,COM VÍTIMA,FINALIZADA,IMBIRIBEIRA,AV MARECHAL MASCARENHAS DE MORAES,2384,,"EM FRENTE A MADER CENTER, SENT. AEROPORTO",IMBIRIBEIRA,,,COLISÃO LATERAL,1,1,0,0,0,0,0,0,0,2,0,,,,,,,,,,,,,
2023-11-22 00:00:00,04:18:00,COM VÍTIMA,FINALIZADA,IPUTINGA,AV CAXANGA,4038,,"EM BAIXO DO VIADUTO, PROX AO POSTO BR",IPUTINGA,,,COLISÃO TRASEIRA,0,2,0,0,0,0,0,0,0,1,0,,,,,,,,,,,,,
2023-11-22 00:00:00,04:56:00,COM VÍTIMA,FINALIZADA,CORDEIRO,RUA GOMES TABORDA,1452,,EM FRENTE AO SUPERMERCADO IDEAL MIX ATACAREJO,CORDEIRO,,,COLISÃO TRASEIRA,0,2,0,0,0,0,0,0,0,2,0,,,,,,,,,,,,,
2023-11-22 00:00:00,07:32:00,COM VÍTIMA,CANCELADA,AFOGADOS,RUA PADRE TEOFILO TWORZ,302,,E/F LOJA TUPAN,AFOGADOS,,,COLISÃO,0,1,0,0,0,0,0,0,0,1,0,,,,,,,,,,,,,
2023-11-22 00:00:00,08:10:00,COM VÍTIMA,CANCELADA,BOA VIAGEM,RUA ERNESTO DE PAULA SANTOS,153,,PRÓXIMO A LOJA IPUTINGA PRIME,BOA VIAGEM,,,COLISÃO,1,1,0,0,0,0,0,0,0,1,0,,,,,,,,,,,,,
2023-11-22 00:00:00,08:53:00,COM VÍTIMA,FINALIZADA,CAXANGA,AV CAXANGA,9513,,E/F À AUTO ESCOLA PILOTO E SUPERMERCADO EXTRA - SENTIDO CAMARAGIBE,CAXANGA,,,COLISÃO,0,1,0,0,0,0,0,0,0,1,0,,,,,,,,,,,,,
2023-11-22 00:00:00,09:23:00,COM VÍTIMA,FINALIZADA,LINHA DO TIRO,RUA MAMEDE COELHO,393,,PROX. DA ESCOLA MOSENHOR VIANA,LINHA DO TIRO,,,COLISÃO FRONTAL,0,1,0,0,0,0,0,1,0,2,0,,,,,,,,,,,,,
2023-11-22 00:00:00,09:25:00,COM VÍTIMA,FINALIZADA,PINA,AV ANTONIO DE GOES,,,E/F AO EMPRESARIAL JCPM - PISTA NORTE,PINA,,,ATROPELAMENTO DE PESSOA,1,0,0,0,1,0,0,0,0,1,0,,,,,,,,,,,,,
2023-11-22 00:00:00,11:09:00,SEM VÍTIMA,CANCELADA,BOA VIAGEM,AV DES JOSE NEVES,109,,"PROX. AO TUNEL, NO SENTIDO CIDADE",BOA VIAGEM,,CIDADE,COLISÃO TRASEIRA,1,1,0,0,0,0,0,0,0,0,0,,,,,,,,,,,,,
2023-11-23 00:00:00,06:10:00,COM VÍTIMA,FINALIZADA,CAXANGA,AV CAXANGA,,,NO SINAL ANTES DA UPA DA CAXANGA,CAXANGA,232,CIDADE,COLISÃO,0,1,0,0,0,0,1,0,0,1,0,,,,,,,,,,,,,
2023-11-23 00:00:00,06:58:00,COM VÍTIMA,FINALIZADA,DOIS IRMAOS,RUA MANUEL DE MEDEIROS,,,AO LADO DA UNIVERSIDADE FEDERAL,DOIS IRMAOS,,,COLISÃO LATERAL,0,1,0,0,0,0,0,0,0,1,0,,,,,,,,,,,,,
2023-11-23 00:00:00,07:05:00,COM VÍTIMA,FINALIZADA,ALTO JOSE DO PINHO,COR DO BARTOLOMEU,,,EM FRENTE A PANIFICADORA SAO BARTOLOMEU,ALTO JOSE DO PINHO,,,ATROPELAMENTO DE PESSOA,0,0,0,0,1,0,1,0,0,1,0,,,,,,,,,,,,,
2023-11-23 00:00:00,07:25:00,COM VÍTIMA,FINALIZADA,VARZEA,AV BARAO DE BONITO,408,,AO LALDO DO ATACAREJO HIPERBEM,VARZEA,,,COLISÃO FRONTAL,2,0,0,0,0,0,0,0,0,1,0,,,,,,,,,,,,,
2023-11-23 00:00:00,08:08:00,COM VÍTIMA,FINALIZADA,TORRE,RUA CONDE DE IRAJA,979,,PROX. A IGREJA CATOLICA DA TORRE,TORRE,,,COLISÃO LATERAL,1,1,0,0,0,0,0,0,0,1,0,,,,,,,,,,,,,
2023-11-23 00:00:00,09:16:00,SEM VÍTIMA,CANCELADA,BOA VISTA,RUA DO HOSPICIO,,,SINISTRO,BOA VISTA,,CIDADE,COLISÃO,0,0,0,0,0,0,0,1,0,0,0,,,,,,,,,,,,,
2023-11-23 00:00:00,09:55:00,COM VÍTIMA,FINALIZADA,SANTO ANTONIO,RUA IMPERADOR PEDRO SEGUNDO,,,EM FRENTE AO FORUM / DEPOIS DO CAIS DE SANTA RITA,SANTO ANTONIO,,,COLISÃO,0,1,0,0,0,0,0,0,0,1,0,,,,,,,,,,,,,
2023-11-23 00:00:00,12:50:00,COM VÍTIMA,FINALIZADA,AREIAS,AV RECIFE,S/N,,,AREIAS,,,COLISÃO TRASEIRA,1,1,0,0,0,0,0,0,0,1,0,,,,,,,,,,,,,
2023-11-23 00:00:00,02:28:00,SEM VÍTIMA,FINALIZADA,TORROES,AV ENGENHEIRO ABDIAS DE CARVALHO,,,E/F AO SEMAFARO 132  [VT 06 NO LOCAL ],TORROES,,,COLISÃO FRONTAL,3,0,0,0,0,0,0,0,0,0,0,,,,,,,,,,,,,
2023-11-23 00:00:00,03:51:00,SEM VÍTIMA,FINALIZADA,SANTO ANTONIO,AV MARTINS DE BARROS,,RUA NOSSA SRA DO CARMO,SOB O SEMÁFORO DE Nº 204,SANTO ANTONIO,204,CIDADE,COLISÃO LATERAL,1,1,0,0,0,0,0,0,0,0,0,,,,,,,,,,,,,
2023-11-23 00:00:00,04:05:00,COM VÍTIMA,FINALIZADA,SANTO AMARO,AV CRUZ CABUGA,,RUA VINTE E QUATRO DE AGOSTO,SINISTRO,SANTO AMARO,,CIDADE,,1,1,0,0,0,0,0,0,0,1,0,,,,,,,,,,,,,
2023-11-23 00:00:00,06:18:00,COM VÍTIMA,FINALIZADA,BOA VISTA,AV VISCONDE DE SUASSUNA,,RUA DO HOSPICIO,SINISTRO NO LOCAL,BOA VISTA,,CIDADE,COLISÃO TRANSVERSAL,1,0,0,0,0,0,0,0,0,1,0,,,,,,,,,,,,,
2023-11-23 00:00:00,07:30:00,COM VÍTIMA,CANCELADA,VARZEA,RUA BARAO DE COTEGIPE,,,AO LADO DA INTEGRAÇÃO DE COSME DAMIÃO,VARZEA,,,COLISÃO,0,2,0,0,0,0,0,0,0,3,0,,,,,,,,,,,,,
2023-11-23 00:00:00,10:15:00,COM VÍTIMA,FINALIZADA,IMBIRIBEIRA,AV MARECHAL MASCARENHAS DE MORAES,,,APÓS O GERALDÃO,IMBIRIBEIRA,,CIDADE,COLISÃO,1,1,0,0,0,0,0,0,0,2,0,,,,,,,,,,,,,
2023-11-24 00:00:00,06:36:00,COM VÍTIMA,FINALIZADA,SAO JOSE,C SANTA RITA,,,EM FRENTE A TORRE GEMEAS,SAO JOSE,,,COLISÃO,1,1,0,0,0,0,0,0,0,1,0,,,,,,,,,,,,,
2023-11-24 00:00:00,07:35:00,COM VÍTIMA,FINALIZADA,SAO JOSE,C SANTA RITA,,,AO LADO DA INTEGRAÇÃO DO CAIS,SAO JOSE,,,ATROPELAMENTO DE PESSOA,0,1,0,0,1,0,0,0,0,1,0,,,,,,,,,,,,,
2023-11-24 00:00:00,07:50:00,COM VÍTIMA,FINALIZADA,CAXANGA,AV CAXANGA,,,"PROX. A UPA, SENT. CIDADE EM CIMA DO VIADUTO",CAXANGA,,,COLISÃO LATERAL,0,1,0,0,0,0,0,0,0,1,0,,,,,,,,,,,,,
2023-11-24 00:00:00,09:07:00,COM VÍTIMA,FINALIZADA,TAMARINEIRA,AV NORTE MIGUEL ARRAES DE ALENCAR,,RUA CONEGO BARATA,CRUZAMENTO COM A CONEGO BARATA,TAMARINEIRA,62,,COLISÃO,0,1,0,0,0,0,0,0,0,1,0,,,,,,,,,,,,,
2023-11-24 00:00:00,09:18:00,COM VÍTIMA,FINALIZADA,SANTO ANTONIO,AV DANTAS BARRETO,,RUA NOSSA SRA DO CARMO,,SANTO ANTONIO,,,COLISÃO,0,0,0,0,0,0,0,0,0,1,0,,,,,,,,,,,,,
2023-11-24 00:00:00,10:58:00,COM VÍTIMA,FINALIZADA,BOA VIAGEM,AV CONSELHEIRO AGUIAR,,,PROX AO BANCO SANTANDER E O CAFÉ SÃO BRAZ,BOA VIAGEM,,,COLISÃO,2,0,0,0,0,0,0,0,0,1,0,,,,,,,,,,,,,
2023-11-24 00:00:00,11:27:00,COM VÍTIMA,FINALIZADA,AFOGADOS,RUA CORONEL ALFREDO DUARTE,,,EM FRENTE A  B1 VIGILANCIA,AFOGADOS,,,COLISÃO,1,1,0,0,0,0,0,0,0,1,0,,,,,,,,,,,,,
2023-11-24 00:00:00,11:34:00,COM VÍTIMA,FINALIZADA,IMBIRIBEIRA,AV MARECHAL MASCARENHAS DE MORAES,,,EM FRENTE AO SHOPPING DO AUTOMOVEL E PROX A TUPAN / SENTIDO CIDADE,IMBIRIBEIRA,,,COLISÃO,0,1,0,0,0,0,0,0,0,1,0,,,,,,,,,,,,,
2023-11-24 00:00:00,03:02:00,SEM VÍTIMA,FINALIZADA,DERBY,RUA JORNALISTA PAULO BITTENCOURT,,,EM FRENTE A  DROGASIL,DERBY,,CIDADE,COLISÃO TRANSVERSAL,1,0,0,0,0,0,0,1,0,0,0,,,,,,,,,,,,,
2023-11-24 00:00:00,04:37:00,COM VÍTIMA,FINALIZADA,ENCRUZILHADA,AV NORTE MIGUEL ARRAES DE ALENCAR,1938,,E/F A BOSCH SERVICE  S/T SUB,ENCRUZILHADA,,,ATROPELAMENTO DE PESSOA,0,1,0,0,1,0,0,0,0,1,0,,,,,,,,,,,,,
2023-11-24 00:00:00,04:58:00,SEM VÍTIMA,FINALIZADA,IPSEP,RUA RIO IPOJUCA,325,,EM FRENTE A ESCOLA CASINHA DO SABER,IPSEP,,,COLISÃO LATERAL,0,2,0,0,0,0,0,0,0,0,0,,,,,,,,,,,,,