data,hora,natureza,situacao,bairro,endereco,numero,detalhe_endereco_acidente,complemento,bairro_cruzamento,num_semaforo,sentido_via,tipo,auto,moto,ciclom,ciclista,pedestre,onibus,caminhao,viatura,outros,vitimas,vitimasfatais,acidente_verificado,tempo_clima,situacao_semaforo,sinalizacao,condicao_via,conservacao_via,ponto_controle,situacao_placa,velocidade_max_via,mao_direcao,divisao_via1,divisao_via2,divisao_via3
2023-11-30 00:00:00,05:38:00,COM VÍTIMA,CANCELADA,IMBIRIBEIRA,AV MARECHAL MASCARENHAS DE MORAES,2777,,PRÓXIMO A NEO BLINDADOS E À UNIVERSO,IMBIRIBEIRA,,AFOGADOS,COLISÃO LATERAL,0,0,0,0,0,0,0,0,0,1,0,,,,,,,,,,,,,
2023-11-30 00:00:00,05:49:00,COM VÍTIMA,FINALIZADA,AFOGADOS,RUA JOAQUIM DE VASCONCELOS PEREIRA,54B,,EM FRENTE AO MINISTÉRIO PÚBLICO,AFOGADOS,,,ATROPELAMENTO DE PESSOA,0,1,0,0,1,0,0,0,0,1,0,,,,,,,,,,,,,
2023-11-30 00:00:00,06:53:00,COM VÍTIMA,CANCELADA,PORTO DA MADEIRA,AV CIDADE DE MONTEIRO,505,,SENTIDPO AGUA FRIA E/F AO ARMAZEM CORAL,PORTO DA MADEIRA,,,COLISÃO,0,1,0,0,0,0,0,0,0,1,0,,,,,,,,,,,,,
2023-11-30 00:00:00,08:07:00,COM VÍTIMA,FINALIZADA,AGUA FRIA,AV BEBERIBE,,,EM FRENTE AO POSTO DE COMBUSTIVEL PETROBRAS E AUTO ESCOLA PILOTO,AGUA FRIA,,,COLISÃO LATERAL,0,1,0,0,0,0,0,0,0,1,0,,,,,,,,,,,,,
2023-11-30 00:00:00,11:03:00,COM VÍTIMA,FINALIZADA,JAQUEIRA,AV CONS ROSA E SILVA,2061,,E/F À ACADEMIA SMART FIT - PROXIMO À PADARIA JAQUEIRA,JAQUEIRA,,,COLISÃO LATERAL,1,1,0,0,0,0,0,0,0,2,0,,,,,,,,,,,,,
2023-12-01 00:00:00,06:43:00,COM VÍTIMA,FINALIZADA,IPSEP,AV RECIFE,,,EM FRENTE AO ARMAZEM CORAL E AO POSTO SHELL,IPSEP,,,ATROPELAMENTO DE PESSOA,0,1,0,0,1,0,0,0,0,1,0,,,,,,,,,,,,,
2023-12-01 00:00:00,07:20:00,COM VÍTIMA,FINALIZADA,AGUA FRIA,AV BEBERIBE,,,EM FRENTE A MAGAZINE LUIZA E LOJA DOMINANTE,AGUA FRIA,,,COLISÃO LATERAL,0,1,0,0,0,0,0,0,0,1,0,,,,,,,,,,,,,
2023-12-01 00:00:00,07:27:00,COM VÍTIMA,FINALIZADA,IPSEP,RUA ITACARI,,RUA ITAJAI,,IPSEP,,,COLISÃO,0,0,0,0,0,0,0,0,0,2,0,,,,,,,,,,,,,
2023-12-01 00:00:00,07:27:00,COM VÍTIMA,DUPLICIDADE,IMBIRIBEIRA,RUA ITACARI,,,PROX. AO BANCO DO BRAZIL E BANCO ITAU,IMBIRIBEIRA,,,COLISÃO,0,1,0,0,0,0,0,0,0,1,0,,,,,,,,,,,,,
2023-12-01 00:00:00,07:37:00,COM VÍTIMA,FINALIZADA,AFOGADOS,RUA SAO MIGUEL,,,"PROX. AO POSTO DE GASOLINA DISLUB, PROX. AO BANCO DO BRASIL",AFOGADOS,,,COLISÃO LATERAL,1,1,0,0,0,0,0,0,0,1,0,,,,,,,,,,,,,
2023-12-01 00:00:00,07:40:00,COM VÍTIMA,FINALIZADA,SANTO AMARO,RUA SANTO AMARO,,,EM FRENTE AO SHOPPPING TACARUNA / AO LADO DA PARADA DO BRT,SANTO AMARO,,,COLISÃO,0,1,0,0,0,0,0,0,0,1,0,,,,,,,,,,,,,
2023-12-01 00:00:00,08:27:00,COM VÍTIMA,FINALIZADA,SANTO AMARO,AV PREFEITO ARTUR LIMA CAVALCANTI,,,,SANTO AMARO,,,COLISÃO LATERAL,1,1,0,0,0,0,0,0,0,1,0,,,,,,,,,,,,,
2023-12-01 00:00:00,09:53:00,COM VÍTIMA,CANCELADA,ARRUDA,RUA DA REGENERACAO,,RUA SAGRADA FAMILIA,,ARRUDA,,,COLISÃO,0,0,0,0,0,0,0,0,0,1,0,,,,,,,,,,,,,
2023-12-01 00:00:00,10:22:00,COM VÍTIMA,FINALIZADA,BOA VIAGEM,AV BOA VIAGEM,4988,,PROX AO QUIOSQUE 38 / PROX AO EDIFICIO MARIA ANGELA LUCENA,BOA VIAGEM,,,COLISÃO,0,1,0,0,0,0,0,0,0,1,0,,,,,,,,,,,,,
2023-12-01 00:00:00,01:08:00,COM VÍTIMA,FINALIZADA,AFOGADOS,RUA COSME VIANA,714,,E/F AO GALPÃO DA PEDRAGON /  PROXIMO AO POSTO DE GASOLINA SETA,AFOGADOS,,,COLISÃO,0,1,0,0,0,0,0,0,0,1,0,,,,,,,,,,,,,
2023-12-01 00:00:00,02:32:00,COM VÍTIMA,FINALIZADA,VARZEA,AV AFONSO OLINDENSE,1355,,E/F  A FARMACIA PAGUE MENOS,VARZEA,,,COLISÃO LATERAL,1,1,0,0,0,0,0,0,0,2,0,,,,,,,,,,,,,
2023-12-01 00:00:00,03:05:00,COM VÍTIMA,CANCELADA,CAXANGA,AV CAXANGA,8898,,PROXIMO AO SUPERMERCADO TEM / ANTES DO POSTO PADRE CICERO,CAXANGA,,,COLISÃO,0,1,0,0,0,0,0,0,0,1,0,,,,,,,,,,,,,
2023-12-01 00:00:00,03:46:00,COM VÍTIMA,FINALIZADA,ARRUDA,AV BEBERIBE,690,,Grupo Volkswagen,ARRUDA,,,COLISÃO LATERAL,1,1,0,0,0,0,0,0,0,1,0,,,,,,,,,,,,,
2023-12-01 00:00:00,03:47:00,COM VÍTIMA,FINALIZADA,SAN MARTIN,RUA COMENDADOR FRANCO FERREIRA,888,,AO LADO DA CAVALERIA,SAN MARTIN,,,COLISÃO,0,1,0,0,0,0,0,0,0,1,0,,,,,,,,,,,,,
2023-12-01 00:00:00,03:50:00,COM VÍTIMA,FINALIZADA,TAMARINEIRA,RUA DO FUTURO,2598,,CRUZAMENTO COM A RUA SENADOR ALBERTO PAIVA PROXIMO AO  HABIBS,TAMARINEIRA,,,COLISÃO,0,1,0,0,0,0,0,0,0,1,0,,,,,,,,,,,,,
2023-12-01 00:00:00,04:11:00,COM VÍTIMA,FINALIZADA,SAO JOSE,AV ENGENHEIRO JOSE ESTELITA,1101,,PROXIMO A OBRA DO ESTELITA,SAO JOSE,,,COLISÃO,0,1,0,0,0,0,0,0,0,1,0,,,,,,,,,,,,,
2023-12-01 00:00:00,04:08:00,COM VÍTIMA,FINALIZADA,DERBY,RUA CARLOS PORTO CARREIRO,,AV GOVERNADOR AGAMENON MAGALHAES,E/F A MCDONALD´S,DERBY,,,COLISÃO LATERAL,1,1,0,0,0,0,0,0,0,1,0,,,,,,,,,,,,,
2023-12-01 00:00:00,04:29:00,COM VÍTIMA,FINALIZADA,BOMBA DO HEMETERIO,RUA CHA DE ALEGRIA,363,,PROX AO CLUBE TEIMOSO  VT 20,BOMBA DO HEMETERIO,,,COLISÃO FRONTAL,1,1,0,0,0,0,0,0,0,1,0,,,,,,,,,,,,,
2023-12-01 00:00:00,05:43:00,COM VÍTIMA,FINALIZADA,CAXANGA,AV CAXANGA,8941,,PROXIMO A EXPOSIÇÃO DE ANIMAIS // CANAL DO CABOUCO,CAXANGA,,,COLISÃO,0,1,0,0,0,0,0,0,0,1,0,,,,,,,,,,,,,
2023-12-01 00:00:00,05:46:00,COM VÍTIMA,FINALIZADA,CAMPO GRANDE,RUA DR MACHADO,72,,PROXIMO AO BAR DO PIU PIU // NA RUA DA PADARIA SANTO ANTÕNIO,CAMPO GRANDE,,,COLISÃO,0,1,0,0,0,0,0,0,0,1,0,,,,,,,,,,,,,
2023-12-01 00:00:00,05:47:00,SEM VÍTIMA,FINALIZADA,IBURA,LAD DA COHAB,,,,IBURA,,,CHOQUE,0,0,0,0,0,0,1,0,0,0,0,,,,,,,,,,,,,
2023-12-01 00:00:00,06:17:00,VÍTIMA FATAL,FINALIZADA,IPSEP,AV MARECHAL MASCARENHAS DE MORAES,,RUA ITACARI,"SENTIDO AEROPORTO PRÓXIMO AO BANCO ITAU  , PRÓXIMO AO BANCO IPIRANGA VÍTIMA NO LOCAL FOI A OBTO,",IPSEP,,,COLISÃO COM CICLISTA,0,0,0,1,0,0,1,0,0,0,1,,,,,,,,,,,,,
2023-12-01 00:00:00,06:53:00,COM VÍTIMA,FINALIZADA,IBURA,AV DOIS RIOS,713,,MAVEL BURGUE  //  SORVETERIA FLOQUINHO,IBURA,,,COLISÃO FRONTAL,1,1,0,0,0,0,0,0,0,1,0,,,,,,,,,,,,,
2023-12-01 00:00:00,09:44:00,COM VÍTIMA,FINALIZADA,VARZEA,AV CAXANGA,,,EM FRENTE A UPA DA CAXANGÁ,VARZEA,,,COLISÃO,0,2,0,0,0,0,0,0,0,2,0,,,,,,,,,,,,,
2023-12-01 00:00:00,11:39:00,VÍTIMA FATAL,FINALIZADA,IBURA,RUA VALE DO ITAJAI,,,EM FRENTE A UPA/ LAGOA ENCANTADA,IBURA,,,ATROPELAMENTO DE PESSOA,0,0,0,0,1,0,0,0,0,0,1,,,,,,,,,,,,,
2023-12-02 00:00:00,01:41:00,SEM VÍTIMA,FINALIZADA,BOA VIAGEM,RUA VISCONDE DE JEQUITINHONHA,,,PRÓXIMA AO PARQUE DONA LINDU,BOA VIAGEM,,SUBURBIO,COLISÃO,1,1,0,0,0,0,0,0,0,0,0,,,,,,,,,,,,,
2023-12-02 00:00:00,06:14:00,SEM VÍTIMA,FINALIZADA,CIDADE UNIVERSITARIA,RUA GENERAL POLIDORO,718,,,CIDADE UNIVERSITARIA,,,COLISÃO,2,0,0,0,0,0,0,0,0,0,0,,,,,,,,,,,,,
2023-12-02 00:00:00,07:59:00,COM VÍTIMA,FINALIZADA,IPUTINGA,RUA PADRE FERNAO CARDIM,,,POR TRÁS DO PERNAMBUCO DA SORTE / PROX A ESCOLA TECNICA,IPUTINGA,,,COLISÃO,0,1,0,0,0,0,0,0,0,1,0,,,,,,,,,,,,,
2023-12-02 00:00:00,09:01:00,COM VÍTIMA,FINALIZADA,IBURA,AV DOIS RIOS,,,PROX A UPA E A CLINICA SENA SAÚDE,IBURA,,,COLISÃO,0,1,0,0,0,0,0,0,0,1,0,,,,,,,,,,,,,
2023-12-02 00:00:00,09:10:00,COM VÍTIMA,FINALIZADA,IPUTINGA,AV MAURICIO DE NASSAU,,,PROX AO ARMAZEM PARALELO DA CONSTRUÇÃO / PROX AO PARQUE DO CAIARA,IPUTINGA,,,COLISÃO,0,1,0,0,0,0,0,0,0,1,0,,,,,,,,,,,,,
2023-12-02 00:00:00,10:00:00,COM VÍTIMA,FINALIZADA,LINHA DO TIRO,RUA URIEL DE HOLANDA,839,RUA VISCONDE DE CRUZEIRO,PROX A PADARIA PAN DEIVISON / PROX AO CALDINHO DE AMBROSIO,LINHA DO TIRO,,,COLISÃO LATERAL,1,1,0,0,0,0,0,0,0,1,0,,,,,,,,,,,,,
2023-12-02 00:00:00,12:21:00,COM VÍTIMA,FINALIZADA,CAXANGA,AV CAXANGA,,,EM FRENTE AO ANTIGO BOMPREÇO DA CAXANGA / PROX DO VIADUTO,CAXANGA,,SUBURBIO,COLISÃO COM CICLISTA,1,0,0,1,0,0,0,0,0,1,0,,,,,,,,,,,,,
2023-12-02 00:00:00,12:45:00,COM VÍTIMA,FINALIZADA,SANTO AMARO,AV CRUZ CABUGA,,,PROX  AO HOSPITAL CASA DA MISERICORDIA,SANTO AMARO,,,COLISÃO,1,1,0,0,0,0,0,0,0,1,0,,,,,,,,,,,,,
2023-12-02 00:00:00,10:27:00,COM VÍTIMA,FINALIZADA,IPSEP,AV RECIFE,,AV SENADOR ROBERT KENNEDY,"SEGUNDO SINAL APOS O SAL E BRASA, SENTIDO AREIAS",IPSEP,,,COLISÃO TRASEIRA,2,0,0,0,0,0,0,0,0,1,0,,,,,,,,,,,,,
2023-12-03 00:00:00,12:01:00,COM VÍTIMA,FINALIZADA,BONGI,EST DO BONGI,,,E/F CAVALARIA,BONGI,,,COLISÃO LATERAL,1,1,0,0,0,0,0,0,0,1,0,,,,,,,,,,,,,
2023-12-03 00:00:00,12:12:00,COM VÍTIMA,FINALIZADA,CAXANGA,AV CAXANGA,4038,,E/F IPUTINGA AUTOMOVEL,CAXANGA,,,COLISÃO TRASEIRA,2,0,0,0,0,0,0,0,0,1,0,,,,,,,,,,,,,
2023-12-03 00:00:00,08:19:00,COM VÍTIMA,FINALIZADA,BAIRRO DO RECIFE,AV BARBOSA LIMA,,,PROX. AO MARCO ZERO,BAIRRO DO RECIFE,,,COLISÃO LATERAL,0,1,0,0,0,0,0,0,0,1,0,,,,,,,,,,,,,
2023-12-03 00:00:00,08:59:00,SEM VÍTIMA,FINALIZADA,PINA,AV DR DIRCEU VELLOSO TOSCANO DE BRITO,167,,PROX AO SHOPPING RIO MAR,PINA,,,COLISÃO LATERAL,1,0,0,0,0,0,1,0,0,0,0,,,,,,,,,,,,,
2023-12-03 00:00:00,09:52:00,COM VÍTIMA,FINALIZADA,BOA VIAGEM,RUA SETUBAL,,,"PROX A PADARIA PAN JOVEM, SENTIDO PRAIA",BOA VIAGEM,,,COLISÃO,0,1,0,0,0,0,0,0,0,1,0,,,,,,,,,,,,,
2023-12-03 00:00:00,12:55:00,SEM VÍTIMA,FINALIZADA,CAMPO GRANDE,RUA PROFESSOR FRANCISCO DA TRINDADE,598,,,CAMPO GRANDE,,SUBURBIO,COLISÃO LATERAL,2,0,0,0,0,0,0,0,0,0,0,,,,,,,,,,,,,
2023-12-03 00:00:00,12:58:00,COM VÍTIMA,FINALIZADA,PRADO,RUA GOMES TABORDA,657,,"PROX AO BAILE PERFUMADO, EM FRENTE A IGREJA RIO",PRADO,,,COLISÃO,0,1,0,0,0,0,0,0,0,1,0,,,,,,,,,,,,,
2023-12-03 00:00:00,01:37:00,COM VÍTIMA,FINALIZADA,BOMBA DO HEMETERIO,RUA BOMBA DO HEMETERIO,467,,PROXIMO ABANADORES DO ARRUDA // PROXIMO A FUNERARIA CANAA,BOMBA DO HEMETERIO,,,COLISÃO,1,1,0,0,0,0,0,0,0,1,0,,,,,,,,,,,,,
2023-12-03 00:00:00,01:50:00,COM VÍTIMA,FINALIZADA,DERBY,AV GOVERNADOR AGAMENON MAGALHAES,,,CRUZAMENTO DO DERBY PISTA LOCAL,DERBY,,,ATROPELAMENTO DE PESSOA,0,1,0,0,1,0,0,0,0,1,0,,,,,,,,,,,,,
2023-12-03 00:00:00,05:09:00,SEM VÍTIMA,FINALIZADA,BOA VIAGEM,AV ENGENHEIRO DOMINGOS FERREIRA,2700,,AO LADO DO Nº 2700,BOA VIAGEM,,SUBURBIO,COLISÃO LATERAL,0,2,0,0,0,0,0,0,0,0,0,,,,,,,,,,,,,
2023-12-03 00:00:00,06:08:00,COM VÍTIMA,FINALIZADA,CAXANGA,AV CAXANGA,,,UPA DA CAXANGA,CAXANGA,,,ATROPELAMENTO DE PESSOA,1,0,0,1,0,0,0,0,0,1,0,,,,,,,,,,,,,
2023-12-03 00:00:00,06:19:00,COM VÍTIMA,FINALIZADA,BOA VIAGEM,RUA DOS NAVEGANTES,2288,,PROXIMO AO ED. ESCALAS //  ED. CASTELINHO,BOA VIAGEM,,,COLISÃO LATERAL,1,1,0,0,0,0,0,0,0,1,0,,,,,,,,,,,,,
2023-12-03 00:00:00,06:31:00,COM VÍTIMA,CANCELADA,CAXANGA,AV CAXANGA,,,REF: EM FRENTE A UPA DA CAXANGA,CAXANGA,,,COLISÃO FRONTAL,1,1,0,0,0,0,0,0,0,1,0,,,,,,,,,,,,,
2023-12-03 00:00:00,07:19:00,SEM VÍTIMA,FINALIZADA,NOVA DESCOBERTA,RUA VASCO DA GAMA,,,AO LADO DA MADRUGADA BURGUER,NOVA DESCOBERTA,,,COLISÃO,1,1,0,0,0,0,0,0,0,0,0,,,,,,,,,,,,,
2023-12-03 00:00:00,07:58:00,SEM VÍTIMA,FINALIZADA,AREIAS,AV IZABEL DE GOES,297,,,AREIAS,,,COLISÃO,1,1,0,0,0,0,0,0,0,0,0,,,,,,,,,,,,,
2023-12-04 00:00:00,03:29:00,VÍTIMA FATAL,FINALIZADA,MADALENA,AV VISCONDE DE ALBUQUERQUE,,RUA JOSE OSORIO,FARMÁCIA PAGUE MENOS,MADALENA,,,COLISÃO,1,0,0,0,0,0,1,0,0,0,2,,,,,,,,,,,,,
2023-12-04 00:00:00,08:48:00,COM VÍTIMA,FINALIZADA,PINA,AVENIDA CELSO FURTADO (VIA MANGUE),,,PROX AO AO LADO DO EMPRESARIAL PINA E A CONSTRUÇÃO DA UPINHA NA SUB DA VIA MANGUE,PINA,,,COLISÃO,0,1,0,0,0,0,0,0,0,1,0,,,,,,,,,,,,,
2023-12-04 00:00:00,08:49:00,COM VÍTIMA,FINALIZADA,SAO JOSE,PRC DAS CINCO PONTAS,,,DESCIDA DO VIADUTO,SAO JOSE,,,COLISÃO LATERAL,1,1,0,0,0,0,0,0,0,1,0,,,,,,,,,,,,,
2023-12-04 00:00:00,09:30:00,COM VÍTIMA,FINALIZADA,ESPINHEIRO,RUA DA HORA,,,PROX. AO BANCO DO BRASIL E O CREA,ESPINHEIRO,,,COLISÃO LATERAL,0,1,0,0,0,0,0,0,0,1,0,,,,,,,,,,,,,
2023-12-04 00:00:00,09:29:00,COM VÍTIMA,DUPLICIDADE,SAO JOSE,AV ENGENHEIRO JOSE ESTELITA,,,PROX AO VIADUTO DO FORTE DAS CINCO PONTAS SENTIDO CENTRO CIDADE,SAO JOSE,,,COLISÃO,0,1,0,0,0,0,0,0,0,1,0,,,,,,,,,,,,,
2023-12-04 00:00:00,10:15:00,SEM VÍTIMA,FINALIZADA,IPSEP,RUA JAMAICA,188,RUA ITAJAI,IGREJA PRESBITERIANA MEMORIAL DA IMBIRIBEIRA,IPSEP,,CIDADE,COLISÃO LATERAL,2,0,0,0,0,0,0,0,0,0,0,,,,,,,,,,,,,
2023-12-04 00:00:00,10:31:00,COM VÍTIMA,FINALIZADA,IPSEP,AV RECIFE,,,"PROX. AO POSTO DE GASOLINA BR, LADO OPOSTO AO N° 3452",IPSEP,,,COLISÃO TRASEIRA,1,1,0,0,0,0,0,0,0,1,0,,,,,,,,,,,,,
2023-12-04 00:00:00,10:32:00,COM VÍTIMA,FINALIZADA,IMBIRIBEIRA,AV MARECHAL MASCARENHAS DE MORAES,,,AO LADO DO DEPOSITO DA LASER ELETRO / EM FRENTE A AUTO LINE,IMBIRIBEIRA,,CIDADE,COLISÃO LATERAL,1,1,0,0,0,0,0,0,0,1,0,,,,,,,,,,,,,
2023-12-04 00:00:00,10:52:00,COM VÍTIMA,DUPLICIDADE,IPSEP,AV RECIFE,,,"EM FRENTE AO POSTO BR, SENTIDO CAXANGÁ",IPSEP,,,COLISÃO LATERAL,1,1,0,0,0,0,0,0,0,1,0,,,,,,,,,,,,,
2023-12-04 00:00:00,12:54:00,COM VÍTIMA,FINALIZADA,BONGI,RUA ITAPEMIRIM,289,,PROX A SECRETARIA DE SAÚDE,BONGI,,,COLISÃO LATERAL,1,1,0,0,0,0,0,0,0,1,0,,,,,,,,,,,,,
2023-12-04 00:00:00,01:40:00,COM VÍTIMA,FINALIZADA,TORREAO,AV GOVERNADOR AGAMENON MAGALHAES,,,EM FRENTE AO MPU,TORREAO,,,COLISÃO TRASEIRA,0,2,0,0,0,0,0,0,0,2,0,,,,,,,,,,,,,
2023-12-04 00:00:00,02:17:00,COM VÍTIMA,FINALIZADA,IMBIRIBEIRA,AV MARECHAL MASCARENHAS DE MORAES,,,E/F AFERREIRA COSTA  S/T CID,IMBIRIBEIRA,,,COLISÃO LATERAL,1,1,0,0,0,0,1,0,0,1,0,,,,,,,,,,,,,
2023-12-04 00:00:00,05:29:00,COM VÍTIMA,FINALIZADA,IPSEP,AV RAIMUNDO DINIZ,622,,BARRACA PARADA DOS AMIGOS,IPSEP,,,COLISÃO FRONTAL,1,1,0,0,0,0,0,0,0,1,0,,,,,,,,,,,,,
2023-12-04 00:00:00,05:51:00,COM VÍTIMA,FINALIZADA,CAXANGA,AV CAXANGA,,,APÓS O COMPAZ,CAXANGA,,,COLISÃO LATERAL,0,0,0,0,0,0,0,0,0,1,0,,,,,,,,,,,,,
2023-12-04 00:00:00,07:19:00,COM VÍTIMA,FINALIZADA,GRACAS,AV GOVERNADOR AGAMENON MAGALHAES,,,EM FRENTE AO CLUBE PORTUGUÊS,GRACAS,,,COLISÃO,1,1,0,0,0,0,0,0,0,1,0,,,,,,,,,,,,,
2023-12-05 00:00:00,06:55:00,COM VÍTIMA,FINALIZADA,MADALENA,RUA REAL DA TORRE,954,,AO LADO DO POSTO DE GASOLINA SETTA,MADALENA,,,COLISÃO LATERAL,1,1,0,0,0,0,0,0,0,1,0,,,,,,,,,,,,,
2023-12-05 00:00:00,07:53:00,COM VÍTIMA,FINALIZADA,VARZEA,RUA VALE DO SIRIJI,,RUA DIOGO DE VASCONCELOS,PROX. AO COLEGIO ENSA NA LADEIRA DE ACESSO AO UR-07,VARZEA,,,COLISÃO LATERAL,0,1,0,0,0,0,0,0,0,1,0,,,,,,,,,,,,,
2023-12-05 00:00:00,09:40:00,COM VÍTIMA,FINALIZADA,SAO JOSE,RUA IMPERIAL,,,EM FRENTE AO HOTEL LUA DE MEL,SAO JOSE,,,COLISÃO FRONTAL,0,1,0,0,0,0,0,0,0,1,0,,,,,,,,,,,,,
2023-12-05 00:00:00,10:03:00,COM VÍTIMA,FINALIZADA,BOA VIAGEM,AV ENGENHEIRO DOMINGOS FERREIRA,2445,,PROX AO EMPRESARIAL UNIVERSAL CENTER,BOA VIAGEM,,,COLISÃO LATERAL,0,1,0,0,0,0,0,0,0,1,0,,,,,,,,,,,,,
2023-12-05 00:00:00,11:51:00,COM VÍTIMA,FINALIZADA,MORRO DA CONCEICAO,AV NORTE MIGUEL ARRAES DE ALENCAR,,,"NA ENTRADA DO MORRO DA CONCEIÇÃO, DO LADO DO DESCONTÃO",MORRO DA CONCEICAO,,,COLISÃO,2,1,0,0,0,0,0,0,0,1,0,,,,,,,,,,,,,
2023-12-05 00:00:00,11:53:00,COM VÍTIMA,FINALIZADA,AREIAS,AV RECIFE,,,PROX. AO CARREFOUR,AREIAS,,,COLISÃO LATERAL,0,1,0,0,0,0,0,0,0,1,0,,,,,,,,,,,,,
2023-12-05 00:00:00,02:05:00,COM VÍTIMA,FINALIZADA,AREIAS,AV RECIFE,,,LADO OPOSTO AO ATACADAO / SENTIDO CAXANGA,AREIAS,,,COLISÃO COM CICLISTA,0,0,0,1,0,1,0,0,0,1,0,,,,,,,,,,,,,
2023-12-05 00:00:00,03:28:00,COM VÍTIMA,FINALIZADA,MADALENA,RUA JOAO IVO DA SILVA,,,EM FRENTE AO POSTO DE GASOLINA PETROVIA / PROX AO MUSEU DA ABOLIÇÃO,MADALENA,,,COLISÃO,0,1,0,0,0,0,0,0,0,1,0,,,,,,,,,,,,,
2023-12-05 00:00:00,04:19:00,COM VÍTIMA,FINALIZADA,PINA,AV ENGENHEIRO DOMINGOS FERREIRA,,,EM FRENTE AO ARMAZEM BEIRA MAR,PINA,,,COLISÃO,1,1,0,0,0,0,0,0,0,1,0,,,,,,,,,,,,,
2023-12-05 00:00:00,05:50:00,COM VÍTIMA,FINALIZADA,MACAXEIRA,AV NORTE MIGUEL ARRAES DE ALENCAR,,,PROXIMO AO PARQUE DA MACAXEIRA E A ACADMIA DA CIDADE DO BURITI,MACAXEIRA,,CIDADE,COLISÃO LATERAL,1,1,0,0,0,0,0,0,0,2,0,,,,,,,,,,,,,
2023-12-05 00:00:00,05:58:00,COM VÍTIMA,FINALIZADA,APIPUCOS,RUA DE APIPUCOS,,,EM FRENTE AO PARQUE DE APIPUCOS,APIPUCOS,,,COLISÃO,0,1,0,0,0,0,0,0,0,1,0,,,,,,,,,,,,,
2023-12-05 00:00:00,06:06:00,COM VÍTIMA,FINALIZADA,CAMPO GRANDE,AV CORREIA DE BRITO,,,PROX AO GIRADOURO DEPOIS DA PRAÇA DE CAMPO GRANDE,CAMPO GRANDE,,,COLISÃO,0,1,0,0,0,0,0,0,0,1,0,,,,,,,,,,,,,
2023-12-05 00:00:00,06:15:00,COM VÍTIMA,FINALIZADA,JORDAO,AV MARIA IRENE,,,AO LADO POSTO DE GASOLINA JORDÃO / NA RUA DA BIRA POP,JORDAO,,,COLISÃO,1,1,0,0,0,0,0,0,0,1,0,,,,,,,,,,,,,
2023-12-05 00:00:00,06:45:00,COM VÍTIMA,FINALIZADA,CORDEIRO,AV GENERAL SAN MARTIN,477,,EM FRENTE AO MUG SORVETES E PROX AO ARMAZEM  CHEUS CONSTRUÇÕES,CORDEIRO,,,COLISÃO,0,1,0,0,0,0,0,0,0,1,0,,,,,,,,,,,,,
2023-12-05 00:00:00,06:58:00,COM VÍTIMA,FINALIZADA,BOA VIAGEM,RUA PADRE CABRAL,86,RUA JOSE DOMINGUES DA SILVA,PROX AO COND. BARCELONA,BOA VIAGEM,,,COLISÃO LATERAL,1,1,0,0,0,0,0,0,0,1,0,,,,,,,,,,,,,
2023-12-05 00:00:00,08:16:00,COM VÍTIMA,FINALIZADA,BOA VIAGEM,AVENIDA CELSO FURTADO (VIA MANGUE),,RUA PROFESSOR EDUARDO WANDERLEY FILHO,ENTRADA DA RUA,BOA VIAGEM,,,COLISÃO,1,1,0,0,0,0,0,0,0,1,0,,,,,,,,,,,,,
2023-12-06 00:00:00,07:29:00,SEM VÍTIMA,FINALIZADA,IPSEP,RUA BLUMENAU,266A,RUA ITAIMBE,ESQUINA COM O BOX DA SOPA,IPSEP,,SUBURBIO,COLISÃO TRASEIRA,2,0,0,0,0,0,0,0,0,0,0,,,,,,,,,,,,,
2023-12-06 00:00:00,07:40:00,COM VÍTIMA,FINALIZADA,MADALENA,AV JOSE GONCALVES DE MEDEIROS,116,,EM FRENTE A PAGUE MENOS,MADALENA,,,COLISÃO,0,2,0,0,0,0,0,0,0,1,0,,,,,,,,,,,,,
2023-12-06 00:00:00,11:00:00,COM VÍTIMA,FINALIZADA,,RUA SAO MIGUEL,265,,,,,,COLISÃO LATERAL,0,0,0,0,0,0,0,0,0,1,0,,,,,,,,,,,,,
2023-12-06 00:00:00,12:51:00,COM VÍTIMA,FINALIZADA,SANTO AMARO,RUA TRES DE MAIO,,,E/F A DELEGACIA DA MULHER,SANTO AMARO,,,ENGAVETAMENTO,3,0,0,0,0,0,0,0,0,1,0,,,,,,,,,,,,,
2023-12-06 00:00:00,02:08:00,COM VÍTIMA,FINALIZADA,SAN MARTIN,AV ENGENHEIRO ABDIAS DE CARVALHO,287,,,SAN MARTIN,,,COLISÃO LATERAL,0,0,0,0,0,0,0,0,0,1,0,,,,,,,,,,,,,
2023-12-06 00:00:00,03:25:00,SEM VÍTIMA,FINALIZADA,SOLEDADE,AV JOAO DE BARROS,,RUA DR LEOPOLDO LINS,,SOLEDADE,198,SUBURBIO,COLISÃO LATERAL,1,0,0,0,0,1,0,0,0,0,0,,,,,,,,,,,,,
2023-12-06 00:00:00,05:25:00,SEM VÍTIMA,FINALIZADA,TAMARINEIRA,AV CONS ROSA E SILVA,1969,,EM FRENTE A DROGARIA BONGI,TAMARINEIRA,253,SUBURBIO,COLISÃO LATERAL,1,0,0,0,0,0,0,1,0,0,0,,,,,,,,,,,,,
2023-12-06 00:00:00,05:50:00,SEM VÍTIMA,FINALIZADA,SAO JOSE,AV MARTINS DE BARROS,,RUA PRIMEIRO DE MARCO,,SAO JOSE,194,CIDADE,COLISÃO LATERAL,2,0,0,0,0,0,0,0,0,0,0,,,,,,,,,,,,,
2023-12-06 00:00:00,06:52:00,COM VÍTIMA,FINALIZADA,CASA FORTE,AV DEZESSETE DE AGOSTO,,,ESQUINA COM HOSPITAL ERMÍRIO DE MORAES,CASA FORTE,,,COLISÃO FRONTAL,1,1,0,0,0,0,0,0,0,1,0,,,,,,,,,,,,,
2023-12-07 00:00:00,07:06:00,COM VÍTIMA,FINALIZADA,MADALENA,RUA DEMOCRITO DE SOUZA FILHO,,,"CRUZAMENTO COM BEIRA RIO, PROX. A PONTE DA CAPUNGA",MADALENA,,,COLISÃO LATERAL,1,1,0,0,0,0,0,0,0,1,0,,,,,,,,,,,,,
2023-12-07 00:00:00,07:40:00,COM VÍTIMA,FINALIZADA,AREIAS,AV RECIFE,,,EM FRENTE AO RESIDENCIAL IGNEZ ANDREAZZA,AREIAS,,,COLISÃO LATERAL,0,1,0,0,0,0,0,0,0,1,0,,,,,,,,,,,,,
2023-12-07 00:00:00,08:20:00,SEM VÍTIMA,FINALIZADA,GRACAS,RUA DAS GRACAS,366,,EDIFICIO SOLAR PRINCESA DANIELLE,GRACAS,,CIDADE,COLISÃO TRASEIRA,2,0,0,0,0,0,0,0,0,0,0,,,,,,,,,,,,,
2023-12-07 00:00:00,08:43:00,COM VÍTIMA,FINALIZADA,CASA FORTE,RUA DA HARMONIA,,,EM FRENTE AO EMAGRECENTER DE CASA FORTE / PROX AO MARTELINHO DE OURO,CASA FORTE,,,COLISÃO,0,1,0,0,0,0,0,0,0,1,0,,,,,,,,,,,,,
2023-12-07 00:00:00,09:25:00,COM VÍTIMA,FINALIZADA,CAMPO GRANDE,RUA PROFESSOR FRANCISCO DA TRINDADE,,,PROX A PRAÇA DE CAMPO GRANDE,CAMPO GRANDE,,,COLISÃO,0,1,0,0,0,0,0,0,0,1,0,,,,,,,,,,,,,
2023-12-07 00:00:00,08:46:00,SEM VÍTIMA,FINALIZADA,SANTO AMARO,PTE DO LIMOEIRO,,,,SANTO AMARO,,,COLISÃO,0,0,0,0,0,0,0,0,0,0,0,,,,,,,,,,,,,
2023-12-07 00:00:00,11:17:00,COM VÍTIMA,FINALIZADA,TORROES,AV ENGENHEIRO ABDIAS DE CARVALHO,,,EM FRENTE A ASSOCIAÇÃO RECREATIVA DOS CORREIOS,TORROES,,,COLISÃO,0,1,0,0,0,0,0,0,0,1,0,,,,,,,,,,,,,