data,hora,natureza,situacao,bairro,endereco,numero,detalhe_endereco_acidente,complemento,bairro_cruzamento,num_semaforo,sentido_via,tipo,auto,moto,ciclom,ciclista,pedestre,onibus,caminhao,viatura,outros,vitimas,vitimasfatais,acidente_verificado,tempo_clima,situacao_semaforo,sinalizacao,condicao_via,conservacao_via,ponto_controle,situacao_placa,velocidade_max_via,mao_direcao,divisao_via1,divisao_via2,divisao_via3
2023-12-14 00:00:00,01:07:00,SEM VÍTIMA,FINALIZADA,IMBIRIBEIRA,AV MARECHAL MASCARENHAS DE MORAES,2690,RUA ITACARI,BANCO ITAÚ,IMBIRIBEIRA,225,SUBURBIO,COLISÃO LATERAL,0,1,0,0,0,0,0,1,0,0,0,,,,,,,,,,,,,
2023-12-14 00:00:00,01:28:00,COM VÍTIMA,FINALIZADA,AFOGADOS,EST DOS REMEDIOS,,RUA NICOLAU PEREIRA,,AFOGADOS,,,ATROPELAMENTO DE PESSOA,1,0,0,0,1,0,0,0,0,1,0,,,,,,,,,,,,,
2023-12-14 00:00:00,06:42:00,COM VÍTIMA,FINALIZADA,BONGI,EST DO BONGI,,,"EM FRENTE A NEO ENERGIA DO BONGI, PROX. A IGREJA ASSEMBLEIA DE DEUS",BONGI,,,COLISÃO LATERAL,0,1,0,0,0,0,0,0,0,1,0,,,,,,,,,,,,,
2023-12-14 00:00:00,06:56:00,COM VÍTIMA,CANCELADA,SANTO AMARO,AV CRUZ CABUGA,,,EM FRENTE AO HOSPITAL DO CÂNCER,SANTO AMARO,,,COLISÃO LATERAL,1,1,0,0,0,0,0,0,0,1,0,,,,,,,,,,,,,
2023-12-14 00:00:00,07:00:00,COM VÍTIMA,FINALIZADA,BONGI,RUA ISAAC MARKMAN,,,EM FRENTE A NEO ENERGIA,BONGI,,,COLISÃO LATERAL,0,1,0,0,0,0,0,0,0,1,0,,,,,,,,,,,,,
2023-12-14 00:00:00,08:09:00,COM VÍTIMA,FINALIZADA,IPUTINGA,AV CAXANGA,4567,,LADO OPOSTO AO GOLFE CLUBE,IPUTINGA,,,COLISÃO,1,1,0,0,0,0,0,0,0,1,0,,,,,,,,,,,,,
2023-12-14 00:00:00,08:24:00,COM VÍTIMA,FINALIZADA,PINA,RUA FRANCISCO VALPASSOS,,,PRAÇA ABELARDO BALTAR,PINA,,,COLISÃO,1,1,0,0,0,0,0,0,0,1,0,,,,,,,,,,,,,
2023-12-14 00:00:00,09:00:00,SEM VÍTIMA,FINALIZADA,BOA VIAGEM,AV BOA VIAGEM,,,NAS PROXIMIDADES AO PARQUE DONA LINDU,BOA VIAGEM,,,COLISÃO,0,0,0,0,0,0,0,0,0,0,0,,,,,,,,,,,,,
2023-12-14 00:00:00,10:19:00,COM VÍTIMA,FINALIZADA,IPUTINGA,EST DO BARBALHO,,,PROX. AO MIX MATHEUS E CEFOC,IPUTINGA,,,COLISÃO LATERAL,0,1,0,0,0,0,0,0,0,1,0,,,,,,,,,,,,,
2023-12-14 00:00:00,11:29:00,COM VÍTIMA,FINALIZADA,JORDAO,TUNEL FELIPE CAMARAO,,,TUNEL FELIPE CAMARÃO,JORDAO,,,COLISÃO,0,1,0,0,0,0,0,0,0,1,0,,,,,,,,,,,,,
2023-12-14 00:00:00,02:06:00,COM VÍTIMA,FINALIZADA,AFOGADOS,RUA CINCO DE NOVEMBRO,107,,POR TRAZ DO COLEGIO AMARY,AFOGADOS,,,COLISÃO LATERAL,1,1,0,0,0,0,0,0,0,1,0,,,,,,,,,,,,,
2023-12-14 00:00:00,02:09:00,COM VÍTIMA,FINALIZADA,AFOGADOS,RUA DA PAZ,,,PROX A  CAIXA ECONOMICA E/F A ASA,AFOGADOS,,,COLISÃO LATERAL,1,1,0,0,0,0,0,0,0,1,0,,,,,,,,,,,,,
2023-12-14 00:00:00,04:17:00,COM VÍTIMA,FINALIZADA,BEBERIBE,AV BEBERIBE,,,PROXIMO AO POSTO DE GASOLINA SHELL // E/F BORRACHARIA  SÃO LUIZ,BEBERIBE,,,COLISÃO,0,1,0,0,0,0,0,0,0,1,0,,,,,,,,,,,,,
2023-12-14 00:00:00,04:43:00,COM VÍTIMA,FINALIZADA,CORDEIRO,RUA ODETE MONTEIRO,,,EM FRENTE AO POSTO PETROCAL,CORDEIRO,589,,COLISÃO LATERAL,0,2,0,0,0,0,0,0,0,1,0,,,,,,,,,,,,,
2023-12-14 00:00:00,04:52:00,COM VÍTIMA,FINALIZADA,BAIRRO DO RECIFE,RUA DO APOLO,,,PROXIMO AO TEATRO HERMILO BORBA FILHO,BAIRRO DO RECIFE,,SUBURBIO,COLISÃO LATERAL,1,1,0,0,0,0,0,0,0,1,0,,,,,,,,,,,,,
2023-12-14 00:00:00,06:21:00,COM VÍTIMA,FINALIZADA,IMBIRIBEIRA,AV MARECHAL MASCARENHAS DE MORAES,,,SOB O SEMÁFORO,IMBIRIBEIRA,287,,COLISÃO LATERAL,0,1,0,0,0,0,0,0,0,1,0,,,,,,,,,,,,,
2023-12-14 00:00:00,06:49:00,COM VÍTIMA,CANCELADA,SANTO AMARO,AV GOVERNADOR AGAMENON MAGALHAES,6976,,E/F A REITORIA DA UPE,SANTO AMARO,,,COLISÃO,0,1,0,0,0,0,0,0,0,1,0,,,,,,,,,,,,,
2023-12-15 00:00:00,07:24:00,COM VÍTIMA,FINALIZADA,ARRUDA,RUA DAS MOCAS,,,POR TRAS DO CAMPO DO ARRUDA,ARRUDA,,,COLISÃO LATERAL,0,1,0,0,0,0,0,0,0,1,0,,,,,,,,,,,,,
2023-12-15 00:00:00,08:00:00,SEM VÍTIMA,FINALIZADA,ROSARINHO,AV NORTE MIGUEL ARRAES DE ALENCAR,2981,,AO LADO DO POSTO DE GASOLINA FORMULA,ROSARINHO,,CIDADE,COLISÃO TRASEIRA,2,0,0,0,0,0,0,1,0,0,0,,,,,,,,,,,,,
2023-12-15 00:00:00,08:03:00,COM VÍTIMA,FINALIZADA,JIQUIA,AV DR JOSE RUFINO,,,EM FRENTE AO POSTO IPIRANGA,JIQUIA,,,COLISÃO LATERAL,1,1,0,0,0,0,0,0,0,1,0,,,,,,,,,,,,,
2023-12-15 00:00:00,08:08:00,COM VÍTIMA,FINALIZADA,DERBY,AV GOVERNADOR AGAMENON MAGALHAES,,,EM FRENTE  A RESTAURAÇÃO PROX A FARMACIA DROGASIL,DERBY,,,COLISÃO,0,1,0,0,0,0,0,0,0,1,0,,,,,,,,,,,,,
2023-12-15 00:00:00,09:19:00,SEM VÍTIMA,FINALIZADA,AFOGADOS,RUA SAO MIGUEL,1094,,,AFOGADOS,,,COLISÃO,0,0,0,0,0,0,0,0,0,0,0,,,,,,,,,,,,,
2023-12-15 00:00:00,10:26:00,COM VÍTIMA,FINALIZADA,MADALENA,RUA JOSE OSORIO,401,,AO LADO DO SUPERMERCADO RM EXPRESS,MADALENA,,,COLISÃO,0,1,0,0,0,0,0,0,0,1,0,,,,,,,,,,,,,
2023-12-15 00:00:00,10:59:00,COM VÍTIMA,FINALIZADA,JOANA BEZERRA,VIADUTO CAPITAO TEMUDO,,,"EM CIMA DO VIADUTO, SENT. SHOPPING RIO MAR",JOANA BEZERRA,,,COLISÃO LATERAL,0,1,0,0,0,0,0,0,0,1,0,,,,,,,,,,,,,
2023-12-15 00:00:00,11:49:00,COM VÍTIMA,FINALIZADA,JARDIM SAO PAULO,RUA LEANDRO BARRETO,,,CRUZAMENTO PROXIMO AO NUMERO 1020,JARDIM SAO PAULO,,,COLISÃO FRONTAL,1,1,0,0,0,0,0,0,0,1,0,,,,,,,,,,,,,
2023-12-15 00:00:00,12:58:00,COM VÍTIMA,FINALIZADA,BOA VIAGEM,AV CONSELHEIRO AGUIAR,,,PROX A CASA DO BOLO /  PROX A CASA LOTERICA TEIMOSINHO,BOA VIAGEM,,,COLISÃO,0,1,0,0,0,0,0,0,0,1,0,,,,,,,,,,,,,
2023-12-15 00:00:00,02:26:00,COM VÍTIMA,FINALIZADA,BARRO,RUA AMADOR ARAUJO,119,,PROX AO CEMITERIO DO BARRO,BARRO,,,COLISÃO FRONTAL,1,1,0,0,0,0,0,0,0,1,0,,,,,,,,,,,,,
2023-12-15 00:00:00,02:41:00,COM VÍTIMA,FINALIZADA,IPSEP,RUA SAO NICOLAU,42,,PROXIMO A MARAVILHA MOTOS //  SPORT CAR,IPSEP,,,COLISÃO,0,1,0,0,0,0,0,0,0,1,0,,,,,,,,,,,,,
2023-12-15 00:00:00,03:07:00,COM VÍTIMA,FINALIZADA,IMBIRIBEIRA,AV MARECHAL MASCARENHAS DE MORAES,38,,PROXIMO A LOCALIZA // E/F AO AEROPORTO,IMBIRIBEIRA,,,COLISÃO,0,1,0,0,0,0,0,0,0,1,0,,,,,,,,,,,,,
2023-12-15 00:00:00,04:57:00,COM VÍTIMA,FINALIZADA,JORDAO,TUNEL FELIPE CAMARAO,,,NO TUNEL FELIPE CAMARÃO,JORDAO,,,QUEDA,0,1,0,0,0,0,0,0,0,1,0,,,,,,,,,,,,,
2023-12-15 00:00:00,05:52:00,SEM VÍTIMA,FINALIZADA,SAO JOSE,PRC DAS CINCO PONTAS,,,FORTE DAS CINCO PONTES,SAO JOSE,,SUBURBIO,COLISÃO LATERAL,1,0,0,0,0,0,1,0,0,0,0,,,,,,,,,,,,,
2023-12-15 00:00:00,06:30:00,SEM VÍTIMA,DUPLICIDADE,SAO JOSE,PRC DAS CINCO PONTAS,,,NO RETORNO DA CIDADE,SAO JOSE,,,COLISÃO TRASEIRA,1,0,0,0,0,0,0,1,0,0,0,,,,,,,,,,,,,
2023-12-16 00:00:00,07:16:00,COM VÍTIMA,FINALIZADA,PINA,AV HERCULANO BANDEIRA,,,PROX A IGREJINHA DO PINA,PINA,,,COLISÃO TRASEIRA,1,1,0,0,0,0,0,0,0,1,0,,,,,,,,,,,,,
2023-12-16 00:00:00,08:46:00,COM VÍTIMA,FINALIZADA,IMBIRIBEIRA,AV MARECHAL MASCARENHAS DE MORAES,7647,,EM FRENTE AO ASSAI SENTIDO AEROPORTO,IMBIRIBEIRA,,,COLISÃO,0,1,0,0,0,0,0,0,0,1,0,,,,,,,,,,,,,
2023-12-16 00:00:00,11:01:00,COM VÍTIMA,FINALIZADA,BOA VIAGEM,RUA PADRE CARAPUCEIRO,,,NO CRUZAMENTO DO VERDFRUT,BOA VIAGEM,,,COLISÃO TRASEIRA,1,1,0,0,0,0,0,0,0,1,0,,,,,,,,,,,,,
2023-12-16 00:00:00,11:01:00,COM VÍTIMA,FINALIZADA,BOMBA DO HEMETERIO,RUA CHA DE ALEGRIA,,,NA FRENTE DA ESCOLA MARDONIO  DE ANDRADE LIMA COELHO,BOMBA DO HEMETERIO,,,COLISÃO,0,1,0,0,0,0,0,0,0,1,0,,,,,,,,,,,,,
2023-12-16 00:00:00,12:59:00,COM VÍTIMA,DUPLICIDADE,BOA VIAGEM,RUA PADRE CARAPUCEIRO,,,NO CRUZAMENTO DO VERDFRUT,BOA VIAGEM,,,COLISÃO TRASEIRA,1,1,0,0,0,0,0,0,0,1,0,,,,,,,,,,,,,
2023-12-16 00:00:00,12:10:00,COM VÍTIMA,FINALIZADA,,AV SUL,735,,APÓS O VIADUTO PAPA JOÃOPAULO II,,,,COLISÃO,0,1,0,0,0,0,0,0,0,1,0,,,,,,,,,,,,,
2023-12-16 00:00:00,12:15:00,COM VÍTIMA,DUPLICIDADE,BOA VIAGEM,RUA PADRE CARAPUCEIRO,,AV CONSELHEIRO AGUIAR,CRUZAMENTO COM A CONSELHEIRO AGUIAR,BOA VIAGEM,,,COLISÃO,0,1,0,0,0,0,0,0,0,1,0,,,,,,,,,,,,,
2023-12-16 00:00:00,12:19:00,COM VÍTIMA,FINALIZADA,BOA VISTA,PTE PRINCESA IZABEL,,,PROX A DELEGACIA,BOA VISTA,,,COLISÃO,0,1,0,0,0,0,0,0,0,1,0,,,,,,,,,,,,,
2023-12-16 00:00:00,02:30:00,COM VÍTIMA,FINALIZADA,IMBIRIBEIRA,AV MARECHAL MASCARENHAS DE MORAES,,,EM FRENTE AO COMERCIAL ZERO UM E A FERRO MAIS,IMBIRIBEIRA,,,COLISÃO,0,1,0,0,0,0,0,0,0,1,0,,,,,,,,,,,,,
2023-12-16 00:00:00,02:57:00,COM VÍTIMA,FINALIZADA,DERBY,AV GOVERNADOR AGAMENON MAGALHAES,,,CRUZAMENTO COM A RUA JOAQUIM NABUCO,DERBY,,,COLISÃO,1,1,0,0,0,0,0,0,0,1,0,,,,,,,,,,,,,
2023-12-16 00:00:00,05:02:00,COM VÍTIMA,FINALIZADA,IPSEP,AV RECIFE,,,EM FRENTE AO SUPERMERCADO ECONOMICO,IPSEP,,SUBURBIO,COLISÃO TRASEIRA,2,1,0,0,0,0,0,0,0,1,0,,,,,,,,,,,,,
2023-12-16 00:00:00,06:44:00,COM VÍTIMA,FINALIZADA,CASA AMARELA,AV NORTE MIGUEL ARRAES DE ALENCAR,,,EM FRENTE A MATERNIDADE BARROS LIMA,CASA AMARELA,,CIDADE,COLISÃO LATERAL,1,1,0,0,0,0,0,0,0,1,0,,,,,,,,,,,,,
2023-12-16 00:00:00,08:32:00,COM VÍTIMA,CANCELADA,AGUA FRIA,RUA FLORESTOPOLIS,233,,PROXIMO AO TERMINAL DE AGUA FRIA,AGUA FRIA,,,COLISÃO TRANSVERSAL,0,1,0,0,0,0,0,0,0,1,0,,,,,,,,,,,,,
2023-12-17 00:00:00,07:54:00,COM VÍTIMA,FINALIZADA,CAMPO GRANDE,EST DE BELEM,,RUA PRUDENTE DE MORAES,PROX. A CLINICA CENTRAL E POSTO PETROGAS,CAMPO GRANDE,,,COLISÃO LATERAL,1,1,0,0,0,0,0,0,0,2,0,,,,,,,,,,,,,
2023-12-17 00:00:00,05:20:00,COM VÍTIMA,FINALIZADA,IPUTINGA,AV CAXANGA,,,E/F AO ANTIGO HIPER BOMPREÇO S/T CID,IPUTINGA,,,COLISÃO FRONTAL,1,1,0,0,0,0,0,0,0,1,0,,,,,,,,,,,,,
2023-12-17 00:00:00,06:14:00,COM VÍTIMA,FINALIZADA,IBURA,RUA PAULISTA,277,,PROXIMO AO NACIONAL SPORT CLUB // E/F A PRAÇA DO LEITEIRO,IBURA,,,COLISÃO,1,1,0,0,0,0,0,0,0,1,0,,,,,,,,,,,,,
2023-12-17 00:00:00,07:22:00,COM VÍTIMA,FINALIZADA,AFOGADOS,AV SUL,,,POLICLINICA DE AFOGADOS,AFOGADOS,,,COLISÃO,0,1,0,0,0,0,0,0,0,2,0,,,,,,,,,,,,,
2023-12-17 00:00:00,08:12:00,COM VÍTIMA,FINALIZADA,TEJIPIO,RUA FALCAO DE LACERDA,484,,PRAÇA DO PACHECO,TEJIPIO,,,COLISÃO,1,1,0,0,0,0,0,0,0,1,0,,,,,,,,,,,,,
2023-12-17 00:00:00,08:45:00,COM VÍTIMA,FINALIZADA,JORDAO,RUA DR ALVARO FERRAZ,,RUA CANAA,TERMINAL DO JORDAO,JORDAO,,,COLISÃO,1,1,0,0,0,0,0,0,0,1,0,,,,,,,,,,,,,
2023-12-18 00:00:00,12:55:00,SEM VÍTIMA,FINALIZADA,TEJIPIO,RUA GUANABARA,,,EM FRENTE A ESTAÇÃO COQUEIRAL,TEJIPIO,,,CHOQUE,1,0,0,0,0,0,0,0,0,0,0,,,,,,,,,,,,,
2023-12-18 00:00:00,02:04:00,SEM VÍTIMA,CANCELADA,IMBIRIBEIRA,AV MARECHAL MASCARENHAS DE MORAES,,RUA ITACARI,AO LADO DO BANCO ITAU,IMBIRIBEIRA,225,SUBURBIO,COLISÃO,1,0,0,0,0,0,1,0,0,0,0,,,,,,,,,,,,,
2023-12-18 00:00:00,07:13:00,COM VÍTIMA,FINALIZADA,TORRE,RUA JOSE BONIFACIO,1141,,PROX AO SUPERMERCADO CARREFUOR E ATACADOS DOS PRESENTES DA TORRE,TORRE,,,COLISÃO,0,1,0,0,0,0,0,0,0,1,0,,,,,,,,,,,,,
2023-12-18 00:00:00,07:34:00,COM VÍTIMA,FINALIZADA,MACAXEIRA,AV NORTE MIGUEL ARRAES DE ALENCAR,,,PROX. A INTEGRAÇÃO DA MACAXEIRA,MACAXEIRA,,,COLISÃO LATERAL,0,1,0,0,0,0,0,0,0,1,0,,,,,,,,,,,,,
2023-12-18 00:00:00,08:02:00,COM VÍTIMA,FINALIZADA,SANTO AMARO,RUA BARROS BARRETO,1063,,EM FRENTE A QUALITY PEÇAS / PROX A IGREJA CATOLICA,SANTO AMARO,,,COLISÃO LATERAL,1,1,0,0,0,0,0,0,0,1,0,,,,,,,,,,,,,
2023-12-18 00:00:00,08:13:00,COM VÍTIMA,FINALIZADA,BOA VIAGEM,AV ENGENHEIRO DOMINGOS FERREIRA,,,PROX. A ESCOLA MUNICIPAL OSWALDO LIMA FILHO,BOA VIAGEM,,,COLISÃO LATERAL,1,1,0,0,0,0,0,0,0,1,0,,,,,,,,,,,,,
2023-12-18 00:00:00,08:13:00,COM VÍTIMA,FINALIZADA,IPUTINGA,AV PROFESSOR JOAQUIM CAVALCANTI,,,EM FRENTE A IPUTINGA AUTOMÓVEIS,IPUTINGA,,,COLISÃO,0,0,0,0,0,0,0,0,0,1,0,,,,,,,,,,,,,
2023-12-18 00:00:00,09:47:00,COM VÍTIMA,FINALIZADA,MADALENA,AV ENGENHEIRO ABDIAS DE CARVALHO,,EST DOS REMEDIOS,PROX A FARMACIA INDEPENDENTE,MADALENA,,,COLISÃO,0,1,0,0,0,1,0,0,0,1,0,,,,,,,,,,,,,
2023-12-18 00:00:00,11:10:00,COM VÍTIMA,FINALIZADA,CORDEIRO,RUA PROFESSOR JOAQUIM XAVIER DE BRITO,,,EM FRENTE AO ME CELULAR E BARBEARIA INOVE,CORDEIRO,,,COLISÃO LATERAL,0,1,0,0,0,0,0,0,0,1,0,,,,,,,,,,,,,
2023-12-18 00:00:00,11:27:00,VÍTIMA FATAL,FINALIZADA,CAXANGA,AV CAXANGA,,,PROX A GIL MOTOS / PROX A ESTAÇÃO BRT ZUMBI,CAXANGA,,,COLISÃO,0,2,0,0,0,0,0,0,0,1,1,,,,,,,,,,,,,
2023-12-18 00:00:00,11:28:00,COM VÍTIMA,FINALIZADA,TAMARINEIRA,RUA CONEGO BARATA,,,EM FRENTE A LOJA FERREIRA COSTA,TAMARINEIRA,,,COLISÃO,0,1,0,0,0,0,0,0,0,1,0,,,,,,,,,,,,,
2023-12-18 00:00:00,12:35:00,COM VÍTIMA,FINALIZADA,GRACAS,AV GOVERNADOR AGAMENON MAGALHAES,158,AV RUI BARBOSA,SAÍDA DA RUI BARBOSA,GRACAS,,,,0,2,0,0,0,0,0,0,0,1,0,,,,,,,,,,,,,
2023-12-18 00:00:00,01:25:00,SEM VÍTIMA,FINALIZADA,ESPINHEIRO,RUA DO ESPINHEIRO,320,,,ESPINHEIRO,,,COLISÃO,0,0,0,0,0,0,0,0,0,0,0,,,,,,,,,,,,,
2023-12-18 00:00:00,05:06:00,COM VÍTIMA,FINALIZADA,MADALENA,AV ENGENHEIRO ABDIAS DE CARVALHO,,EST DOS REMEDIOS,NO SEMÁFORO 052,MADALENA,52,,COLISÃO LATERAL,1,1,0,0,0,0,0,0,0,2,0,,,,,,,,,,,,,
2023-12-18 00:00:00,05:07:00,COM VÍTIMA,FINALIZADA,CAXANGA,RUA FRANCISCO TORRES,,,PROXIMO A PRAÇA DE NOVA MORADA,CAXANGA,,,COLISÃO FRONTAL,0,2,0,0,0,0,0,0,0,2,0,,,,,,,,,,,,,
2023-12-18 00:00:00,09:36:00,COM VÍTIMA,CANCELADA,JORDAO,AV MARIA IRENE,1246,,,JORDAO,,,COLISÃO FRONTAL,2,0,0,0,0,0,0,0,0,1,0,,,,,,,,,,,,,
2023-12-19 00:00:00,01:55:00,COM VÍTIMA,FINALIZADA,DERBY,AV GOVERNADOR AGAMENON MAGALHAES,,RUA HENRIQUE DIAS,E/F AO RESTAURANTE COCO BAMBU,DERBY,,,COLISÃO LATERAL,1,1,0,0,0,0,0,0,0,2,0,,,,,,,,,,,,,
2023-12-19 00:00:00,05:20:00,COM VÍTIMA,CANCELADA,PAISSANDU,RUA FRANCISCO ALVES,,,HOSPITAL ESPERANÇA,PAISSANDU,,,COLISÃO LATERAL,1,1,0,0,0,0,0,0,0,1,0,,,,,,,,,,,,,
2023-12-19 00:00:00,06:39:00,COM VÍTIMA,FINALIZADA,IPSEP,AV RECIFE,,,"EM FRENTE A RECIFE MOTOS, SENT. AEROPORTO",IPSEP,,,ATROPELAMENTO DE PESSOA,0,1,0,0,1,0,0,0,0,3,0,,,,,,,,,,,,,
2023-12-19 00:00:00,07:28:00,COM VÍTIMA,FINALIZADA,JORDAO,AV MARIA IRENE,1670,,PROX AO ATACAREJO,JORDAO,,,COLISÃO LATERAL,1,1,0,0,0,0,0,0,0,1,0,,,,,,,,,,,,,
2023-12-19 00:00:00,10:34:00,COM VÍTIMA,FINALIZADA,GRACAS,RUA DA HORA,400,,,GRACAS,,,COLISÃO,0,0,0,0,0,0,0,0,0,1,0,,,,,,,,,,,,,
2023-12-19 00:00:00,11:14:00,COM VÍTIMA,FINALIZADA,PRADO,AV ENGENHEIRO ABDIAS DE CARVALHO,1142,,E/F A ENGEFRIO,PRADO,,,COLISÃO TRASEIRA,2,1,0,0,0,0,0,0,0,1,0,,,,,,,,,,,,,
2023-12-19 00:00:00,11:35:00,COM VÍTIMA,FINALIZADA,IPSEP,AV RECIFE,1311,,LADO OPOSTO A CR COMERCIAL RECIFE,IPSEP,,,COLISÃO LATERAL,1,1,0,0,1,0,0,0,0,1,0,,,,,,,,,,,,,
2023-12-19 00:00:00,01:20:00,COM VÍTIMA,FINALIZADA,CASA FORTE,AV DEZESSETE DE AGOSTO,,,EM FRENTE AO HOSPITAL ERMINIO DE MORAES,CASA FORTE,,,COLISÃO LATERAL,1,1,0,0,0,0,0,0,0,1,0,,,,,,,,,,,,,
2023-12-19 00:00:00,04:56:00,SEM VÍTIMA,FINALIZADA,GRACAS,AV CONS ROSA E SILVA,1550,,POSTO SHELL PETROCAL ( EM FRENTE),GRACAS,,SUBURBIO,COLISÃO LATERAL,1,0,0,0,0,0,1,0,0,0,0,,,,,,,,,,,,,
2023-12-19 00:00:00,06:03:00,COM VÍTIMA,FINALIZADA,SAN MARTIN,AV GENERAL SAN MARTIN,,,POSTO DE SAÚDE DE SAN MARTIN / CRECHE FUTURO DO AMANHÃ,SAN MARTIN,,,ATROPELAMENTO DE PESSOA,1,0,0,0,1,0,0,0,0,1,0,,,,,,,,,,,,,
2023-12-19 00:00:00,06:49:00,SEM VÍTIMA,FINALIZADA,ILHA DO RETIRO,AV BEIRA RIO,230,,,ILHA DO RETIRO,,,CHOQUE,1,0,0,0,0,0,0,0,0,0,0,,,,,,,,,,,,,
2023-12-19 00:00:00,07:47:00,COM VÍTIMA,FINALIZADA,SANTO AMARO,AV CRUZ CABUGA,,,EM FRENTE A POLÍCIA PENAL,SANTO AMARO,,,COLISÃO,1,1,0,0,0,0,0,0,0,1,0,,,,,,,,,,,,,
2023-12-19 00:00:00,07:56:00,COM VÍTIMA,FINALIZADA,IBURA,AV DOIS RIOS,,RUA RIO XINGU,ACADEMIA MOTIVO,IBURA,,,COLISÃO,1,1,0,0,0,0,0,0,0,1,0,,,,,,,,,,,,,
2023-12-20 00:00:00,06:51:00,COM VÍTIMA,FINALIZADA,AFOGADOS,AV SUL,,,EM FRENTE AO HOTEL LUA DE MEL,AFOGADOS,,,COLISÃO COM CICLISTA,0,1,0,1,0,0,0,0,0,3,0,,,,,,,,,,,,,
2023-12-20 00:00:00,08:28:00,COM VÍTIMA,FINALIZADA,VASCO DA GAMA,RUA VASCO DA GAMA,1430,,PROX. A ESCOLA PEQUEN PRINCIPE,VASCO DA GAMA,,,COLISÃO FRONTAL,1,1,0,0,0,0,0,0,0,1,0,,,,,,,,,,,,,
2023-12-20 00:00:00,11:39:00,SEM VÍTIMA,FINALIZADA,VARZEA,RUA MARIO CAMPELO,,,,VARZEA,,,COLISÃO TRASEIRA,0,0,0,0,0,0,0,0,0,0,0,,,,,,,,,,,,,
2023-12-20 00:00:00,12:02:00,COM VÍTIMA,FINALIZADA,AFOGADOS,EST DOS REMEDIOS,,,PROX AO POSTO DE GASOLINA PETROBAHIA,AFOGADOS,,,COLISÃO LATERAL,1,1,0,0,0,0,0,0,0,1,0,,,,,,,,,,,,,
2023-12-20 00:00:00,04:06:00,COM VÍTIMA,FINALIZADA,BOA VIAGEM,AV BOA VIAGEM,,,NA ESQUINA DA PRAÇA DE BOA VIAGEM,BOA VIAGEM,,,COLISÃO TRASEIRA,1,1,0,0,0,0,0,0,0,1,0,,,,,,,,,,,,,
2023-12-20 00:00:00,04:10:00,COM VÍTIMA,FINALIZADA,ESPINHEIRO,AV CONS ROSA E SILVA,469,,HOSPITAL DOS SERVIDORES,ESPINHEIRO,,,COLISÃO LATERAL,2,0,0,0,0,0,0,0,0,1,0,,,,,,,,,,,,,
2023-12-20 00:00:00,04:32:00,SEM VÍTIMA,DUPLICIDADE,AFLITOS,AV CONS ROSA E SILVA,545,,,AFLITOS,,,COLISÃO,0,0,0,0,0,0,0,0,0,0,0,,,,,,,,,,,,,
2023-12-20 00:00:00,05:17:00,COM VÍTIMA,FINALIZADA,ESTANCIA,AV RECIFE,484,,OFICINA FATOR PREMIUM,ESTANCIA,,,COLISÃO TRASEIRA,3,0,0,0,0,0,0,0,0,1,0,,,,,,,,,,,,,
2023-12-20 00:00:00,05:45:00,COM VÍTIMA,FINALIZADA,VARZEA,AV AFONSO OLINDENSE,,,EM FRENTE AO NOVO ATACAREJO,VARZEA,,,COLISÃO LATERAL,1,1,0,0,0,0,0,0,0,1,0,,,,,,,,,,,,,
2023-12-20 00:00:00,09:33:00,SEM VÍTIMA,CANCELADA,BOA VIAGEM,RUA RIBEIRO DE BRITO,,RUA AGENOR LOPES,POSTO BR,BOA VIAGEM,,,COLISÃO,0,0,0,0,0,0,0,0,0,0,0,,,,,,,,,,,,,
2023-12-21 00:00:00,07:21:00,COM VÍTIMA,FINALIZADA,AFOGADOS,RUA CINCO DE NOVEMBRO,,RUA JACIRA,EM FRENTE AO DEPATRI,AFOGADOS,,,COLISÃO LATERAL,1,1,0,0,0,0,0,0,0,1,0,,,,,,,,,,,,,
2023-12-21 00:00:00,08:01:00,COM VÍTIMA,FINALIZADA,MADALENA,AV CAXANGA,,,"EM FRENTE A ESTAÇÃO BRT, PROX. A EO ENERGIA E FARMACIA PAGUE MENOS",MADALENA,,,COLISÃO LATERAL,0,1,0,0,0,0,0,0,0,1,0,,,,,,,,,,,,,
2023-12-21 00:00:00,08:43:00,SEM VÍTIMA,FINALIZADA,MADALENA,AV CAXANGA,,,PRÓXIMO AO TÚNEL DA ABOLIÇÃO,MADALENA,,,COLISÃO,0,0,0,0,0,0,0,0,0,0,0,,,,,,,,,,,,,
2023-12-21 00:00:00,09:40:00,COM VÍTIMA,FINALIZADA,ILHA DO RETIRO,AV ENGENHEIRO ABDIAS DE CARVALHO,,,EM FRENTE AO SPORT,ILHA DO RETIRO,,,COLISÃO,1,1,0,0,0,1,0,0,0,1,0,,,,,,,,,,,,,
2023-12-21 00:00:00,10:47:00,COM VÍTIMA,FINALIZADA,IPSEP,AV RECIFE,,,EM FRENTE A RECIFE MOTOS / PROX AO POSTO MANIA /  PROX AO MARTELINHO DE OURO,IPSEP,,,COLISÃO,1,1,0,0,0,0,0,0,0,1,0,,,,,,,,,,,,,
2023-12-21 00:00:00,10:52:00,COM VÍTIMA,DUPLICIDADE,IPSEP,AV RECIFE,3451,,"EM FRENTE AO POSTO BR, SENTIDO CIDADE UNIVERSITARIA",IPSEP,,,COLISÃO LATERAL,1,1,0,0,0,0,0,0,0,2,0,,,,,,,,,,,,,
2023-12-21 00:00:00,01:26:00,COM VÍTIMA,FINALIZADA,CAMPINA DO BARRETO,RUA DAS MOCAS,1307,,BARBEARIA LOPES,CAMPINA DO BARRETO,,,COLISÃO LATERAL,1,1,0,0,0,0,0,0,0,2,0,,,,,,,,,,,,,
2023-12-21 00:00:00,02:16:00,COM VÍTIMA,FINALIZADA,IPSEP,RUA DR RAPOSO PINTO,,,PROX A ACADEMIA GOLFINHO,IPSEP,,,COLISÃO FRONTAL,1,1,0,0,0,0,0,0,0,1,0,,,,,,,,,,,,,
2023-12-21 00:00:00,09:11:00,COM VÍTIMA,FINALIZADA,AFLITOS,RUA DO FUTURO,,AV DR MALAQUIAS,EM FRENTE A FARMÁCIA PAGUE MENOS,AFLITOS,,,COLISÃO COM CICLISTA,1,0,0,1,0,0,0,0,0,1,0,,,,,,,,,,,,,
2023-12-22 00:00:00,01:45:00,COM VÍTIMA,FINALIZADA,MADALENA,RUA JOSE OSORIO,,AV VISCONDE DE ALBUQUERQUE,PAGUE MENOS,MADALENA,,,COLISÃO TRANSVERSAL,1,1,0,0,0,0,0,0,0,2,0,,,,,,,,,,,,,
2023-12-22 00:00:00,07:06:00,COM VÍTIMA,FINALIZADA,ESTANCIA,AV RECIFE,,,PROX AO PE PISCINA / PROX BOX DA CONSTRUÇÃO,ESTANCIA,,,COLISÃO,0,1,0,0,0,0,0,0,0,1,0,,,,,,,,,,,,,
2023-12-22 00:00:00,08:33:00,COM VÍTIMA,FINALIZADA,CASA FORTE,AV DEZESSETE DE AGOSTO,,,EM FRENTE A IGREJA BATISTA DE CASA FORTE E SUVINIL,CASA FORTE,,,COLISÃO LATERAL,0,1,0,0,0,0,0,0,0,1,0,,,,,,,,,,,,,
2023-12-22 00:00:00,09:44:00,SEM VÍTIMA,FINALIZADA,SANTO AMARO,AV GOVERNADOR AGAMENON MAGALHAES,,AV DR JAYME DA FONTE,EM FRENTE AO YAKISSOBA DO ASSIS,SANTO AMARO,,CIDADE,COLISÃO,1,0,0,0,0,0,0,1,0,0,0,,,,,,,,,,,,,
2023-12-22 00:00:00,09:45:00,SEM VÍTIMA,FINALIZADA,MADALENA,AV ENGENHEIRO ABDIAS DE CARVALHO,,RUA JOAO IVO DA SILVA,SENTIDO CIDADE,MADALENA,132,CIDADE,COLISÃO TRASEIRA,2,0,0,0,0,0,0,0,0,0,0,,,,,,,,,,,,,
2023-12-22 00:00:00,10:08:00,COM VÍTIMA,FINALIZADA,BOA VIAGEM,RUA BRUNO VELOSO,,,PROX A ACADEMIA SELFIT E SAIDA DO SHOPPING RECIFE,BOA VIAGEM,,,COLISÃO,0,1,0,0,0,0,0,0,0,1,0,,,,,,,,,,,,,