data,hora,natureza,situacao,bairro,endereco,numero,detalhe_endereco_acidente,complemento,bairro_cruzamento,num_semaforo,sentido_via,tipo,auto,moto,ciclom,ciclista,pedestre,onibus,caminhao,viatura,outros,vitimas,vitimasfatais,acidente_verificado,tempo_clima,situacao_semaforo,sinalizacao,condicao_via,conservacao_via,ponto_controle,situacao_placa,velocidade_max_via,mao_direcao,divisao_via1,divisao_via2,divisao_via3
2022-01-11 00:00:00,,COM VÍTIMA,FINALIZADA,BOA VIAGEM,AVENIDA CELSO FURTADO (VIA MANGUE),,,NA BIFURÇÃO DO VIADUTO SENTIDO SUBURBIO,BOA VIAGEM,,SUBURBIO,COLISÃO LATERAL,1,1,0,0,0,0,0,0,0,2,0,Longo da via,Bom,Não existe,Perfeito estado,Seca,Perfeito estado,Não existe,Não há placas,,Única,,,
2022-01-11 00:00:00,,COM VÍTIMA,FINALIZADA,CORDEIRO,RUA GOMES TABORDA,1583,RUA FIRMINO DE BARROS,PROX AO BAR VAPOR E/F A CASA DE BAQTERIA QWS MOURA POWER CAR,CORDEIRO,,SUBURBIO,COLISÃO COM CICLISTA,2,0,0,1,0,0,0,0,0,1,0,Cruzamento,Bom,Não existe,Não existente,Seca,Mal conservada,Não existe,Não há placas,,Dupla,Faixa seccionada,,
2022-01-11 00:00:00,,SEM VÍTIMA,FINALIZADA,VÁRZEA,RUA AGRICOLANDIA,196,,PROX AO HOSPITAL HAPIVIDA,VÁRZEA,,,CHOQUE,0,0,0,0,0,0,0,0,0,0,0,,,,,,,,,,,,,
2022-01-11 00:00:00,,COM VÍTIMA,FINALIZADA,TAMARINEIRA,EST VELHA DE AGUA FRIA,596,AV NORTE MIGUEL ARRAES DE ALENCAR,PRÓX A FERREIRA COSTA,TAMARINEIRA,,SUBURBIO,COLISÃO TRANSVERSAL,1,1,0,0,0,0,0,0,0,1,0,Longo da via,Bom,Não existe,Perfeito estado,Seca,Perfeito estado,Não existe,R-6a,,Dupla,Faixa contínua,Faixa seccionada,Canteiro central
2022-01-12 00:00:00,,COM VÍTIMA,FINALIZADA,MACAXEIRA,AV NORTE MIGUEL ARRAES DE ALENCAR,7608,AV JOSE AMERICO DE ALMEIDA,PRÓXIMO A ACADEMIA DA CIDADE DO RECIFE.,MACAXEIRA,,SUBURBIO,TOMBAMENTO,0,1,0,0,0,0,0,0,0,1,0,Longo da via,Bom,Sem defeito,Perfeito estado,Seca,Perfeito estado,,,60 km/h,Dupla,Faixa contínua,,
2022-01-12 00:00:00,,SEM VÍTIMA,FINALIZADA,SANTO AMARO,AV GOVERNADOR AGAMENON MAGALHAES,,,EM FRENTE  AO POSTO DE COMBUSTÍVEL  BR,SANTO AMARO,,,COLISÃO FRONTAL,2,0,0,0,0,0,0,0,0,0,0,Longo da via,Bom,Não existe,Perfeito estado,Seca,Perfeito estado,Não existe,Outras,60 km/h,Dupla,Faixa seccionada,,
2022-01-12 00:00:00,,COM VÍTIMA,FINALIZADA,SÃO JOSÉ,RUA IMPERIAL,962,TRV DO RAPOSO,NO SEMÁFORO 510 / CM FERRO E AÇO,SÃO JOSÉ,510,,COLISÃO TRANSVERSAL,0,2,0,0,0,0,0,1,0,2,0,Cruzamento,Bom,Sem defeito,Perfeito estado,Seca,Perfeito estado,Faixa de pedestre,R-6a,,Única,Faixa contínua,Faixa seccionada,
2022-01-12 00:00:00,,COM VÍTIMA,FINALIZADA,PINA,AVENIDA CELSO FURTADO (VIA MANGUE),,,"PROXIMO AO RIO MAR, COMEÇO DA VIA MANGUE/ SENTIDO PIEDADE",PINA,,SUBURBIO,COLISÃO COM CICLISTA,0,1,0,1,0,0,0,0,0,1,0,Longo da via,Bom,Não existe,Perfeito estado,Seca,Perfeito estado,Outros,Outras,,Única,Faixa seccionada,,
2022-01-12 00:00:00,,SEM VÍTIMA,FINALIZADA,ESPINHEIRO,RUA CONS PORTELA,10,RUA BARAO DE ITAMARACA,EM FRENTE AO ALL BAR ESPINHEIRO,ESPINHEIRO,464,SUBURBIO,CHOQUE,1,0,0,0,0,0,0,0,0,0,0,Cruzamento,Bom,Sem defeito,Perfeito estado,Seca,,Faixa de pedestre,Não há placas,,Única,Faixa contínua,,
2022-01-12 00:00:00,,COM VÍTIMA,CANCELADA,ARRUDA,RUA DA REGENERACAO,,,PROX AO ANTIGO EDFC ELDORADO,ARRUDA,,,COLISÃO LATERAL,1,1,0,0,0,0,0,0,0,1,0,,,,,,,,,,,,,
2022-01-13 00:00:00,,COM VÍTIMA,FINALIZADA,AFOGADOS,RUA SAO MIGUEL,1136,,LADO OPOSTO AO CHINE BOX  S/T CI,AFOGADOS,,CIDADE,COLISÃO TRANSVERSAL,1,1,0,0,0,1,0,0,0,1,0,Longo da via,Bom,Não existe,Perfeito estado,Seca,Perfeito estado,Não existe,Não há placas,,Dupla,Faixa seccionada,,
2022-01-13 00:00:00,,COM VÍTIMA,FINALIZADA,CAMPO GRANDE,EST DE BELEM,836,RUA PAULO DE ARRUDA,SEMÁFORO 094 / E/F AO POSTO PETRONAC E CLINICA CENTRAL,CAMPO GRANDE,94,SUBURBIO,COLISÃO TRANSVERSAL,1,1,0,0,0,0,0,0,0,1,0,Cruzamento,Bom,Sem defeito,Perfeito estado,Seca,Perfeito estado,Faixa de pedestre,Não há placas,,Dupla,Faixa contínua,,
2022-01-13 00:00:00,,VÍTIMA FATAL,FINALIZADA,PAISSANDU,AV GOVERNADOR AGAMENON MAGALHAES,4581,RUA GENERAL JOAQUIM INACIO,AO LADO DO INSTITUTO CERVANTES,PAISSANDU,69,CIDADE,COLISÃO TRASEIRA,0,1,0,0,0,0,1,0,0,0,1,Esquina,Chuvoso,Sem defeito,Perfeito estado,Molhada,Perfeito estado,Faixa de pedestre,Outras,,Dupla,Canteiro central,,
2022-01-14 00:00:00,,SEM VÍTIMA,FINALIZADA,AREIAS,AV RECIFE,,,SEMÁFORO 599 - EM FRENTE AO BIG BOMPREÇO,AREIAS,599,,CHOQUE,1,0,0,0,0,0,0,0,0,0,0,Longo da via,Chuvoso,Sem defeito,Perfeito estado,Molhada,Perfeito estado,Faixa de pedestre,Não há placas,60 km/h,Dupla,Faixa contínua,Canteiro central,
2022-01-14 00:00:00,,COM VÍTIMA,FINALIZADA,AFOGADOS,RUA SAO MIGUEL,553,,ENFRENTE A IGREJA DA FE / SOFRIOS REFRIGERACAO,AFOGADOS,,SUBURBIO,COLISÃO TRASEIRA,3,0,0,0,0,1,0,0,0,2,0,Longo da via,Chuvoso,Não existe,Perfeito estado,Molhada,Perfeito estado,Não existe,Outras,,Dupla,Faixa contínua,,
2022-01-14 00:00:00,,COM VÍTIMA,FINALIZADA,BOA VIAGEM,AV CONSELHEIRO AGUIAR,4468,,E/F AO  MERCADO EXTRA / AO LADO DO BANCO SANTANDER,BOA VIAGEM,,,COLISÃO LATERAL,1,1,0,0,0,0,0,0,0,1,0,Longo da via,Chuvoso,Não existe,Perfeito estado,Molhada,Perfeito estado,Não existe,R-6a,,Única,Faixa seccionada,,
2022-01-15 00:00:00,,COM VÍTIMA,CANCELADA,SANTO AMARO,RUA SAO MATEUS,,RUA LEAL DE BARROS,EM FRENTE AO DEPOSITO DOS CORREIOS,SANTO AMARO,,,COLISÃO FRONTAL,0,1,0,0,0,1,0,0,0,1,0,,,,,,,,,,,,,
2022-01-15 00:00:00,,SEM VÍTIMA,FINALIZADA,BOA VIAGEM,RUA JOAO CARDOSO AIRES,971,RUA CAMBOIM,,BOA VIAGEM,,SUBURBIO,COLISÃO TRANSVERSAL,1,0,0,0,0,0,1,0,0,0,0,Cruzamento,Chuvoso,Não existe,Perfeito estado,Molhada,Perfeito estado,Faixa de retenção,"Placas ""Pare""",30 km/h,Dupla,Faixa seccionada,,
2022-01-15 00:00:00,,COM VÍTIMA,FINALIZADA,BARRO,AV DR JOSE RUFINO,,,E/F A IGREJA DO BARRO,BARRO,539,SUBURBIO,COLISÃO TRANSVERSAL,1,1,0,0,0,0,0,0,0,1,0,Longo da via,Chuvoso,Sem defeito,Ilegível,Molhada,Mal conservada,Faixa de pedestre,Não há placas,,Dupla,Não existe,,
2022-01-16 00:00:00,,COM VÍTIMA,FINALIZADA,LINHA DO TIRO,RUA URIEL DE HOLANDA,181,AV HILDEBRANDO DE VASCONCELOS,AO LADO DA PERNAMBUCO MOTOS,LINHA DO TIRO,447,CIDADE,COLISÃO FRONTAL,1,1,0,0,0,0,0,0,0,1,0,Longo da via,Bom,Intermitente,Perfeito estado,Seca,Perfeito estado,Não existe,R-6a,30 km/h,Dupla,Não existe,,
2022-01-16 00:00:00,,COM VÍTIMA,FINALIZADA,PARNAMIRIM,AV PARNAMIRIM,373,RUA ANDRE CAVALCANTE,PROX. AO BANCO SANTANDER / OPOSTO AO EDF BEACH CLASS,PARNAMIRIM,,CIDADE,ATROPELAMENTO DE PESSOA,1,0,0,0,1,0,0,0,0,1,0,Esquina,Bom,Não existe,Perfeito estado,Seca,Perfeito estado,Outros,R-6a,,Única,Faixa seccionada,,
2022-01-16 00:00:00,,COM VÍTIMA,FINALIZADA,VÁRZEA,AV AFONSO OLINDENSE,72,,PROX AO POSTO SHELL E OS ORREIOS DA ENTRADA DA VARZEA,VÁRZEA,,SUBURBIO,COLISÃO TRANSVERSAL,1,1,0,0,0,0,0,0,0,1,0,Longo da via,Bom,Não existe,Perfeito estado,Seca,Perfeito estado,,R-6a,40 km/h,Dupla,Faixa contínua,,
2022-01-16 00:00:00,,COM VÍTIMA,FINALIZADA,BOA VIAGEM,AV CONSELHEIRO AGUIAR,1415,RUA JORNAL VANGUARDA,PRÓX À GALERIA RECIFE TRADE CENTER,BOA VIAGEM,240,CIDADE,COLISÃO TRASEIRA,1,1,0,0,0,0,0,0,0,1,0,Longo da via,Bom,Sem defeito,Perfeito estado,Seca,Perfeito estado,Faixa de pedestre,Não há placas,60 km/h,Única,Faixa seccionada,,
2022-01-16 00:00:00,,COM VÍTIMA,FINALIZADA,SANTO AMARO,AV GOVERNADOR AGAMENON MAGALHAES,153,,PRÓX AO SHOPPING TACARUNA,SANTO AMARO,,CIDADE,ATROPELAMENTO DE PESSOA,0,1,0,0,1,0,0,0,0,2,0,Longo da via,Bom,Não existe,Perfeito estado,Seca,Perfeito estado,Não existe,Outras,60 km/h,Dupla,Faixa seccionada,,
2022-01-16 00:00:00,,COM VÍTIMA,FINALIZADA,VÁRZEA,AV AFONSO OLINDENSE,72,AV CAXANGA,PRÓX AO POSTO SHELL / SEMAFORO 568,VÁRZEA,,,ATROPELAMENTO DE PESSOA,1,0,0,0,1,0,0,0,0,1,0,Longo da via,Bom,Sem defeito,Perfeito estado,Seca,Perfeito estado,,R-6a,,Dupla,Faixa contínua,,
2022-01-16 00:00:00,,SEM VÍTIMA,FINALIZADA,BOMBA DO HEMETÉRIO,RUA SAO BENTO,340,,E/F AO POSTO NORTE BRAZ,BOMBA DO HEMETÉRIO,,,COLISÃO FRONTAL,0,0,0,0,0,0,0,0,0,0,0,,,,,,,,,,,,,
2022-01-16 00:00:00,,COM VÍTIMA,FINALIZADA,CASA AMARELA,EST DO ARRAIAL,3546,RUA DA HARMONIA,DROGASIL,CASA AMARELA,74,SUBURBIO,COLISÃO TRANSVERSAL,1,1,0,0,0,0,0,0,0,2,0,Cruzamento,Bom,Sem defeito,Perfeito estado,Seca,Perfeito estado,Faixa de pedestre,Outras,,Única,Faixa seccionada,,
2022-01-17 00:00:00,,VÍTIMA FATAL,FINALIZADA,PRADO,AV ENGENHEIRO ABDIAS DE CARVALHO,,RUA JOAO IVO DA SILVA,EM FRENTE A HABIB'S,PRADO,132,SUBURBIO,COLISÃO TRANSVERSAL,0,1,0,0,0,0,1,0,0,0,1,Cruzamento,Chuvoso,Sem defeito,Perfeito estado,Molhada,Perfeito estado,Faixa de pedestre,Não há placas,,Dupla,Canteiro central,,
2022-01-17 00:00:00,,SEM VÍTIMA,FINALIZADA,ENGENHO DO MEIO,AV ENGENHEIRO ABDIAS DE CARVALHO,,,"EM FRENTE AO POSTO BR, SENT. CURADO",ENGENHO DO MEIO,,,CHOQUE,1,0,0,0,0,0,0,0,0,0,0,,,,,,,,,,,,,
2022-01-17 00:00:00,,SEM VÍTIMA,FINALIZADA,SANTO AMARO,AV GOVERNADOR AGAMENON MAGALHAES,,AV DR JAYME DA FONTE,EM FRENTE AO SEMÁFORO Nº 049,SANTO AMARO,49,,,2,0,0,0,0,0,0,0,0,0,0,Longo da via,Bom,Sem defeito,Perfeito estado,Seca,Perfeito estado,Não existe,Não há placas,60 km/h,Dupla,Faixa seccionada,Canteiro central,
2022-01-17 00:00:00,,SEM VÍTIMA,FINALIZADA,GRAÇAS,RUA ESMERALDINO BANDEIRA,225,,EM FRENTE AO Nº 225,GRAÇAS,,SUBURBIO,,1,0,0,0,0,0,0,0,0,0,0,Longo da via,Bom,Não existe,Perfeito estado,Seca,Perfeito estado,Não existe,R-6a,30 km/h,Única,Não existe,,
2022-01-17 00:00:00,,SEM VÍTIMA,FINALIZADA,IPSEP,RUA JEAN EMILE FAVRE,,RUA SILVEIRA NETO,,IPSEP,,CIDADE,CHOQUE,0,0,0,0,0,0,1,0,0,0,0,Cruzamento,Bom,Não existe,Perfeito estado,Seca,Perfeito estado,Faixa de pedestre,R-6a,,Dupla,Faixa contínua,Faixa seccionada,
2022-01-17 00:00:00,,COM VÍTIMA,FINALIZADA,SÃO JOSÉ,RUA IMPERIAL,981,TRV DO RAPOSO,EM FRENTE A CM FERROS E PROXIMO AO SEMAFORO 510,SÃO JOSÉ,510,SUBURBIO,COLISÃO TRANSVERSAL,1,1,0,0,0,0,0,0,0,1,0,Cruzamento,Bom,Sem defeito,Perfeito estado,Seca,Perfeito estado,Faixa de pedestre,Outras,,Única,Faixa contínua,,
2022-01-17 00:00:00,,COM VÍTIMA,CANCELADA,CORDEIRO,RUA PROFESSOR JOAQUIM XAVIER DE BRITO,166,,PROXIMO AO ARMAZEM JC,CORDEIRO,,,COLISÃO LATERAL,1,1,0,0,0,0,0,0,0,1,0,,,,,,,,,,,,,
2022-01-17 00:00:00,,COM VÍTIMA,FINALIZADA,SANTO AMARO,AV NORTE MIGUEL ARRAES DE ALENCAR,,,VIADUTO DA AVENIDA NORTE  SOBRE A AV AGAMENON MAGALHÃES,SANTO AMARO,,SUBÚRBIO,COLISÃO TRASEIRA,0,1,0,1,0,1,1,0,0,1,0,Viaduto,Bom,Não existe,Perfeito estado,Seca,Perfeito estado,Não existe,Não há placas,60 km/h,Dupla,Faixa seccionada,,
2022-01-17 00:00:00,,COM VÍTIMA,FINALIZADA,MADALENA,RUA BENFICA,,,NO GIRADOURO DO INTERNACIONAL  NO SEMAFORO 590,MADALENA,590,CIDADE,COLISÃO LATERAL,1,1,0,0,0,0,0,0,0,1,0,Rotatória,Bom,Sem defeito,Perfeito estado,Seca,Perfeito estado,Faixa de pedestre,"Placas ""Pare""",,,Faixa contínua,Faixa seccionada,
2022-01-17 00:00:00,,COM VÍTIMA,FINALIZADA,IMBIRIBEIRA,RUA ITALIA,,RUA ARQUITETO LUIZ NUNES,AO LADO DO SUPERMERCADO ASSAI,IMBIRIBEIRA,,,COLISÃO FRONTAL,0,0,1,0,0,1,0,0,0,1,0,Cruzamento,Bom,Não existe,Incompleta,Seca,Perfeito estado,Não existe,"Placas ""Pare""",,Dupla,Não existe,,
2022-01-18 00:00:00,,COM VÍTIMA,FINALIZADA,IMBIRIBEIRA,RUA IZABEL DE SOUZA,416,RUA PAMPULHA,POR TRÁS DA EUROVIA RENAULT IMBIRIBEIRA,IMBIRIBEIRA,450,SUBURBIO,COLISÃO TRANSVERSAL,1,1,0,0,0,0,0,0,0,1,0,Cruzamento,Bom,Sem defeito,Perfeito estado,Seca,Perfeito estado,Faixa de pedestre,Outras,,Única,Não existe,,
2022-01-18 00:00:00,,SEM VÍTIMA,FINALIZADA,PRADO,AV ENGENHEIRO ABDIAS DE CARVALHO,,,EM FRENTE A PARADA DE ÔNIBUS Nº 060018,PRADO,,SUBURBIO,CHOQUE,1,0,0,0,0,0,0,0,0,0,0,Longo da via,,Não existe,Perfeito estado,,Perfeito estado,,,,Única,Faixa seccionada,,
2022-01-18 00:00:00,,COM VÍTIMA,FINALIZADA,ENCRUZILHADA,AV NORTE MIGUEL ARRAES DE ALENCAR,299,,APOS A HONDA LADO OPOSTO  E/F AO EXTRABOM  / EM FRENTE A MV AUOMOVEIS,ENCRUZILHADA,45,SUBURBIO,COLISÃO TRASEIRA,1,1,0,0,0,0,0,0,0,1,0,Cruzamento,Bom,Sem defeito,Perfeito estado,Seca,Perfeito estado,Faixa de retenção,Não há placas,60 km/h,Dupla,Canteiro central,,
2022-01-18 00:00:00,,SEM VÍTIMA,FINALIZADA,AFOGADOS,RUA MOTOCOLOMBO,190,,EM FRENTE A IGREJA PRESBITERIANA DO LARGO DA PAZ,AFOGADOS,,SUBURBIO,ATROPELAMENTO DE ANIMAL,0,1,0,0,0,0,0,0,0,0,0,Longo da via,Bom,Não existe,Perfeito estado,Seca,Perfeito estado,Não existe,Não há placas,,Única,Faixa seccionada,,
2022-01-18 00:00:00,,COM VÍTIMA,FINALIZADA,BARRO,AV DR JOSE RUFINO,1897,,E/F AO POSTO IMPERIO,BARRO,,,COLISÃO LATERAL,1,1,0,0,0,0,0,0,0,1,0,,,,,,,,,,,,,
2022-01-18 00:00:00,,COM VÍTIMA,CANCELADA,VÁRZEA,AV AFONSO OLINDENSE,,,PRÓXIMO À LOMBADA ELETRÔNICA,VÁRZEA,,,COLISÃO FRONTAL,0,0,0,0,0,0,0,0,0,1,0,,,,,,,,,,,,,
2022-01-19 00:00:00,,COM VÍTIMA,FINALIZADA,CAXANGÁ,AV CAXANGA,,AV PROFESSOR MORAES REGO,EMBAIXO DO VIADUTO DA CAXANGA,CAXANGÁ,,CIDADE,COLISÃO LATERAL,1,1,0,0,0,0,0,0,0,1,0,Longo da via,Bom,Sem defeito,Perfeito estado,Seca,Perfeito estado,Não existe,Não há placas,60 km/h,Dupla,Canteiro central,,
2022-01-19 00:00:00,,COM VÍTIMA,FINALIZADA,PAISSANDU,RUA FRANCISCO ALVES,326,RUA CAPITAO JOSE DA LUZ,PRÓX AO MULTIMED ILHA CENTER. POSTE H027330,PAISSANDU,,,COLISÃO TRANSVERSAL,1,1,0,0,0,0,0,0,0,1,0,Longo da via,Bom,Não existe,Perfeito estado,Seca,Perfeito estado,Não existe,R-34,,Dupla,Faixa contínua,,
2022-01-19 00:00:00,,COM VÍTIMA,CANCELADA,DOIS UNIDOS,RUA DIVISOPOLIS,25,,AO LADO DA BARRACA DO GALEGO,DOIS UNIDOS,,,COLISÃO FRONTAL,0,2,0,0,0,0,0,0,0,2,0,,,,,,,,,,,,,
2022-01-19 00:00:00,,COM VÍTIMA,FINALIZADA,VÁRZEA,RUA AMARO GOMES POROCA,119,,EM FRENTE A FARMACIA ESPERANÇA,VÁRZEA,,,COLISÃO LATERAL,1,0,0,0,0,0,1,0,0,1,0,Longo da via,Bom,Não existe,Incompleta,Seca,,Não existe,Não há placas,,Dupla,Não existe,,
2022-01-19 00:00:00,,COM VÍTIMA,FINALIZADA,GRAÇAS,RUA ALBERTO PAIVA,,RUA DOZE DE OUTUBRO,,GRAÇAS,,,COLISÃO LATERAL,1,2,0,0,0,0,0,0,0,1,0,Longo da via,Bom,Não existe,Perfeito estado,Seca,Perfeito estado,Não existe,Não há placas,40 km/h,Única,Faixa seccionada,,
2022-01-19 00:00:00,,SEM VÍTIMA,CANCELADA,IMBIRIBEIRA,AV MARECHAL MASCARENHAS DE MORAES,,,PROXIMO AO GERALDÃO/ SENTIDO CENTRO,IMBIRIBEIRA,,,COLISÃO LATERAL,1,0,0,0,0,0,0,1,0,0,0,,,,,,,,,,,,,
2022-01-19 00:00:00,,COM VÍTIMA,FINALIZADA,VÁRZEA,AV AFONSO OLINDENSE,,,E/F A UPINHA DA VARZEA.,VÁRZEA,,CIDADE,COLISÃO TRANSVERSAL,1,1,0,0,0,0,0,0,0,1,0,Longo da via,Bom,Não existe,Perfeito estado,Seca,Perfeito estado,Não existe,Outras,,Dupla,Faixa contínua,,
2022-01-19 00:00:00,,COM VÍTIMA,CANCELADA,BAIRRO DO RECIFE,PTE BUARQUE DE MACEDO,,,PROX AO MARCO ZERO,BAIRRO DO RECIFE,,,COLISÃO LATERAL,1,0,0,0,0,0,1,0,0,1,0,,,,,,,,,,,,,
2022-01-19 00:00:00,,COM VÍTIMA,CANCELADA,CASA FORTE,EST DAS UBAIAS,670,,PRÓX A PRC DE CASA FORTE,CASA FORTE,,,COLISÃO LATERAL,0,0,0,0,0,0,0,0,0,1,0,,,,,,,,,,,,,
2022-01-20 00:00:00,,COM VÍTIMA,FINALIZADA,IPSEP,AV RECIFE,2330,,PRÓX À CASA DAS BATERIAS,IPSEP,16,BOA VIAGEM,ATROPELAMENTO DE PESSOA,0,1,0,0,1,0,0,0,0,1,0,Longo da via,Bom,Sem defeito,Perfeito estado,Seca,Perfeito estado,Agente,,,,,,
2022-01-20 00:00:00,,SEM VÍTIMA,FINALIZADA,BOA VISTA,RUA PRINCESA IZABEL,,RUA DA SAUDADE,CHOQUE DE CAMINHÃO COM POSTE SEMAFÓRICO NO CRUZAMENTO DAS RUA PRINCESA IZABEL COM RUA DA SAUDADE. JUNTO DA SDS.  PLACA DO VEÍCULO NÃO FOI INFORMADO ( VEÍCULO EVADIU-SE ).,BOA VISTA,168,CIDADE,CHOQUE,0,0,0,0,0,0,1,0,0,0,0,,,,,,,,,,,,,
2022-01-20 00:00:00,,COM VÍTIMA,FINALIZADA,SANTO ANTÔNIO,PRC DA REPUBLICA,,,AO LADO DO TEATRO SANTA ISABEL,SANTO ANTÔNIO,,SUBURBIO,CHOQUE,1,1,0,0,0,0,0,0,0,1,0,Longo da via,Bom,Não existe,Perfeito estado,Seca,Perfeito estado,Não existe,Outras,,Única,Não existe,,
2022-01-20 00:00:00,,COM VÍTIMA,CANCELADA,GRAÇAS,AV RUI BARBOSA,412,,E/F A CASA DOS FRIOS E CAPELA,GRAÇAS,,,COLISÃO LATERAL,0,0,0,0,0,0,0,0,0,1,0,,,,,,,,,,,,,
2022-01-20 00:00:00,,COM VÍTIMA,FINALIZADA,TORRE,AV BEIRA RIO,,RUA CONDE DE IRAJA,PONTE DA TORRE,TORRE,630,,COLISÃO TRANSVERSAL,1,1,0,0,0,0,0,0,0,2,0,Cruzamento,Bom,Sem defeito,Perfeito estado,Seca,Perfeito estado,Faixa de pedestre,,,Dupla,Faixa contínua,,
2022-01-21 00:00:00,,SEM VÍTIMA,FINALIZADA,PAISSANDU,AV GOVERNADOR AGAMENON MAGALHAES,,,INICIO DA PONTE JOSE BARROS LIMA,PAISSANDU,,,CHOQUE,1,0,0,0,0,0,0,0,0,0,0,,,,,,,,,,,,,
2022-01-21 00:00:00,,COM VÍTIMA,FINALIZADA,BOA VIAGEM,RUA VISCONDE DE JEQUITINHONHA,,RUA BALTAZAR PASSOS,NO SEMÁFORO 154,BOA VIAGEM,154,SUBURBIO,COLISÃO LATERAL,1,1,0,0,0,0,0,0,0,1,0,Cruzamento,Bom,Sem defeito,Perfeito estado,Seca,Perfeito estado,Faixa de retenção,"Placas ""Pare""",40 km/h,Única,Faixa contínua,Faixa seccionada,
2022-01-21 00:00:00,,SEM VÍTIMA,FINALIZADA,PINA,AVENIDA CELSO FURTADO (VIA MANGUE),,,"PROX AO AEROCLUBE,  ANTIGA SEDE DO GTO",PINA,,SUBURBIO,COLISÃO LATERAL,0,0,0,0,0,0,0,0,0,0,0,,,,,,,,,,,,,
2022-01-21 00:00:00,,COM VÍTIMA,CANCELADA,VASCO DA GAMA,RUA VASCO DA GAMA,27,,E/F A TET BEBIDAS E CORREGO DO BOTIJÃO,VASCO DA GAMA,,,COLISÃO LATERAL,0,0,0,0,0,0,0,0,0,1,0,,,,,,,,,,,,,
2022-01-22 00:00:00,,COM VÍTIMA,CANCELADA,AFOGADOS,RUA SAO MIGUEL,,,ACIDENTE COM VÍTIMA - REF. EM FRENTE AO BODE DO NÓ,AFOGADOS,,,COLISÃO FRONTAL,1,1,0,0,0,0,0,0,0,1,0,,,,,,,,,,,,,
2022-01-22 00:00:00,,COM VÍTIMA,FINALIZADA,DERBY,AV GOVERNADOR AGAMENON MAGALHAES,222,,AO LADO APOSTO AO EDIFICIO DA CAIXA ECONOMICA FEDERAL - SENTIDO BOA VIAGEM,DERBY,,SUBURBIO,ATROPELAMENTO DE PESSOA,1,0,0,0,1,0,0,0,0,1,0,Longo da via,Bom,Não existe,Perfeito estado,Seca,Perfeito estado,Outros,Outras,,,Faixa seccionada,,
2022-01-22 00:00:00,,COM VÍTIMA,FINALIZADA,BOA VIAGEM,RUA FRANCISCO DA CUNHA,392,RUA PROFESSOR JOSE BRANDAO,EM FRENTE AO EMPRESARIAL MASTER,BOA VIAGEM,,CIDADE,COLISÃO TRANSVERSAL,2,0,0,0,0,0,0,0,0,1,0,Cruzamento,Bom,Não existe,Perfeito estado,Seca,Perfeito estado,Faixa de retenção,"Placas ""Pare""",,Única,Não existe,,
2022-01-22 00:00:00,,SEM VÍTIMA,CANCELADA,COHAB,RUA TERRA BRANCA,258,RUA IBIRATINGA,IGREJA BATISTA VALE,COHAB,,,COLISÃO TRASEIRA,1,0,0,0,0,0,1,0,0,0,0,,,,,,,,,,,,,
2022-01-22 00:00:00,,COM VÍTIMA,CANCELADA,IPUTINGA,RUA BALTAZAR DA SILVA LISBOA,106,,PRÓX AO CONDOMÍNIO IPUTINGA,IPUTINGA,,,ATROPELAMENTO DE PESSOA,0,1,0,0,1,0,0,0,0,1,0,,,,,,,,,,,,,
2022-01-22 00:00:00,,COM VÍTIMA,FINALIZADA,TORRE,RUA DOM MANOEL DA COSTA,64,RUA BELARMINO CARNEIRO,ACIDENTE COM VITIMA  ENTRE CARRO E MOTO,TORRE,,CIDADE,COLISÃO LATERAL,1,1,0,0,0,0,0,0,0,1,0,Longo da via,Bom,Não existe,Incompleta,Seca,Mal conservada,Não existe,,,Única,Faixa seccionada,,
2022-01-23 00:00:00,,COM VÍTIMA,FINALIZADA,TORRE,RUA TOMAZ GONZAGA,,AV PROFESSOR ESTEVAO FRANCISCO DA COSTA,RUA DO CANAL,TORRE,280,,COLISÃO TRANSVERSAL,1,1,0,0,0,0,0,0,0,2,0,Cruzamento,Bom,Desligado,Perfeito estado,Seca,Perfeito estado,Faixa de pedestre,Não há placas,,Única,Faixa contínua,,
2022-01-23 00:00:00,,COM VÍTIMA,FINALIZADA,DERBY,AV GOVERNADOR AGAMENON MAGALHAES,,RUA HENRIQUE DIAS,PROX A ESTACAO DE ESGOTOS,DERBY,68,OLINDA,COLISÃO LATERAL,0,2,0,0,0,0,0,0,0,1,0,Cruzamento,Bom,Sem defeito,Perfeito estado,Seca,Perfeito estado,Faixa de pedestre,,,Única,Faixa contínua,,
2022-01-23 00:00:00,,COM VÍTIMA,FINALIZADA,PINA,PTE GOVERNADOR PAULO GUERRA,,,PROX AO ENTRADA DO SHOPPING RIOMAR   E/T BOA VIAGEM,PINA,,SUBURBIO,COLISÃO FRONTAL,1,1,0,0,0,0,0,0,0,1,0,Longo da via,Bom,Não existe,Perfeito estado,Seca,Perfeito estado,Não existe,Não há placas,60 km/h,Única,Faixa seccionada,,