data,hora,natureza,situacao,bairro,endereco,numero,detalhe_endereco_acidente,complemento,bairro_cruzamento,num_semaforo,sentido_via,tipo,auto,moto,ciclom,ciclista,pedestre,onibus,caminhao,viatura,outros,vitimas,vitimasfatais,acidente_verificado,tempo_clima,situacao_semaforo,sinalizacao,condicao_via,conservacao_via,ponto_controle,situacao_placa,velocidade_max_via,mao_direcao,divisao_via1,divisao_via2,divisao_via3
2022-02-02 00:00:00,,COM VÍTIMA,FINALIZADA,IMBIRIBEIRA,AV MARECHAL MASCARENHAS DE MORAES,3963,,EM FRENTE A TUPAN,IMBIRIBEIRA,,CIDADE,COLISÃO LATERAL,1,1,0,0,0,0,0,0,0,1,0,Longo da via,Bom,Não existe,Perfeito estado,Seca,Perfeito estado,Não existe,Não há placas,,Dupla,Canteiro central,,
2022-02-02 00:00:00,,COM VÍTIMA,FINALIZADA,PINA,AV ANTONIO DE GOES,534,RUA JOSE MARIANO FILHO,,PINA,538,,COLISÃO FRONTAL,1,1,0,0,0,0,0,0,0,1,0,Cruzamento,Bom,Sem defeito,,Seca,Perfeito estado,Faixa de pedestre,R-19,60 km/h,Única,Faixa contínua,Faixa seccionada,Canteiro central
2022-02-02 00:00:00,,COM VÍTIMA,FINALIZADA,PARNAMIRIM,RUA JOAO TUDE DE MELO,,RUA VIRGINIA LORETO,RUA VIRGINIA LORETO,PARNAMIRIM,649,CARREFOUR,COLISÃO LATERAL,1,1,0,0,0,0,0,0,1,1,0,Longo da via,Bom,Sem defeito,Perfeito estado,Seca,Perfeito estado,Não existe,Não há placas,,Única,Faixa contínua,,
2022-02-02 00:00:00,,COM VÍTIMA,FINALIZADA,IMBIRIBEIRA,AV MARECHAL MASCARENHAS DE MORAES,1681,,CENTRO DE DISTRIBUIÇÃO DA  LAZER ELETRO,IMBIRIBEIRA,,CIDADE,COLISÃO LATERAL,1,1,0,0,0,0,0,0,0,1,0,Longo da via,Bom,Não existe,Perfeito estado,Seca,Perfeito estado,Não existe,Não há placas,,Única,Faixa seccionada,,
2022-02-02 00:00:00,,COM VÍTIMA,CANCELADA,IMBIRIBEIRA,AV MARECHAL MASCARENHAS DE MORAES,,,E/F A HONDA  S/T CID,IMBIRIBEIRA,,,COLISÃO LATERAL,1,1,0,0,0,0,0,0,0,1,0,,,,,,,,,,,,,
2022-02-02 00:00:00,,COM VÍTIMA,FINALIZADA,CAMPO GRANDE,RUA JERONIMO VILELA,,RUA DR JOSE MACHADO,ESQUINA DA PADARIA SANTO ANTONIO,CAMPO GRANDE,565,CIDADE,COLISÃO LATERAL,1,1,0,0,0,0,0,0,0,1,0,Cruzamento,Bom,Desligado,Perfeito estado,Seca,Perfeito estado,Faixa de pedestre,R-6a,,Dupla,Faixa contínua,,
2022-02-02 00:00:00,,COM VÍTIMA,FINALIZADA,JOANA BEZERRA,PTE JOSE DE BARROS LIMA,,,,JOANA BEZERRA,,SUBURBIO,COLISÃO TRANSVERSAL,1,1,0,0,0,0,0,0,0,1,0,Viaduto,Bom,Não existe,Perfeito estado,Seca,Perfeito estado,Não existe,Não há placas,60 km/h,,Faixa contínua,Faixa seccionada,
2022-02-02 00:00:00,,COM VÍTIMA,FINALIZADA,DOIS IRMÃOS,RUA PROF CLAUDIO SELVA,20,,ESCOLA MUNIC. SOCIÓLOGO GILBERTO FREIRE,DOIS IRMÃOS,,SUBURBIO,QUEDA,0,1,0,0,0,0,0,0,0,1,0,Esquina,Bom,Não existe,Perfeito estado,Seca,Perfeito estado,Não existe,Outras,,Dupla,Não existe,,
2022-02-03 00:00:00,,COM VÍTIMA,FINALIZADA,DOIS UNIDOS,AV HILDEBRANDO DE VASCONCELOS,,RUA MARCIA MENDES,PROXIMO AO CT DO SANTA CRUZ,DOIS UNIDOS,,SUBURBIO,COLISÃO TRANSVERSAL,1,1,0,0,0,0,0,0,0,2,0,Cruzamento,Bom,Não existe,Perfeito estado,Seca,Perfeito estado,Faixa de pedestre,"Placas ""Pare""",,Dupla,Faixa seccionada,,
2022-02-03 00:00:00,,SEM VÍTIMA,FINALIZADA,BOA VIAGEM,RUA TENENTE JOAO CICERO,486,RUA MINISTRO NELSON HUNGRIA,ED. PRAIA DE IPANEMA,BOA VIAGEM,,SUBURBIO,CHOQUE,1,0,0,0,0,0,0,0,0,0,0,Cruzamento,Bom,Não existe,Perfeito estado,Seca,Perfeito estado,Faixa de pedestre,Outras,,Única,Não existe,,
2022-02-03 00:00:00,,COM VÍTIMA,FINALIZADA,GRAÇAS,RUA DO FUTURO,480,,E/F AO EDIFICIO CHAMPERY,GRAÇAS,,CIDADE,COLISÃO COM CICLISTA,1,0,0,1,0,0,0,0,0,1,0,Longo da via,Bom,Não existe,Perfeito estado,Seca,Perfeito estado,Não existe,Outras,,Única,Faixa seccionada,,
2022-02-03 00:00:00,,SEM VÍTIMA,FINALIZADA,AREIAS,AV TAPAJOS,73,,OPOSTO CANTINHO DO BINA,AREIAS,620,,COLISÃO TRASEIRA,1,0,0,0,0,0,0,1,0,0,0,Longo da via,Bom,Sem defeito,Incompleta,Seca,Perfeito estado,Não existe,R-6c,,Dupla,Não existe,,
2022-02-03 00:00:00,,COM VÍTIMA,FINALIZADA,BOA VIAGEM,RUA VISCONDE DE JEQUITINHONHA,,RUA BALTAZAR PASSOS,,BOA VIAGEM,154,SUBURBIO,COLISÃO LATERAL,1,1,0,0,0,0,0,0,0,1,0,Cruzamento,Bom,Sem defeito,Perfeito estado,Seca,Perfeito estado,Faixa de pedestre,"Placas ""Dê a preferência""",,,Faixa seccionada,,
2022-02-03 00:00:00,,COM VÍTIMA,FINALIZADA,IBURA,LAD DA COHAB,,,NA SUBIDA DA LADEIRA,IBURA,,CIDADE,COLISÃO LATERAL,1,1,0,0,0,0,0,0,0,1,0,Outros,Bom,Não existe,Ilegível,Seca,Perfeito estado,Não existe,Não há placas,,Dupla,Faixa contínua,,
2022-02-03 00:00:00,,COM VÍTIMA,FINALIZADA,PORTO DA MADEIRA,AV CIDADE DE MONTEIRO,,RUA RIO BEBERIBE,E/F AO ARMAZEN CORAL,PORTO DA MADEIRA,,SUBURBIO,COLISÃO TRANSVERSAL,0,1,0,0,0,1,0,0,0,1,0,Cruzamento,Bom,Não existe,Perfeito estado,Seca,Perfeito estado,Faixa de pedestre,R-6a,,Dupla,Faixa contínua,Faixa seccionada,
2022-02-04 00:00:00,,COM VÍTIMA,FINALIZADA,CAXANGÁ,AV CAXANGA,4973,,LADO OPOSTO AO GOLF CLUB,CAXANGÁ,,CIDADE,COLISÃO TRASEIRA,1,1,0,0,0,0,0,0,0,1,0,Longo da via,Bom,Não existe,Perfeito estado,Seca,Perfeito estado,Não existe,Não há placas,,Única,,,
2022-02-04 00:00:00,,SEM VÍTIMA,FINALIZADA,BONGI,AV ENGENHEIRO ABDIAS DE CARVALHO,1749,,PRÓX AO COMPAZ,BONGI,,,CHOQUE,0,0,0,0,0,0,0,0,0,0,0,Longo da via,Bom,Não existe,Perfeito estado,Seca,Perfeito estado,Não existe,,,Dupla,Canteiro central,,
2022-02-04 00:00:00,,COM VÍTIMA,FINALIZADA,TORRÕES,AV ENGENHEIRO ABDIAS DE CARVALHO,90,,"EM FRENTE A MEGA PEDRAS, SENTIDO CENTRO",TORRÕES,,,COLISÃO LATERAL,1,1,0,0,0,0,0,0,0,1,0,Longo da via,Bom,Não existe,Não existente,Seca,Perfeito estado,Não existe,Não há placas,60 km/h,Dupla,Canteiro central,,
2022-02-04 00:00:00,,COM VÍTIMA,FINALIZADA,BOA VIAGEM,AVENIDA CELSO FURTADO (VIA MANGUE),,,PRÓXIMO À BIFURCAÇÃO (PRIMEIRA) QUE DÁ ACESSO À RUA ANTÔNIO FALCÃO,BOA VIAGEM,,SUBURBIO,COLISÃO LATERAL,1,1,0,0,0,0,0,0,0,1,0,Longo da via,Bom,Não existe,Perfeito estado,Seca,Perfeito estado,Não existe,Não há placas,,Dupla,Blocos,,
2022-02-04 00:00:00,,COM VÍTIMA,FINALIZADA,IMBIRIBEIRA,VIADUTO TANCREDO NEVES,,,NA DESCIDA DO VIADUTO/ SENTIDO AV. RECIFE - ALÇA DE ACESSO A AV MAL MASCARENHAS DE MORAIS,IMBIRIBEIRA,,AV RECIFE,COLISÃO TRASEIRA,1,1,0,0,0,0,0,0,0,1,0,Viaduto,Bom,Não existe,Perfeito estado,Seca,Perfeito estado,Não existe,Não há placas,,Única,Faixa seccionada,,
2022-02-04 00:00:00,,COM VÍTIMA,FINALIZADA,SANTO AMARO,AV DR JAYME DA FONTE,66,AV GOVERNADOR AGAMENON MAGALHAES,PROXIMO AO SEMÁFORO 049 / LADO OPOSTO AO CAMPO DO 11,SANTO AMARO,,SUBURBIO,COLISÃO LATERAL,1,1,0,0,0,0,0,0,0,1,0,Longo da via,Bom,Não existe,Perfeito estado,Seca,Perfeito estado,Não existe,Não há placas,,Dupla,Canteiro central,,
2022-02-04 00:00:00,,COM VÍTIMA,CANCELADA,BOA VIAGEM,RUA CAPITAO ZUZINHA,237,RUA FELICIANO JOSE DE FARIAS,PRÓX A VITORIA PRAIA HOTEL,BOA VIAGEM,,,COLISÃO LATERAL,0,0,0,0,0,0,0,0,0,1,0,,,,,,,,,,,,,
2022-02-04 00:00:00,,COM VÍTIMA,FINALIZADA,ÁGUA FRIA,RUA MANOEL SILVA,361,,E/F AO ESPETINHO DO BEU,ÁGUA FRIA,,CIDADE,COLISÃO LATERAL,2,1,0,0,0,0,0,0,0,1,0,Longo da via,Bom,Não existe,Perfeito estado,Seca,Perfeito estado,Não existe,Não há placas,,Dupla,Não existe,,
2022-02-06 00:00:00,,SEM VÍTIMA,FINALIZADA,CAMPO GRANDE,AV GOVERNADOR AGAMENON MAGALHAES,,RUA ODORICO MENDES,,CAMPO GRANDE,,,CAPOTAMENTO,2,0,0,0,0,0,0,0,0,0,0,,,,,,,,,,,,,
2022-02-06 00:00:00,,COM VÍTIMA,CANCELADA,IBURA,AV JORNALISTA COSTA PORTO,190,,EM FRENTE A COMPESA  /,IBURA,,,COLISÃO FRONTAL,1,1,0,0,0,0,0,0,0,1,0,,,,,,,,,,,,,
2022-02-06 00:00:00,,COM VÍTIMA,FINALIZADA,IBURA,AV SANTOS,160,,EM FRENTE A COMPESA  /,IBURA,,CIDADE,COLISÃO TRANSVERSAL,1,1,0,0,0,0,0,0,0,1,0,Longo da via,Bom,Não existe,Perfeito estado,Seca,Perfeito estado,Não existe,Não há placas,,Dupla,Não existe,,
2022-02-06 00:00:00,,COM VÍTIMA,FINALIZADA,SÃO JOSÉ,RUA IMPERIAL,987,TRV DO RAPOSO,EM FRENTE A CM FERRAGENS /,SÃO JOSÉ,510,SUBURBIO,COLISÃO TRANSVERSAL,1,1,0,0,0,0,0,0,0,1,0,Cruzamento,Bom,Sem defeito,Perfeito estado,Seca,Perfeito estado,Faixa de pedestre,Outras,,Única,,,
2022-02-06 00:00:00,,COM VÍTIMA,FINALIZADA,PINA,RUA MANOEL DE BRITO,207,RUA MELQUI RIBEIRO ROMA,PROXIMO AO BATALHÃO 19º / AO LADO DO CORPUS MOTEL,PINA,,CIDADE,COLISÃO LATERAL,1,1,0,0,0,0,0,0,0,1,0,Longo da via,Bom,Não existe,Perfeito estado,Seca,Perfeito estado,Não existe,Não há placas,,Única,Faixa contínua,,
2022-02-06 00:00:00,,COM VÍTIMA,CANCELADA,BOMBA DO HEMETÉRIO,RUA BOMBA DO HEMETERIO,,,E/F A ESCOLA MARDONIO COELHO,BOMBA DO HEMETÉRIO,,,ATROPELAMENTO DE PESSOA,1,0,0,0,1,0,0,0,0,1,0,,,,,,,,,,,,,
2022-02-06 00:00:00,,COM VÍTIMA,FINALIZADA,TEJIPIÓ,AV DR JOSE RUFINO,2984,,"VIADUTO DO BARRO, SNT JABOATAO / PRÓX AO COLÉGIO ALBERTO TORRE",TEJIPIÓ,,SUBURBIO,COLISÃO TRASEIRA,2,1,0,0,0,0,0,0,0,1,0,Longo da via,Bom,Não existe,Perfeito estado,Seca,Perfeito estado,Não existe,Não há placas,,Dupla,Faixa contínua,,
2022-02-06 00:00:00,,SEM VÍTIMA,FINALIZADA,AFOGADOS,RUA SAO MIGUEL,,,EM FRENTE AO DEPATRI,AFOGADOS,,,COLISÃO TRANSVERSAL,0,0,0,0,0,0,0,0,0,0,0,,,,,,,,,,,,,
2022-02-07 00:00:00,,SEM VÍTIMA,FINALIZADA,BOA VIAGEM,AVENIDA CELSO FURTADO (VIA MANGUE),,,SENT. BOA VIAGEM,BOA VIAGEM,,,COLISÃO TRASEIRA,1,1,0,0,0,0,0,0,0,0,0,,,,,,,,,,,,,
2022-02-07 00:00:00,,SEM VÍTIMA,CANCELADA,TORRÕES,RUA TUMIRITINGA,115,,NA RUA DA PADARIA MAX PÃO,TORRÕES,,,QUEDA,0,0,0,0,0,0,0,0,0,0,0,,,,,,,,,,,,,
2022-02-07 00:00:00,,COM VÍTIMA,FINALIZADA,SANTO AMARO,AV CRUZ CABUGA,165,,EM FRENTE A IGREJA UNIVERSAL DA CABUGÁ,SANTO AMARO,,,COLISÃO LATERAL,1,1,0,0,0,0,0,0,0,2,0,Longo da via,Bom,Não existe,Perfeito estado,Seca,Perfeito estado,,Outras,,Dupla,Faixa contínua,Faixa seccionada,
2022-02-08 00:00:00,,COM VÍTIMA,CANCELADA,AFOGADOS,RUA SAO MIGUEL,1428,,E/F AO BODE DO NO,AFOGADOS,,,COLISÃO LATERAL,0,0,0,0,0,0,0,0,0,1,0,,,,,,,,,,,,,
2022-02-09 00:00:00,,COM VÍTIMA,FINALIZADA,SANTO ANTÔNIO,PRC DA REPUBLICA,S/N,,EM FRENTE AO PALACIO DO GOVERNO,SANTO ANTÔNIO,488,SUBURBIO,COLISÃO COM CICLISTA,1,0,0,1,0,0,0,0,0,1,0,Cruzamento,Bom,Sem defeito,Perfeito estado,Seca,Perfeito estado,Faixa de pedestre,Outras,40 km/h,Única,Faixa seccionada,,
2022-02-09 00:00:00,,COM VÍTIMA,FINALIZADA,SANTO AMARO,RUA DO POMBAL,,RUA PEDRO AFONSO,EM FRENTE AO IML,SANTO AMARO,,SUBURBIO,COLISÃO TRANSVERSAL,1,1,0,0,0,0,0,0,0,2,0,Cruzamento,Bom,Não existe,Perfeito estado,Seca,Perfeito estado,Faixa de retenção,Outras,,Dupla,Faixa seccionada,,
2022-02-09 00:00:00,,SEM VÍTIMA,FINALIZADA,AFLITOS,AV CONS ROSA E SILVA,1433,,,AFLITOS,,SUBURBIO,,2,0,0,0,0,0,0,0,0,0,0,Longo da via,Bom,Não existe,Perfeito estado,Seca,Perfeito estado,Não existe,R-6a,,Única,Faixa seccionada,,
2022-02-09 00:00:00,,COM VÍTIMA,FINALIZADA,BOA VISTA,RUA JOAO FERNANDES VIEIRA,560,,QUASE ENFRENTE A SUBWAI,BOA VISTA,,CIDADE,COLISÃO TRASEIRA,0,1,0,0,0,0,0,1,0,1,0,Longo da via,Bom,Não existe,Perfeito estado,Seca,Perfeito estado,Não existe,R-6a,,Única,Faixa seccionada,,
2022-02-09 00:00:00,,COM VÍTIMA,FINALIZADA,APIPUCOS,RUA DE APIPUCOS,400,,PRÓX À CAMATEX - COLCHÕES E ACESSÓRIOS,APIPUCOS,,CIDADE,COLISÃO TRASEIRA,1,1,0,0,0,0,0,0,0,1,0,Longo da via,Bom,Não existe,Perfeito estado,Seca,Perfeito estado,Não existe,Não há placas,40 km/h,Dupla,Faixa contínua,,
2022-02-09 00:00:00,,COM VÍTIMA,FINALIZADA,BEBERIBE,AV BEBERIBE,2315,,EM FRENTE AO DEPÓSITO DO ITALIANO,BEBERIBE,,SUBURBIO,COLISÃO FRONTAL,1,0,1,0,0,0,0,0,0,1,0,Longo da via,Bom,Não existe,Ilegível,Seca,Perfeito estado,Não existe,R-6a,60 km/h,Dupla,Faixa contínua,,
2022-02-10 00:00:00,,SEM VÍTIMA,FINALIZADA,SAN MARTIN,RUA DELMIRO GOUVEIA,333,,EM FRENTE A CHESF,SAN MARTIN,,,COLISÃO LATERAL,2,0,0,0,0,0,0,0,0,0,0,,,,,,,,,,,,,
2022-02-10 00:00:00,,COM VÍTIMA,FINALIZADA,ILHA DO RETIRO,PTE PREFEITO LIMA DE CASTRO,,,SOBRE A PONTE PREFEITO LIMA DE CASTRO,ILHA DO RETIRO,,CIDADE,COLISÃO TRASEIRA,1,1,0,0,0,0,0,0,0,1,0,Ponte,Bom,Não existe,Perfeito estado,Seca,Perfeito estado,Não existe,Não há placas,,Dupla,Faixa contínua,,
2022-02-10 00:00:00,,COM VÍTIMA,FINALIZADA,SANTO ANTÔNIO,RUA SIQUEIRA CAMPOS,,AV MARTINS DE BARROS,POR TRAS DO BANDO SANTANDER,SANTO ANTÔNIO,,CIDADE,COLISÃO LATERAL,1,1,0,0,0,0,0,0,0,1,0,Esquina,Bom,Não existe,Perfeito estado,Seca,Perfeito estado,Não existe,R-6a,60 km/h,Única,Faixa contínua,Faixa seccionada,
2022-02-10 00:00:00,,COM VÍTIMA,FINALIZADA,SANTO AMARO,AV GOVERNADOR AGAMENON MAGALHAES,,,,SANTO AMARO,,,COLISÃO COM CICLISTA,0,1,0,1,0,0,0,0,0,1,0,Longo da via,Bom,Sem defeito,Perfeito estado,Seca,Perfeito estado,Faixa de pedestre,Não há placas,60 km/h,Dupla,Canteiro central,,
2022-02-09 00:00:00,,COM VÍTIMA,FINALIZADA,IMBIRIBEIRA,AV MARECHAL MASCARENHAS DE MORAES,,,,IMBIRIBEIRA,570,SUBURBIO,ATROPELAMENTO DE PESSOA,1,0,0,0,1,0,0,0,0,1,0,Longo da via,Bom,Não existe,Não existente,Seca,Perfeito estado,,,60 km/h,Única,Faixa,,
2022-02-10 00:00:00,,COM VÍTIMA,FINALIZADA,BOA VISTA,RUA PRINCESA IZABEL,,RUA AURORA,ESQUINA DA PONTE PRINCESA IZABEL,BOA VISTA,22,SUBURBIO,ATROPELAMENTO DE PESSOA,1,0,0,0,1,0,0,0,0,1,0,Cruzamento,Bom,Sem defeito,Perfeito estado,Seca,Perfeito estado,Faixa de pedestre,Não há placas,,Única,Não existe,,
2022-02-10 00:00:00,,COM VÍTIMA,FINALIZADA,CORDEIRO,RUA DR MIGUEL VIEIRA FERREIRA,275,RUA CLAUDIO BROTHERHOOD,E/F AO BETO BEBIDAS,CORDEIRO,,,COLISÃO TRANSVERSAL,1,1,0,0,0,0,0,0,0,1,0,Cruzamento,Bom,Não existe,Perfeito estado,Seca,Perfeito estado,Faixa de retenção,Outras,,Dupla,Faixa contínua,,
2022-02-10 00:00:00,,COM VÍTIMA,FINALIZADA,SANTO AMARO,PTE DO LIMOEIRO,,,APÓS A CONTEX / NO MEIO DA PTE DO LIMOEIRO,SANTO AMARO,,CIDADE,COLISÃO LATERAL,1,1,0,0,0,0,0,0,0,1,0,Ponte,Bom,Não existe,Perfeito estado,Seca,Perfeito estado,Não existe,Não há placas,60 km/h,Dupla,Faixa contínua,,
2022-02-11 00:00:00,,SEM VÍTIMA,FINALIZADA,BOA VIAGEM,RUA PADRE BERNADINO PESSOA,,,COLÉGIO SANTA MARIA,BOA VIAGEM,,,RENDIÇÃO,0,0,0,0,0,0,0,0,0,0,0,,,,,,,,,,,,,
2022-02-11 00:00:00,,SEM VÍTIMA,FINALIZADA,,RUA REALEZA,58,AV CENTRAL,,,,SUBURBIO,,1,0,0,0,0,0,1,0,0,0,0,Longo da via,Bom,Não existe,Não existente,Seca,Perfeito estado,Não existe,Não há placas,,Dupla,Não existe,,
2022-02-11 00:00:00,,COM VÍTIMA,FINALIZADA,TAMARINEIRA,RUA CONEGO BARATA,,,"PROX. A FERREIRA COSTA, SENT. AFOGADOS",TAMARINEIRA,,,OUTROS,0,0,0,0,0,1,0,0,0,1,0,Longo da via,Bom,Não existe,Perfeito estado,Seca,Perfeito estado,Não existe,R-6c,40 km/h,Dupla,Faixa seccionada,Canteiro central,
2022-02-11 00:00:00,,COM VÍTIMA,FINALIZADA,CASA FORTE,AV DEZESSETE DE AGOSTO,892,,E/F AO EDF. CASA GRANDE D'SANTANNA,CASA FORTE,,SUBURBIO,COLISÃO FRONTAL,1,1,0,0,0,0,0,0,0,1,0,Longo da via,Bom,Não existe,Perfeito estado,Seca,Perfeito estado,Não existe,R-6a,60 km/h,Dupla,Faixa contínua,,
2022-02-11 00:00:00,,COM VÍTIMA,FINALIZADA,ILHA DO RETIRO,RUA SPORT CLUBE DO RECIFE,,,E/F A LOJA CAZÁ DO SPORT,ILHA DO RETIRO,367,CIDADE,CHOQUE,2,1,0,0,0,0,0,0,0,1,0,Longo da via,Bom,Sem defeito,Perfeito estado,Seca,Perfeito estado,Não existe,R-6a,,Dupla,Faixa contínua,Faixa seccionada,Canteiro central
2022-02-11 00:00:00,,COM VÍTIMA,FINALIZADA,SANTO AMARO,AV CRUZ CABUGA,,RUA FREI CASSIMIRO,ENFRENTE AO SENAI,SANTO AMARO,,,COLISÃO TRANSVERSAL,1,1,0,0,0,0,0,0,0,1,0,Cruzamento,Bom,Não existe,Não existente,Seca,Perfeito estado,Faixa de pedestre,Outras,,Dupla,Faixa contínua,Faixa seccionada,
2022-02-11 00:00:00,,COM VÍTIMA,CANCELADA,TORRÕES,AV ENGENHEIRO ABDIAS DE CARVALHO,,,ENFRENTE A DLP,TORRÕES,,,COLISÃO TRASEIRA,1,1,0,0,0,0,0,0,0,1,0,,,,,,,,,,,,,
2022-02-11 00:00:00,,COM VÍTIMA,FINALIZADA,IPSEP,AV RECIFE,3273,,AUTOPEÇAS JK,IPSEP,247,CIDADE,COLISÃO TRASEIRA,1,1,0,0,0,0,0,0,0,1,0,Longo da via,Bom,Sem defeito,Perfeito estado,Seca,Perfeito estado,Faixa de pedestre,Não há placas,60 km/h,Única,Canteiro central,,
2022-02-11 00:00:00,,SEM VÍTIMA,FINALIZADA,IPUTINGA,AV CAXANGA,3010,,ENFRENTE AO MERCADO EXTRA,IPUTINGA,,,COLISÃO LATERAL,1,1,0,0,0,0,0,0,0,0,0,,,,,,,,,,,,,
2022-02-11 00:00:00,,COM VÍTIMA,FINALIZADA,SANTO AMARO,AV GOVERNADOR AGAMENON MAGALHAES,,,E/F AO POSTO BR,SANTO AMARO,,OLINDA,ATROPELAMENTO DE PESSOA,0,0,0,0,1,1,0,0,0,1,0,Longo da via,Bom,Não existe,Perfeito estado,Seca,,Não existe,Não há placas,60 km/h,Dupla,Faixa seccionada,Canal,
2022-02-11 00:00:00,,COM VÍTIMA,FINALIZADA,IBURA,AV DOIS RIOS,,,LADEIRA DA CHOAB,IBURA,,,COLISÃO FRONTAL,0,1,0,0,0,1,0,0,0,2,0,Longo da via,Bom,Não existe,Ilegível,Seca,Perfeito estado,Agente,Não há placas,60 km/h,Dupla,Não existe,,
2022-02-11 00:00:00,,SEM VÍTIMA,CANCELADA,AREIAS,AV RECIFE,,,E/F A FARMACIA PAGUE MENOS,AREIAS,,,COLISÃO TRASEIRA,2,0,0,0,0,0,0,0,0,0,0,,,,,,,,,,,,,
2022-02-11 00:00:00,,COM VÍTIMA,FINALIZADA,APIPUCOS,AV DEZESSETE DE AGOSTO,1893,RUA MARQUES DE TAMANDARE,E/F AO BAR CHEFE,APIPUCOS,,,COLISÃO TRANSVERSAL,1,1,0,0,0,0,0,0,0,1,0,Cruzamento,Bom,Não existe,Perfeito estado,Seca,Perfeito estado,Não existe,Não há placas,,Dupla,Faixa contínua,,
2022-02-12 00:00:00,,SEM VÍTIMA,FINALIZADA,ENCRUZILHADA,AV NORTE MIGUEL ARRAES DE ALENCAR,,RUA ALFREDO DE CASTRO,,ENCRUZILHADA,665,,COLISÃO TRANSVERSAL,2,0,0,0,0,0,0,0,0,0,0,Cruzamento,Bom,Sem defeito,Perfeito estado,Seca,Perfeito estado,Faixa de pedestre,,,Dupla,Canteiro central,,
2022-02-12 00:00:00,,COM VÍTIMA,FINALIZADA,ALTO SANTA TERESINHA,AV ANIBAL BENEVOLO,1585,,EM FRENTE AO COMPAZ,ALTO SANTA TERESINHA,,CIDADE,CHOQUE,2,1,0,0,0,0,0,0,0,2,0,Longo da via,Bom,Não existe,Incompleta,Seca,Mal conservada,Não existe,Não há placas,,Dupla,Não existe,,
2022-02-12 00:00:00,,SEM VÍTIMA,CANCELADA,VÁRZEA,AV CAXANGA,,,LADO OPOSTO A UPA DA CAXANGÁ,VÁRZEA,281,CIDADE,COLISÃO TRASEIRA,3,0,0,0,0,0,0,0,0,0,0,,,,,,,,,,,,,
2022-02-12 00:00:00,,COM VÍTIMA,FINALIZADA,BOA VIAGEM,RUA ERNESTO DE PAULA SANTOS,,AV ENGENHEIRO DOMINGOS FERREIRA,EM FRENTE A LOJA  DE SAPATOS CONSTANCE,BOA VIAGEM,217,SUBURBIO,COLISÃO LATERAL,1,1,0,0,0,0,0,0,0,1,0,Longo da via,Chuvoso,Sem defeito,Perfeito estado,Molhada,Perfeito estado,Faixa de retenção,Não há placas,,Única,Faixa contínua,,
2022-02-12 00:00:00,,SEM VÍTIMA,CANCELADA,IMBIRIBEIRA,AV RECIFE,,,EM FRENTE AO SAL E BRASA  / SENT BOA VIAGEM,IMBIRIBEIRA,,,COLISÃO LATERAL,0,2,0,0,0,0,0,0,0,0,0,,,,,,,,,,,,,
2022-02-12 00:00:00,,COM VÍTIMA,CANCELADA,DERBY,AV GOVERNADOR AGAMENON MAGALHAES,,,PROXIMO DO BANCO DO BRASIL / SENTIDO OLINDA,DERBY,,,COLISÃO LATERAL,1,1,0,0,0,0,0,0,0,1,0,,,,,,,,,,,,,
2022-02-12 00:00:00,,COM VÍTIMA,FINALIZADA,CASA AMARELA,AV NORTE MIGUEL ARRAES DE ALENCAR,,,EM FRENTE AO  NUCLEO DA DEVESA CIVIL,CASA AMARELA,676,,COLISÃO TRASEIRA,1,1,0,0,0,0,0,0,0,1,0,Longo da via,Bom,Sem defeito,Perfeito estado,Seca,Perfeito estado,Faixa de pedestre,R-6a,,Dupla,Canteiro central,,
2022-02-12 00:00:00,,COM VÍTIMA,FINALIZADA,BOA VIAGEM,RUA SA E SOUZA,692,RUA IZABEL MAGALHAES,EM FRENTE AO EDIFICIO PRAIA DE ITAGUAÇÚ,BOA VIAGEM,,SUBURBIO,QUEDA,0,1,0,0,0,0,0,0,0,1,0,Cruzamento,Bom,Não existe,Não existente,Seca,Perfeito estado,Não existe,Não há placas,,Dupla,Faixa seccionada,,
2022-02-12 00:00:00,,COM VÍTIMA,CANCELADA,IMBIRIBEIRA,AV MARECHAL MASCARENHAS DE MORAES,,,NO SEMAFORO 290,IMBIRIBEIRA,,,COLISÃO TRASEIRA,1,1,0,0,0,0,0,0,0,1,0,,,,,,,,,,,,,
2022-02-12 00:00:00,,COM VÍTIMA,FINALIZADA,JOANA BEZERRA,VDO PAPA JOAO PAULO II,,,EM BAIXO DO VIADUTO JOANA BEZERRA AO LADO DA AACD,JOANA BEZERRA,,,COLISÃO FRONTAL,2,0,0,0,0,0,0,0,0,1,0,Longo da via,Bom,Não existe,Incompleta,,Mal conservada,Não existe,Não há placas,,,Não existe,,
2022-02-12 00:00:00,,COM VÍTIMA,FINALIZADA,ARRUDA,AV BEBERIBE,,AV PROFESSOR JOSE DOS ANJOS,E/F AO CAMPO DO ARRUDA,ARRUDA,,CIDADE,COLISÃO FRONTAL,1,1,0,0,0,0,0,0,0,2,0,Longo da via,Bom,Sem defeito,Perfeito estado,Seca,Perfeito estado,,R-6a,,Dupla,Faixa contínua,,