data,hora,natureza,situacao,bairro,endereco,numero,detalhe_endereco_acidente,complemento,bairro_cruzamento,num_semaforo,sentido_via,tipo,auto,moto,ciclom,ciclista,pedestre,onibus,caminhao,viatura,outros,vitimas,vitimasfatais,acidente_verificado,tempo_clima,situacao_semaforo,sinalizacao,condicao_via,conservacao_via,ponto_controle,situacao_placa,velocidade_max_via,mao_direcao,divisao_via1,divisao_via2,divisao_via3
2022-02-12 00:00:00,,COM VÍTIMA,FINALIZADA,TORRE,PTE DO VINTEM,,,EM CIMA DO VIADUTO,TORRE,,AV NORTE,COLISÃO LATERAL,1,1,0,0,0,0,0,0,0,1,0,Viaduto,Bom,Não existe,Não existente,Seca,Perfeito estado,Não existe,Não há placas,,Única,Canteiro central,,
2022-02-13 00:00:00,,COM VÍTIMA,FINALIZADA,PRADO,RUA RODRIGUES DE MENDONCA,45,RUA PANDIA CALOGERAS,ENFRENTE AO EDFICIO RENOIR,PRADO,,SUBURBIO,COLISÃO LATERAL,2,0,0,0,0,0,0,0,0,1,0,Cruzamento,Bom,Não existe,Incompleta,Seca,Perfeito estado,Faixa de pedestre,Não há placas,,Única,Faixa contínua,,
2022-02-13 00:00:00,,COM VÍTIMA,FINALIZADA,LINHA DO TIRO,RUA ELADIO CAMBOIM,251,RUA URIEL DE HOLANDA,PRÓX À PADARIA PÃO DE OURO,LINHA DO TIRO,,,ATROPELAMENTO DE PESSOA,0,1,0,0,1,0,0,0,0,1,0,Longo da via,Bom,Não existe,Não existente,Seca,Perfeito estado,Não existe,Não há placas,,Dupla,Não existe,,
2022-02-13 00:00:00,,COM VÍTIMA,CANCELADA,PINA,AV ANTONIO DE GOES,275,,CENTRO DIAGNÓTICO LUCILO ÁVILA,PINA,,,COLISÃO TRASEIRA,1,1,0,0,0,0,0,0,0,1,0,,,,,,,,,,,,,
2022-02-13 00:00:00,,SEM VÍTIMA,FINALIZADA,BOA VIAGEM,RUA BRUNO VELOSO,,AV ENGENHEIRO DOMINGOS FERREIRA,,BOA VIAGEM,,,COLISÃO LATERAL,2,0,0,0,0,0,0,0,0,0,0,,,,,,,,,,,,,
2022-02-13 00:00:00,,COM VÍTIMA,FINALIZADA,CORDEIRO,AV CAXANGA,2555,AV INACIO MONTEIRO,ENFRENTE A DROGASIL,CORDEIRO,234,CIDADE,COLISÃO TRANSVERSAL,1,1,0,0,0,0,0,0,0,1,0,Cruzamento,Bom,Sem defeito,Incompleta,Seca,Perfeito estado,,R-6a,60 km/h,Dupla,Faixa contínua,Canteiro central,
2022-02-13 00:00:00,,COM VÍTIMA,FINALIZADA,JORDÃO,RUA ALBERTO LUNDGREN,83,RUA DR ALVARO FERRAZ,ENFRENTE AO BALAIO,JORDÃO,,,ATROPELAMENTO DE PESSOA,0,0,0,0,1,1,0,0,0,1,0,Cruzamento,Bom,Não existe,Perfeito estado,Seca,Perfeito estado,Faixa de pedestre,R-6a,,Dupla,Faixa contínua,,
2022-02-13 00:00:00,,SEM VÍTIMA,FINALIZADA,IBURA,,31A,,EM FRENTE DROGARIAS IBURA,IBURA,,SUBURBIO,COLISÃO FRONTAL,1,0,0,0,0,0,0,1,0,0,0,Longo da via,Bom,Não existe,Não existente,Seca,Perfeito estado,Não existe,"Placas ""Pare""",40 km/h,Dupla,Não existe,,
2022-02-13 00:00:00,,COM VÍTIMA,CANCELADA,TEJIPIÓ,AV DR JOSE RUFINO,3254,,E/F AO 14  BATALHAO / SEMAFORO 208,TEJIPIÓ,,,COLISÃO TRASEIRA,1,1,0,1,0,0,0,0,0,1,0,,,,,,,,,,,,,
2022-02-14 00:00:00,,SEM VÍTIMA,FINALIZADA,CAXANGÁ,AV CAXANGA,,,IPUTINGA VEÍCULOS,CAXANGÁ,,SUBURBIO,COLISÃO FRONTAL,1,0,0,0,0,0,0,1,0,0,0,,,,,,,,,,,,,
2022-02-14 00:00:00,,SEM VÍTIMA,FINALIZADA,BOA VIAGEM,RUA RIO AZUL,99,,E/F AO ARMAZEM DE CONSTRUÇÃO,BOA VIAGEM,,SUBURBIO,,1,0,0,0,0,0,0,0,0,0,0,Longo da via,Bom,Não existe,Perfeito estado,Seca,Perfeito estado,Não existe,Não há placas,,Única,Faixa seccionada,,
2022-02-14 00:00:00,,COM VÍTIMA,FINALIZADA,CAMPINA DO BARRETO,RUA DOS PEIXINHOS,987,,EM FRENTE AO ORATÓRIO DA DIVINA PROVIDÊNCIA,CAMPINA DO BARRETO,,CIDADE,COLISÃO LATERAL,1,1,0,0,0,0,0,0,0,1,0,Longo da via,Bom,Não existe,Não existente,Seca,Perfeito estado,Não existe,Não há placas,,Dupla,Não existe,,
2022-02-14 00:00:00,,COM VÍTIMA,CANCELADA,ESPINHEIRO,RUA CONS PORTELA,,RUA QUARENTA E OITO,EM FRENTE AO BIGCAR,ESPINHEIRO,11,,COLISÃO LATERAL,1,1,0,0,0,0,0,0,0,1,0,,,,,,,,,,,,,
2022-02-14 00:00:00,,COM VÍTIMA,FINALIZADA,TEJIPIÓ,AV DR JOSE RUFINO,3795,,EM FRENTE A ESTAÇÃO TEJIPIO,TEJIPIÓ,,SUBURBIO,COLISÃO TRANSVERSAL,1,1,0,0,0,0,0,0,0,1,0,Longo da via,Bom,Não existe,Incompleta,Seca,Perfeito estado,Não existe,Não há placas,,Dupla,Faixa contínua,,
2022-02-14 00:00:00,,COM VÍTIMA,CANCELADA,PORTO DA MADEIRA,AV BEBERIBE,,,EM FRENTE AO COLEGIO NOVENTA GRAUS,PORTO DA MADEIRA,,,COLISÃO LATERAL,0,2,0,0,0,0,0,0,0,2,0,,,,,,,,,,,,,
2022-02-15 00:00:00,,COM VÍTIMA,FINALIZADA,TAMARINEIRA,AV NORTE MIGUEL ARRAES DE ALENCAR,,EST VELHA DE AGUA FRIA,PROXIMO A FERREIRA COSTA,TAMARINEIRA,62,CIDADE,COLISÃO TRASEIRA,0,2,0,0,0,0,0,0,0,1,0,Cruzamento,Bom,Sem defeito,Perfeito estado,Seca,Perfeito estado,Faixa de pedestre,R-6a,60 km/h,Dupla,Faixa contínua,,
2022-02-15 00:00:00,,COM VÍTIMA,FINALIZADA,ALTO JOSÉ BONIFÁCIO,RUA ALTO JOSE BONIFACIO,192,RUA CORREGO DO EUCLIDES,PROX. A RODINHA,ALTO JOSÉ BONIFÁCIO,,CIDADE,COLISÃO COM CICLISTA,0,1,0,1,0,0,0,0,0,1,0,Esquina,Bom,Não existe,Perfeito estado,Seca,Perfeito estado,Faixa de pedestre,Outras,,Dupla,Faixa contínua,Faixa seccionada,
2022-02-15 00:00:00,,COM VÍTIMA,FINALIZADA,ÁGUA FRIA,EST VELHA DE AGUA FRIA,727,,"ESPAÇO TAMARINEIRA,  JPK ENERGY",ÁGUA FRIA,,CIDADE,COLISÃO COM CICLISTA,0,1,0,1,0,0,0,0,0,1,0,Longo da via,Bom,Não existe,Perfeito estado,Seca,Perfeito estado,Não existe,R-6a,60 km/h,Dupla,Faixa contínua,,
2022-02-15 00:00:00,,COM VÍTIMA,FINALIZADA,IPUTINGA,AV CAXANGA,,EST DO BARBALHO,PRÓX AO BIG BOMPREÇO E CACAU SHOW,IPUTINGA,533,,COLISÃO TRASEIRA,0,2,0,0,0,0,0,0,0,1,0,Cruzamento,Bom,Sem defeito,Perfeito estado,Seca,Perfeito estado,Agente,R-26,60 km/h,Dupla,Canteiro central,,
2022-02-15 00:00:00,,SEM VÍTIMA,FINALIZADA,TOTÓ,RUA ONZE DE AGOSTO,687,,TERMINAL TOTO - JARDIM SÃO PAULO BOA VIAGEM SHOPPING RECIFE,TOTÓ,,,CHOQUE,1,0,0,0,0,1,0,0,0,0,0,,Bom,Não existe,Não existente,Seca,Perfeito estado,Não existe,Não há placas,,Dupla,Não existe,,
2022-02-15 00:00:00,,COM VÍTIMA,FINALIZADA,CORDEIRO,RUA DR MIGUEL VIEIRA FERREIRA,537,RUA SOROCABA,PROXIMO AO ARMAZEM CIA DA CONSTRUÇÃO,CORDEIRO,,CIDADE,ATROPELAMENTO DE PESSOA,1,0,0,0,1,0,0,0,0,1,0,Longo da via,Bom,Não existe,Incompleta,Seca,Perfeito estado,Não existe,R-19,30 km/h,,Não existe,,
2022-02-15 00:00:00,,SEM VÍTIMA,CANCELADA,IPUTINGA,RUA SAO MATEUS,266,,E/F A PADARIA MASSA PURA,IPUTINGA,,,COLISÃO LATERAL,0,0,0,0,0,0,0,0,0,0,0,,,,,,,,,,,,,
2022-02-16 00:00:00,,SEM VÍTIMA,FINALIZADA,PASSARINHO,EST DE PASSARINHO,3413,,PRÓXIMO AO TERMINAL DE ÔNIBUS COMPLEMENTAR,PASSARINHO,,SUBURBIO,,1,0,0,0,0,0,0,1,0,0,0,Longo da via,Bom,Não existe,Não existente,Seca,Perfeito estado,Não existe,Não há placas,,Dupla,Não existe,,
2022-02-16 00:00:00,,COM VÍTIMA,FINALIZADA,PINA,RUA TOME GIBSON,,AVENIDA CELSO FURTADO (VIA MANGUE),PROX. AO AEROCLUB (SENT. PINA),PINA,,CIDADE,COLISÃO LATERAL,1,1,0,0,0,0,0,0,0,1,0,Longo da via,Chuvoso,Não existe,Perfeito estado,Molhada,Perfeito estado,Não existe,Não há placas,60 km/h,Única,Faixa seccionada,,
2022-02-16 00:00:00,,COM VÍTIMA,FINALIZADA,CURADO,BR 101 (DENTRO DA CEASA),,,EM FRENTE AO RC FRIOS E RESTAURANTE DO BIU,CURADO,,,COLISÃO FRONTAL,2,1,0,0,0,0,0,0,0,1,0,Longo da via,Bom,Não existe,Incompleta,Seca,Perfeito estado,Não existe,R-4b,,Única,Não existe,,
2022-02-16 00:00:00,,COM VÍTIMA,FINALIZADA,JARDIM SÃO PAULO,AV SAO PAULO,,,POR BAIXO DO VIADUTO WERNECK,JARDIM SÃO PAULO,,CIDADE,CHOQUE,1,0,0,0,0,0,0,0,0,1,0,Longo da via,Bom,Não existe,Incompleta,Seca,Perfeito estado,Não existe,Não há placas,,Dupla,Faixa seccionada,,
2022-02-17 00:00:00,,SEM VÍTIMA,FINALIZADA,PINA,AVENIDA CELSO FURTADO (VIA MANGUE),,,LADO OPOSTO POS TRÁS DA VIA MANGUE,PINA,,,CHOQUE,1,0,0,0,0,0,0,0,0,0,0,Longo da via,Chuvoso,Não existe,Perfeito estado,Molhada,Perfeito estado,Não existe,Não há placas,60 km/h,Dupla,Canteiro central,,
2022-02-17 00:00:00,,SEM VÍTIMA,FINALIZADA,BOA VIAGEM,AV ENGENHEIRO DOMINGOS FERREIRA,,RUA JOSE MARIA DE MIRANDA,SEMÁFORO 484,BOA VIAGEM,484,CIDADE,COLISÃO TRASEIRA,1,0,0,0,0,0,0,1,0,0,0,Cruzamento,Chuvoso,Sem defeito,Perfeito estado,Molhada,Perfeito estado,,Outras,,Dupla,Canteiro central,,
2022-02-17 00:00:00,,COM VÍTIMA,CANCELADA,CASA AMARELA,AV NORTE MIGUEL ARRAES DE ALENCAR,,,EM FRENTE AO ARMAZEM CORAL/ PROXIMO AO SESC DE CASA MARELA,CASA AMARELA,,CIDADE,QUEDA,0,1,0,0,0,0,0,0,0,1,0,,,,,,,,,,,,,
2022-02-17 00:00:00,,COM VÍTIMA,FINALIZADA,APIPUCOS,AV DEZESSETE DE AGOSTO,117,,"E/F A ESCOLA ESTADUAL SILVA JARDIM,  ED MEYER MESEL",APIPUCOS,,SUBURBIO,COLISÃO FRONTAL,2,1,0,0,0,0,0,0,0,1,0,Longo da via,Chuvoso,Não existe,Perfeito estado,Molhada,Perfeito estado,Não existe,,60 km/h,Dupla,Faixa contínua,,
2022-02-17 00:00:00,,COM VÍTIMA,FINALIZADA,BONGI,RUA ISAAC MARKMAN,46,RUA DONA MARIA AUGUSTA NOGUEIRA,EM FRENTE A SECRETARIA DE SAUDE /  TERMINAL DO BONGI,BONGI,,CIDADE,COLISÃO TRANSVERSAL,1,1,0,0,0,0,0,0,0,1,0,Cruzamento,Chuvoso,Não existe,Incompleta,Molhada,Mal conservada,Faixa de pedestre,Outras,30 km/h,Dupla,Faixa seccionada,,
2022-02-17 00:00:00,,COM VÍTIMA,DUPLICIDADE,CAXANGÁ,AV JOAQUIM RIBEIRO,,,EM FRENTE A UPA DA CAXANGA,CAXANGÁ,,,COLISÃO LATERAL,1,1,0,0,0,0,0,0,0,1,0,,,,,,,,,,,,,
2022-02-17 00:00:00,,COM VÍTIMA,FINALIZADA,VÁRZEA,AV CAXANGA,,,"AO LADO DA UPA, NO SENTIDO CIDADE",VÁRZEA,,,COLISÃO LATERAL,1,1,0,0,0,1,0,0,0,1,0,Ponte,Chuvoso,Não existe,Perfeito estado,Molhada,Perfeito estado,Não existe,Não há placas,60 km/h,Única,Faixa seccionada,,
2022-02-17 00:00:00,,COM VÍTIMA,FINALIZADA,CAMPO GRANDE,RUA MARQUES DE BAIPENDI,295,RUA CONEGO JOAO PEDROZA,UNIÃO BEBIDAS,CAMPO GRANDE,,SUBURBIO,COLISÃO TRANSVERSAL,1,1,0,0,0,0,0,0,0,1,0,Cruzamento,Bom,Não existe,Perfeito estado,Molhada,Perfeito estado,Não existe,Outras,,Dupla,Faixa contínua,Faixa seccionada,
2022-02-17 00:00:00,,SEM VÍTIMA,FINALIZADA,ESPINHEIRO,AV GOVERNADOR AGAMENON MAGALHAES,,,SEMÁFORO 108,ESPINHEIRO,108,,COLISÃO TRASEIRA,1,0,0,0,0,0,0,2,0,0,0,Longo da via,Nublado,Sem defeito,Perfeito estado,Molhada,Perfeito estado,Faixa de pedestre,Não há placas,60 km/h,Dupla,Faixa contínua,Canteiro central,Canal
2022-02-17 00:00:00,,COM VÍTIMA,FINALIZADA,SANTO AMARO,AV GOVERNADOR AGAMENON MAGALHAES,,,SOB O VIADUTO DA AV NORTE,SANTO AMARO,684,OLINDA,COLISÃO COM CICLISTA,1,0,0,1,0,0,0,0,0,1,0,Longo da via,Bom,Sem defeito,Perfeito estado,Seca,Perfeito estado,Faixa de pedestre,Não há placas,60 km/h,Dupla,Faixa contínua,Canal,
2022-02-17 00:00:00,,COM VÍTIMA,FINALIZADA,SANTO AMARO,AV PREFEITO ARTUR LIMA CAVALCANTI,80,,PROX A MARINHA BEIRA CANAL,SANTO AMARO,,SUBURBIO,QUEDA,0,1,0,0,0,0,0,0,0,1,0,Longo da via,Bom,Não existe,Perfeito estado,Seca,Perfeito estado,Não existe,Não há placas,,Dupla,Canteiro central,,
2022-02-17 00:00:00,,COM VÍTIMA,FINALIZADA,PINA,AV ANTONIO DE GOES,109,,,PINA,,CIDADE,COLISÃO TRANSVERSAL,1,1,0,0,0,0,0,0,0,1,0,Longo da via,Bom,Sem defeito,Perfeito estado,Seca,Perfeito estado,Não existe,Outras,60 km/h,Única,Faixa seccionada,,
2022-02-17 00:00:00,,SEM VÍTIMA,FINALIZADA,ALTO SANTA TERESINHA,RUA TAMBOARA,583,,,ALTO SANTA TERESINHA,,SUBURBIO,COLISÃO FRONTAL,0,1,0,0,0,0,0,1,0,0,0,Longo da via,Bom,Não existe,Perfeito estado,Seca,Perfeito estado,Não existe,Não há placas,,Dupla,Faixa contínua,Faixa seccionada,
2022-02-17 00:00:00,,SEM VÍTIMA,FINALIZADA,BOA VIAGEM,AV CONSELHEIRO AGUIAR,,,PRÓXIMO AO BOMBREÇO,BOA VIAGEM,,,COLISÃO LATERAL,0,0,0,0,0,0,0,0,0,0,0,,,,,,,,,,,,,
2022-02-18 00:00:00,,COM VÍTIMA,FINALIZADA,IMBIRIBEIRA,AV MARECHAL MASCARENHAS DE MORAES,4773,,EM FRENTE AO MARTELINHO. APÓS A FACULDADE PERNAMBUCANA DE SAÚDE,IMBIRIBEIRA,,CIDADE,QUEDA,0,1,0,0,0,0,0,0,0,1,0,Longo da via,Bom,Não existe,Perfeito estado,Seca,Perfeito estado,Não existe,,60 km/h,Dupla,Faixa seccionada,,
2022-02-17 00:00:00,,COM VÍTIMA,FINALIZADA,DERBY,AV GOVERNADOR AGAMENON MAGALHAES,,,EM FRENTE À FACE IMAGEM,DERBY,,SUBURBIO,COLISÃO TRASEIRA,1,1,0,0,0,0,0,0,0,1,0,Longo da via,Chuvoso,Sem defeito,Perfeito estado,Molhada,Perfeito estado,Outros,Outras,,Única,Faixa seccionada,,
2022-02-18 00:00:00,,COM VÍTIMA,CANCELADA,IMBIRIBEIRA,RUA LE PARC,100,,EM FRENTE AO LE  PARC,IMBIRIBEIRA,,,COLISÃO TRASEIRA,1,1,0,0,0,0,0,0,0,1,0,,,,,,,,,,,,,
2022-02-18 00:00:00,,COM VÍTIMA,FINALIZADA,MANGUEIRA,RUA DR JOAO ELISIO,298,RUA MANDARI,EM FRENTE À PADARIA E MERCADINHO SANTO ANTÔNIO,MANGUEIRA,,SUBURBIO,COLISÃO FRONTAL,1,1,0,0,0,0,0,0,0,1,0,Esquina,Bom,Não existe,Incompleta,Seca,Perfeito estado,Não existe,Não há placas,,Dupla,Não existe,,
2022-02-18 00:00:00,,COM VÍTIMA,CANCELADA,PINA,AV HERCULANO BANDEIRA,,,E/F AO ATACADO DA CONTRUÇAÕ,PINA,,,COLISÃO TRASEIRA,1,1,0,0,0,0,0,0,0,1,0,,,,,,,,,,,,,
2022-02-18 00:00:00,,COM VÍTIMA,FINALIZADA,IBURA,AV DOIS RIOS,939,,"PRÓX A FARMACIA  INDEPENDENTE , SNT SUB-CID / SEMÁFORO 485",IBURA,,CIDADE,COLISÃO TRASEIRA,1,1,0,0,0,0,0,0,0,1,0,Longo da via,Bom,Não existe,Perfeito estado,Seca,Perfeito estado,Não existe,Não há placas,,Dupla,Faixa contínua,,
2022-02-18 00:00:00,,COM VÍTIMA,FINALIZADA,BEBERIBE,AV BEBERIBE,4340,,E/F A IGREJA BATISTA AGAPE,BEBERIBE,,CIDADE,CHOQUE,2,1,0,0,0,0,0,0,0,1,0,Longo da via,Chuvoso,Não existe,Perfeito estado,,Perfeito estado,Não existe,Não há placas,,Dupla,Faixa seccionada,,
2022-02-19 00:00:00,,COM VÍTIMA,FINALIZADA,AFOGADOS,RUA NICOLAU PEREIRA,,,PROXIMO À ESTAÇÃO DO METRÔ,AFOGADOS,,SUBURBIO,COLISÃO COM CICLISTA,1,0,0,1,0,0,0,0,0,1,0,Longo da via,Bom,Não existe,Perfeito estado,Seca,Perfeito estado,Não existe,R-6a,,Única,Faixa seccionada,,
2022-02-19 00:00:00,,COM VÍTIMA,FINALIZADA,SAN MARTIN,AV GENERAL SAN MARTIN,,,LADO OPOSTO AO NOVO ATACAREJO,SAN MARTIN,58,SUBURBIO,QUEDA,0,0,0,1,0,0,0,0,0,1,0,Longo da via,Bom,Sem defeito,Perfeito estado,Seca,Perfeito estado,Faixa de retenção,Não há placas,,Dupla,Faixa contínua,,
2022-02-19 00:00:00,,COM VÍTIMA,FINALIZADA,VÁRZEA,AV CAXANGA,5759,,LADO OPOSTO AO TERMINAL DE ONIBUS DA CAXANGA,VÁRZEA,262,CIDADE,COLISÃO TRASEIRA,1,1,0,0,0,0,0,0,0,1,0,Longo da via,Bom,Sem defeito,Perfeito estado,Seca,Perfeito estado,Faixa de pedestre,R-6a,60 km/h,Dupla,Faixa contínua,Canteiro central,Faixa seccionada
2022-02-19 00:00:00,,COM VÍTIMA,FINALIZADA,SANTO AMARO,AV GOVERNADOR AGAMENON MAGALHAES,,PTE RAIMUNDO FARIAS,PRAÇA PARQUE AMORIM,SANTO AMARO,37,SUBURBIO,COLISÃO TRANSVERSAL,1,1,0,0,0,0,0,0,0,1,0,Cruzamento,Bom,Sem defeito,Perfeito estado,Seca,Perfeito estado,Agente,,60 km/h,Única,Faixa seccionada,,
2022-02-19 00:00:00,,COM VÍTIMA,FINALIZADA,TEJIPIÓ,RUA FALCAO DE LACERDA,101,,PROX A ESTACAO TEJIPIO / ASSEMBLEIA DE DEUS,TEJIPIÓ,,CIDADE,COLISÃO LATERAL,1,1,0,0,0,0,0,0,0,1,0,Longo da via,Bom,Não existe,Incompleta,Seca,Perfeito estado,Não existe,Não há placas,,Dupla,Não existe,,
2022-02-19 00:00:00,,COM VÍTIMA,FINALIZADA,PINA,AV CONSELHEIRO AGUIAR,479,,SANTORINI BAR CLUB,PINA,,CIDADE,COLISÃO LATERAL,1,1,0,0,0,0,0,0,0,2,0,Longo da via,Chuvoso,Não existe,Perfeito estado,Molhada,Perfeito estado,Não existe,Não há placas,,Única,Faixa seccionada,,
2022-02-20 00:00:00,,COM VÍTIMA,FINALIZADA,ESPINHEIRO,RUA DO ESPINHEIRO,,RUA QUARENTA E OITO,CRUZAMENTO,ESPINHEIRO,166,CIDADE,COLISÃO TRANSVERSAL,1,1,0,0,0,0,0,0,0,1,0,Cruzamento,Bom,Sem defeito,Perfeito estado,Seca,Perfeito estado,Faixa de pedestre,Não há placas,,Única,Faixa contínua,Faixa seccionada,
2022-02-20 00:00:00,,COM VÍTIMA,CANCELADA,SANTO AMARO,AV GOVERNADOR AGAMENON MAGALHAES,,AV DR JAYME DA FONTE,AO LADO DO CAMPO DO ONZE,SANTO AMARO,,,COLISÃO LATERAL,1,1,0,0,0,0,0,0,0,1,0,,,,,,,,,,,,,
2022-02-20 00:00:00,,COM VÍTIMA,CANCELADA,BOA VIAGEM,AV ENGENHEIRO DOMINGOS FERREIRA,,,AO LADO DA MCDONALD´S,BOA VIAGEM,,,COLISÃO LATERAL,1,1,0,0,0,0,0,0,0,1,0,,,,,,,,,,,,,
2022-02-20 00:00:00,,COM VÍTIMA,CANCELADA,SÃO JOSÉ,C SANTA RITA,695,,ESQUINA COM AS TORRES GEMEAS / E/F AO CLUBE DE AMADORES DE PESCA,SÃO JOSÉ,,,COLISÃO TRASEIRA,1,1,0,0,0,0,0,0,0,1,0,,,,,,,,,,,,,
2022-02-21 00:00:00,,VÍTIMA FATAL,FINALIZADA,AFOGADOS,RUA MOTOCOLOMBO,,,E/F AO BANCO ITAU E PRÓXIMO À POLICLINICA DE AFOGADOS,AFOGADOS,,,CHOQUE,0,1,0,0,0,0,0,0,0,0,1,Longo da via,Chuvoso,Não existe,Perfeito estado,Molhada,Perfeito estado,,Outras,,Única,Não existe,,
2022-02-21 00:00:00,,COM VÍTIMA,FINALIZADA,GRAÇAS,AV GOVERNADOR AGAMENON MAGALHAES,,AV RUI BARBOSA,VIA PRINCIPAL -,GRAÇAS,37,CIDADE,COLISÃO TRASEIRA,0,1,0,0,0,0,0,0,0,1,0,Longo da via,Bom,Sem defeito,Perfeito estado,Molhada,Perfeito estado,Faixa de pedestre,Não há placas,60 km/h,Dupla,Canteiro central,,
2022-02-21 00:00:00,,COM VÍTIMA,FINALIZADA,CASA AMARELA,AV NORTE MIGUEL ARRAES DE ALENCAR,4785,RUA BEZERROS,E/F AO ARMAZEM CORAL,CASA AMARELA,,CIDADE,COLISÃO TRASEIRA,1,2,0,0,0,0,0,0,0,1,0,Longo da via,Bom,Sem defeito,Perfeito estado,Seca,Perfeito estado,Não existe,Não há placas,,Dupla,Canteiro central,,
2022-02-21 00:00:00,,COM VÍTIMA,FINALIZADA,IBURA,AV DOM HELDER CAMARA,104,RUA JORNALISTA EDSON REGIS,LINHA DO TREM,IBURA,518,,COLISÃO TRASEIRA,0,0,0,0,0,2,0,0,0,8,0,Longo da via,Bom,Sem defeito,Perfeito estado,Seca,Perfeito estado,Faixa de pedestre,R-6c,,Dupla,Canteiro central,,
2022-02-21 00:00:00,,COM VÍTIMA,FINALIZADA,TORRE,RUA REAL DA TORRE,11201,RUA CONDE DE IRAJA,PROXIMO DO SUPERMERCADO RECIBOM,TORRE,106,,COLISÃO TRASEIRA,1,1,0,0,0,0,0,0,0,1,0,Cruzamento,Bom,Sem defeito,Perfeito estado,Seca,Perfeito estado,,Não há placas,,Única,Não existe,,
2022-02-21 00:00:00,,COM VÍTIMA,FINALIZADA,DERBY,AV GOVERNADOR AGAMENON MAGALHAES,33,RUA JOAQUIM NABUCO,"EM FRENTE A RESTAURAÇÃO, SENTIDO BOA VIAGEM",DERBY,174,SUBURBIO,COLISÃO TRANSVERSAL,1,1,0,0,0,0,0,0,0,1,0,Longo da via,Bom,Sem defeito,Perfeito estado,Seca,Perfeito estado,Faixa de pedestre,Outras,60 km/h,Única,Faixa seccionada,Canteiro central,
2022-02-21 00:00:00,,SEM VÍTIMA,FINALIZADA,SÃO JOSÉ,RUA CERRO CORA,,AV SUL,PRÓX AO POSTO CABANGA / GALO DA MADRUGADA,SÃO JOSÉ,,,COLISÃO TRASEIRA,2,0,0,0,0,0,0,0,0,0,0,Longo da via,Bom,Sem defeito,Perfeito estado,Seca,Perfeito estado,,Não há placas,60KM/H,Única,Faixa contínua,,
2022-02-21 00:00:00,,COM VÍTIMA,FINALIZADA,IMBIRIBEIRA,VIADUTO TANCREDO NEVES,,,APÓS O SAL E BRASA / SUBIDA DO VIADUTO / SENTIDO SHOPPING RECIFE,IMBIRIBEIRA,,CIDADE,CHOQUE,0,1,0,0,0,0,0,0,0,1,0,Longo da via,Bom,Não existe,Perfeito estado,Seca,Perfeito estado,Não existe,Não há placas,,Dupla,Canteiro central,,
2022-02-21 00:00:00,,SEM VÍTIMA,FINALIZADA,BOA VIAGEM,AV DES JOSE NEVES,,,EM FRENTE À FERREIRA PINTO,BOA VIAGEM,,,COLISÃO TRASEIRA,1,1,0,0,0,0,0,0,0,0,0,,,,,,,,,,,,,
2022-02-21 00:00:00,,SEM VÍTIMA,FINALIZADA,MADALENA,RUA REAL DA TORRE,,RUA JOSE OSORIO,PRAÇA DA MADALENA,MADALENA,,,COLISÃO LATERAL,1,1,0,0,0,0,0,0,0,0,0,,,,,,,,,,,,,
2022-02-21 00:00:00,,VÍTIMA FATAL,FINALIZADA,SANTO AMARO,RUA DA AURORA,1259,,EM FRENTE AO BANCO CENTRAL,SANTO AMARO,,,CHOQUE,0,1,0,0,0,0,0,0,0,0,1,Longo da via,Bom,Não existe,Perfeito estado,Seca,Perfeito estado,Faixa de pedestre,Não há placas,60 km/h,Dupla,Canteiro central,,
2022-02-22 00:00:00,,COM VÍTIMA,FINALIZADA,IPSEP,RUA JEAN EMILE FAVRE,111,RUA IZABEL DE SOUZA,E/F A UNIBLOCO,IPSEP,,,COLISÃO LATERAL,1,1,0,0,0,0,0,0,0,1,0,Cruzamento,Bom,Não existe,Perfeito estado,Seca,Perfeito estado,Não existe,R-6a,,Única,Faixa seccionada,,
2022-02-22 00:00:00,,SEM VÍTIMA,FINALIZADA,BOA VIAGEM,RUA PROFESSOR AUGUSTO LINS E SILVA,835,,EDF ANA DANIELA,BOA VIAGEM,,,COLISÃO FRONTAL,1,0,0,0,0,0,0,1,0,0,0,Cruzamento,Bom,Sem defeito,Perfeito estado,Seca,Perfeito estado,Agente,Outras,,Dupla,Canteiro central,,
2022-02-22 00:00:00,,COM VÍTIMA,FINALIZADA,MANGABEIRA,AV NORTE MIGUEL ARRAES DE ALENCAR,4544,,EM FRENTE A LOJA RAINHA REVESI / LADO OPOSTO EXPRESSO AUTO CNTER,MANGABEIRA,96,SUBURBIO,COLISÃO LATERAL,2,1,0,0,0,0,0,0,0,1,0,,,,,,,,,,,,,