data,hora,natureza,situacao,bairro,endereco,numero,detalhe_endereco_acidente,complemento,bairro_cruzamento,num_semaforo,sentido_via,tipo,auto,moto,ciclom,ciclista,pedestre,onibus,caminhao,viatura,outros,vitimas,vitimasfatais,acidente_verificado,tempo_clima,situacao_semaforo,sinalizacao,condicao_via,conservacao_via,ponto_controle,situacao_placa,velocidade_max_via,mao_direcao,divisao_via1,divisao_via2,divisao_via3
2022-02-22 00:00:00,,COM VÍTIMA,FINALIZADA,BOA VIAGEM,RUA PROFESSOR JOSE BRANDAO,229,RUA ANTONIO DE SA LEITAO,PROX. AO COLEGIO SANTA MARIA,BOA VIAGEM,,SUBURBIO,COLISÃO LATERAL,2,0,0,0,0,0,0,0,0,2,0,Cruzamento,Bom,Não existe,Perfeito estado,Seca,Perfeito estado,Faixa de retenção,Não há placas,,Dupla,Faixa seccionada,,
2022-02-22 00:00:00,,COM VÍTIMA,FINALIZADA,BOA VIAGEM,RUA BALTAZAR PASSOS,6472,AV BOA VIAGEM,,BOA VIAGEM,149,CIDADE,COLISÃO TRANSVERSAL,0,2,0,0,0,0,0,0,0,1,0,Cruzamento,Bom,Sem defeito,Perfeito estado,Seca,Perfeito estado,Faixa de pedestre,Não há placas,,Única,Não existe,,
2022-02-22 00:00:00,,SEM VÍTIMA,FINALIZADA,ESPINHEIRO,AV JOAO DE BARROS,,RUA CONS PORTELA,ANTIGA FORD,ESPINHEIRO,,,COLISÃO LATERAL,1,0,0,0,0,0,0,0,1,0,0,,,,,,,,,,,,,
2022-02-22 00:00:00,,COM VÍTIMA,FINALIZADA,ROSARINHO,AV NORTE MIGUEL ARRAES DE ALENCAR,3301,,EM FRENTE AO PADEIRÃO,ROSARINHO,,CIDADE,ATROPELAMENTO DE PESSOA,0,0,0,0,1,1,0,0,0,1,0,Longo da via,Bom,Não existe,Perfeito estado,Seca,Perfeito estado,Não existe,R-6c,,Dupla,Canteiro central,,
2022-02-22 00:00:00,,COM VÍTIMA,FINALIZADA,MADALENA,RUA BENFICA,480,RUA HEITOR MAIA,EM FRENTE À ACADEMIA FERNANDINHO BELTRÃO E À PRAÇA DO INTERNACIONAL.,MADALENA,,SUBURBIO,COLISÃO LATERAL,1,1,0,0,0,0,0,0,0,1,0,Longo da via,Bom,Não existe,Perfeito estado,Seca,Perfeito estado,Não existe,Outras,,Dupla,Não existe,,
2022-02-22 00:00:00,,COM VÍTIMA,FINALIZADA,IMBIRIBEIRA,RUA ARQUITETO LUIZ NUNES,1373,RUA MIS JOEL CARLSON,,IMBIRIBEIRA,633,CIDADE,COLISÃO COM CICLISTA,1,0,0,1,0,0,0,0,0,1,0,Cruzamento,Bom,Sem defeito,Perfeito estado,Seca,Perfeito estado,Faixa de pedestre,R-19,30 km/h,Dupla,Faixa contínua,,
2022-02-22 00:00:00,,COM VÍTIMA,CANCELADA,BOA VIAGEM,AV CONSELHEIRO AGUIAR,,RUA RIBEIRO DE BRITO,NO CRUZAMENTO,BOA VIAGEM,147,,COLISÃO LATERAL,1,1,0,0,0,0,0,0,0,1,0,,,,,,,,,,,,,
2022-02-23 00:00:00,,SEM VÍTIMA,FINALIZADA,BONGI,AV ENGENHEIRO ABDIAS DE CARVALHO,,RUA CARLOS GOMES,E/F A BIGCAR,BONGI,,,COLISÃO TRASEIRA,2,0,0,0,0,0,0,0,0,0,0,Cruzamento,Bom,Sem defeito,Perfeito estado,Seca,Perfeito estado,Faixa de pedestre,R-6a,60KM/H,Dupla,Canteiro central,,
2022-02-23 00:00:00,,COM VÍTIMA,FINALIZADA,CASA AMARELA,AV NORTE MIGUEL ARRAES DE ALENCAR,,,EM FRENTE AO SESC,CASA AMARELA,364,CIDADE,QUEDA,0,1,0,0,0,0,0,0,0,2,0,Cruzamento,Bom,Sem defeito,Perfeito estado,Seca,Perfeito estado,Faixa de pedestre,Outras,,Dupla,Faixa contínua,Canteiro central,Blocos
2022-02-23 00:00:00,,SEM VÍTIMA,FINALIZADA,PARNAMIRIM,RUA TITO ROSAS,,,E/F AO MECDONALDS,PARNAMIRIM,,,COLISÃO LATERAL,0,0,0,0,0,0,1,1,0,0,0,Cruzamento,Bom,Sem defeito,,Seca,Perfeito estado,Faixa de pedestre,Não há placas,60KM/H,Única,Faixa seccionada,,
2022-02-24 00:00:00,,COM VÍTIMA,CANCELADA,MADALENA,RUA BENFICA,,,E/F AO CLUBE INTERNACIONAL,MADALENA,,,COLISÃO COM CICLISTA,1,0,0,1,0,0,0,0,0,1,0,,,,,,,,,,,,,
2022-02-23 00:00:00,,SEM VÍTIMA,CANCELADA,MADALENA,AV VISCONDE DE ALBUQUERQUE,,RUA LOPES DE CARVALHO,PRÓX A MADALENA CENTER,MADALENA,,,COLISÃO LATERAL,2,0,0,0,0,0,0,0,0,0,0,,,,,,,,,,,,,
2022-02-23 00:00:00,,COM VÍTIMA,CANCELADA,BREJO DA GUABIRABA,AV VEREADOR OTACILIO AZEVEDO,,,PROX A GARAGEM DA GLOBO,BREJO DA GUABIRABA,,,COLISÃO FRONTAL,0,2,0,0,0,0,0,0,0,2,0,,,,,,,,,,,,,
2022-02-24 00:00:00,,VÍTIMA FATAL,FINALIZADA,IPSEP,RUA HELIO BRANDAO,351,,ESCOLA CANDIDO PORTINARIO  /   EM FRENTE,IPSEP,,,QUEDA,0,0,0,1,0,0,0,0,0,0,1,,,,,,,,,,,,,
2022-02-24 00:00:00,,COM VÍTIMA,FINALIZADA,BOA VIAGEM,AV MARECHAL JUAREZ TAVORA,637,,AO LADO DO ARMAZÉM ECOSEL,BOA VIAGEM,,CIDADE,COLISÃO TRANSVERSAL,1,1,0,0,0,0,0,0,0,1,0,Longo da via,Bom,Não existe,Perfeito estado,Seca,Perfeito estado,Faixa de pedestre,"Placas ""Pare""",,Única,Faixa contínua,Faixa seccionada,
2022-02-24 00:00:00,,COM VÍTIMA,FINALIZADA,SANTO ANTÔNIO,AV DANTAS BARRETO,,RUA DO PEIXOTO,E/F AO CAMELODROMO,SANTO ANTÔNIO,181,SUBURBIO,COLISÃO TRANSVERSAL,1,0,0,0,0,1,0,0,0,1,0,Cruzamento,Bom,Sem defeito,Perfeito estado,Seca,Perfeito estado,Faixa de pedestre,R-6a,,,Faixa contínua,,
2022-02-24 00:00:00,,COM VÍTIMA,FINALIZADA,CORDEIRO,RUA GOMES TABORDA,156,RUA MANDIORE,PRÓX AO ATACAREJO  IDEAL,CORDEIRO,,CIDADE,COLISÃO TRANSVERSAL,1,1,0,0,0,0,0,0,0,1,0,Longo da via,Bom,Não existe,Perfeito estado,Seca,Perfeito estado,Não existe,R-6a,,Dupla,Faixa seccionada,,
2022-02-25 00:00:00,,COM VÍTIMA,FINALIZADA,CASA AMARELA,RUA PADRE LEMOS,94,,EM FRENTE A FARNÁCIA EXTRA FARMA,CASA AMARELA,,,COLISÃO LATERAL,1,1,0,0,0,0,0,0,0,1,0,Longo da via,Bom,Sem defeito,Perfeito estado,Seca,Perfeito estado,Faixa de pedestre,Outras,,Dupla,Faixa contínua,,
2022-02-25 00:00:00,,SEM VÍTIMA,FINALIZADA,DERBY,AV GOVERNADOR AGAMENON MAGALHAES,,,NO SEMAFORO 037 PROX AO BOMPREÇO DO PARQUE AMORIM,DERBY,,,COLISÃO TRASEIRA,1,0,0,0,0,1,0,0,0,0,0,Ponte,Bom,Sem defeito,Perfeito estado,Seca,Perfeito estado,Faixa de retenção,Não há placas,,Única,Faixa contínua,,
2022-02-25 00:00:00,,SEM VÍTIMA,FINALIZADA,MADALENA,AV ENGENHEIRO ABDIAS DE CARVALHO,,,"PRÓX AO CAMPO DO SPORT / E/F AO MCDONALDS, SEMÁFORO 355, SNT CID",MADALENA,,,COLISÃO TRASEIRA,1,1,0,0,0,0,0,0,0,0,0,,,,,,,,,,,,,
2022-02-26 00:00:00,,COM VÍTIMA,CANCELADA,IBURA,RUA PARANAVAI,69,,EM FRENTE AO TERMINAL DA UR2 IBURA,IBURA,,,COLISÃO FRONTAL,1,1,0,0,0,0,0,0,0,1,0,,,,,,,,,,,,,
2022-02-26 00:00:00,,SEM VÍTIMA,FINALIZADA,BOA VISTA,AV CONDE DA BOA VISTA,,,E/F AO GRAU TECNICO  PROX AO BRADESCO,BOA VISTA,,,COLISÃO TRASEIRA,1,0,0,0,0,0,0,1,0,0,0,Longo da via,Bom,Sem defeito,Perfeito estado,Seca,Perfeito estado,Faixa de pedestre,Não há placas,,Dupla,Canteiro central,,
2022-02-26 00:00:00,,COM VÍTIMA,FINALIZADA,BOA VIAGEM,RUA DEZ DE JULHO,,AV VINTE E TRES DE OUTUBRO,EM BAIXO  DO VIADUTO DA ESTAÇAO DO AEROPORTO  S/T AEROPORTO PRAIA,BOA VIAGEM,,CIDADE,COLISÃO TRANSVERSAL,2,1,0,0,0,0,0,0,0,1,0,Cruzamento,Bom,Não existe,Perfeito estado,Seca,Perfeito estado,Não existe,R-4a,,Única,Faixa seccionada,,
2022-02-26 00:00:00,,SEM VÍTIMA,CANCELADA,AREIAS,RUA SAO MIGUEL,,,E/F AO ATACAREJO SHOPPING,AREIAS,,,COLISÃO LATERAL,2,0,0,0,0,0,0,0,0,0,0,,,,,,,,,,,,,
2022-02-26 00:00:00,,COM VÍTIMA,FINALIZADA,PARNAMIRIM,RUA DONA RITA DE SOUZA,187,RUA DR SAMUEL LINS,AO LADO DO EDFC RIO DA PRATA,PARNAMIRIM,,SUBURBIO,COLISÃO TRANSVERSAL,1,1,0,0,0,0,0,0,0,1,0,Cruzamento,Bom,Não existe,Perfeito estado,Seca,Perfeito estado,Não existe,Outras,,Dupla,Faixa seccionada,,
2022-02-26 00:00:00,,COM VÍTIMA,FINALIZADA,JORDÃO,AV DONA CARENTINA,,,PROXIMO A PRAÇA DE EVENTOS NO JORDÃO,JORDÃO,,SUBURBIO,COLISÃO FRONTAL,1,1,0,0,0,0,0,0,0,1,0,Longo da via,Bom,Não existe,Incompleta,Seca,Perfeito estado,,Não há placas,40 km/h,Dupla,Não existe,,
2022-02-26 00:00:00,,COM VÍTIMA,FINALIZADA,PINA,AVENIDA CELSO FURTADO (VIA MANGUE),,RUA JOSE PAES DE BARROS,PROX AO RIO MAR,PINA,,SUBURBIO,COLISÃO LATERAL,1,1,0,0,0,0,0,0,0,1,0,Longo da via,Bom,Não existe,Perfeito estado,Seca,Perfeito estado,Não existe,Outras,60 km/h,Dupla,Canteiro central,,
2022-02-28 00:00:00,,SEM VÍTIMA,CANCELADA,IBURA,AV MANAUS,,,PRÓXIMO A IGREJA ASSEMBLÉIA DE DEUS,IBURA,,,COLISÃO LATERAL,1,0,0,0,0,0,0,1,0,0,0,,,,,,,,,,,,,
2022-02-28 00:00:00,,COM VÍTIMA,FINALIZADA,ESPINHEIRO,RUA MARQUES DO PARANA,209,RUA ALFREDO DE CARVALHO,PROXIMO A SIMONE BARROS,ESPINHEIRO,,SUBURBIO,COLISÃO TRANSVERSAL,1,0,0,0,0,1,0,0,0,1,0,Cruzamento,Bom,Não existe,Ilegível,Seca,Perfeito estado,Não existe,Não há placas,,Única,Não existe,,
2022-02-28 00:00:00,,COM VÍTIMA,FINALIZADA,PINA,AV HERCULANO BANDEIRA,591,RUA SAO LUIZ,EM FRENTE À FARMÁCIA DO TRABALHADOR,PINA,,,COLISÃO LATERAL,1,1,0,0,0,0,0,0,0,1,0,Esquina,Bom,Não existe,Perfeito estado,Seca,Perfeito estado,Não existe,Não há placas,,Única,Faixa contínua,,
2022-02-28 00:00:00,,COM VÍTIMA,FINALIZADA,CORDEIRO,AV CAXANGA,1492,,E/F A LOJA MULTIMARCAS,CORDEIRO,265,SUBURBIO,COLISÃO TRASEIRA,1,1,0,0,0,0,0,0,0,1,0,Longo da via,Bom,Sem defeito,Perfeito estado,Seca,Perfeito estado,Faixa de retenção,Não há placas,60 km/h,Única,Faixa contínua,,
2022-02-28 00:00:00,,COM VÍTIMA,FINALIZADA,BARRO,AV DR JOSE RUFINO,773,RUA AIRES BELO,EM FRENTE A SOCORRO DOCES,BARRO,,CIDADE,COLISÃO TRANSVERSAL,0,2,0,0,0,0,0,0,0,1,0,Longo da via,Bom,Não existe,Incompleta,Seca,Perfeito estado,Não existe,Não há placas,,Dupla,Faixa contínua,,
2022-02-28 00:00:00,,COM VÍTIMA,FINALIZADA,BOA VIAGEM,AV ENGENHEIRO DOMINGOS FERREIRA,,RUA RIBEIRO DE BRITO,NO SEMÁFORO 155,BOA VIAGEM,155,SUBURBIO,CHOQUE,1,0,0,0,0,0,0,0,0,1,0,Longo da via,Bom,Sem defeito,Perfeito estado,Seca,Perfeito estado,Agente,Outras,,Única,Canteiro central,,
2022-02-28 00:00:00,,COM VÍTIMA,FINALIZADA,ESPINHEIRO,AV CONS ROSA E SILVA,650,RUA AMELIA,E/F A FARMACIA EXTRAFARMA  NO SEMAFORO 046 / LOJA QUARTO CRESCENTE,ESPINHEIRO,46,SUBURBIO,COLISÃO LATERAL,1,1,0,0,0,0,0,0,0,1,0,Cruzamento,Bom,Sem defeito,Perfeito estado,Seca,Perfeito estado,Faixa de pedestre,Outras,,Única,,,
2022-02-28 00:00:00,,SEM VÍTIMA,CANCELADA,TEJIPIÓ,AV DR JOSE RUFINO,3905,,EM FRENTE A ESTAÇÃO TEJIPIO,TEJIPIÓ,,,COLISÃO TRASEIRA,2,0,0,0,0,0,0,0,0,0,0,,,,,,,,,,,,,
2022-02-28 00:00:00,,SEM VÍTIMA,FINALIZADA,IPUTINGA,RUA DR JOSE ANASTACIO DA SILVA GUIMARAES,334,,NA ENTRADA DO CÉU / AO LADO DO MERCADO ECONOMICO E AÇAI PONTO DE PARADA,IPUTINGA,,,COLISÃO FRONTAL,0,1,0,0,0,0,0,1,0,0,0,Longo da via,Bom,Não existe,Não existente,Seca,Perfeito estado,Não existe,Não há placas,,Dupla,Não existe,,
2022-02-28 00:00:00,,SEM VÍTIMA,FINALIZADA,BREJO DA GUABIRABA,RUA CORREGO DA BICA,508,,PROXIMO A ESCOLA MINICIPAL CORREGO DA BICA,BREJO DA GUABIRABA,,,COLISÃO LATERAL,1,0,0,0,0,1,0,0,0,0,0,Longo da via,Bom,Não existe,Não existente,Seca,Perfeito estado,Não existe,Não há placas,,Dupla,Não existe,,
2022-03-01 00:00:00,,COM VÍTIMA,FINALIZADA,GUABIRABA,RUA DAS FLORES,1134,,APÓS À UPINHA DO CÓRREGO DE GENIPAPO / PRÓX À EMPRESA COREMAL,GUABIRABA,,SUBURBIO,COLISÃO FRONTAL,0,1,0,0,0,1,0,0,0,2,0,Longo da via,Bom,Não existe,Perfeito estado,Seca,Mal conservada,Outros,Outras,,Dupla,Faixa seccionada,,
2022-03-01 00:00:00,,COM VÍTIMA,FINALIZADA,CABANGA,VDO PAPA JOAO PAULO II,,,SENTIDO CENTRO SOBRE O VIADUTO,CABANGA,,CIDADE,COLISÃO COM CICLISTA,1,0,0,1,0,0,0,0,0,1,0,Viaduto,Bom,Não existe,Perfeito estado,Seca,Perfeito estado,Outros,Não há placas,60 km/h,Única,Faixa seccionada,,
2022-03-01 00:00:00,,COM VÍTIMA,FINALIZADA,ESPINHEIRO,RUA AMELIA,114,RUA DR VICENTE MEIRA,E/F AO SHOPPING DOS PINHEIROS,ESPINHEIRO,,CIDADE,COLISÃO TRANSVERSAL,1,1,0,0,0,0,0,0,0,1,0,Outros,Bom,Não existe,Perfeito estado,Seca,Perfeito estado,Faixa de retenção,"Placas ""Pare""",40 km/h,Única,Faixa seccionada,,
2022-03-01 00:00:00,,COM VÍTIMA,FINALIZADA,IBURA,AV DOIS RIOS,463,AV BRIGADEIRO SECO,E/F A IGREJA DOS MORMONS,IBURA,,CIDADE,COLISÃO TRANSVERSAL,1,1,0,0,0,0,0,0,0,1,0,Esquina,Bom,Não existe,Perfeito estado,Seca,Perfeito estado,,Não há placas,,Dupla,Faixa seccionada,Faixa contínua,
2022-03-02 00:00:00,,COM VÍTIMA,FINALIZADA,CORDEIRO,AV CAXANGA,2555,AV INACIO MONTEIRO,PRÓXIMO A DROGASIL,CORDEIRO,,SUBURBIO,COLISÃO TRANSVERSAL,2,0,0,0,0,0,0,0,0,1,0,Cruzamento,Bom,Sem defeito,Perfeito estado,Seca,Perfeito estado,Faixa de pedestre,R-6a,,Dupla,Canteiro central,,
2022-03-02 00:00:00,,COM VÍTIMA,FINALIZADA,BOA VIAGEM,RUA ALMIRANTE BATISTA LEAO,649,RUA GENERAL SALGADO,PROX. AO PARQUE DA PIZZA,BOA VIAGEM,,CIDADE,COLISÃO TRANSVERSAL,1,1,0,0,0,0,0,0,0,1,0,Cruzamento,Chuvoso,Não existe,Perfeito estado,Molhada,Perfeito estado,Faixa de pedestre,"Placas ""Pare""",30 km/h,Única,Não existe,,
2022-03-02 00:00:00,,SEM VÍTIMA,FINALIZADA,PINA,AV ENGENHEIRO DOMINGOS FERREIRA,2430,,LADO OPOSTO AO HOSPITAL PORTUGUES,PINA,,,CHOQUE,0,0,0,0,0,1,0,0,0,0,0,,,,,,,,,,,,,
2022-03-02 00:00:00,,COM VÍTIMA,FINALIZADA,BOA VIAGEM,RUA ANTONIO FALCAO,552,,EDIFÍCIO CASA BLANCA,BOA VIAGEM,,SUBURBIO,COLISÃO LATERAL,1,1,0,0,0,0,0,0,0,1,0,Longo da via,Bom,Não existe,Não existente,Seca,Perfeito estado,Não existe,Não há placas,,Única,Não existe,,
2022-03-02 00:00:00,,COM VÍTIMA,FINALIZADA,CORDEIRO,AV CAXANGA,1221,RUA GREGORIO JUNIOR,PROXIMO AO SEMÁFORO 236,CORDEIRO,236,CIDADE,COLISÃO LATERAL,1,0,0,0,0,1,0,1,0,1,0,Longo da via,Bom,Sem defeito,Perfeito estado,Seca,Perfeito estado,Faixa de retenção,Não há placas,60 km/h,Única,Faixa contínua,,
2022-03-02 00:00:00,,COM VÍTIMA,FINALIZADA,ARRUDA,AV PROFESSOR JOSE DOS ANJOS,162,,LADO OPOSTO AO BOMBREÇO,ARRUDA,,CIDADE,COLISÃO COM CICLISTA,0,1,0,1,0,0,0,0,0,2,0,Longo da via,Bom,Não existe,Perfeito estado,Seca,Perfeito estado,Faixa de pedestre,Outras,40 km/h,Única,Faixa seccionada,,
2022-03-03 00:00:00,,COM VÍTIMA,FINALIZADA,IMBIRIBEIRA,PTE DO MOTOCOLOMBO,,,EM CIMA DA PTE MOTOCOLOMBO,IMBIRIBEIRA,,CIDADE,COLISÃO TRANSVERSAL,1,1,0,0,0,0,0,0,0,2,0,,,,,,,,,,,,,
2022-03-03 00:00:00,,COM VÍTIMA,FINALIZADA,ESTÂNCIA,AV DR JOSE RUFINO,246A,,COLEGIO VISÃO,ESTÂNCIA,,CIDADE,COLISÃO TRASEIRA,1,1,0,0,0,0,0,0,0,1,0,Longo da via,Bom,Sem defeito,Perfeito estado,Seca,Perfeito estado,Não existe,Não há placas,,Dupla,Faixa contínua,,
2022-03-03 00:00:00,,COM VÍTIMA,FINALIZADA,BONGI,AV MANOEL GONCALVES DA LUZ,957,EST DO BONGI,PROX A IGREJA BATISTA DO BONGI,BONGI,,,COLISÃO FRONTAL,2,0,0,0,0,0,0,0,0,1,0,Cruzamento,Bom,Não existe,Incompleta,Seca,Perfeito estado,Não existe,Não há placas,,Dupla,Faixa seccionada,,
2022-03-03 00:00:00,,COM VÍTIMA,FINALIZADA,APIPUCOS,RUA DE APIPUCOS,,,EM FRENTE AO POSTO BR,APIPUCOS,500,,COLISÃO TRASEIRA,0,1,0,0,0,0,1,0,0,1,0,Longo da via,Bom,Sem defeito,Perfeito estado,Seca,Perfeito estado,Agente,Não há placas,,Dupla,Faixa contínua,,
2022-03-03 00:00:00,,COM VÍTIMA,FINALIZADA,TORRÕES,AV ENGENHEIRO ABDIAS DE CARVALHO,2716,EST DO FORTE DO ARRAIAL N. DO B. JESUS,EM FRENTE AO RESTAURANTE KIYOI,TORRÕES,375,SUBURBIO,COLISÃO TRASEIRA,1,1,0,0,0,0,0,0,0,1,0,Cruzamento,Bom,Sem defeito,Incompleta,Seca,Perfeito estado,Faixa de pedestre,Outras,60 km/h,Dupla,Faixa contínua,Faixa seccionada,Canteiro central
2022-03-03 00:00:00,,COM VÍTIMA,FINALIZADA,SANTO AMARO,AV GOVERNADOR AGAMENON MAGALHAES,,,PRÓX AO CAMPO DO ONZE ANTES DO VIADUTO DA JOAO DE BARROS S/T BOA VIAGEM,SANTO AMARO,,CIDADE,COLISÃO LATERAL,1,0,0,0,0,0,0,1,0,1,0,Longo da via,Bom,Não existe,Perfeito estado,Seca,Perfeito estado,Não existe,Não há placas,60 km/h,Dupla,Canteiro central,,
2022-03-03 00:00:00,,COM VÍTIMA,FINALIZADA,BOA VIAGEM,AVENIDA CELSO FURTADO (VIA MANGUE),,RUA PADRE BERNADINO PESSOA,ACIDENTE DE PERCURSO,BOA VIAGEM,,SUBURBIO,CHOQUE,0,1,0,0,0,0,0,0,0,1,0,Cruzamento,Bom,Não existe,Perfeito estado,Seca,Perfeito estado,Não existe,Outras,60 km/h,Única,Faixa seccionada,Blocos,
2022-03-03 00:00:00,,COM VÍTIMA,FINALIZADA,CORDEIRO,RUA GOMES TABORDA,,,PRÓX AO IDEAL E E/F AO COLÉGIO GERAÇAO ATIVA E IGREJA UNIVERSAL DO REINO DE DEUS,CORDEIRO,,SUBURBIO,ATROPELAMENTO DE PESSOA,0,1,0,0,1,0,0,0,0,1,0,Longo da via,Bom,,,Seca,Mal conservada,,,,,,,
2022-03-04 00:00:00,,COM VÍTIMA,FINALIZADA,SANTO AMARO,PRC DO CAMPO SANTO,455,,EM FRENTE AO SESC,SANTO AMARO,,CIDADE,COLISÃO LATERAL,1,1,0,0,0,0,0,0,0,1,0,Longo da via,Bom,Não existe,Perfeito estado,Seca,Perfeito estado,Faixa de pedestre,"Placas ""Pare""",,Dupla,Não existe,,
2022-03-04 00:00:00,,SEM VÍTIMA,FINALIZADA,BOA VISTA,RUA DO GIRIQUITI,155,,E. F. AO Nº 155,BOA VISTA,,CIDADE,,1,0,0,0,0,0,0,1,0,0,0,Longo da via,Bom,Não existe,Perfeito estado,Seca,Perfeito estado,Não existe,Outras,,Única,Não existe,,
2022-03-04 00:00:00,,SEM VÍTIMA,FINALIZADA,BOA VIAGEM,RUA BALTAZAR PASSOS,,RUA PROFESSOR AUGUSTO LINS E SILVA,PROXIMO A PADARIA PAN JOVEM,BOA VIAGEM,,,COLISÃO LATERAL,1,1,0,0,0,0,0,0,0,0,0,,,,,,,,,,,,,
2022-03-04 00:00:00,,COM VÍTIMA,FINALIZADA,BOA VISTA,AV CONDE DA BOA VISTA,,RUA DO HOSPICIO,EM FRENTE AO SHOPING BOA VISTA,BOA VISTA,,SUBURBIO,ATROPELAMENTO DE PESSOA,0,0,0,0,1,1,0,0,0,1,0,Cruzamento,Bom,Sem defeito,Perfeito estado,Molhada,Perfeito estado,Faixa de pedestre,Outras,,Dupla,Canteiro central,,
2022-03-04 00:00:00,,SEM VÍTIMA,FINALIZADA,AFOGADOS,RUA IMPERIAL,,,PROX AO PONTILHAO,AFOGADOS,510,,COLISÃO LATERAL,2,0,0,0,0,0,0,0,0,0,0,,,,,,,,,,,,,
2022-03-05 00:00:00,,COM VÍTIMA,FINALIZADA,ROSARINHO,AV NORTE MIGUEL ARRAES DE ALENCAR,,AV SANTOS DUMONT,E/F À PADARIA ROSARINHO  - SENTIDO CID/SUB,ROSARINHO,81,CIDADE,COLISÃO LATERAL,1,1,0,0,0,0,0,0,0,1,0,Cruzamento,Chuvoso,Sem defeito,Perfeito estado,Molhada,Perfeito estado,Faixa de pedestre,Outras,,Dupla,Canteiro central,,
2022-03-05 00:00:00,,COM VÍTIMA,FINALIZADA,BOA VISTA,AV CONDE DA BOA VISTA,569,RUA GERVASIO PIRES,PROXIMO A FAMACIA DROGASIL,BOA VISTA,24,CIDADE,COLISÃO TRANSVERSAL,2,0,0,0,0,0,0,0,0,1,0,Cruzamento,Chuvoso,Sem defeito,Perfeito estado,Molhada,Perfeito estado,Faixa de pedestre,Outras,,Dupla,Canteiro central,,
2022-03-05 00:00:00,,COM VÍTIMA,FINALIZADA,AREIAS,AV DR JOSE RUFINO,790,,BUFFET INFANTIL BRINK KIDS,AREIAS,,SUBURBIO,COLISÃO TRANSVERSAL,1,1,0,0,0,0,0,0,0,1,0,Longo da via,Chuvoso,Não existe,Perfeito estado,Molhada,Perfeito estado,Não existe,Não há placas,,Dupla,Faixa contínua,,
2022-03-05 00:00:00,,COM VÍTIMA,FINALIZADA,CURADO,AV PREFEITO ANTONIO PEREIRA,231,RUA MINISTRO MARIO ANDREAZZA,PROX. A DISTRIBUIDORA DIST CARNE,CURADO,,SUBURBIO,COLISÃO TRANSVERSAL,1,0,0,0,0,1,0,0,0,2,0,Cruzamento,Chuvoso,Não existe,Não existente,Molhada,Perfeito estado,Não existe,Não há placas,,Dupla,Canteiro central,,
2022-03-05 00:00:00,,COM VÍTIMA,FINALIZADA,SAN MARTIN,RUA COMENDADOR FRANCO FERREIRA,307,RUA DUARTE FILHO,ESQUINA COM A GALERIA JARDIM,SAN MARTIN,,CIDADE,COLISÃO COM CICLISTA,1,0,0,1,0,0,0,0,0,1,0,Cruzamento,Chuvoso,Não existe,Ilegível,Molhada,Perfeito estado,Não existe,,30 km/h,Dupla,Não existe,,
2022-03-06 00:00:00,,SEM VÍTIMA,CANCELADA,BOA VIAGEM,AV BOA VIAGEM,,,EM FRENTE A PRACINHA DE BOA VIAGEM,BOA VIAGEM,,,COLISÃO TRASEIRA,2,0,0,0,0,0,0,0,0,0,0,,,,,,,,,,,,,
2022-03-06 00:00:00,,COM VÍTIMA,FINALIZADA,IBURA,RUA EMILIO MONTEIRO FONSECA,,,"APÓS O CALDO DE CANA, ANTIGA PIPOQUEIRA",IBURA,,,COLISÃO LATERAL,1,1,0,0,0,0,0,0,0,1,0,Cruzamento,Chuvoso,Não existe,Incompleta,Molhada,Mal conservada,Não existe,Outras,40 km/h,Dupla,Não existe,,
2022-03-06 00:00:00,,COM VÍTIMA,FINALIZADA,TAMARINEIRA,AV NORTE MIGUEL ARRAES DE ALENCAR,382,,E/F A IGREJA EVANGELICA CONGREGACIONAL DA TAMARINEIRA,TAMARINEIRA,62,SUBURBIO,COLISÃO TRASEIRA,1,1,0,0,0,0,0,0,0,1,0,Longo da via,Bom,Sem defeito,Perfeito estado,Seca,Perfeito estado,Faixa de pedestre,Outras,,Dupla,Canteiro central,Blocos,
2022-03-06 00:00:00,,COM VÍTIMA,FINALIZADA,TORRE,RUA PIO NONO,435,RUA JOSE DE HOLANDA,PRÓX AO EDF MARIA REBECA E COLEGIO ISRAELITA,TORRE,,SUBURBIO,COLISÃO TRANSVERSAL,1,1,0,0,0,0,0,0,0,1,0,Cruzamento,Bom,Não existe,Perfeito estado,Seca,Perfeito estado,Não existe,"Placas ""Pare""",20 km/h,Dupla,Não existe,,
2022-03-06 00:00:00,,COM VÍTIMA,CANCELADA,ÁGUA FRIA,AV BEBERIBE,,,FEIRA NOVA DE ÁGUA FRIA / SEMÁFORO 405,ÁGUA FRIA,,,ATROPELAMENTO DE PESSOA,1,0,0,0,1,0,0,0,0,1,0,,,,,,,,,,,,,
2022-03-07 00:00:00,,COM VÍTIMA,CANCELADA,BOA VISTA,RUA VELHA,,,EM FRENTE A  ANTIGA CELPE,BOA VISTA,,,COLISÃO LATERAL,0,1,0,1,0,0,0,0,0,2,0,,,,,,,,,,,,,