data,hora,natureza,situacao,bairro,endereco,numero,detalhe_endereco_acidente,complemento,bairro_cruzamento,num_semaforo,sentido_via,tipo,auto,moto,ciclom,ciclista,pedestre,onibus,caminhao,viatura,outros,vitimas,vitimasfatais,acidente_verificado,tempo_clima,situacao_semaforo,sinalizacao,condicao_via,conservacao_via,ponto_controle,situacao_placa,velocidade_max_via,mao_direcao,divisao_via1,divisao_via2,divisao_via3
2022-03-07 00:00:00,,COM VÍTIMA,FINALIZADA,GRAÇAS,RUA ALBERTO PAIVA,,RUA DO FUTURO,LAVANDERIA LAVARE,GRAÇAS,521,CIDADE,COLISÃO LATERAL,3,0,0,0,0,0,0,0,0,1,0,Cruzamento,Chuvoso,Sem defeito,Perfeito estado,Seca,Perfeito estado,Faixa de pedestre,Outras,,Única,Faixa contínua,Faixa seccionada,
2022-03-07 00:00:00,,COM VÍTIMA,FINALIZADA,BOA VIAGEM,AV BOA VIAGEM,4752,,APOS A PRAÇA DE BOA VIAGEM / EDF VILLANDRY,BOA VIAGEM,,CIDADE,COLISÃO LATERAL,1,1,0,0,0,0,0,0,0,1,0,Longo da via,Bom,Não existe,Perfeito estado,Seca,Perfeito estado,Não existe,Outras,60 km/h,Única,Faixa seccionada,,
2022-03-07 00:00:00,,COM VÍTIMA,FINALIZADA,MUSTARDINHA,AV MANOEL GONCALVES DA LUZ,350,,EM FRENTE A PRAÇA DO ABRIGO,MUSTARDINHA,,CIDADE,COLISÃO TRANSVERSAL,2,1,0,0,0,0,0,0,0,1,0,Cruzamento,Bom,Sem defeito,Incompleta,Seca,Mal conservada,Faixa de retenção,Outras,40 km/h,Dupla,Faixa seccionada,,
2022-03-07 00:00:00,,COM VÍTIMA,FINALIZADA,VÁRZEA,AV AFONSO OLINDENSE,1513,,EM FRENTE A UPA VILA ARRAES,VÁRZEA,,,COLISÃO FRONTAL,1,0,0,0,0,1,0,0,0,1,0,Longo da via,Bom,Não existe,Perfeito estado,Seca,Perfeito estado,Não existe,R-19,30 km/h,Dupla,Faixa contínua,,
2022-03-08 00:00:00,,COM VÍTIMA,CANCELADA,CORDEIRO,AV CAXANGA,,RUA DOM JOSE PEREIRA ALVES,PRAÇA DOM JOSÉ PEREIRA ALVES,CORDEIRO,,,COLISÃO LATERAL,1,1,0,0,0,0,0,0,0,1,0,,,,,,,,,,,,,
2022-03-08 00:00:00,,COM VÍTIMA,FINALIZADA,ILHA DO LEITE,RUA MARQUES AMORIM,,RUA ESPERANTO,POR TRAS DA UNIMED,ILHA DO LEITE,,,COLISÃO TRANSVERSAL,2,0,0,0,0,0,0,0,0,1,0,Cruzamento,Bom,Não existe,Perfeito estado,Seca,Perfeito estado,Faixa de pedestre,"Placas ""Pare""",,,Faixa seccionada,,
2022-03-08 00:00:00,,COM VÍTIMA,FINALIZADA,CASA AMARELA,AV NORTE MIGUEL ARRAES DE ALENCAR,,AV PROFESSOR JOSE DOS ANJOS,E/F AO SESC DE CASA AMARELA  S/T CID,CASA AMARELA,364,SUBURBIO,COLISÃO FRONTAL,0,2,0,0,0,0,0,0,0,1,0,Ponte,Bom,Sem defeito,Ilegível,Seca,Perfeito estado,Faixa de pedestre,Outras,60 km/h,,Não existe,,
2022-03-08 00:00:00,,COM VÍTIMA,CANCELADA,ILHA DO RETIRO,RUA TABAIARES,,,PROXIMO AO SEBRAE,ILHA DO RETIRO,,,COLISÃO LATERAL,0,1,0,0,0,0,0,0,1,2,0,,,,,,,,,,,,,
2022-03-08 00:00:00,,COM VÍTIMA,FINALIZADA,BAIRRO DO RECIFE,AV ALFREDO LISBOA,,,E/F AO MARCO ZERO,BAIRRO DO RECIFE,,CIDADE,COLISÃO LATERAL,0,2,0,0,0,0,0,0,0,1,0,Longo da via,Bom,Não existe,Perfeito estado,Seca,Perfeito estado,Faixa de pedestre,Não há placas,,Única,Não existe,,
2022-03-09 00:00:00,,COM VÍTIMA,FINALIZADA,SANTO AMARO,AV CRUZ CABUGA,449,RUA ARARIPINA,OPOSTO AO ARMAZEM CORAL,SANTO AMARO,,CIDADE,COLISÃO LATERAL,1,0,1,0,0,0,0,0,0,1,0,Longo da via,Bom,Não existe,Perfeito estado,Seca,Perfeito estado,Não existe,Não há placas,60 km/h,Dupla,Faixa contínua,,
2022-03-09 00:00:00,,COM VÍTIMA,FINALIZADA,BOA VISTA,RUA DO HOSPICIO,875,RUA JOAO LIRA,MINISTERIO PUBLICO,BOA VISTA,32,CIDADE,COLISÃO COM CICLISTA,0,1,0,1,0,0,0,0,0,1,0,Cruzamento,Bom,Sem defeito,Perfeito estado,Seca,Perfeito estado,Faixa de pedestre,Outras,,Dupla,Faixa contínua,,
2022-03-09 00:00:00,,COM VÍTIMA,FINALIZADA,BEBERIBE,RUA PORTAO DO GELO,,AV BEBERIBE,PRÓX. AO POSTO SHELL E PRÓX. À EQUIPECAR - SOM E ACESSÓRIOS,BEBERIBE,,SUBURBIO,CHOQUE,1,1,0,0,0,0,0,0,0,1,0,Longo da via,Bom,Não existe,Perfeito estado,Seca,Perfeito estado,Não existe,R-6a,,Dupla,Faixa contínua,,
2022-03-09 00:00:00,,COM VÍTIMA,FINALIZADA,SANTO ANTÔNIO,AV MARTINS DE BARROS,,PTE CONDE MAURICIO DE NASSAU,E/F AO ARMAZEN DO CAMPO,SANTO ANTÔNIO,194,SUBURBIO,ATROPELAMENTO DE PESSOA,0,1,0,0,1,0,0,0,0,1,0,Cruzamento,Bom,Sem defeito,Perfeito estado,Seca,Perfeito estado,Faixa de pedestre,Não há placas,,Única,Faixa seccionada,,
2022-03-10 00:00:00,,COM VÍTIMA,FINALIZADA,AFOGADOS,AV SUL,1562,RUA OSCAR MELO,EM FRENTE OFICINA MOTO PEÇAS,AFOGADOS,,CIDADE,QUEDA,0,1,0,0,0,0,0,0,0,1,0,Longo da via,Bom,Sem defeito,Não existente,Molhada,Perfeito estado,Não existe,Não há placas,,Única,Canteiro central,,
2022-03-10 00:00:00,,COM VÍTIMA,FINALIZADA,ZUMBI,AV CAXANGA,,,EM FRENTE A PLAZA VEICULOS,ZUMBI,274,CIDADE,COLISÃO COM CICLISTA,0,0,0,1,0,1,0,0,0,1,0,Longo da via,Bom,Sem defeito,Perfeito estado,Seca,Perfeito estado,Não existe,Outras,50 km/h,Dupla,Canteiro central,,
2022-03-10 00:00:00,,COM VÍTIMA,FINALIZADA,CASA FORTE,AV DEZESSETE DE AGOSTO,500,,E/F A MC DONALDS,CASA FORTE,345,SUBURBIO,COLISÃO TRASEIRA,1,1,0,0,0,0,0,0,0,1,0,Longo da via,Bom,Sem defeito,Perfeito estado,Seca,Perfeito estado,Faixa de pedestre,Outras,,Dupla,Faixa contínua,,
2022-03-11 00:00:00,,COM VÍTIMA,FINALIZADA,SANTO ANTÔNIO,AV GUARARAPES,,AV DANTAS BARRETO,NO SEMÁFORO 015,SANTO ANTÔNIO,15,,ATROPELAMENTO DE PESSOA,0,0,0,0,1,1,0,0,0,1,0,Cruzamento,Bom,Sem defeito,Perfeito estado,Seca,Perfeito estado,Faixa de pedestre,Outras,40 km/h,Dupla,Canteiro central,,
2022-03-10 00:00:00,,COM VÍTIMA,FINALIZADA,BOA VIAGEM,AV ENGENHEIRO DOMINGOS FERREIRA,2284,RUA DONA BENVINDA DE FARIAS,EM FRENTE À FARMÁCIA PAGUE MENOS,BOA VIAGEM,139,SUBURBIO,COLISÃO TRASEIRA,3,0,0,0,0,0,0,0,0,1,0,Cruzamento,Bom,Sem defeito,Perfeito estado,Seca,Perfeito estado,Faixa de pedestre,R-4a,,Única,Canteiro central,,
2022-03-10 00:00:00,,COM VÍTIMA,FINALIZADA,CAMPO GRANDE,RUA CATULO DA PAIXAO CEARENSE,480,RUA PROFESSOR FRANCISCO DA TRINDADE,E/F A FERREIRA ATELIER E GALERIA,CAMPO GRANDE,,CIDADE,COLISÃO LATERAL,1,1,0,0,0,0,0,0,0,2,0,Cruzamento,Bom,Não existe,Perfeito estado,Seca,Perfeito estado,Faixa de pedestre,"Placas ""Pare""",,Dupla,,,
2022-03-10 00:00:00,,COM VÍTIMA,CANCELADA,PONTO DE PARADA,RUA PROFESSOR JERONIMO GUEIROS,211,RUA PROFESSOR JOSE CARNEIRO,POR TRÁS DA SVJ VEÍCULOS / RUA DO CANAL,PONTO DE PARADA,,,COLISÃO LATERAL,1,1,0,0,0,0,0,0,0,1,0,,,,,,,,,,,,,
2022-03-10 00:00:00,,COM VÍTIMA,FINALIZADA,SANTO AMARO,RUA DOS PALMARES,263,RUA TREZE DE MAIO,PRÓX AO INSS,SANTO AMARO,30,CIDADE,COLISÃO COM CICLISTA,1,0,0,1,0,0,0,0,0,1,0,,Chuvoso,Sem defeito,Perfeito estado,Molhada,Perfeito estado,Faixa de pedestre,Outras,,Dupla,Canteiro central,,
2022-03-11 00:00:00,,COM VÍTIMA,FINALIZADA,BOA VISTA,RUA GERVASIO PIRES,,AV MANOEL BORBA,CRUZAMENTO DAS VIAS EM REFERÊNCIA,BOA VISTA,169,SUBURBIO,COLISÃO TRANSVERSAL,0,0,0,0,0,2,0,0,0,1,0,Cruzamento,Bom,Com defeito,Perfeito estado,Seca,Perfeito estado,Faixa de pedestre,R-6a,,Única,Faixa seccionada,,
2022-03-11 00:00:00,,SEM VÍTIMA,FINALIZADA,PINA,RUA SAO LUIZ,316,,EM FRENTE AO NÚMERO 316,PINA,,,COLISÃO TRASEIRA,3,0,0,0,0,0,0,0,0,0,0,Longo da via,Bom,Não existe,Incompleta,Seca,Mal conservada,Não existe,Não há placas,,Dupla,Não existe,,
2022-03-11 00:00:00,,COM VÍTIMA,FINALIZADA,ESPINHEIRO,RUA GOMES PACHECO,239,RUA AFONSO BATISTA,EM FRENTE A OFINA MECANICA,ESPINHEIRO,,CIDADE,COLISÃO TRANSVERSAL,1,1,0,0,0,0,0,0,0,1,0,Cruzamento,Bom,Não existe,Ilegível,Seca,Mal conservada,Não existe,"Placas ""Pare""",,Dupla,Não existe,,
2022-03-11 00:00:00,,COM VÍTIMA,FINALIZADA,CAXANGÁ,AV CAXANGA,,,EM FRENTE A ACADEMIA TOP FIT/ SENTIDO CIDADE,CAXANGÁ,,CIDADE,COLISÃO TRASEIRA,2,1,0,0,0,0,0,0,0,1,0,Longo da via,Bom,Não existe,Perfeito estado,Seca,Perfeito estado,Não existe,Não há placas,,Dupla,Canteiro central,,
2022-03-11 00:00:00,,COM VÍTIMA,FINALIZADA,PINA,AV ENGENHEIRO DOMINGOS FERREIRA,1183,RUA ANTONIO PEDRO DE FIGUEIREDO,EM FRENTE AO GRUPO PARVI E PROXIMO AO BANCO ITAU,PINA,324,SUBURBIO,COLISÃO TRASEIRA,1,1,0,0,0,0,0,0,0,1,0,Cruzamento,Bom,Sem defeito,Perfeito estado,Seca,Perfeito estado,Faixa de pedestre,Não há placas,60 km/h,Única,Faixa contínua,Canteiro central,
2022-03-11 00:00:00,,COM VÍTIMA,FINALIZADA,BOA VIAGEM,RUA VISCONDE DE JEQUITINHONHA,,,LADO OPOSTO AO EDIFICIO COSTA ATLANTICA E PROXIMO AO KUMON,BOA VIAGEM,,SUBURBIO,COLISÃO TRASEIRA,1,1,0,0,0,0,0,0,0,1,0,Longo da via,Bom,Não existe,Não existente,Seca,Perfeito estado,Não existe,Não há placas,,Única,Faixa seccionada,,
2022-03-11 00:00:00,,COM VÍTIMA,FINALIZADA,CORDEIRO,AV INACIO MONTEIRO,,RUA DR MIGUEL VIEIRA FERREIRA,E/F A FARMACIA DROGARIA CORDEIRO,CORDEIRO,566,SUBURBIO,COLISÃO FRONTAL,1,1,0,0,0,0,0,0,0,1,0,Cruzamento,Bom,Sem defeito,Incompleta,Seca,Perfeito estado,Faixa de pedestre,Não há placas,,Dupla,Faixa contínua,,
2022-03-11 00:00:00,,COM VÍTIMA,FINALIZADA,VÁRZEA,AV PROFESSOR ARTUR DE SA,1190,,PRÓXIMO AO CEMITÉRIO DA VÁRZEA,VÁRZEA,,CIDADE,COLISÃO TRANSVERSAL,1,1,0,0,0,0,0,0,0,1,0,Longo da via,Bom,Não existe,Perfeito estado,Seca,Perfeito estado,Não existe,Não há placas,,Dupla,Faixa contínua,,
2022-03-12 00:00:00,,COM VÍTIMA,FINALIZADA,BARRO,AV DR JOSE RUFINO,2365,,EM FRENTE A IGREJA DO BARRO,BARRO,,SUBURBIO,COLISÃO FRONTAL,1,1,0,0,0,0,0,0,0,2,0,Longo da via,Bom,Não existe,Incompleta,Seca,Perfeito estado,Não existe,Outras,,Dupla,Não existe,,
2022-03-12 00:00:00,,COM VÍTIMA,FINALIZADA,TORREÃO,RUA DJALMA FARIAS,365,RUA OTHON PARAISO,EM FRENTE AO DELICIA DO AÇAI,TORREÃO,,SUBURBIO,COLISÃO COM CICLISTA,1,0,0,1,0,0,0,0,0,1,0,Cruzamento,Bom,Não existe,Incompleta,Seca,Perfeito estado,Não existe,Outras,,Dupla,Canteiro central,,
2022-03-12 00:00:00,,SEM VÍTIMA,FINALIZADA,APIPUCOS,RUA DOIS IRMAOS,,,PROX  HABSEVI  CONSTRUÇOES,APIPUCOS,,,COLISÃO TRASEIRA,2,0,0,0,0,0,0,0,0,0,0,,,,,,,,,,,,,
2022-03-12 00:00:00,,COM VÍTIMA,FINALIZADA,MACAXEIRA,AV NORTE MIGUEL ARRAES DE ALENCAR,,,PROX A INTEGRAÇAO DA MACAXEIRA  S/T  SUB,MACAXEIRA,,,COLISÃO LATERAL,1,1,0,0,0,0,0,0,0,1,0,,,,,,,,,,,,,
2022-03-12 00:00:00,,SEM VÍTIMA,FINALIZADA,POÇO DA PANELA,RUA LUIZ GUIMARAES,,,VILLA ROSARGADA,POÇO DA PANELA,,SUBURBIO,CHOQUE,1,0,0,0,0,0,0,1,0,0,0,Longo da via,Bom,Não existe,Perfeito estado,Seca,Perfeito estado,Não existe,R-6a,,Dupla,Não existe,,
2022-03-12 00:00:00,,SEM VÍTIMA,FINALIZADA,BOA VIAGEM,AV CONSELHEIRO AGUIAR,,RUA ANTONIO FALCAO,BANCA J.C 24,BOA VIAGEM,6,CIDADE,,1,0,0,0,0,0,0,1,0,0,0,Cruzamento,Bom,Sem defeito,Perfeito estado,Seca,Perfeito estado,Faixa de pedestre,Outras,,Única,Não existe,,
2022-03-13 00:00:00,,COM VÍTIMA,FINALIZADA,BOA VIAGEM,RUA RIBEIRO DE BRITO,1002,RUA TENENTE DOMINGOS DE BRITO,PROX A DROGASIL,BOA VIAGEM,,CIDADE,COLISÃO TRANSVERSAL,1,0,0,0,0,1,0,0,0,1,0,Cruzamento,Chuvoso,Sem defeito,Perfeito estado,Molhada,Perfeito estado,Faixa de pedestre,Outras,,Única,Faixa seccionada,,
2022-03-13 00:00:00,,COM VÍTIMA,FINALIZADA,CAMPO GRANDE,RUA JERONIMO VILELA,409,RUA FRANKLIN TAVORA,CRUZAMENTO DA VIA,CAMPO GRANDE,282,CIDADE,COLISÃO TRANSVERSAL,0,2,0,0,0,0,0,0,0,2,0,Cruzamento,Bom,Sem defeito,Perfeito estado,Seca,Perfeito estado,Faixa de pedestre,R-6a,,Dupla,Faixa contínua,Faixa seccionada,
2022-03-13 00:00:00,,VÍTIMA FATAL,FINALIZADA,APIPUCOS,RUA DOIS IRMAOS,389,,,APIPUCOS,535,SUBURBIO,COLISÃO COM CICLISTA,0,0,0,1,0,1,0,0,0,0,1,Longo da via,Bom,Sem defeito,Perfeito estado,Seca,Perfeito estado,Faixa de pedestre,Outras,60 km/h,Dupla,Faixa contínua,Faixa seccionada,
2022-03-13 00:00:00,,SEM VÍTIMA,CANCELADA,PINA,AV ANTONIO DE GOES,218,,E/F AO POSTO BR,PINA,,,COLISÃO LATERAL,2,0,0,0,0,0,0,0,0,0,0,,,,,,,,,,,,,
2022-03-13 00:00:00,,COM VÍTIMA,FINALIZADA,IBURA,AV DOIS RIOS,,,AO LADO DA PAGUE MENOS/ PRÓX AO SEMÁFORO 323,IBURA,,SUBURBIO,COLISÃO TRANSVERSAL,1,1,0,0,0,0,0,0,0,1,0,Longo da via,Bom,Não existe,Perfeito estado,Seca,Perfeito estado,Não existe,Não há placas,,Dupla,Faixa seccionada,,
2022-03-14 00:00:00,,COM VÍTIMA,FINALIZADA,MUSTARDINHA,RUA VINTE E UM DE ABRIL,1321,,PRÓXIMO A ROCK PIZZA,MUSTARDINHA,,SUBURBIO,COLISÃO TRANSVERSAL,1,1,0,0,0,0,0,0,0,1,0,Longo da via,Chuvoso,Sem defeito,Perfeito estado,Molhada,Perfeito estado,Não existe,Não há placas,,Dupla,Faixa seccionada,,
2022-03-14 00:00:00,,COM VÍTIMA,FINALIZADA,BAIRRO DO RECIFE,AV MILITAR,,,EM FRENTE AO MEMORIAL DE JUSTIÇA DE PERNAMBUCO,BAIRRO DO RECIFE,,SUBURBIO,QUEDA,0,1,0,0,0,0,0,0,0,1,0,Longo da via,Bom,Não existe,Perfeito estado,Seca,Perfeito estado,Não existe,Não há placas,,Única,Faixa seccionada,,
2022-03-14 00:00:00,,SEM VÍTIMA,FINALIZADA,SÃO JOSÉ,C SANTA RITA,,,SEMÁFORO 473,SÃO JOSÉ,473,CIDADE,,5,0,0,0,0,0,0,0,0,0,0,Longo da via,Bom,Sem defeito,Perfeito estado,Seca,Perfeito estado,Não existe,Não há placas,,Dupla,Canteiro central,,
2022-03-15 00:00:00,,COM VÍTIMA,FINALIZADA,BARRO,AV DR JOSE RUFINO,2612,,E/F A ASSISNTENCIA TECNICA EM REFRIGERAÇÃO,BARRO,615,SUBURBIO,COLISÃO TRASEIRA,1,0,0,0,0,1,0,0,0,1,0,Longo da via,Bom,Sem defeito,Ilegível,Seca,Perfeito estado,Faixa de pedestre,Outras,40 km/h,Dupla,Faixa contínua,Faixa seccionada,
2022-03-15 00:00:00,,COM VÍTIMA,FINALIZADA,AFOGADOS,RUA JOAO IVO DA SILVA,120,RUA PADRE TEOFILO TWORZ,E/F A TUPAN HOME CENTER,AFOGADOS,503,CIDADE,COLISÃO TRANSVERSAL,1,1,0,0,0,0,0,0,0,2,0,Cruzamento,Bom,Sem defeito,Perfeito estado,Seca,Perfeito estado,Não existe,R-32,,Dupla,Faixa contínua,Canteiro central,
2022-03-15 00:00:00,,COM VÍTIMA,FINALIZADA,IPUTINGA,RUA SAO MATEUS,344,,EM FRENTE  AIGREJA UNIVERSAL,IPUTINGA,,SUBURBIO,COLISÃO FRONTAL,1,1,0,0,0,0,0,0,0,1,0,Longo da via,Bom,Não existe,Incompleta,Seca,Perfeito estado,Não existe,Não há placas,,Dupla,Não existe,,
2022-03-15 00:00:00,,COM VÍTIMA,FINALIZADA,BOA VIAGEM,AV ENGENHEIRO DOMINGOS FERREIRA,,RUA FELIX DE BRITO E MELO,EM FRENTE A  CLINICA  A  MAIS,BOA VIAGEM,545,SUBURBIO,COLISÃO TRANSVERSAL,1,1,0,0,0,0,0,0,0,1,0,Cruzamento,Bom,Sem defeito,Perfeito estado,Seca,Perfeito estado,Faixa de pedestre,Outras,60 km/h,Única,Faixa contínua,,
2022-03-15 00:00:00,,SEM VÍTIMA,FINALIZADA,CAXANGÁ,AV JOAQUIM RIBEIRO,,RUA RIBEIRO PESSOA,UPA DA CAXANGA,CAXANGÁ,281,CIDADE,COLISÃO TRANSVERSAL,2,0,0,0,0,0,0,0,0,0,0,Cruzamento,Bom,Sem defeito,Perfeito estado,Seca,Perfeito estado,Agente,Não há placas,60 km/h,Única,Canteiro central,,
2022-03-15 00:00:00,,COM VÍTIMA,FINALIZADA,DOIS IRMÃOS,RUA DOIS IRMAOS,,,EM FRENTE AO HORTO  E AO LAFEPE,DOIS IRMÃOS,,,COLISÃO LATERAL,1,1,0,0,0,0,0,0,0,2,0,Longo da via,Bom,Não existe,Não existente,Seca,Perfeito estado,Não existe,Não há placas,,Única,Não existe,,
2022-03-15 00:00:00,,SEM VÍTIMA,FINALIZADA,CABANGA,AV ENGENHEIRO JOSE ESTELITA,,,E/F A OBRA DA MOURA DUBEX S/T BOA VIAGEM  PROX AO VIADUTO,CABANGA,,,COLISÃO LATERAL,1,0,0,0,0,0,1,0,0,0,0,,,,,,,,,,,,,
2022-03-15 00:00:00,,COM VÍTIMA,FINALIZADA,ESPINHEIRO,RUA BARAO DE ITAMARACA,,RUA DO ESPINHEIRO,EM FRENTE A DROGASIL,ESPINHEIRO,86,SUBURBIO,COLISÃO TRANSVERSAL,1,1,0,0,0,0,0,0,0,1,0,Cruzamento,Bom,Sem defeito,Perfeito estado,Seca,Perfeito estado,Faixa de pedestre,Outras,,Dupla,Faixa contínua,Faixa seccionada,
2022-03-15 00:00:00,,COM VÍTIMA,FINALIZADA,BOA VISTA,RUA DOM BOSCO,1000,,E/F  RADIO RECIFE  E A CNBB,BOA VISTA,,CIDADE,COLISÃO LATERAL,1,1,0,0,0,0,0,0,0,1,0,Longo da via,Bom,Não existe,Perfeito estado,Seca,Perfeito estado,Não existe,Não há placas,,Dupla,Faixa contínua,,
2022-03-15 00:00:00,,COM VÍTIMA,FINALIZADA,CORDEIRO,AV ENGENHEIRO ABDIAS DE CARVALHO,,,NO SEMAFORO 688 S/T CURADO / EF COMPAZ,CORDEIRO,688,SUBURBIO,COLISÃO TRASEIRA,0,2,0,0,0,0,0,0,0,1,0,Longo da via,Bom,Sem defeito,Perfeito estado,Seca,Perfeito estado,Faixa de retenção,Não há placas,60 km/h,Única,Faixa contínua,,
2022-03-15 00:00:00,,SEM VÍTIMA,FINALIZADA,SANTO AMARO,AV NORTE MIGUEL ARRAES DE ALENCAR,,RUA NUMA POMPILHO,PRÓX AO POSTO ALVORADA,SANTO AMARO,,,COLISÃO FRONTAL,0,0,0,0,0,0,0,0,0,0,0,,,,,,,,,,,,,
2022-03-16 00:00:00,,COM VÍTIMA,FINALIZADA,JOANA BEZERRA,AV CENTRAL,S/N,,AO LADO DO  CLUBE MOCIDADE E ASSEMBLÉIA DE DEUS,JOANA BEZERRA,,SUBURBIO,ATROPELAMENTO DE PESSOA,1,0,0,0,1,0,0,0,0,1,0,Outros,Bom,Não existe,Não existente,Seca,Mal conservada,Não existe,Não há placas,,Dupla,Não existe,,
2022-03-16 00:00:00,,COM VÍTIMA,FINALIZADA,TAMARINEIRA,RUA PADRE ROMA,,,APÓS A CASA JOSÉ ARAÚJO. COSTELA DO MATUTO-PRIME. LADO OPOSTO AO NÚMERO 413,TAMARINEIRA,,SUBURBIO,COLISÃO TRASEIRA,0,2,0,0,0,0,0,0,0,1,0,Longo da via,Bom,Não existe,Perfeito estado,Seca,Perfeito estado,Não existe,R-6a,,Única,Faixa seccionada,Canteiro central,
2022-03-16 00:00:00,,COM VÍTIMA,FINALIZADA,CORDEIRO,RUA GOMES TABORDA,1644,RUA FIRMINO DE BARROS,EM FRENTE A BATERIA MOURA,CORDEIRO,,CIDADE,COLISÃO LATERAL,1,1,0,0,0,0,0,0,0,2,0,Cruzamento,Bom,Não existe,Incompleta,Seca,Perfeito estado,Não existe,Não há placas,,Dupla,Faixa seccionada,,
2022-03-16 00:00:00,,COM VÍTIMA,DUPLICIDADE,CORDEIRO,RUA GOMES TABORDA,1583,,E/F A EDIFICIO JARDIM DO PRADO,CORDEIRO,,,COLISÃO LATERAL,1,1,0,0,0,0,0,0,0,2,0,,,,,,,,,,,,,
2022-03-16 00:00:00,,SEM VÍTIMA,FINALIZADA,IBURA,RUA EXP FRANCISCO VITORIANO,67,,,IBURA,,,CHOQUE,1,0,0,0,0,0,0,0,0,0,0,,,,,,,,,,,,,
2022-03-16 00:00:00,,SEM VÍTIMA,FINALIZADA,FUNDÃO,RUA DALVA DE OLIVEIRA,,,AO LADO DA IGREJA BATISTA DO VALE,FUNDÃO,,,,2,0,0,0,0,0,0,0,0,0,0,Cruzamento,Bom,Não existe,,Seca,Perfeito estado,Não existe,Não há placas,,Dupla,,,
2022-03-16 00:00:00,,COM VÍTIMA,FINALIZADA,VÁRZEA,AV CAXANGA,,,LADO OPOSTO À UPA DA CAXANGÁ,VÁRZEA,,CIDADE,COLISÃO TRASEIRA,1,1,0,0,0,0,0,0,0,1,0,Longo da via,Bom,Não existe,Perfeito estado,Seca,Perfeito estado,Faixa de pedestre,Não há placas,,Dupla,Faixa seccionada,Canteiro central,
2022-03-16 00:00:00,,COM VÍTIMA,FINALIZADA,IPUTINGA,AV CAXANGA,,RUA MANOEL JOAQUIM DE ALMEIDA,LADO OPOSTO À LOJA IPUTINGA AUTOMÓVEIS,IPUTINGA,,SUL,COLISÃO LATERAL,0,2,0,0,0,0,0,0,0,2,0,Longo da via,Chuvoso,Sem defeito,Perfeito estado,Molhada,Perfeito estado,Agente,R-6a,40 km/h,Única,Não existe,,
2022-03-16 00:00:00,,COM VÍTIMA,FINALIZADA,SANTO AMARO,AV VISCONDE DE SUASSUNA,775,RUA GOUVEIA DE BARROS,PROXIMO AO SENAC,SANTO AMARO,,SUBURBIO,COLISÃO LATERAL,1,1,0,0,0,0,0,0,0,1,0,Cruzamento,Bom,Não existe,Perfeito estado,Seca,Perfeito estado,Não existe,R-6a,40 km/h,,Faixa seccionada,,
2022-03-16 00:00:00,,COM VÍTIMA,FINALIZADA,BOA VIAGEM,RUA VISCONDE DE JEQUITINHONHA,,,PROXIMO A PADARIA SANTO CRISTO. POSTE B007493,BOA VIAGEM,,SUBURBIO,COLISÃO LATERAL,1,1,0,0,0,0,0,0,0,1,0,Longo da via,Chuvoso,Não existe,Perfeito estado,Molhada,Perfeito estado,Não existe,Não há placas,,Única,Faixa seccionada,Canteiro central,
2022-03-16 00:00:00,,COM VÍTIMA,FINALIZADA,ARRUDA,RUA DAS MOCAS,1071,RUA DA REGENERACAO,SEMÁFORO 472,ARRUDA,472,CIDADE,COLISÃO FRONTAL,1,1,0,0,0,0,0,0,0,1,0,Cruzamento,Bom,Sem defeito,Perfeito estado,Seca,Perfeito estado,Faixa de pedestre,Não há placas,30 km/h,Dupla,Não existe,,
2022-03-17 00:00:00,,COM VÍTIMA,FINALIZADA,ILHA DO LEITE,AV GOVERNADOR AGAMENON MAGALHAES,4775,RUA DR JOAO ASFORA,EM FRENTE AO EMPRESARIAL TOMAS / SENTIDO OLINDA,ILHA DO LEITE,672,OLINDA,ATROPELAMENTO DE PESSOA,0,1,0,0,1,0,0,0,0,1,0,Longo da via,Bom,Sem defeito,Perfeito estado,Seca,Perfeito estado,Faixa de pedestre,Não há placas,60 km/h,Dupla,Canteiro central,,
2022-03-17 00:00:00,,COM VÍTIMA,FINALIZADA,BOA VIAGEM,AV ENGENHEIRO DOMINGOS FERREIRA,315,RUA ERNESTO DE PAULA SANTOS,PROX. A FORNERIA DOM FERREIRA,BOA VIAGEM,217,SUBURBIO,COLISÃO COM CICLISTA,1,0,0,1,0,0,0,0,0,1,0,Longo da via,Bom,Sem defeito,Perfeito estado,Seca,Perfeito estado,,"Placas ""Pare""",,Dupla,Canteiro central,,