data,hora,natureza,situacao,bairro,endereco,numero,detalhe_endereco_acidente,complemento,bairro_cruzamento,num_semaforo,sentido_via,tipo,auto,moto,ciclom,ciclista,pedestre,onibus,caminhao,viatura,outros,vitimas,vitimasfatais,acidente_verificado,tempo_clima,situacao_semaforo,sinalizacao,condicao_via,conservacao_via,ponto_controle,situacao_placa,velocidade_max_via,mao_direcao,divisao_via1,divisao_via2,divisao_via3
2022-04-19 00:00:00,,COM VÍTIMA,FINALIZADA,BOA VIAGEM,AV ENGENHEIRO DOMINGOS FERREIRA,2265,RUA DONA BENVINDA DE FARIAS,FAIXA DA ESQUERDA,BOA VIAGEM,139,SUBURBIO,COLISÃO TRASEIRA,1,1,0,0,0,0,0,0,0,1,0,Longo da via,Bom,Sem defeito,Perfeito estado,Seca,Perfeito estado,Faixa de pedestre,R-4a,,Dupla,Canteiro central,,
2022-04-19 00:00:00,,COM VÍTIMA,CANCELADA,IPSEP,RUA ALVARO MOREYRA,,,PRÓX. À OFICINA DINAMICAR,IPSEP,,,COLISÃO FRONTAL,1,1,0,0,0,0,0,0,0,1,0,,,,,,,,,,,,,
2022-04-19 00:00:00,,COM VÍTIMA,FINALIZADA,SÃO JOSÉ,AV SUL,,,PRÓXIMO À PRAÇA SÉRGIO LORETO,SÃO JOSÉ,311,CIDADE,COLISÃO LATERAL,0,2,0,0,0,0,0,0,0,2,0,Longo da via,Bom,Sem defeito,Perfeito estado,Seca,,Não existe,Não há placas,,Única,Não existe,,
2022-04-20 00:00:00,,COM VÍTIMA,FINALIZADA,IMBIRIBEIRA,AV ANTONIO TORRES GALVAO,615,RUA ALFREDO MARCONDES,MOTOCICLISTA TOMBOU NA VIA.,IMBIRIBEIRA,442,CIDADE,QUEDA,0,1,0,0,0,0,0,0,0,1,0,Cruzamento,Chuvoso,Sem defeito,Perfeito estado,Molhada,Perfeito estado,Não existe,Não há placas,,Única,Não existe,,
2022-04-20 00:00:00,,SEM VÍTIMA,FINALIZADA,SANTO AMARO,RUA TREZE DE MAIO,318,RUA PEDRO AFONSO,SESC SANTO AMARO,SANTO AMARO,427,SUBURBIO,COLISÃO TRASEIRA,1,1,0,0,0,0,0,0,0,0,0,Cruzamento,Bom,Sem defeito,Perfeito estado,Seca,Perfeito estado,Faixa de pedestre,Não há placas,40 km/h,Dupla,Faixa contínua,,
2022-04-20 00:00:00,,SEM VÍTIMA,FINALIZADA,DOIS UNIDOS,RUA MAMEDE COELHO,847,,E/F AO BAR DE JOIA,DOIS UNIDOS,,,COLISÃO LATERAL,2,0,0,0,0,0,0,0,0,0,0,,,,,,,,,,,,,
2022-04-20 00:00:00,,COM VÍTIMA,FINALIZADA,VÁRZEA,AV CAXANGA,,RUA RIBEIRO PESSOA,PRÓX. À UPA,VÁRZEA,281,SUBURBIO,COLISÃO COM CICLISTA,1,0,0,1,0,0,0,0,0,1,0,Cruzamento,Chuvoso,Sem defeito,Perfeito estado,Molhada,Perfeito estado,Agente,Não há placas,60 km/h,Dupla,Canteiro central,,
2022-04-20 00:00:00,,SEM VÍTIMA,FINALIZADA,BOA VIAGEM,AV DOM JOAO VI,,,LADO OPOSTO A CIA DO FUTEBOL,BOA VIAGEM,,SUBURBIO,COLISÃO TRASEIRA,3,0,0,0,0,0,0,1,0,0,0,Longo da via,Bom,Não existe,Perfeito estado,Seca,Mal iluminada,Não existe,,60 km/h,Dupla,Outros,,
2022-04-20 00:00:00,,SEM VÍTIMA,FINALIZADA,BOA VIAGEM,RUA JOSE MARIA DE MIRANDA,289,,PRÓX AO HOSPITAL BV,BOA VIAGEM,,,COLISÃO TRASEIRA,1,1,0,0,0,0,0,0,0,0,0,,,,,,,,,,,,,
2022-04-20 00:00:00,,COM VÍTIMA,FINALIZADA,DERBY,RUA JENER DE SOUZA,206,,EM FRENTE A COMVEST / MEMORIAL DE MEDICINA DE PERNAMBUCO,DERBY,,CIDADE,COLISÃO LATERAL,1,1,0,0,0,0,0,0,0,1,0,Longo da via,Bom,Não existe,Perfeito estado,Seca,Perfeito estado,Não existe,R-6a,,Única,Faixa seccionada,,
2022-04-20 00:00:00,,COM VÍTIMA,FINALIZADA,SAN MARTIN,AV GENERAL SAN MARTIN,,RUA JOSE VELOSO,PROX A CAVALARIA DA PMPE,SAN MARTIN,326,,COLISÃO LATERAL,1,1,0,0,0,0,0,0,0,2,0,Cruzamento,Bom,Sem defeito,Perfeito estado,Seca,Perfeito estado,Faixa de pedestre,R-6a,40 km/h,Dupla,Não existe,,
2022-04-21 00:00:00,,COM VÍTIMA,FINALIZADA,VÁRZEA,RUA GASTAO VIDIGAL,347,,AO LADO DO HOTEL COSTA AZUL,VÁRZEA,,,COLISÃO FRONTAL,1,1,0,0,0,0,0,0,0,1,0,Longo da via,Bom,Não existe,Perfeito estado,Seca,Perfeito estado,Não existe,Não há placas,,Dupla,Faixa seccionada,,
2022-04-21 00:00:00,,SEM VÍTIMA,FINALIZADA,PINA,AV CONSELHEIRO AGUIAR,,AV HERCULANO BANDEIRA,OPOSTO AO TEATRO BARRETO JUNIOR,PINA,138,CIDADE,COLISÃO TRANSVERSAL,2,0,0,0,0,0,0,0,0,0,0,Cruzamento,Bom,Sem defeito,Incompleta,Seca,Perfeito estado,Faixa de retenção,Não há placas,60 km/h,Única,Faixa contínua,,
2022-04-21 00:00:00,,COM VÍTIMA,FINALIZADA,IBURA,AV DOIS RIOS,,,"APOS A  SUBIDA DA LADEIRA  AO LADO DA POLICLINICA E MATERNIDADE PROFESSOR ARNALDO MAGALHÃES, PROXIMO AO TREVO.",IBURA,,SUBURBIO,COLISÃO FRONTAL,2,0,0,0,0,0,0,0,0,1,0,Cruzamento,Bom,Não existe,Ilegível,Seca,Perfeito estado,Não existe,"Placas ""Pare""",,Dupla,Não existe,,
2022-04-22 00:00:00,,SEM VÍTIMA,FINALIZADA,CABANGA,AV ENGENHEIRO JOSE ESTELITA,214,,FERNANDO LINS ADVOGADOS,CABANGA,,SUBURBIO,,0,0,0,0,0,1,0,1,0,0,0,Longo da via,Bom,Não existe,Perfeito estado,Seca,Perfeito estado,,,,Única,Canteiro central,,
2022-04-22 00:00:00,,COM VÍTIMA,FINALIZADA,DERBY,PRC DO DERBY,,RUA JENER DE SOUZA,EM FRENTE O QUARTEL,DERBY,40,CIDADE,COLISÃO COM CICLISTA,0,0,0,1,0,1,0,0,0,1,0,Cruzamento,Bom,Sem defeito,Perfeito estado,Seca,Perfeito estado,Faixa de pedestre,,50 km/h,Dupla,Faixa seccionada,Canteiro central,
2022-04-22 00:00:00,,COM VÍTIMA,FINALIZADA,JIQUIÁ,RUA SAO MIGUEL,1452,RUA DRA ITAMAR DE MORAIS E SILVA,EM FRENTE AO POSTO  BANDEIRA BRANCA,JIQUIÁ,,SUBURBIO,COLISÃO TRANSVERSAL,1,1,0,0,0,0,0,0,0,1,0,Cruzamento,Bom,Não existe,Perfeito estado,Seca,Perfeito estado,Não existe,Não há placas,,Dupla,Faixa contínua,Faixa seccionada,
2022-04-22 00:00:00,,COM VÍTIMA,FINALIZADA,SANTO AMARO,AV CRUZ CABUGA,,RUA FREI CASSIMIRO,ENTRADA DA CONTAX  NA ESQUINA /  EM FRENTE DA RUA DA ANTIGA CTTU,SANTO AMARO,,SUBURBIO,COLISÃO LATERAL,0,1,0,0,0,1,0,0,0,1,0,Longo da via,Bom,Não existe,Perfeito estado,Seca,Perfeito estado,Não existe,Não há placas,,Dupla,Faixa seccionada,,
2022-04-22 00:00:00,,COM VÍTIMA,FINALIZADA,CASA AMARELA,AV NORTE MIGUEL ARRAES DE ALENCAR,5916,AV PEDRO ALLAIN,EM FRENTE AO SUPERMERCADO MAIS VOCE SENT. CIDADE,CASA AMARELA,95,CIDADE,ATROPELAMENTO DE PESSOA,1,0,0,0,1,0,0,0,0,1,0,Cruzamento,Bom,Sem defeito,Perfeito estado,Seca,Perfeito estado,Faixa de pedestre,Outras,60 km/h,Dupla,,Canteiro central,
2022-04-22 00:00:00,,COM VÍTIMA,FINALIZADA,TAMARINEIRA,AV NORTE MIGUEL ARRAES DE ALENCAR,3868,,PROX A FERREIRA COSTA,TAMARINEIRA,,CIDADE,ATROPELAMENTO DE PESSOA,0,1,0,0,1,0,0,0,0,1,0,Longo da via,Bom,Não existe,Perfeito estado,Seca,Perfeito estado,Não existe,R-6a,60 km/h,Dupla,Faixa seccionada,Canteiro central,
2022-04-22 00:00:00,,COM VÍTIMA,CANCELADA,BOA VIAGEM,RUA ERNESTO DE PAULA SANTOS,172,,NA RUA DA CONE TEMAKERIA,BOA VIAGEM,,,COLISÃO LATERAL,1,1,0,0,0,0,0,0,0,1,0,,,,,,,,,,,,,
2022-04-22 00:00:00,,COM VÍTIMA,FINALIZADA,BOA VIAGEM,AVENIDA CELSO FURTADO (VIA MANGUE),,,PROX AO SUPERMERCADO EXTRA  S/T PINA,BOA VIAGEM,,CIDADE,COLISÃO TRASEIRA,1,1,0,0,0,0,0,0,0,1,0,Cruzamento,Bom,Não existe,Perfeito estado,Seca,Perfeito estado,Não existe,Outras,60 km/h,Dupla,Canteiro central,,
2022-04-22 00:00:00,,VÍTIMA FATAL,FINALIZADA,JOANA BEZERRA,RUA JARAGUARI,,,AO LADO DO TERMINAL DA INTEGRAÇÃO JOANA BEZERRA,JOANA BEZERRA,,,COLISÃO LATERAL,0,1,0,0,0,1,0,0,0,0,1,Longo da via,Bom,Não existe,Não existente,Seca,Perfeito estado,Não existe,Não há placas,,Única,Não existe,,
2022-04-22 00:00:00,,COM VÍTIMA,FINALIZADA,SANTO AMARO,RUA AURORA,,RUA JOAO LIRA,NO CRUZAMENTO,SANTO AMARO,,SUBURBIO,COLISÃO TRASEIRA,1,1,0,0,0,0,0,0,0,1,0,Cruzamento,Bom,Não existe,Não existente,Seca,Perfeito estado,Não existe,Não há placas,60 km/h,,,,
2022-04-22 00:00:00,,COM VÍTIMA,FINALIZADA,TEJIPIÓ,AV DR JOSE RUFINO,3131,,E/F AO 4 BCOM,TEJIPIÓ,208,JABOATAO,COLISÃO TRANSVERSAL,1,2,0,0,0,0,0,0,0,1,0,Longo da via,Bom,Sem defeito,Incompleta,Seca,Mal conservada,Faixa de pedestre,Não há placas,,Dupla,Faixa contínua,,
2022-04-22 00:00:00,,SEM VÍTIMA,FINALIZADA,JOANA BEZERRA,AV GOVERNADOR AGAMENON MAGALHAES,,,E/F A ACADEMIA DA CIDADE,JOANA BEZERRA,,,COLISÃO LATERAL,0,1,0,0,0,0,0,1,0,0,0,Longo da via,Bom,Não existe,Perfeito estado,Seca,Perfeito estado,Não existe,Outras,,Dupla,Canteiro central,,
2022-04-22 00:00:00,,COM VÍTIMA,FINALIZADA,CABANGA,AV SUL,,RUA CARLOS COELHO LEAL VALENTE,PROX AO QUARTEL,CABANGA,260,SUBURBIO,COLISÃO LATERAL,1,0,0,0,0,1,0,0,0,1,0,Cruzamento,Chuvoso,Sem defeito,Perfeito estado,Molhada,Perfeito estado,Faixa de retenção,Não há placas,,Dupla,Não existe,,
2022-04-23 00:00:00,,SEM VÍTIMA,FINALIZADA,BOA VIAGEM,AV ENGENHEIRO DOMINGOS FERREIRA,,RUA TOME GIBSON,NO CRUZAMENTO,BOA VIAGEM,200,,COLISÃO FRONTAL,2,0,0,0,0,0,0,0,0,0,0,Cruzamento,Chuvoso,Sem defeito,Perfeito estado,Molhada,Perfeito estado,Faixa de pedestre,,,Dupla,Canteiro central,,
2022-04-23 00:00:00,,COM VÍTIMA,FINALIZADA,BOA VIAGEM,RUA RIBEIRO DE BRITO,253,RUA CORONEL ANIZIO RODRIGUES COELHO,PRX AO FAZENDO A FESTA,BOA VIAGEM,697,SUBURBIO,COLISÃO TRANSVERSAL,1,0,1,0,0,0,0,0,0,1,0,Cruzamento,Chuvoso,Sem defeito,Perfeito estado,Molhada,Perfeito estado,Faixa de retenção,Não há placas,,Única,Faixa contínua,,
2022-04-23 00:00:00,,COM VÍTIMA,FINALIZADA,TAMARINEIRA,RUA NETO DE MENDONCA,165,RUA CORONEL URIEL SERGIO GARDIM,EM  FRENTE AO RESIDENCIAL,TAMARINEIRA,,CIDADE,COLISÃO LATERAL,1,1,0,0,0,0,0,0,0,1,0,Esquina,Bom,Não existe,Perfeito estado,Seca,Perfeito estado,Faixa de pedestre,Outras,,Única,Não existe,,
2022-04-23 00:00:00,,COM VÍTIMA,FINALIZADA,BAIRRO DO RECIFE,AV MILITAR,,,E/F AO MUSEU DO TRIBUNAL DE JUSTIÇA,BAIRRO DO RECIFE,,SUBURBIO,COLISÃO FRONTAL,1,1,0,0,0,0,0,0,0,1,0,Longo da via,Bom,Não existe,Ilegível,Seca,Perfeito estado,Não existe,Não há placas,,Única,Faixa seccionada,,
2022-04-23 00:00:00,,COM VÍTIMA,FINALIZADA,DERBY,AV GOVERNADOR AGAMENON MAGALHAES,,PRC DO DERBY,E/F A PRAÇA DO DERBY  S/T BOA VIAGEM,DERBY,417,SUBURBIO,COLISÃO FRONTAL,2,0,0,0,0,0,0,0,0,1,0,Longo da via,Chuvoso,Sem defeito,Perfeito estado,Molhada,Perfeito estado,Faixa de pedestre,Outras,,Única,Faixa seccionada,,
2022-04-23 00:00:00,,COM VÍTIMA,CANCELADA,PONTO DE PARADA,AV BEBERIBE,,,COM A RUA MEN DE SÁ,PONTO DE PARADA,,,COLISÃO LATERAL,1,0,0,0,0,0,0,0,0,1,0,,,,,,,,,,,,,
2022-04-23 00:00:00,,COM VÍTIMA,FINALIZADA,PRADO,RUA GOMES TABORDA,,,PROX AO SINDICATO DO COMBUSTIVEL,PRADO,,SUBURBIO,COLISÃO TRANSVERSAL,1,1,0,0,0,0,0,0,0,1,0,Longo da via,Bom,Não existe,Perfeito estado,Seca,Perfeito estado,Não existe,Outras,,Dupla,Faixa contínua,Faixa seccionada,
2022-04-24 00:00:00,,VÍTIMA FATAL,FINALIZADA,DOIS UNIDOS,AV HILDEBRANDO DE VASCONCELOS,296,,PROXIMO A CIP CÃES,DOIS UNIDOS,,SUBURBIO,CHOQUE,0,1,0,0,0,0,0,0,0,1,1,Longo da via,Chuvoso,Não existe,Incompleta,Molhada,Perfeito estado,Não existe,R-6a,,Dupla,Não existe,,
2022-04-24 00:00:00,,COM VÍTIMA,FINALIZADA,CABANGA,AV SUL,20,,NA ENTRADA DO CABANGA,CABANGA,,CIDADE,COLISÃO LATERAL,0,1,0,0,0,0,0,1,0,1,0,Longo da via,Bom,Não existe,Perfeito estado,Seca,Perfeito estado,Não existe,Não há placas,40 km/h,Dupla,Faixa seccionada,Canteiro central,
2022-04-24 00:00:00,,SEM VÍTIMA,CANCELADA,JIQUIÁ,RUA JUAREZ MILLET,,,EM FRENTE AO MERCADINHO VITÓRIA,JIQUIÁ,,,COLISÃO FRONTAL,2,0,0,0,0,0,0,0,0,0,0,,,,,,,,,,,,,
2022-04-24 00:00:00,,COM VÍTIMA,FINALIZADA,BOA VIAGEM,RUA DOM JOSE LOPES,757,,EDF SALONICA / PRÓX A IGREJA NOVA DE BV E AO ENTRE AMIGOS,BOA VIAGEM,,,COLISÃO FRONTAL,0,0,0,0,0,0,0,0,0,1,0,,,,,,,,,,,,,
2022-04-24 00:00:00,,COM VÍTIMA,FINALIZADA,IMBIRIBEIRA,RUA ITACARE,2284,AV MARECHAL MASCARENHAS DE MORAES,SEMAFORO 386,IMBIRIBEIRA,386,SUBURBIO,COLISÃO TRANSVERSAL,1,1,0,0,0,0,0,0,0,2,0,Cruzamento,Bom,Sem defeito,Perfeito estado,Seca,Perfeito estado,Faixa de pedestre,Não há placas,,Dupla,Faixa seccionada,Canteiro central,
2022-04-25 00:00:00,,COM VÍTIMA,FINALIZADA,MADALENA,RUA JOSE OSORIO,,AV VISCONDE DE ALBUQUERQUE,EM FRENTE A FARMÁCIA EXTRA FARMA,MADALENA,50,CIDADE,COLISÃO LATERAL,1,1,0,0,0,0,0,0,0,1,0,Cruzamento,Chuvoso,Sem defeito,Perfeito estado,Molhada,Perfeito estado,Faixa de pedestre,Outras,,Única,Faixa seccionada,,
2022-04-25 00:00:00,,COM VÍTIMA,FINALIZADA,IBURA,AV DOIS RIOS,1170,RUA ECOPORANGA,RUA RIO CHUI,IBURA,475,,COLISÃO TRANSVERSAL,1,1,0,0,0,0,0,0,0,1,0,Longo da via,Bom,Sem defeito,Perfeito estado,Seca,Perfeito estado,Faixa de retenção,Não há placas,,Dupla,Faixa contínua,,
2022-04-25 00:00:00,,COM VÍTIMA,CANCELADA,VÁRZEA,RUA JORNALISTA MURILO MARROQUIM,220,,ESQ COM A CLIMAX TRANSPORTE  / ESQ COM AS LOJAS NAGEM,VÁRZEA,,,COLISÃO LATERAL,0,1,0,0,0,0,1,0,0,1,0,,,,,,,,,,,,,
2022-04-25 00:00:00,,COM VÍTIMA,FINALIZADA,BOA VIAGEM,AV ENGENHEIRO DOMINGOS FERREIRA,4659,RUA PROFESSOR ALOISIO PESSOA DE ARAUJO,E/F A DELEGACIA DE BOA VIAGEM,BOA VIAGEM,,SUBURBIO,COLISÃO LATERAL,1,1,0,0,0,0,0,0,0,1,0,Cruzamento,Bom,Não existe,Perfeito estado,Seca,Perfeito estado,Não existe,"Placas ""Pare""",,Única,Canteiro central,,
2022-04-25 00:00:00,,SEM VÍTIMA,FINALIZADA,SANTO AMARO,RUA DOIS DE JULHO,,AV CRUZ CABUGA,PROX A ACADEMIA HAVANA,SANTO AMARO,,,COLISÃO LATERAL,1,0,0,0,0,0,0,1,0,0,0,,,,,,,,,,,,,
2022-04-25 00:00:00,,COM VÍTIMA,DUPLICIDADE,CASA AMARELA,AV NORTE MIGUEL ARRAES DE ALENCAR,,,PRÓXIMO À MATERNIDADE BARROS LIMA,CASA AMARELA,,CIDADE,COLISÃO LATERAL,0,0,0,0,0,0,0,0,0,1,0,,,,,,,,,,,,,
2022-04-25 00:00:00,,COM VÍTIMA,FINALIZADA,CASA AMARELA,AV NORTE MIGUEL ARRAES DE ALENCAR,,,EM FRENTE AO POSTO SÃO SEBASTÃO,CASA AMARELA,,CIDADE,COLISÃO TRASEIRA,0,1,0,0,0,1,0,0,0,1,0,,,,,,,,,,,,,
2022-04-25 00:00:00,,COM VÍTIMA,FINALIZADA,BEBERIBE,AV BEBERIBE,2395,,SOBRADO BEBERIBE EMPRESARIAL / PROX AO PAGODE DA PRESSÃO,BEBERIBE,153,CIDADE,COLISÃO LATERAL,0,2,0,0,0,0,0,0,0,1,0,Longo da via,Chuvoso,Sem defeito,Perfeito estado,Molhada,Perfeito estado,Não existe,Não há placas,,Dupla,Faixa contínua,,
2022-04-25 00:00:00,,COM VÍTIMA,FINALIZADA,SAN MARTIN,AV GENERAL SAN MARTIN,,AV ENGENHEIRO ABDIAS DE CARVALHO,PRÓX. AO NOVO ATACAREJO,SAN MARTIN,693,SUBURBIO,COLISÃO TRANSVERSAL,1,1,0,0,0,0,0,0,0,1,0,Cruzamento,Chuvoso,Sem defeito,Perfeito estado,Molhada,Perfeito estado,Faixa de pedestre,Outras,,Dupla,Outros,,
2022-04-25 00:00:00,,COM VÍTIMA,CANCELADA,IPSEP,AV RECIFE,,,AO LADO DO POSTO FEDERAL  ANTES DA ENTRADA DO IBURA   S/T BR,IPSEP,,,COLISÃO FRONTAL,2,0,0,0,0,0,0,0,0,1,0,,,,,,,,,,,,,
2022-04-25 00:00:00,,COM VÍTIMA,FINALIZADA,BOA VIAGEM,RUA ANTONIO FALCAO,,RUA MINISTRO NELSON HUNGRIA,E/F A PADARIA PARQUE DO TRIGO,BOA VIAGEM,,SUBURBIO,COLISÃO TRANSVERSAL,1,1,0,0,0,0,0,0,0,1,0,Cruzamento,Bom,Não existe,Perfeito estado,Seca,Perfeito estado,Não existe,"Placas ""Pare""",,Única,Faixa seccionada,,
2022-04-26 00:00:00,,SEM VÍTIMA,FINALIZADA,AREIAS,AV DR JOSE RUFINO,1243,,EM FRENTE AO SUPERMERCADO ARCO MIX,AREIAS,,CIDADE,CHOQUE,0,0,0,0,0,0,1,0,0,0,0,Longo da via,Bom,Não existe,Perfeito estado,Seca,Outros,Não existe,R-6a,,Dupla,Faixa contínua,,
2022-04-26 00:00:00,,COM VÍTIMA,FINALIZADA,CABANGA,AV SUL,1500,,EMPRESA DE MAQUINAS PORTELA,CABANGA,260,,COLISÃO LATERAL,1,1,0,0,0,0,0,0,0,1,0,Longo da via,Bom,Sem defeito,Perfeito estado,Seca,Perfeito estado,Não existe,Não há placas,,Única,Não existe,,
2022-04-26 00:00:00,,SEM VÍTIMA,FINALIZADA,IMBIRIBEIRA,AV MARECHAL MASCARENHAS DE MORAES,,,FLOR E ARTE,IMBIRIBEIRA,,,COLISÃO TRASEIRA,0,0,0,0,0,0,0,0,0,0,0,,,,,,,,,,,,,
2022-04-26 00:00:00,,COM VÍTIMA,FINALIZADA,BOA VIAGEM,RUA BARAO DE AGUA BRANCA,376,,E/F AO LE PARC,BOA VIAGEM,,,COLISÃO FRONTAL,2,0,0,0,0,0,0,0,0,1,0,,,,,,,,,,,,,
2022-04-26 00:00:00,,SEM VÍTIMA,FINALIZADA,CAMPO GRANDE,RUA PROFESSOR FRANCISCO DA TRINDADE,,RUA SAO CAETANO,PROX A LOJA RPL,CAMPO GRANDE,,,COLISÃO FRONTAL,1,0,0,0,0,0,1,0,0,0,0,,,,,,,,,,,,,
2022-04-26 00:00:00,,COM VÍTIMA,FINALIZADA,BOA VIAGEM,AV ENGENHEIRO DOMINGOS FERREIRA,,RUA ARTUR MUNIZ,E/F AO SPETTUS,BOA VIAGEM,380,,COLISÃO TRANSVERSAL,1,1,0,0,0,0,0,0,0,1,0,Cruzamento,Bom,Sem defeito,Perfeito estado,Seca,Perfeito estado,Faixa de pedestre,R-6a,,Única,Não existe,,
2022-04-27 00:00:00,,COM VÍTIMA,FINALIZADA,CASA FORTE,AV DEZESSETE DE AGOSTO,,EST REAL DO POCO,E/F A PRC DE CASA FORTE,CASA FORTE,,CIDADE,COLISÃO TRANSVERSAL,1,1,0,0,0,0,0,0,0,1,0,Esquina,Bom,Não existe,Perfeito estado,Seca,Perfeito estado,,Não há placas,40 km/h,Dupla,Faixa contínua,,
2022-04-27 00:00:00,,COM VÍTIMA,CANCELADA,SANTO AMARO,AV NORTE MIGUEL ARRAES DE ALENCAR,,RUA DA AURORA,SEMAFORO 243,SANTO AMARO,,,COLISÃO TRASEIRA,1,1,0,0,0,0,0,0,0,1,0,,,,,,,,,,,,,
2022-04-27 00:00:00,,COM VÍTIMA,FINALIZADA,BARRO,AV DR JOSE RUFINO,,,APÓS AO COLEGIO ALBERTO TORRES / POR CIMA DA PONTE,BARRO,,CIDADE,COLISÃO TRASEIRA,1,1,0,0,0,0,0,0,0,1,0,Longo da via,Bom,Não existe,Perfeito estado,Seca,Perfeito estado,Não existe,Não há placas,,Dupla,Faixa contínua,Faixa seccionada,
2022-04-28 00:00:00,,COM VÍTIMA,FINALIZADA,BOA VIAGEM,RUA PADRE CARAPUCEIRO,3575,AV CONSELHEIRO AGUIAR,E/F A EMPRESARIAL RIO AVE,BOA VIAGEM,115,CIDADE,COLISÃO TRASEIRA,2,0,0,1,0,0,0,0,0,1,0,Cruzamento,Bom,Sem defeito,Perfeito estado,Seca,Perfeito estado,Faixa de pedestre,R-6a,60 km/h,Única,Faixa contínua,,
2022-04-28 00:00:00,,COM VÍTIMA,FINALIZADA,ZUMBI,AV CAXANGA,426,,EM FRENTE AO COMPAZ,ZUMBI,489,CIDADE,ATROPELAMENTO DE PESSOA,0,0,0,0,1,1,0,0,0,1,0,Longo da via,Bom,Sem defeito,Perfeito estado,Seca,Perfeito estado,Faixa de pedestre,Não há placas,60 km/h,Dupla,Blocos,,
2022-04-28 00:00:00,,COM VÍTIMA,FINALIZADA,BOA VIAGEM,RUA ALMIRANTE TAMANDARE,230,RUA PADRE CABRAL,EM FRENTE AO EDF. ANTONIO MESQUITA,BOA VIAGEM,,SUBURBIO,COLISÃO TRANSVERSAL,1,1,0,0,0,0,0,0,0,2,0,Cruzamento,Bom,Não existe,Incompleta,Seca,Mal conservada,Não existe,Outras,,Única,Não existe,,
2022-04-28 00:00:00,,SEM VÍTIMA,FINALIZADA,AFOGADOS,RUA SAO MIGUEL,10,EST DOS REMEDIOS,EM FRENTE AO ESTABELECIMENTO COMERCIAL GERAÇÃO INFANTIL,AFOGADOS,53,SUBURBIO,,0,0,0,0,0,0,1,1,0,0,0,Cruzamento,Bom,Sem defeito,Perfeito estado,Seca,Perfeito estado,Não existe,R-3,,Dupla,Não existe,,
2022-04-29 00:00:00,,COM VÍTIMA,FINALIZADA,CASA AMARELA,AV NORTE MIGUEL ARRAES DE ALENCAR,5121,RUA CABO EPITACIO LUCENA,"DE ESQUINA COM O REI DA PICANHA, SENT. CASA AMARELA",CASA AMARELA,677,SUBURBIO,COLISÃO LATERAL,1,1,0,0,0,0,0,0,0,1,0,Longo da via,Chuvoso,Sem defeito,Perfeito estado,Molhada,Perfeito estado,Faixa de pedestre,R-6a,60 km/h,Única,Faixa contínua,,
2022-04-29 00:00:00,,COM VÍTIMA,CANCELADA,AREIAS,AV DR JOSE RUFINO,,,E/F AO SENAI DE AREIAS,AREIAS,,,COLISÃO FRONTAL,1,1,0,0,0,0,0,0,0,1,0,,,,,,,,,,,,,
2022-04-29 00:00:00,,COM VÍTIMA,FINALIZADA,ESTÂNCIA,AV RECIFE,,,AO LADO DO CERPE/ SENTIDO BR,ESTÂNCIA,259,SUBURBIO,COLISÃO TRANSVERSAL,1,1,0,0,0,0,0,0,0,1,0,Longo da via,Chuvoso,Sem defeito,Perfeito estado,Molhada,Perfeito estado,Agente,R-5a,60 km/h,Única,Não existe,,
2022-04-29 00:00:00,,SEM VÍTIMA,FINALIZADA,ILHA DO LEITE,RUA PAISSANDU,678,,LADO OPOSTO AO HOSPITAL SÃO MARCOS,ILHA DO LEITE,,SUBURBIO,COLISÃO TRASEIRA,2,0,0,0,0,0,0,0,0,0,0,Longo da via,Chuvoso,Não existe,Perfeito estado,Molhada,Perfeito estado,Não existe,R-6a,40 km/h,Dupla,Canteiro central,,
2022-04-29 00:00:00,,COM VÍTIMA,FINALIZADA,IBURA,AV DOIS RIOS,,,EM FRENTE A POLICLINICA ARNALDO MARQUES,IBURA,,,COLISÃO FRONTAL,2,0,0,0,0,0,0,0,0,2,0,,,,,,,,,,,,,
2022-04-29 00:00:00,,COM VÍTIMA,FINALIZADA,JORDÃO,AV MARIA IRENE,405B,,POSTO JORDÃO,JORDÃO,,CIDADE,COLISÃO LATERAL,0,2,0,0,0,0,0,0,0,1,0,Longo da via,Bom,Não existe,Incompleta,Seca,Perfeito estado,Não existe,Não há placas,,Dupla,Não existe,,
2022-04-30 00:00:00,,COM VÍTIMA,FINALIZADA,BOA VIAGEM,AV BOA VIAGEM,6166,,EM FRENTE AO EDF. VEREDA DO MAR,BOA VIAGEM,,CIDADE,COLISÃO LATERAL,1,1,0,0,0,0,0,0,0,2,0,Longo da via,Bom,Sem defeito,Perfeito estado,Seca,Perfeito estado,Não existe,R-19,60 km/h,Única,Faixa contínua,,
2022-04-30 00:00:00,,COM VÍTIMA,FINALIZADA,SÃO JOSÉ,RUA DO PEIXOTO,709,RUA FLORIANO PEIXOTO,PRÓX. AO RESTAURANTE POPULAR JOSUÉ DE CASTRO,SÃO JOSÉ,,,COLISÃO FRONTAL,0,1,0,0,0,1,0,0,0,1,0,Cruzamento,Bom,Não existe,Perfeito estado,Seca,Perfeito estado,Não existe,Não há placas,40 km/h,Única,Faixa,,