data,hora,natureza,situacao,bairro,endereco,numero,detalhe_endereco_acidente,complemento,bairro_cruzamento,num_semaforo,sentido_via,tipo,auto,moto,ciclom,ciclista,pedestre,onibus,caminhao,viatura,outros,vitimas,vitimasfatais,acidente_verificado,tempo_clima,situacao_semaforo,sinalizacao,condicao_via,conservacao_via,ponto_controle,situacao_placa,velocidade_max_via,mao_direcao,divisao_via1,divisao_via2,divisao_via3
2022-05-09 00:00:00,,SEM VÍTIMA,FINALIZADA,BAIRRO DO RECIFE,AV ALFREDO LISBOA,,,EM FRENTE O CAIS DO SERTÃO E AO LADO DA SECRETÁRIA CIÊNCIAS E TECNOLOGIA,BAIRRO DO RECIFE,,,COLISÃO TRASEIRA,2,0,0,0,0,0,0,0,0,0,0,,,,,,,,,,,,,
2022-05-09 00:00:00,,COM VÍTIMA,FINALIZADA,BAIRRO DO RECIFE,AV MILITAR,70,,EM FRENTE AO MUSEU MILITAR DO FORTE DO BRUM,BAIRRO DO RECIFE,,SUBURBIO,COLISÃO TRANSVERSAL,1,1,0,0,0,0,0,0,0,1,0,Longo da via,Bom,Não existe,Perfeito estado,Seca,Perfeito estado,Não existe,Outras,60 km/h,,Faixa seccionada,,
2022-05-09 00:00:00,,SEM VÍTIMA,FINALIZADA,SÃO JOSÉ,RUA CORACAO DE MARIA,,,EM FRENTE AO BATALHÃO 16º,SÃO JOSÉ,,,COLISÃO TRASEIRA,1,0,0,0,0,0,0,1,0,0,0,Longo da via,Bom,Não existe,Perfeito estado,Seca,Perfeito estado,Não existe,Outras,,Dupla,Canteiro central,,
2022-05-09 00:00:00,,COM VÍTIMA,CANCELADA,IMBIRIBEIRA,AV RECIFE,,,E/F AO  RESTAURANTE SAL E BRASA,IMBIRIBEIRA,,,COLISÃO LATERAL,0,1,0,0,0,0,1,0,0,1,0,,,,,,,,,,,,,
2022-05-10 00:00:00,,COM VÍTIMA,FINALIZADA,CORDEIRO,RUA DR JOAO LACERDA,588,RUA TEOTONIO FREIRE,PRÓXIMO AO DHPP,CORDEIRO,,SUBURBIO,COLISÃO TRANSVERSAL,1,1,0,0,0,0,0,0,0,1,0,Cruzamento,Chuvoso,Não existe,Perfeito estado,Molhada,Perfeito estado,Não existe,"Placas ""Pare""",,Dupla,Não existe,,
2022-05-10 00:00:00,,SEM VÍTIMA,FINALIZADA,SOLEDADE,AV JOAO DE BARROS,,,DESCIDA DO VIADUTO S/T OLINDA - PISTA LOCAL PRÓX. À POLICLÍNICA AGAMENON MAGALHÃES,SOLEDADE,,,COLISÃO LATERAL,2,0,0,0,0,0,0,0,0,0,0,Longo da via,Bom,Não existe,Perfeito estado,Seca,Perfeito estado,,,,Única,Canteiro central,,
2022-05-10 00:00:00,,COM VÍTIMA,FINALIZADA,PORTO DA MADEIRA,RUA DALVA DE OLIVEIRA,257,RUA NOVA ESPERANCA,E/F A IGREJA BATISTA DO VALE,PORTO DA MADEIRA,,CIDADE,COLISÃO TRANSVERSAL,1,1,0,0,0,0,0,0,0,1,0,Cruzamento,Bom,Não existe,Incompleta,Seca,Perfeito estado,Não existe,Outras,,Dupla,Não existe,,
2022-05-10 00:00:00,,SEM VÍTIMA,FINALIZADA,ÁGUA FRIA,RUA JORNALISTA JOSE CAMPELO JUNIOR,892,,PROX A PIZZARIA VICIOS,ÁGUA FRIA,,,CHOQUE,0,0,0,0,0,0,1,0,0,0,0,Longo da via,Bom,Não existe,Perfeito estado,Seca,Perfeito estado,Não existe,Não há placas,,Dupla,Não existe,Faixa contínua,
2022-05-11 00:00:00,,COM VÍTIMA,FINALIZADA,BOA VISTA,RUA DA UNIAO,410,RUA MAMEDE SIMOES,,BOA VISTA,,CIDADE,COLISÃO TRANSVERSAL,1,1,0,0,0,0,0,0,0,1,0,Cruzamento,Chuvoso,Não existe,Perfeito estado,Molhada,Perfeito estado,Não existe,"Placas ""Pare""",,Única,Não existe,,
2022-05-11 00:00:00,,SEM VÍTIMA,FINALIZADA,CAXANGÁ,AV CAXANGA,,,EM FRENTE A ASSEMBLEIA DE DEUS,CAXANGÁ,232,CIDADE,COLISÃO LATERAL,1,0,0,0,0,0,0,1,0,0,0,Esquina,Bom,Sem defeito,Perfeito estado,Seca,Perfeito estado,Faixa de pedestre,Outras,,Dupla,Faixa seccionada,,
2022-05-11 00:00:00,,COM VÍTIMA,FINALIZADA,COELHOS,RUA DOS COELHOS,,,DESCIDA DA PONTE DA PONTE JOAQUIM CARDOSO. UNIDADE BÁSICA DA FAMÍLIA 1,COELHOS,,CIDADE,QUEDA,0,1,0,0,1,0,0,0,0,1,0,Longo da via,Chuvoso,Não existe,Perfeito estado,Molhada,Perfeito estado,Faixa de pedestre,Outras,,Dupla,Canteiro central,,
2022-05-11 00:00:00,,SEM VÍTIMA,FINALIZADA,JARDIM SÃO PAULO,RUA DR HOLMES DO REGO BARROS,742,,RUA E/F AO COLÉGIO PLANTE INFANTIL,JARDIM SÃO PAULO,,,COLISÃO LATERAL,1,0,0,0,0,0,1,0,0,0,0,Longo da via,Bom,Não existe,Não existente,Molhada,Mal iluminada,Não existe,Não há placas,,Dupla,Não existe,,
2022-05-11 00:00:00,,COM VÍTIMA,FINALIZADA,CAXANGÁ,AV CAXANGA,,AV PROFESSOR MORAES REGO,EMBAIXO DO VIADUTO. EM FRENTE AO TERMINAL SEVERINO LUIZ NUNES PEREIRA - GRANDE RECIFE.,CAXANGÁ,,CIDADE,QUEDA,0,1,0,0,0,0,0,0,0,1,0,Longo da via,Bom,Sem defeito,Perfeito estado,Oleosa,Perfeito estado,Não existe,Outras,,Dupla,Faixa seccionada,,
2022-05-11 00:00:00,,SEM VÍTIMA,FINALIZADA,MADALENA,RUA REAL DA TORRE,562,,E/F AO MERCADO DA MADALENA,MADALENA,,,COLISÃO LATERAL,1,0,0,0,0,0,0,1,0,0,0,Esquina,Chuvoso,Não existe,Perfeito estado,Molhada,Perfeito estado,Não existe,,,Única,Faixa seccionada,,
2022-05-11 00:00:00,,COM VÍTIMA,FINALIZADA,IMBIRIBEIRA,RUA ARQUITETO LUIZ NUNES,673,,EM FRENTE A ESCOLA PINHEIROS / PROX  A LAGOA DO ARAÇA,IMBIRIBEIRA,560,CIDADE,ATROPELAMENTO DE PESSOA,1,0,0,0,1,0,0,0,0,1,0,Longo da via,Bom,Sem defeito,Perfeito estado,Seca,Perfeito estado,Faixa de pedestre,R-19,30 km/h,Dupla,Faixa contínua,,
2022-05-11 00:00:00,,COM VÍTIMA,FINALIZADA,BOA VIAGEM,RUA DOS NAVEGANTES,2621,,EM FRENTE AO EDIFICIO PORTAL DOS NAVEGANTES,BOA VIAGEM,,SUBURBIO,COLISÃO TRANSVERSAL,2,1,0,0,0,0,0,0,0,1,0,Longo da via,Bom,Não existe,Perfeito estado,Seca,Perfeito estado,Não existe,Não há placas,,Única,Não existe,,
2022-05-11 00:00:00,,SEM VÍTIMA,FINALIZADA,BOA VISTA,RUA DA UNIAO,397,,EM FRENTE À ASSEMBLEIA LEGISLATIVA,BOA VISTA,,,COLISÃO LATERAL,2,0,0,0,0,0,0,0,0,0,0,Cruzamento,Bom,Não existe,Perfeito estado,Seca,Perfeito estado,Não existe,"Placas ""Pare""",,Única,Não existe,,
2022-05-11 00:00:00,,COM VÍTIMA,FINALIZADA,PRADO,RUA RODRIGUES DE MENDONCA,31,RUA PANDIA CALOGERAS,ESPAÇO BELEZA NATALIA GALDINO,PRADO,,CIDADE,COLISÃO TRANSVERSAL,0,2,0,0,0,0,0,0,0,1,0,Cruzamento,Bom,Não existe,Perfeito estado,Seca,Perfeito estado,Não existe,Outras,,Única,Não existe,,
2022-05-11 00:00:00,,COM VÍTIMA,FINALIZADA,MONTEIRO,AV DEZESSETE DE AGOSTO,261,,PRÓX AO AÇUDE DE APIPUCOS. EDF. ENGENHO APIPUCOS.,MONTEIRO,,,COLISÃO TRASEIRA,1,2,0,0,0,0,0,0,0,1,0,Longo da via,Bom,Não existe,Perfeito estado,Seca,Perfeito estado,Não existe,Outras,,Dupla,Faixa contínua,,
2022-05-12 00:00:00,,SEM VÍTIMA,FINALIZADA,BOA VIAGEM,RUA ERNESTO DE PAULA SANTOS,1368,,EMPRESARIAL ERNESTO DE PAULA SANTOS,BOA VIAGEM,,,COLISÃO LATERAL,1,1,0,0,0,0,0,0,0,0,0,,,,,,,,,,,,,
2022-05-12 00:00:00,,COM VÍTIMA,FINALIZADA,PAISSANDU,AV GOVERNADOR AGAMENON MAGALHAES,,,APÓS O SEMÁFORO 068 SENTIDO BOA VIAGEM,PAISSANDU,,BOA VIAGEM,COLISÃO TRASEIRA,1,1,0,0,0,0,0,0,0,1,0,Longo da via,Bom,Sem defeito,Perfeito estado,Seca,Perfeito estado,Agente,Outras,60 km/h,Única,Canteiro central,,
2022-05-12 00:00:00,,COM VÍTIMA,FINALIZADA,CAMPO GRANDE,RUA ODORICO MENDES,188,RUA VISCONDE DE CAIRU,PRÓX. AO CLUBE DAS PÁS E LOJAS IMPÉRIO,CAMPO GRANDE,,CIDADE,COLISÃO TRANSVERSAL,1,1,0,0,0,0,0,0,0,1,0,Cruzamento,Bom,Não existe,Perfeito estado,Seca,Perfeito estado,Não existe,Não há placas,,Dupla,Faixa,,
2022-05-12 00:00:00,,COM VÍTIMA,FINALIZADA,BOA VIAGEM,AV ENGENHEIRO DOMINGOS FERREIRA,3704,,E/F A ESCOLA DE GASTRONOMIA E CONFEITARIA. EM FRENTE A IGA.,BOA VIAGEM,,SUBURBIO,COLISÃO TRASEIRA,1,1,0,0,0,0,0,0,0,1,0,Longo da via,Bom,Não existe,Perfeito estado,Seca,Perfeito estado,Não existe,Outras,60 km/h,Única,Faixa seccionada,,
2022-05-12 00:00:00,,COM VÍTIMA,FINALIZADA,SANTO AMARO,RUA DO HOSPICIO,,RUA JOAO LIRA,PROXIMO AO MINISTERIO PUBLICO. PARQUE TREZE DE MAIO.,SANTO AMARO,32,SUBURBIO,COLISÃO TRANSVERSAL,1,1,0,0,0,0,0,0,0,1,0,Cruzamento,Chuvoso,Sem defeito,Perfeito estado,Molhada,Perfeito estado,Faixa de pedestre,Outras,,Dupla,Faixa seccionada,Blocos,
2022-05-12 00:00:00,,COM VÍTIMA,FINALIZADA,ARRUDA,AV BEBERIBE,1253,RUA BOLIVAR,E/F AOP ESTADIO DO SANTA CRUZ . LADO OPOSTO À LOJA COBRA CORAL.,ARRUDA,,CIDADE,COLISÃO LATERAL,1,1,0,0,0,0,0,0,0,1,0,Cruzamento,Bom,Não existe,Perfeito estado,Seca,Perfeito estado,Não existe,R-6a,60 km/h,Dupla,Faixa contínua,Faixa seccionada,
2022-05-12 00:00:00,,COM VÍTIMA,FINALIZADA,BOA VISTA,AV GOVERNADOR AGAMENON MAGALHAES,1387,,EM FRENTE A FARMACIA DROGASIL/ SENTIDO OLINDA,BOA VISTA,174,SUBURBIO,COLISÃO TRASEIRA,1,1,0,0,0,0,0,0,0,1,0,Longo da via,Bom,Não existe,Perfeito estado,Molhada,Perfeito estado,Não existe,Não há placas,60 km/h,Única,Faixa seccionada,,
2022-05-12 00:00:00,,COM VÍTIMA,FINALIZADA,IPUTINGA,RUA QUIPAPA,222,,AO LADO DO MOTEL ÁPICE,IPUTINGA,,SUBURBIO,COLISÃO LATERAL,0,1,0,0,0,1,0,0,0,1,0,Longo da via,Chuvoso,Não existe,Perfeito estado,Molhada,Perfeito estado,Não existe,Não há placas,,Única,Não existe,,
2022-05-12 00:00:00,,COM VÍTIMA,FINALIZADA,BOA VIAGEM,RUA JOAO CARDOSO AIRES,600,RUA ALMIRANTE BATISTA LEAO,EM FRENTE AO PARQUE DA PIZZA,BOA VIAGEM,,SUBURBIO,COLISÃO LATERAL,1,1,0,0,0,0,0,0,0,1,0,Cruzamento,Bom,Não existe,Perfeito estado,Seca,Perfeito estado,Não existe,Outras,,Única,Outros,,
2022-05-13 00:00:00,,COM VÍTIMA,FINALIZADA,ESTÂNCIA,AV RECIFE,5388,,VIADUTO ULISSES GUIMARÃES. AO LADO DO HÉLIO SOM,ESTÂNCIA,,CIDADE,COLISÃO LATERAL,2,1,0,0,0,0,0,0,0,2,0,Longo da via,Chuvoso,Não existe,Perfeito estado,Molhada,Perfeito estado,Não existe,Não há placas,,Única,Faixa seccionada,,
2022-05-13 00:00:00,,COM VÍTIMA,FINALIZADA,GRAÇAS,AV RUI BARBOSA,,RUA ALBERTO PAIVA,EM FRENTE AO MUSEU DO ESTADO,GRAÇAS,305,,COLISÃO TRASEIRA,1,1,0,0,0,0,0,0,0,1,0,,,,,,,,,,,,,
2022-05-13 00:00:00,,COM VÍTIMA,FINALIZADA,ENCRUZILHADA,AV BEBERIBE,,RUA PEDRO ALVES,ESQUINA DA FARMÁCIA DROGASIL,ENCRUZILHADA,186,SUBURBIO,COLISÃO TRANSVERSAL,1,1,0,0,0,0,0,0,0,1,0,Cruzamento,Bom,Sem defeito,Perfeito estado,Seca,Perfeito estado,Faixa de pedestre,R-6a,40 km/h,Dupla,Faixa contínua,,
2022-05-13 00:00:00,,COM VÍTIMA,FINALIZADA,PINA,AV BOA VIAGEM,328,,EM FRENTE AO EDIFICIO ARAUCARIA,PINA,119,CIDADE,COLISÃO LATERAL,1,1,0,0,0,0,0,0,0,1,0,Longo da via,Bom,Sem defeito,Perfeito estado,Seca,Perfeito estado,Faixa de retenção,Não há placas,60 km/h,Única,Faixa contínua,,
2022-05-13 00:00:00,,COM VÍTIMA,FINALIZADA,SÃO JOSÉ,VDO DAS CINCO PONTAS,,,,SÃO JOSÉ,,,QUEDA,0,0,0,1,0,0,0,0,0,1,0,,,,,,,,,,,,,
2022-05-13 00:00:00,,COM VÍTIMA,FINALIZADA,AFOGADOS,RUA SAO MIGUEL,1331,,EM FRENTE AO BODE DO NÓ,AFOGADOS,,,COLISÃO LATERAL,0,0,0,0,0,0,0,0,0,1,0,,,,,,,,,,,,,
2022-05-13 00:00:00,,COM VÍTIMA,FINALIZADA,MADALENA,AV ENGENHEIRO ABDIAS DE CARVALHO,,EST DOS REMEDIOS,E/F AO BOBS  E FARMACIA INDEPENDENTE / SEMÁFORO 052,MADALENA,52,SUBURBIO,COLISÃO TRANSVERSAL,0,1,0,0,0,0,0,0,1,1,0,Cruzamento,Bom,Sem defeito,Perfeito estado,Seca,Perfeito estado,Faixa de pedestre,Não há placas,,Dupla,Canteiro central,,
2022-05-13 00:00:00,,SEM VÍTIMA,FINALIZADA,BOA VISTA,AV MANOEL BORBA,,,COM A RUA JOSÉ DE ALENCAR,BOA VISTA,,,COLISÃO LATERAL,2,0,0,0,0,0,0,0,0,0,0,,,,,,,,,,,,,
2022-05-14 00:00:00,,VÍTIMA FATAL,FINALIZADA,CORDEIRO,AV MAURICIO DE NASSAU,,,POR TRAS DO PARQUE DE EXPOSIÇÃO DO CORDEIRO,CORDEIRO,,SUBURBIO,CHOQUE,1,0,0,0,0,0,0,0,0,1,1,Outros,Chuvoso,Não existe,Perfeito estado,Molhada,Perfeito estado,Não existe,Outras,,Dupla,Faixa contínua,,
2022-05-14 00:00:00,,COM VÍTIMA,FINALIZADA,AFOGADOS,EST DOS REMEDIOS,879,RUA CRISOPOLIS,EM FRENTE O POSTO PETROBAHIA,AFOGADOS,,CIDADE,COLISÃO LATERAL,1,1,0,0,0,0,0,0,0,1,0,Longo da via,Chuvoso,Não existe,Perfeito estado,Molhada,Perfeito estado,Não existe,R-6a,,Única,Faixa seccionada,,
2022-05-14 00:00:00,,COM VÍTIMA,FINALIZADA,BOA VISTA,AV CONDE DA BOA VISTA,,RUA DA SAUDADE,BANCO BRADESCO,BOA VISTA,,SUBURBIO,COLISÃO LATERAL,1,1,0,0,0,0,0,0,0,1,0,Longo da via,Chuvoso,Sem defeito,Perfeito estado,Molhada,Perfeito estado,Não existe,R-6c,40 km/h,Dupla,Faixa seccionada,Canteiro central,
2022-05-14 00:00:00,,COM VÍTIMA,FINALIZADA,ROSARINHO,AV NORTE MIGUEL ARRAES DE ALENCAR,,,,ROSARINHO,,,COLISÃO LATERAL,1,1,0,0,0,0,0,0,0,1,0,,,,,,,,,,,,,
2022-05-14 00:00:00,,COM VÍTIMA,FINALIZADA,TOTÓ,RUA PAULINO DE FARIAS,591,,LOJA DE ROUPAS MARIA FLOR MODAS,TOTÓ,,AV LIBERDADE,QUEDA,0,1,0,0,0,0,0,0,0,2,0,Longo da via,Bom,Não existe,Perfeito estado,Seca,Perfeito estado,Não existe,R-6a,,Dupla,Não existe,,
2022-05-14 00:00:00,,COM VÍTIMA,FINALIZADA,TEJIPIÓ,RUA FALCAO DE LACERDA,338,,"EM FRENTE AO CARTORIO, PROX. AO CENTER GOSPEL",TEJIPIÓ,,SUBURBIO,COLISÃO LATERAL,2,1,0,0,0,0,0,0,0,1,0,Longo da via,Bom,Não existe,Perfeito estado,Seca,Mal conservada,Não existe,Não há placas,,Dupla,Faixa contínua,,
2022-05-14 00:00:00,,COM VÍTIMA,FINALIZADA,BOA VIAGEM,AVENIDA CELSO FURTADO (VIA MANGUE),,,NA BIFURGAÇAO. PRÓXIMO AO LÊ PARK,BOA VIAGEM,,SUBURBIO,COLISÃO LATERAL,1,1,0,0,0,0,0,0,0,2,0,Viaduto,Bom,Não existe,Incompleta,Seca,,Não existe,Não há placas,,Dupla,Faixa seccionada,,
2022-05-14 00:00:00,,SEM VÍTIMA,FINALIZADA,CAMPO GRANDE,RUA MARIA AUGUSTA DE SOUZA,300,,PROX A ESCOLA JANDIRA BOTELHO,CAMPO GRANDE,,,COLISÃO LATERAL,2,0,0,0,0,0,0,0,0,0,0,,,,,,,,,,,,,
2022-05-14 00:00:00,,COM VÍTIMA,FINALIZADA,AFOGADOS,AV SUL,2372,,NA SUBIDA DA PONTE. EM FRENTE AO TROCÃO,AFOGADOS,39,CIDADE,COLISÃO COM CICLISTA,0,0,0,1,0,1,0,0,0,1,0,Longo da via,Chuvoso,Sem defeito,Perfeito estado,Molhada,Perfeito estado,Não existe,Não há placas,,Única,Faixa seccionada,,
2022-05-14 00:00:00,,SEM VÍTIMA,CANCELADA,AREIAS,AV CAPITAO GREGORIO DE CALDAS,,,AO LADO DO BIG BOMPREÇO,AREIAS,,,COLISÃO LATERAL,2,0,0,0,0,0,0,0,0,0,0,,,,,,,,,,,,,
2022-05-15 00:00:00,,COM VÍTIMA,FINALIZADA,GRAÇAS,AV GOVERNADOR AGAMENON MAGALHAES,,RUA DR BANDEIRA FILHO,MC DONALDS,GRAÇAS,173,CIDADE,COLISÃO LATERAL,0,1,0,0,0,0,0,0,1,2,0,Cruzamento,Bom,Sem defeito,Perfeito estado,Seca,Perfeito estado,Faixa de pedestre,R-26,60 km/h,Dupla,Canteiro central,,
2022-05-15 00:00:00,,COM VÍTIMA,FINALIZADA,IPSEP,AV RECIFE,4880,,LADO OPOSTO AO ATACADAO  /  SENT UFPE. EM FRENTE À TAMBAÍ.,IPSEP,,CIDADE,COLISÃO TRASEIRA,1,1,0,0,0,0,0,0,0,1,0,Longo da via,Chuvoso,Sem defeito,Perfeito estado,Molhada,Perfeito estado,Não existe,Não há placas,60 km/h,Dupla,Canteiro central,,
2022-05-15 00:00:00,,COM VÍTIMA,FINALIZADA,BOA VIAGEM,AV CONSELHEIRO AGUIAR,1733,RUA SOLIDONIO LEITE,EM FRENTE A CLINICA ORTOPEDICA DE BOA VIAGEM,BOA VIAGEM,,CIDADE,COLISÃO TRANSVERSAL,3,0,0,0,0,0,0,0,0,2,0,Longo da via,Bom,Não existe,Perfeito estado,Seca,Perfeito estado,Não existe,Não há placas,60 km/h,Única,Faixa seccionada,,
2022-05-15 00:00:00,,COM VÍTIMA,FINALIZADA,CORDEIRO,AV GENERAL SAN MARTIN,,RUA GOMES TABORDA,EM FRENTE À FARMÁCIA DROGASIL,CORDEIRO,67,,COLISÃO LATERAL,1,1,0,0,0,0,0,0,0,1,0,Cruzamento,Bom,Sem defeito,Incompleta,Seca,Mal conservada,Faixa de pedestre,R-6a,,Dupla,Faixa seccionada,,
2022-05-15 00:00:00,,SEM VÍTIMA,FINALIZADA,PAISSANDU,AV GOVERNADOR AGAMENON MAGALHAES,,RUA HENRIQUE DIAS,ANTIGO RESTAURANTE SPETTUS,PAISSANDU,68,,,1,0,0,0,0,0,0,1,0,0,0,Cruzamento,Bom,Sem defeito,Perfeito estado,Seca,Perfeito estado,Faixa de pedestre,R-4a,60 km/h,Dupla,Faixa contínua,,
2022-05-15 00:00:00,,COM VÍTIMA,FINALIZADA,BOA VIAGEM,RUA SA E SOUZA,725,RUA DR LUIZ INACIO PESSOA DE MELO,PROX AO RECIFE FLAT  E/F AO EDF COSTA BLAC. APÓS O EMPRESARIAL SÁ E SOUZA.,BOA VIAGEM,,SUBURBIO,COLISÃO TRANSVERSAL,1,1,0,0,0,0,0,0,0,2,0,Cruzamento,Bom,Não existe,Perfeito estado,Seca,Perfeito estado,Faixa de retenção,"Placas ""Pare""",,Dupla,Faixa contínua,,
2022-05-16 00:00:00,,COM VÍTIMA,FINALIZADA,BONGI,EST DO BONGI,761,,EM FRENTE AO BOCA LOKA LANCHES III,BONGI,,SUBURBIO,COLISÃO TRANSVERSAL,1,1,0,0,0,0,0,0,0,2,0,Longo da via,Bom,Sem defeito,Perfeito estado,Seca,Perfeito estado,Não existe,R-6a,40 km/h,Dupla,Faixa contínua,,
2022-05-16 00:00:00,,COM VÍTIMA,DUPLICIDADE,ROSARINHO,AV SANTOS DUMONT,960,,EM FRENTE A PRAÇA DO ROSARINHO,ROSARINHO,,,QUEDA,0,1,0,0,0,0,0,0,0,1,0,,,,,,,,,,,,,
2022-05-16 00:00:00,,COM VÍTIMA,FINALIZADA,ROSARINHO,AV SANTOS DUMONT,960,RUA AMARO COUTINHO,PRAÇA PHAELANTE DA CÂMARA.,ROSARINHO,,SUBURBIO,COLISÃO LATERAL,1,1,0,0,0,0,0,0,0,1,0,Cruzamento,Bom,Não existe,Perfeito estado,Seca,Perfeito estado,Não existe,"Placas ""Pare""",40 km/h,Única,Faixa seccionada,,
2022-05-16 00:00:00,,COM VÍTIMA,FINALIZADA,CURADO,RUA DR GEORGE WILLIAM BUTLER,675 / 51C,,EM FRENTE A ROCA BRASIL (GROUPE),CURADO,,CIDADE,COLISÃO FRONTAL,0,1,0,0,0,1,0,0,0,1,0,Longo da via,Bom,Não existe,Incompleta,Seca,Perfeito estado,Não existe,Não há placas,,Dupla,Não existe,,
2022-05-16 00:00:00,,COM VÍTIMA,FINALIZADA,SANTO AMARO,AV NORTE MIGUEL ARRAES DE ALENCAR,,RUA AURORA,EM CIMA DA PONTE,SANTO AMARO,243,SUBURBIO,COLISÃO COM CICLISTA,1,0,0,1,0,0,0,0,0,1,0,Cruzamento,Bom,Sem defeito,Perfeito estado,Seca,Perfeito estado,Faixa de pedestre,R-6a,,Dupla,Faixa seccionada,Canteiro central,
2022-05-17 00:00:00,,COM VÍTIMA,FINALIZADA,CORDEIRO,AV CAXANGA,1052,,"EM FRENTE A CAIXA ECONÔMICA, SENTIDO CAMARAGIBE. LADO OPOSTO À LOCALIZA SEMINOVOS.",CORDEIRO,,SUBURBIO,COLISÃO TRASEIRA,1,0,1,0,0,0,0,0,0,1,0,Longo da via,Bom,Sem defeito,Perfeito estado,Seca,Perfeito estado,Não existe,Outras,,Dupla,Faixa seccionada,,
2022-05-17 00:00:00,,COM VÍTIMA,FINALIZADA,CASA AMARELA,AV NORTE MIGUEL ARRAES DE ALENCAR,,,"EM FRENTE AO REI DA PINCANHA, SENT. MACAXEIRA",CASA AMARELA,677,SUBURBIO,COLISÃO LATERAL,1,1,0,0,0,0,0,0,0,1,0,Longo da via,Bom,Sem defeito,Perfeito estado,Seca,Perfeito estado,Faixa de pedestre,R-6a,,Dupla,Blocos,,
2022-05-17 00:00:00,,COM VÍTIMA,FINALIZADA,JORDÃO,AV MARIA IRENE,25,,EM FRENTE A BASE AEREA DO RECIFE,JORDÃO,,CIDADE,ATROPELAMENTO DE PESSOA,0,0,0,0,1,0,0,1,0,1,0,Longo da via,Bom,Não existe,Perfeito estado,Seca,Perfeito estado,Não existe,Não há placas,,Dupla,Faixa contínua,,
2022-05-17 00:00:00,,SEM VÍTIMA,FINALIZADA,JARDIM SÃO PAULO,EST DO CURADO,55,AV LIBERDADE,,JARDIM SÃO PAULO,,SUBURBIO,,1,0,0,0,0,1,0,0,0,0,0,Cruzamento,Bom,Não existe,Não existente,Seca,Mal conservada,Não existe,"Placas ""Pare""",40 km/h,Dupla,Não existe,,
2022-05-17 00:00:00,,COM VÍTIMA,FINALIZADA,CORDEIRO,AV CAXANGA,1214,RUA GREGORIO JUNIOR,EM FRENTE A CASA FUNERARIA SANTA PAULA,CORDEIRO,236,SUBURBIO,COLISÃO COM CICLISTA,0,1,0,1,0,0,0,0,0,2,0,Cruzamento,Bom,Sem defeito,Perfeito estado,Seca,Perfeito estado,Faixa de pedestre,Não há placas,60 km/h,Única,Faixa contínua,,
2022-05-17 00:00:00,,COM VÍTIMA,FINALIZADA,BOA VISTA,AV GOVERNADOR AGAMENON MAGALHAES,,AV RUI BARBOSA,PROX AO TRIBUNAL ELEITORAL,BOA VISTA,,BOA VIAGEM,COLISÃO LATERAL,1,1,0,0,0,0,0,0,0,1,0,Longo da via,Bom,Sem defeito,Perfeito estado,Seca,Perfeito estado,Faixa de pedestre,R-4b,60 km/h,Única,Faixa contínua,,
2022-05-17 00:00:00,,COM VÍTIMA,FINALIZADA,MANGUEIRA,RUA VINTE E UM DE ABRIL,1205,RUA NELSON AVILA,PROX A CONTRUAR ( ARMAZEM). EM FRENTE À IGREJA BATISTA NACIONAL EM AFOGADOS.,MANGUEIRA,,CIDADE,COLISÃO FRONTAL,1,1,0,0,0,0,0,0,0,1,0,Longo da via,Bom,Não existe,Perfeito estado,Seca,Perfeito estado,Não existe,Outras,,Dupla,Faixa seccionada,,
2022-05-17 00:00:00,,COM VÍTIMA,FINALIZADA,BOA VIAGEM,RUA VISCONDE DE JEQUITINHONHA,,RUA BALTAZAR PASSOS,NO CRUZAMENTO C/A RUA BALTAZAR PASSOS,BOA VIAGEM,154,,ATROPELAMENTO DE PESSOA,1,0,0,0,1,0,0,0,0,1,0,,,,,,,,,,,,,
2022-05-17 00:00:00,,COM VÍTIMA,FINALIZADA,MACAXEIRA,AV JOSE AMERICO DE ALMEIDA,79,,PRÓX AO CAMPO DA UNIAO / E/F A PRC ZUMBI DOS PALMARES,MACAXEIRA,,CIDADE,COLISÃO LATERAL,0,1,0,0,0,1,0,0,0,1,0,Longo da via,Bom,Não existe,Incompleta,Seca,Perfeito estado,Não existe,Não há placas,,Dupla,Não existe,,
2022-05-18 00:00:00,,COM VÍTIMA,FINALIZADA,AREIAS,AV CAPITAO GREGORIO DE CALDAS,,AV RECIFE,"LADO OPOSTO AO BIG BOMPREÇO, SENTIDO PRAIA",AREIAS,494,SUBURBIO,ATROPELAMENTO DE PESSOA,0,0,0,0,2,1,0,0,0,2,0,Cruzamento,Bom,Sem defeito,Não existente,Seca,Perfeito estado,Outros,Não há placas,30 km/h,Dupla,Canteiro central,,
2022-05-18 00:00:00,,COM VÍTIMA,FINALIZADA,AFOGADOS,AV SUL,S/N,,EM FRENTE A POLICLINICA AGAMENON MAGALHAES AO LADO DA ESTAÇÃO DO METRO SENT. CIDADE,AFOGADOS,,CIDADE,COLISÃO TRASEIRA,2,0,0,0,0,0,0,0,0,1,0,Longo da via,Bom,Não existe,Perfeito estado,Seca,Mal iluminada,Não existe,Não há placas,,Única,Faixa seccionada,,