data,hora,natureza,situacao,bairro,endereco,numero,detalhe_endereco_acidente,complemento,bairro_cruzamento,num_semaforo,sentido_via,tipo,auto,moto,ciclom,ciclista,pedestre,onibus,caminhao,viatura,outros,vitimas,vitimasfatais,acidente_verificado,tempo_clima,situacao_semaforo,sinalizacao,condicao_via,conservacao_via,ponto_controle,situacao_placa,velocidade_max_via,mao_direcao,divisao_via1,divisao_via2,divisao_via3
2022-05-18 00:00:00,,COM VÍTIMA,FINALIZADA,AREIAS,AV RECIFE,29,,"PROXIMO O ATACADÃO , EM FRENTE O POSTO BR....SENTIDO CAXANGÁ",AREIAS,620,BR-101,COLISÃO LATERAL,2,1,0,0,0,0,0,0,0,1,0,Longo da via,Bom,Sem defeito,Perfeito estado,Seca,Perfeito estado,Não existe,R-6a,,Dupla,Faixa seccionada,Canteiro central,
2022-05-18 00:00:00,,SEM VÍTIMA,CANCELADA,SANTO AMARO,AV GOVERNADOR AGAMENON MAGALHAES,,,EM BAIXO DO VIADULTO ROBERTO PEREIRA DE CARVALHO,SANTO AMARO,,,COLISÃO TRASEIRA,1,0,0,0,0,0,0,1,0,0,0,,,,,,,,,,,,,
2022-05-18 00:00:00,,SEM VÍTIMA,CANCELADA,ESPINHEIRO,RUA SANTO ELIAS,450,,EDF VILA MARINA,ESPINHEIRO,,,COLISÃO TRASEIRA,1,0,0,0,0,0,1,0,0,0,0,,,,,,,,,,,,,
2022-05-18 00:00:00,,COM VÍTIMA,FINALIZADA,JOANA BEZERRA,VIADUTO CAPITAO TEMUDO,,,NA DESCIDA DO VIADUTO SENT. BOA VIAGEM,JOANA BEZERRA,,BOA VIAGEM,COLISÃO TRASEIRA,1,1,0,0,0,0,0,0,0,1,0,Viaduto,Bom,Não existe,Perfeito estado,Seca,Perfeito estado,Não existe,Não há placas,60 km/h,Dupla,Canteiro central,,
2022-05-18 00:00:00,,SEM VÍTIMA,FINALIZADA,GRAÇAS,RUA DR BANDEIRA FILHO,,,EM FRENTE A PAGUE MENOS,GRAÇAS,,,COLISÃO LATERAL,2,0,0,0,0,0,0,0,0,0,0,,,,,,,,,,,,,
2022-05-18 00:00:00,,SEM VÍTIMA,FINALIZADA,BOA VIAGEM,RUA BRUNO VELOSO,,,EM FRENTE AO SHOPPING RECIFE,BOA VIAGEM,,,COLISÃO LATERAL,2,0,0,0,0,0,0,0,0,0,0,,,,,,,,,,,,,
2022-05-18 00:00:00,,COM VÍTIMA,FINALIZADA,PORTO DA MADEIRA,AV BEBERIBE,3433,RUA PASCOAL SIVINI,"E/F AO CONJUNTO JOAO PAULO SEGUNDO,  POSTO SIVINI",PORTO DA MADEIRA,,,COLISÃO TRANSVERSAL,1,1,0,0,0,0,0,0,0,1,0,Longo da via,Bom,Não existe,Perfeito estado,Seca,Perfeito estado,Não existe,R-6a,,Dupla,Faixa contínua,Faixa seccionada,
2022-05-19 00:00:00,,SEM VÍTIMA,FINALIZADA,SÃO JOSÉ,RUA IMPERIAL,889,,EM FRENTE AO BAR DO CHINA,SÃO JOSÉ,511,SUBURBIO,COLISÃO TRASEIRA,1,0,0,0,0,0,0,1,0,0,0,Longo da via,Bom,Sem defeito,Perfeito estado,Seca,Perfeito estado,Faixa de pedestre,Não há placas,,Única,Faixa contínua,,
2022-05-19 00:00:00,,COM VÍTIMA,FINALIZADA,NOVA DESCOBERTA,RUA DA PAZ,,AV CHAGAS FERREIRA,AO LADO DA UPA,NOVA DESCOBERTA,,SUBURBIO,COLISÃO FRONTAL,0,1,0,0,0,1,0,0,0,1,0,Ponte,Bom,Não existe,Não existente,Seca,Mal conservada,Não existe,Não há placas,,Dupla,Não existe,,
2022-05-19 00:00:00,,COM VÍTIMA,FINALIZADA,BOA VIAGEM,RUA DOS NAVEGANTES,785,RUA ERNESTO DE PAULA SANTOS,POR TRAS DO ANTIGO RECIFE PALACE,BOA VIAGEM,,,COLISÃO TRANSVERSAL,2,0,0,0,0,0,0,0,0,3,0,Cruzamento,Bom,Não existe,Perfeito estado,Seca,Perfeito estado,Faixa de retenção,"Placas ""Pare""",,Única,Faixa seccionada,,
2022-05-19 00:00:00,,COM VÍTIMA,FINALIZADA,DERBY,AV GOVERNADOR AGAMENON MAGALHAES,,,NO SENTIDO OLINDA,DERBY,,,COLISÃO TRASEIRA,0,1,0,0,0,1,0,0,0,1,0,Longo da via,Bom,Não existe,Perfeito estado,Seca,Perfeito estado,Agente,Outras,60 km/h,Única,Faixa seccionada,,
2022-05-19 00:00:00,,SEM VÍTIMA,FINALIZADA,SANTO AMARO,RUA ALMEIDA CUNHA,,,COM A RUA AFONSO PENA,SANTO AMARO,,,COLISÃO LATERAL,2,0,0,0,0,0,0,0,0,0,0,,,,,,,,,,,,,
2022-05-20 00:00:00,,COM VÍTIMA,FINALIZADA,IMBIRIBEIRA,RUA ARQUITETO LUIZ NUNES,233,AV ENGENHEIRO ALVES DE SOUZA,ESQUINA COM JULIETO CAFE. EM FRENTE AO JULIETTO.,IMBIRIBEIRA,634,CIDADE,COLISÃO TRANSVERSAL,1,1,0,0,0,0,0,0,0,1,0,Cruzamento,Bom,Sem defeito,Perfeito estado,Seca,Perfeito estado,Faixa de pedestre,Não há placas,40 km/h,Dupla,Faixa contínua,Faixa seccionada,
2022-05-21 00:00:00,,SEM VÍTIMA,FINALIZADA,CASA FORTE,RUA JADER DE ANDRADE,43,,EM FRENTE AO NÚMERO 43,CASA FORTE,,,,1,1,0,0,0,0,0,0,0,0,0,Longo da via,Chuvoso,Não existe,Não existente,Molhada,Perfeito estado,Não existe,Não há placas,,Dupla,Não existe,,
2022-05-21 00:00:00,,COM VÍTIMA,FINALIZADA,ARRUDA,RUA DO MACHADO,32,RUA DAS MOCAS,AO LADO CAMPO DO SANTA CRUZ,ARRUDA,,CIDADE,COLISÃO FRONTAL,1,1,0,0,0,0,0,0,0,1,0,Longo da via,Bom,Não existe,Perfeito estado,Seca,Perfeito estado,Faixa de pedestre,"Placas ""Pare""",30 km/h,Dupla,Não existe,,
2022-05-21 00:00:00,,COM VÍTIMA,FINALIZADA,APIPUCOS,RUA DE APIPUCOS,685,,"APOS O POSTO BR E/F AO RESIDENCIAL APIPUCOS, LADO OPOSTO À RESERVA DE APIPUCOS.",APIPUCOS,,SUBURBIO,COLISÃO TRASEIRA,1,1,0,0,0,0,0,0,0,1,0,Longo da via,Bom,Não existe,Perfeito estado,Seca,Perfeito estado,Não existe,R-6a,,Dupla,Faixa contínua,,
2022-05-21 00:00:00,,COM VÍTIMA,CANCELADA,IMBIRIBEIRA,AV SUL,S/N,,ENTRE A ESTAÇAO DE METRO TANCREDO NEVES  EA TI TANCREDO NEVES S/T CID,IMBIRIBEIRA,,,COLISÃO FRONTAL,0,1,0,0,0,0,0,0,0,2,0,,,,,,,,,,,,,
2022-05-21 00:00:00,,COM VÍTIMA,FINALIZADA,MADALENA,AV JOSE GONCALVES DE MEDEIROS,,,EM FRENTE A DPCA E MAXTROC.,MADALENA,,CIDADE,COLISÃO LATERAL,1,1,0,0,0,0,0,0,0,2,0,Longo da via,Bom,Não existe,Incompleta,Seca,Perfeito estado,Não existe,R-6a,,Única,Não existe,,
2022-05-21 00:00:00,,SEM VÍTIMA,FINALIZADA,SANTO AMARO,AV CRUZ CABUGA,,RUA DR JOAO VIEIRA DE MENEZES,SOB O SEMÁFORO 674,SANTO AMARO,674,SUBURBIO,CHOQUE,1,0,0,0,0,0,0,0,0,0,0,Cruzamento,Bom,Sem defeito,Perfeito estado,Seca,Perfeito estado,Não existe,Não há placas,,Dupla,Faixa seccionada,,
2022-05-21 00:00:00,,SEM VÍTIMA,CANCELADA,ESPINHEIRO,AV GOVERNADOR AGAMENON MAGALHAES,,,E/F AO BANCO DO NORDESTE,ESPINHEIRO,,BOA VIAGEM,COLISÃO LATERAL,2,0,0,0,0,0,0,0,0,0,0,,,,,,,,,,,,,
2022-05-21 00:00:00,,COM VÍTIMA,FINALIZADA,TORRE,RUA PROFESSOR TRAJANO DE MENDONCA,,,FARMÁCIA DROGASIL,TORRE,,CIDADE,COLISÃO COM CICLISTA,1,0,0,1,0,0,0,0,0,1,0,Longo da via,Bom,Não existe,Perfeito estado,Seca,Perfeito estado,Não existe,Não há placas,,Única,Faixa seccionada,,
2022-05-22 00:00:00,,COM VÍTIMA,FINALIZADA,MADALENA,EST DOS REMEDIOS,,AV JOSE GONCALVES DE MEDEIROS,E/F À POLICLINICA LESSA DE ANDRADE,MADALENA,353,CIDADE,COLISÃO TRANSVERSAL,1,1,0,0,0,0,0,0,0,1,0,Cruzamento,Bom,Sem defeito,Perfeito estado,Seca,Perfeito estado,Faixa de pedestre,"Placas ""Pare""",,Única,Faixa seccionada,,
2022-05-22 00:00:00,,COM VÍTIMA,FINALIZADA,AFOGADOS,RUA SAO MIGUEL,,RUA LUIZ PEREIRA DE FARIAS,PARAISO DOS PET'S,AFOGADOS,,CIDADE,ATROPELAMENTO DE PESSOA,0,1,0,0,1,0,0,0,0,2,0,Cruzamento,Bom,Não existe,Perfeito estado,Seca,Perfeito estado,,,60 km/h,Dupla,Faixa contínua,,
2022-05-22 00:00:00,,COM VÍTIMA,FINALIZADA,VÁRZEA,AV AFONSO OLINDENSE,72,AV CAXANGA,ENFRENTE AOS CORREIOS,VÁRZEA,568,SUBURBIO,COLISÃO LATERAL,1,1,0,0,0,0,0,0,0,1,0,Longo da via,Bom,Sem defeito,Incompleta,Seca,Perfeito estado,Faixa de pedestre,R-6a,30 km/h,Dupla,Faixa contínua,Faixa seccionada,
2022-05-22 00:00:00,,COM VÍTIMA,FINALIZADA,MACAXEIRA,RUA MARIA AMALIA,7,SUB DA UNIAO,AO LADO DO CAMPO DA UNIÃO.,MACAXEIRA,,CIDADE,COLISÃO LATERAL,1,1,0,0,0,0,0,0,0,1,0,Longo da via,Chuvoso,Não existe,Não existente,Seca,Mal conservada,Não existe,Não há placas,,Dupla,Não existe,,
2022-05-22 00:00:00,,SEM VÍTIMA,FINALIZADA,IPUTINGA,AV CAXANGA,,RUA MANOEL JOAQUIM DE ALMEIDA,IPUTINGA VEICULOS,IPUTINGA,533,,,1,1,0,0,0,0,0,0,0,0,0,Cruzamento,Bom,Sem defeito,Perfeito estado,,,Faixa de pedestre,Não há placas,,Dupla,Canteiro central,,
2022-05-22 00:00:00,,COM VÍTIMA,FINALIZADA,BOA VIAGEM,RUA RIBEIRO DE BRITO,,RUA TENENTE DOMINGOS DE BRITO,EM FRENTE A IGREJA MARANATA,BOA VIAGEM,331,,COLISÃO TRANSVERSAL,1,1,0,0,0,0,0,0,0,2,0,Cruzamento,Chuvoso,Sem defeito,Perfeito estado,Molhada,Perfeito estado,Faixa de pedestre,Não há placas,,Única,Não existe,,
2022-05-22 00:00:00,,COM VÍTIMA,FINALIZADA,JAQUEIRA,AV CONS ROSA E SILVA,1847,RUA NETO DE MENDONCA,EM FRENTE A SMART FIT,JAQUEIRA,686,SUBURBIO,COLISÃO TRANSVERSAL,0,2,0,0,0,0,0,0,0,1,0,Longo da via,Bom,Sem defeito,Perfeito estado,Seca,Perfeito estado,Faixa de retenção,Não há placas,60 km/h,Única,Faixa seccionada,,
2022-05-23 00:00:00,,COM VÍTIMA,FINALIZADA,CORDEIRO,AV CAXANGA,2255,,EM FRENTE AO PARQUE DE EXPOSIÇÕES DE ANIMAIS DO CORDEIRO.,CORDEIRO,235,SUBURBIO,ATROPELAMENTO DE PESSOA,1,0,0,0,1,1,0,0,0,1,0,Longo da via,Chuvoso,Sem defeito,Perfeito estado,Molhada,Perfeito estado,Não existe,Outras,,Dupla,Faixa seccionada,,
2022-05-23 00:00:00,,COM VÍTIMA,DUPLICIDADE,CAXANGÁ,AV CAXANGA,,,EM FRENTE A EXPOSOÇAO  DE ANOMAIS / SENT CAMARAGIBE,CAXANGÁ,,,ATROPELAMENTO DE PESSOA,0,0,0,0,1,1,0,0,0,1,0,,,,,,,,,,,,,
2022-05-23 00:00:00,,COM VÍTIMA,FINALIZADA,PARNAMIRIM,RUA DA ESTRELA,164,,EM FRENTE AO QUARTEL DO EXERCITO,PARNAMIRIM,,SUBURBIO,COLISÃO LATERAL,1,1,0,0,0,0,0,0,0,2,0,Longo da via,Chuvoso,Não existe,Perfeito estado,Molhada,Perfeito estado,Não existe,Outras,30 km/h,Dupla,Não existe,,
2022-05-23 00:00:00,,COM VÍTIMA,FINALIZADA,TORRE,RUA JOSE BONIFACIO,851,,EM FRENTE A HONDA,TORRE,301,SUBURBIO,COLISÃO TRASEIRA,1,1,0,0,0,0,0,0,0,1,0,Longo da via,Bom,Sem defeito,Perfeito estado,Seca,Perfeito estado,Faixa de pedestre,Não há placas,,Única,Faixa seccionada,,
2022-05-23 00:00:00,,COM VÍTIMA,FINALIZADA,BOA VISTA,RUA DOM BOSCO,,,EM FRENTE A RADIO PATRULHA,BOA VISTA,,SUBURBIO,COLISÃO TRANSVERSAL,1,1,0,0,0,0,0,0,0,1,0,Longo da via,Bom,Sem defeito,Perfeito estado,Seca,Perfeito estado,Não existe,Não há placas,40 km/h,Única,Faixa seccionada,,
2022-05-23 00:00:00,,COM VÍTIMA,FINALIZADA,PINA,RUA MANOEL DE BRITO,243,,LADO OPOSTO AO CORPUS MOTEL.,PINA,,CIDADE,COLISÃO COM CICLISTA,1,0,0,1,0,0,0,0,0,1,0,Longo da via,Bom,Não existe,Perfeito estado,Seca,Perfeito estado,Outros,Não há placas,,Única,Faixa seccionada,,
2022-05-23 00:00:00,,COM VÍTIMA,CANCELADA,BOA VIAGEM,AV ENGENHEIRO DOMINGOS FERREIRA,,,PROXIMO AO PONTEIO,BOA VIAGEM,,,ATROPELAMENTO DE PESSOA,1,0,0,0,1,0,0,0,0,1,0,,,,,,,,,,,,,
2022-05-23 00:00:00,,COM VÍTIMA,CANCELADA,TORRE,RUA JOSE OSORIO,,,E/F A AUTO CAR,TORRE,,,COLISÃO FRONTAL,1,1,0,0,0,0,0,0,0,1,0,,,,,,,,,,,,,
2022-05-23 00:00:00,,COM VÍTIMA,CANCELADA,NOVA DESCOBERTA,RUA TEREZA CARNEIRO,,,PROX AO POSTO DE SAUDE,NOVA DESCOBERTA,,,COLISÃO LATERAL,0,1,0,0,0,0,1,0,0,1,0,,,,,,,,,,,,,
2022-05-23 00:00:00,,COM VÍTIMA,FINALIZADA,JOANA BEZERRA,VDO PAPA JOAO PAULO II,,,SOBRE O VIADUTO. AO LADO DO TI JOANA BEZERRA.,JOANA BEZERRA,,SUBURBIO,ATROPELAMENTO DE PESSOA,3,0,0,0,1,0,0,0,0,1,0,Viaduto,Chuvoso,Não existe,Não existente,Molhada,Perfeito estado,Não existe,Não há placas,60 km/h,Única,,,
2022-05-23 00:00:00,,SEM VÍTIMA,CANCELADA,IPUTINGA,AV PROFESSOR MORAES REGO,,,E/F A HAPVIDA,IPUTINGA,,,COLISÃO TRASEIRA,3,0,0,0,0,0,0,0,0,0,0,,,,,,,,,,,,,
2022-05-24 00:00:00,,SEM VÍTIMA,FINALIZADA,GRAÇAS,RUA AMARO BEZERRA,410,RUA JOAQUIM NABUCO,AO LADO DA SODIE DOCES,GRAÇAS,,CIDADE,,1,0,0,0,0,0,0,0,0,0,0,Longo da via,Chuvoso,Não existe,Perfeito estado,Molhada,Perfeito estado,Não existe,Outras,,Única,Não existe,,
2022-05-24 00:00:00,,COM VÍTIMA,FINALIZADA,TORRÕES,RUA QUINZE DE MARCO,594,RUA VINTE E UM DE ABRIL,"PRÓX. À SANTIAGO PETSHOP,  BAR 21 BEER",TORRÕES,,SUBURBIO,CHOQUE,1,0,0,0,0,0,0,0,0,1,0,Cruzamento,Chuvoso,Não existe,Perfeito estado,Molhada,Mal conservada,Não existe,Não há placas,60 km/h,Dupla,Faixa seccionada,,
2022-05-24 00:00:00,,COM VÍTIMA,FINALIZADA,IMBIRIBEIRA,AV MARECHAL MASCARENHAS DE MORAES,,PRC MINISTRO SALGADO FILHO,DENTRO DO AEROPORTO NA AREA DE CARGA E DESCARGA,IMBIRIBEIRA,,SUBURBIO,CAPOTAMENTO,1,0,0,0,0,0,0,0,0,1,0,Longo da via,Chuvoso,Não existe,Perfeito estado,Molhada,Perfeito estado,Não existe,Outras,,Única,Não existe,,
2022-05-24 00:00:00,,COM VÍTIMA,FINALIZADA,ESTÂNCIA,AV RECIFE,5680,RUA LAURA BANDEIRA DE MELO,PRÓXIMO AO ASSAÍ,ESTÂNCIA,705,SUBURBIO,COLISÃO LATERAL,0,1,0,0,0,0,1,0,0,1,0,Cruzamento,Chuvoso,Sem defeito,Perfeito estado,Molhada,Perfeito estado,Agente,R-19,50 km/h,Dupla,Canteiro central,,
2022-05-24 00:00:00,,SEM VÍTIMA,FINALIZADA,BOA VIAGEM,AVENIDA CELSO FURTADO (VIA MANGUE),,,,BOA VIAGEM,,,CAPOTAMENTO,0,0,0,0,0,0,0,0,0,0,0,,,,,,,,,,,,,
2022-05-24 00:00:00,,COM VÍTIMA,FINALIZADA,SAN MARTIN,AV CONSUL VILARES FRAGOSO,375,,PRÓX A SECRETARIA DE SAUDE,SAN MARTIN,,,COLISÃO LATERAL,1,1,0,0,0,0,0,0,0,1,0,,,,,,,,,,,,,
2022-05-24 00:00:00,,COM VÍTIMA,FINALIZADA,VÁRZEA,AV CAXANGA,,AV AFONSO OLINDENSE,SEMÁFORO 568,VÁRZEA,568,SUBURBIO,COLISÃO COM CICLISTA,0,0,0,1,0,1,0,0,0,1,0,Longo da via,Chuvoso,Sem defeito,Perfeito estado,Molhada,Perfeito estado,Faixa de pedestre,Outras,,Dupla,Faixa contínua,,
2022-05-25 00:00:00,,COM VÍTIMA,FINALIZADA,CASA AMARELA,RUA DA HARMONIA,518,,PRÓX AO PLANETA KIDS E IGREJA DA HARMONIA,CASA AMARELA,,SUBURBIO,COLISÃO FRONTAL,2,0,0,0,0,0,0,0,0,1,0,Longo da via,Chuvoso,Não existe,Perfeito estado,Seca,Perfeito estado,Faixa de pedestre,Outras,30 km/h,Dupla,Faixa contínua,,
2022-05-26 00:00:00,,SEM VÍTIMA,FINALIZADA,BOA VIAGEM,RUA AVIADOR SEVERIANO LINS,,,AO LADO DO NÚMERO 175,BOA VIAGEM,,SUBURBIO,COLISÃO TRANSVERSAL,3,0,0,0,0,0,0,0,0,0,0,Longo da via,Chuvoso,Não existe,Não existente,Molhada,Perfeito estado,Não existe,Não há placas,,Dupla,Não existe,,
2022-05-26 00:00:00,,SEM VÍTIMA,DUPLICIDADE,BOA VIAGEM,RUA AVIADOR SEVERIANO LINS,,,PROX. AO COLEGIO BOA VIAGEM,BOA VIAGEM,,,COLISÃO TRASEIRA,3,0,0,0,0,0,0,0,0,0,0,,,,,,,,,,,,,
2022-05-26 00:00:00,,COM VÍTIMA,FINALIZADA,BARRO,AV DR JOSE RUFINO,2221,RUA PALMEIRA,ACIDENTE COM VITIMA,BARRO,539,CIDADE,COLISÃO FRONTAL,3,0,0,0,0,0,0,0,0,1,0,Cruzamento,Bom,Sem defeito,Incompleta,Seca,Mal conservada,Faixa de pedestre,R-6a,40 km/h,Dupla,Faixa contínua,Faixa seccionada,
2022-05-26 00:00:00,,SEM VÍTIMA,FINALIZADA,MADALENA,RUA SPORT CLUBE DO RECIFE,,,EM FRENTE AO SPORT  CLUBE DO RECIFE,MADALENA,481,CIDADE,COLISÃO TRASEIRA,3,0,0,0,0,0,0,0,0,0,0,Longo da via,Bom,Sem defeito,Perfeito estado,Seca,Perfeito estado,Outros,Não há placas,,Dupla,Canteiro central,,
2022-05-26 00:00:00,,COM VÍTIMA,FINALIZADA,GRAÇAS,AV GOVERNADOR AGAMENON MAGALHAES,,,PRÓX. AO CLUBE PORTUGUÊS,GRAÇAS,,CIDADE,COLISÃO LATERAL,1,2,0,0,0,0,0,0,0,2,0,Longo da via,Chuvoso,Sem defeito,Perfeito estado,Molhada,Perfeito estado,Faixa de pedestre,Não há placas,,Dupla,Canteiro central,Canal,
2022-05-26 00:00:00,,COM VÍTIMA,FINALIZADA,ALTO SANTA TERESINHA,RUA PROFESSOR JOSE AMARINO DOS REIS,2322,,PRÓX A GRAFICA CACTO,ALTO SANTA TERESINHA,,,COLISÃO FRONTAL,1,1,0,0,0,0,0,0,0,1,0,Longo da via,Chuvoso,Não existe,Perfeito estado,Molhada,Perfeito estado,Não existe,Não há placas,,Dupla,Faixa seccionada,,
2022-05-26 00:00:00,,COM VÍTIMA,FINALIZADA,CASA AMARELA,AV DR EURICO CHAVES,171,,PRÓX AO BREGOSO BURGUER,CASA AMARELA,,SUBURBIO,COLISÃO FRONTAL,0,2,0,0,0,0,0,0,0,1,0,Longo da via,Chuvoso,Não existe,Perfeito estado,Molhada,Perfeito estado,Não existe,Não há placas,,Dupla,Faixa seccionada,,
2022-05-27 00:00:00,,COM VÍTIMA,FINALIZADA,DERBY,AV GOVERNADOR AGAMENON MAGALHAES,,,E/F AO HOSPITAL DA RESTAURAÇÃO,DERBY,174,SUBURBIO,COLISÃO TRASEIRA,1,1,0,0,0,0,0,0,0,1,0,Longo da via,Chuvoso,Sem defeito,Perfeito estado,Molhada,Perfeito estado,Faixa de pedestre,R-6a,60 km/h,Dupla,Canteiro central,,
2022-05-27 00:00:00,,COM VÍTIMA,FINALIZADA,DERBY,PRC DO DERBY,,RUA JENER DE SOUZA,EM FRNTE O QUARTEL DO DERBY,DERBY,40,CIDADE,COLISÃO TRASEIRA,1,1,0,0,0,0,0,0,0,1,0,Cruzamento,Chuvoso,Sem defeito,Perfeito estado,Molhada,Perfeito estado,Faixa de pedestre,Não há placas,,Única,Faixa contínua,Faixa seccionada,
2022-05-27 00:00:00,,COM VÍTIMA,FINALIZADA,IMBIRIBEIRA,AV MARECHAL MASCARENHAS DE MORAES,3547,,"APÓS  O GERALDÃO, SENTIDO CIDADE",IMBIRIBEIRA,289,CIDADE,COLISÃO LATERAL,2,1,0,0,0,0,0,0,0,1,0,Longo da via,Chuvoso,Sem defeito,Perfeito estado,Molhada,Perfeito estado,Outros,Outras,,Dupla,Canteiro central,,
2022-05-27 00:00:00,,COM VÍTIMA,FINALIZADA,CABANGA,RUA GUTIUBA,175,,PROXIMO AO INSTITUTO DAVID NASCIMENTO,CABANGA,,SUBURBIO,COLISÃO FRONTAL,1,1,0,0,0,0,0,0,0,1,0,Cruzamento,Chuvoso,Não existe,Perfeito estado,Seca,Perfeito estado,Não existe,Não há placas,40 km/h,Dupla,Não existe,,
2022-05-27 00:00:00,,SEM VÍTIMA,FINALIZADA,CORDEIRO,AV GENERAL SAN MARTIN,,RUA GOMES TABORDA,ATACAREJO IDEAL / FARMÁCIA DROGASIL,CORDEIRO,,,COLISÃO LATERAL,2,0,0,0,0,0,0,0,0,0,0,,,,,,,,,,,,,
2022-05-27 00:00:00,,SEM VÍTIMA,CANCELADA,VÁRZEA,AV AFONSO OLINDENSE,709,,E/F A LOJA SANDRO MOTO,VÁRZEA,,,COLISÃO LATERAL,1,0,0,0,0,0,0,1,0,0,0,,,,,,,,,,,,,
2022-05-27 00:00:00,,COM VÍTIMA,FINALIZADA,BOA VIAGEM,AV ENGENHEIRO DOMINGOS FERREIRA,,,EM FRENTE A PRAÇA JORNALISTA ANTONIO TEIXEIRA JUNIOR,BOA VIAGEM,,SUBURBIO,ATROPELAMENTO DE PESSOA,0,1,0,0,1,0,0,0,0,1,0,Longo da via,Chuvoso,,Perfeito estado,Molhada,Mal conservada,Não existe,Outras,,Única,Faixa contínua,Faixa seccionada,
2022-05-30 00:00:00,,COM VÍTIMA,FINALIZADA,PORTO DA MADEIRA,AV BEBERIBE,3390,,EM FRENTE AO ARENA SHOW BAR,PORTO DA MADEIRA,388,SUBURBIO,COLISÃO TRANSVERSAL,1,1,0,0,0,0,0,0,0,1,0,Longo da via,Chuvoso,Sem defeito,Perfeito estado,Molhada,Perfeito estado,Faixa de pedestre,R-6a,,Dupla,Faixa contínua,Faixa seccionada,
2022-05-30 00:00:00,,COM VÍTIMA,FINALIZADA,DERBY,AV GOVERNADOR AGAMENON MAGALHAES,53,RUA HENRIQUE DIAS,EM FRENTE AO INSTITUTO DIAGNOSTICO JOSE ROCHA DE SA,DERBY,68,,ATROPELAMENTO DE PESSOA,0,0,0,0,1,1,0,0,0,1,0,Longo da via,Chuvoso,Sem defeito,Perfeito estado,Molhada,Perfeito estado,Agente,,60 km/h,Dupla,Canal,,
2022-05-30 00:00:00,,COM VÍTIMA,FINALIZADA,AREIAS,RUA JOSE NATARIO,175,,EM FRENTE AO CONSELHO TUTELAR RPA05,AREIAS,,,COLISÃO LATERAL,0,1,0,0,0,0,1,0,0,1,0,Longo da via,Chuvoso,Não existe,Ilegível,Seca,Perfeito estado,Não existe,R-6a,40 km/h,Dupla,Faixa seccionada,,
2022-05-30 00:00:00,,SEM VÍTIMA,CANCELADA,,AV SUL,,,AO LADO DO FORTE DAS CINCO PONTAS,,,,COLISÃO TRASEIRA,3,0,0,0,0,0,0,0,0,0,0,,,,,,,,,,,,,
2022-05-31 00:00:00,,COM VÍTIMA,FINALIZADA,CASA AMARELA,AV NORTE MIGUEL ARRAES DE ALENCAR,5786,,PROX. A RETIFICA PADRAO,CASA AMARELA,,CIDADE,COLISÃO TRASEIRA,1,1,0,0,0,0,1,0,0,1,0,Longo da via,Chuvoso,Sem defeito,Perfeito estado,Molhada,Perfeito estado,Não existe,Não há placas,,Dupla,Faixa seccionada,,
2022-05-31 00:00:00,,COM VÍTIMA,FINALIZADA,DOIS IRMÃOS,RUA DOIS IRMAOS,,AV DA RECUPERACAO,COM A RUA DA RECUPERAÇÃO (SEMAFORO Nº416,DOIS IRMÃOS,416,SUBURBIO,CHOQUE,0,0,0,0,0,1,0,0,0,1,0,Longo da via,Bom,Sem defeito,Perfeito estado,Molhada,Perfeito estado,Faixa de pedestre,R-6a,,Dupla,Faixa contínua,,
2022-06-01 00:00:00,,COM VÍTIMA,CANCELADA,ÁGUA FRIA,EST VELHA DE AGUA FRIA,,,PROXIMO A POLICLINICA,ÁGUA FRIA,,,QUEDA,0,1,0,0,0,0,0,0,0,1,0,,,,,,,,,,,,,
2022-06-01 00:00:00,,SEM VÍTIMA,FINALIZADA,TORRE,RUA CONDE DE IRAJA,108,,PRAÇA JOSE TALES FILHO,TORRE,630,SUBURBIO,,2,0,0,0,0,0,0,0,0,0,0,Longo da via,Chuvoso,Sem defeito,Perfeito estado,Molhada,Perfeito estado,Não existe,R-3,,Única,Faixa seccionada,,
2022-06-01 00:00:00,,COM VÍTIMA,CANCELADA,IMBIRIBEIRA,VIADUTO TANCREDO NEVES,,,BOA VIAGEM / IPSEP,IMBIRIBEIRA,,SUBURBIO,COLISÃO LATERAL,1,1,0,0,0,0,0,0,0,1,0,,,,,,,,,,,,,
2022-06-01 00:00:00,,COM VÍTIMA,FINALIZADA,CASA AMARELA,AV NORTE MIGUEL ARRAES DE ALENCAR,0,AV NORTE MIGUEL ARRAES DE ALENCAR,PROXIMO A MATERNIDADE BORROS LIMA,CASA AMARELA,,SUBURBIO,ATROPELAMENTO DE PESSOA,0,1,0,0,1,0,0,0,0,1,0,Longo da via,Bom,Não existe,Perfeito estado,Seca,Perfeito estado,Não existe,Não há placas,,Dupla,Canteiro central,,