data,hora,natureza,situacao,bairro,endereco,numero,detalhe_endereco_acidente,complemento,bairro_cruzamento,num_semaforo,sentido_via,tipo,auto,moto,ciclom,ciclista,pedestre,onibus,caminhao,viatura,outros,vitimas,vitimasfatais,acidente_verificado,tempo_clima,situacao_semaforo,sinalizacao,condicao_via,conservacao_via,ponto_controle,situacao_placa,velocidade_max_via,mao_direcao,divisao_via1,divisao_via2,divisao_via3
2022-06-01 00:00:00,,COM VÍTIMA,FINALIZADA,IMBIRIBEIRA,AV PINHEIROS,,,AO LADO DO RESIDENCIAL PINHEIROS,IMBIRIBEIRA,,,COLISÃO LATERAL,2,0,0,0,0,0,0,0,0,2,0,,,,,,,,,,,,,
2022-06-01 00:00:00,,COM VÍTIMA,CANCELADA,ENCRUZILHADA,AV BEBERIBE,,,ACADEMIA MATCH FIT,ENCRUZILHADA,,,ATROPELAMENTO DE PESSOA,0,0,0,0,0,1,0,0,0,1,0,,,,,,,,,,,,,
2022-06-02 00:00:00,,COM VÍTIMA,FINALIZADA,SÃO JOSÉ,AV DANTAS BARRETO,1186,RUA SAO JOAO,EM FRENTE AO EDF SAN RAFAEL. AO LADO DA SECRETARIA DA FAZENDA - SEFAZ.,SÃO JOSÉ,54,SUBURBIO,COLISÃO TRANSVERSAL,1,0,0,0,0,1,0,0,0,2,0,Cruzamento,Chuvoso,Sem defeito,Perfeito estado,Molhada,Perfeito estado,Faixa de pedestre,Não há placas,,Dupla,Faixa contínua,,
2022-06-02 00:00:00,,COM VÍTIMA,FINALIZADA,ILHA DO RETIRO,AV ENGENHEIRO ABDIAS DE CARVALHO,,AV JOSE GONCALVES DE MEDEIROS,"EM FRENTE AO CLUBE DO SPORT,  MC DONALDS",ILHA DO RETIRO,355,SUBURBIO,COLISÃO COM CICLISTA,0,1,0,1,0,0,0,0,0,2,0,Cruzamento,Bom,Sem defeito,Perfeito estado,Molhada,Perfeito estado,Faixa de pedestre,Não há placas,60 km/h,Dupla,Canteiro central,,
2022-06-02 00:00:00,,COM VÍTIMA,FINALIZADA,ENCRUZILHADA,AV NORTE MIGUEL ARRAES DE ALENCAR,2459,,ANTES DA AV. JOÃO DE BARROS. LADO OPOSTO AO POSTO SETTA,ENCRUZILHADA,43,CIDADE,ATROPELAMENTO DE PESSOA,0,1,0,0,1,0,0,0,0,2,0,Longo da via,Bom,Sem defeito,Perfeito estado,Seca,Perfeito estado,,R-6a,,Dupla,Blocos,,
2022-06-02 00:00:00,,COM VÍTIMA,FINALIZADA,PINA,AV ENGENHEIRO DOMINGOS FERREIRA,50,AV HERCULANO BANDEIRA,APOS A IGREGINHA,PINA,,SUBURBIO,COLISÃO LATERAL,3,1,0,0,0,0,0,0,0,1,0,Longo da via,Bom,Não existe,Não existente,Seca,Perfeito estado,Não existe,Não há placas,60 km/h,Única,Não existe,,
2022-06-02 00:00:00,,COM VÍTIMA,DUPLICIDADE,ENCRUZILHADA,AV NORTE MIGUEL ARRAES DE ALENCAR,,,ANTES DA AV. JOÃO DE BARROS. LADO OPOSTO AO POSTO SETTA,ENCRUZILHADA,,,ATROPELAMENTO DE PESSOA,0,1,0,0,1,0,0,0,0,2,0,,,,,,,,,,,,,
2022-06-02 00:00:00,,COM VÍTIMA,FINALIZADA,ENCRUZILHADA,EST DE BELEM,164,RUA DONA JULIETA,"RUA DONA JULIETA,  PARÓQUIA NS DE BELÉM",ENCRUZILHADA,,CIDADE,QUEDA,0,1,0,0,0,0,0,0,0,2,0,Longo da via,Bom,Não existe,Perfeito estado,Seca,Perfeito estado,Não existe,R-6a,,Dupla,Faixa contínua,Faixa seccionada,
2022-06-02 00:00:00,,COM VÍTIMA,FINALIZADA,AREIAS,AV DR JOSE RUFINO,2465,,SENTIDO JABOATÃO,AREIAS,,,ATROPELAMENTO DE PESSOA,0,1,0,0,1,0,0,0,0,1,0,,,,,,,,,,,,,
2022-06-03 00:00:00,,SEM VÍTIMA,FINALIZADA,AREIAS,AV RECIFE,272,,LADO OPOSTO CIROL ROYAL,AREIAS,,,CHOQUE,1,0,0,0,0,0,0,0,0,0,0,Longo da via,Chuvoso,Não existe,Não existente,Molhada,Mal conservada,Não existe,Não há placas,50 km/h,Dupla,Canteiro central,,
2022-06-03 00:00:00,,COM VÍTIMA,FINALIZADA,PRADO,AV ENGENHEIRO ABDIAS DE CARVALHO,,RUA CARLOS GOMES,CRUZAMENTO DO SEMÁFORO 057,PRADO,57,SUBURBIO,COLISÃO TRASEIRA,1,1,0,0,0,0,0,0,0,1,0,Cruzamento,Chuvoso,Sem defeito,Perfeito estado,Molhada,Perfeito estado,,,60 km/h,Única,Faixa seccionada,,
2022-06-03 00:00:00,,COM VÍTIMA,FINALIZADA,CAMPO GRANDE,AV GOVERNADOR AGAMENON MAGALHAES,,RUA ODORICO MENDES,PRÓX À CENTRAL DE FLAGRANTES - CEPLANC,CAMPO GRANDE,49,CIDADE,COLISÃO TRANSVERSAL,2,0,0,0,0,0,0,0,0,1,0,Cruzamento,Bom,Sem defeito,Perfeito estado,Seca,Perfeito estado,Faixa de pedestre,Não há placas,60 km/h,Dupla,Faixa contínua,,
2022-06-03 00:00:00,,SEM VÍTIMA,FINALIZADA,IMBIRIBEIRA,RUA ARQUITETO LUIZ NUNES,539,,"COLISÃO ENTRE  AUTO  / MOTO , CONDUTOR EMBREAGADO -  FIAT / TOURO PLACA QYC1970 - HONDA / CG FAN 125 . REF. POSTO IPIRANGA",IMBIRIBEIRA,,SUBURBIO,COLISÃO TRASEIRA,1,1,0,0,0,0,0,0,0,0,0,,,,,,,,,,,,,
2022-06-03 00:00:00,,COM VÍTIMA,FINALIZADA,CASA FORTE,AV DEZESSETE DE AGOSTO,99,,LADO OPOSTO À FARMÁCIA PERMANENTE,CASA FORTE,,,COLISÃO LATERAL,1,1,0,0,0,0,0,0,0,1,0,Longo da via,Bom,Não existe,Perfeito estado,Seca,Perfeito estado,Outros,Outras,,Dupla,Faixa contínua,,
2022-06-03 00:00:00,,COM VÍTIMA,FINALIZADA,TEJIPIÓ,RUA SARGENTO JUVENCIO,130,RUA DO SANCHO,RES. BOSQUE DAS PALMEIRAS / O ACIDENTE OCORREU NA  RUA DO SANCHO,TEJIPIÓ,,,COLISÃO LATERAL,1,1,0,0,0,0,0,0,0,1,0,,,,,,,,,,,,,
2022-06-03 00:00:00,,COM VÍTIMA,FINALIZADA,CAXANGÁ,AV CAXANGA,,,EM FRENTE AO TERMINAL INTEGRADO,CAXANGÁ,,SUBURBIO,ENGAVETAMENTO,2,0,0,0,0,1,0,0,0,2,0,,,,,,,,,,,,,
2022-06-04 00:00:00,,SEM VÍTIMA,FINALIZADA,ENCRUZILHADA,AV BEBERIBE,,,AUTO ESCOLA BELÉM,ENCRUZILHADA,,,COLISÃO TRANSVERSAL,1,1,0,0,0,0,0,0,0,0,0,,,,,,,,,,,,,
2022-06-04 00:00:00,,COM VÍTIMA,FINALIZADA,CAMPO GRANDE,RUA JERONIMO VILELA,803,AV PROFESSOR JOSE DOS ANJOS,NO CRUZAMENTO PROXIMO AO ESPETINHO,CAMPO GRANDE,642,,COLISÃO LATERAL,2,0,0,0,0,0,0,0,0,1,0,Cruzamento,Chuvoso,Sem defeito,Perfeito estado,Molhada,Perfeito estado,Faixa de pedestre,,40 km/h,Dupla,Canteiro central,,
2022-06-04 00:00:00,,COM VÍTIMA,CANCELADA,ESPINHEIRO,RUA DR FERNANDO ALLAIN,,,AO LADO DO MARTELINHO DE OURO,ESPINHEIRO,,,COLISÃO LATERAL,1,1,0,0,0,0,0,0,0,1,0,,,,,,,,,,,,,
2022-06-04 00:00:00,,COM VÍTIMA,FINALIZADA,PINA,AV HERCULANO BANDEIRA,627,,PROCURADORIA REGIONAL DA UNIÃO,PINA,,SUBURBIO,COLISÃO TRASEIRA,1,1,0,0,0,0,0,0,0,1,0,Longo da via,Chuvoso,Não existe,Perfeito estado,Molhada,Mal conservada,Não existe,R-6a,,Única,Faixa contínua,Faixa seccionada,
2022-06-04 00:00:00,,COM VÍTIMA,FINALIZADA,AFOGADOS,RUA SAO MIGUEL,685,RUA CARVALHO DE MENDONCA,SOB SEMÁFORO 391,AFOGADOS,391,CIDADE,COLISÃO LATERAL,1,1,0,0,0,0,0,0,0,1,0,Esquina,Chuvoso,Sem defeito,Perfeito estado,Molhada,Perfeito estado,Faixa de pedestre,Outras,,Dupla,Faixa contínua,,
2022-06-04 00:00:00,,SEM VÍTIMA,DATA / HORA (PREENCHER),CASA AMARELA,AV NORTE MIGUEL ARRAES DE ALENCAR,991,RUA MANDACARU,CASA MÃE MÓVEIS,CASA AMARELA,,CIDADE,,2,0,0,0,0,0,0,0,0,0,0,Longo da via,Bom,Não existe,Não existente,Seca,Perfeito estado,Não existe,Não há placas,,Única,Não existe,,
2022-06-04 00:00:00,,COM VÍTIMA,FINALIZADA,CASA AMARELA,AV NORTE MIGUEL ARRAES DE ALENCAR,,COR DO BARTOLOMEU,,CASA AMARELA,79,CIDADE,COLISÃO TRANSVERSAL,0,2,0,0,0,0,0,0,0,2,0,Longo da via,Chuvoso,Sem defeito,Perfeito estado,Molhada,Perfeito estado,Faixa de pedestre,R-6a,,Dupla,Blocos,,
2022-06-05 00:00:00,,COM VÍTIMA,FINALIZADA,MANGABEIRA,RUA JACOB,306,RUA DO CINEMA,RECANTO DA DANDA/SAPA DA DANDA,MANGABEIRA,,SUBURBIO,COLISÃO TRASEIRA,1,0,0,0,0,0,0,1,0,1,0,Longo da via,Chuvoso,Não existe,Incompleta,Molhada,Perfeito estado,Não existe,Outras,,Dupla,Não existe,,
2022-06-05 00:00:00,,SEM VÍTIMA,FINALIZADA,ÁGUA FRIA,RUA SAO BENTO,325,EST VELHA DE AGUA FRIA,POSTO NORTE BRAZ,ÁGUA FRIA,,SUBURBIO,COLISÃO TRASEIRA,2,0,0,0,0,0,0,0,0,0,0,,Bom,Não existe,Incompleta,Seca,Perfeito estado,,R-6a,,Única,Outros,,
2022-06-05 00:00:00,,COM VÍTIMA,FINALIZADA,BOA VIAGEM,RUA DEZ DE JULHO,115,RUA CAMBOIM,,BOA VIAGEM,,CIDADE,COLISÃO TRANSVERSAL,1,1,0,0,0,0,0,0,0,1,0,Cruzamento,Bom,Não existe,Perfeito estado,Seca,Perfeito estado,Faixa de pedestre,"Placas ""Pare""",,Única,Faixa seccionada,,
2022-06-05 00:00:00,,COM VÍTIMA,FINALIZADA,ARRUDA,AV BEBERIBE,975,,PRÓXIMO AO CAMPO DO SANTA CRUZ / EM FRENTE AO LOJÃO DO PETRÓLEO,ARRUDA,,SUBURBIO,COLISÃO LATERAL,1,1,0,0,0,0,0,0,0,1,0,Longo da via,Bom,Não existe,Perfeito estado,Seca,Perfeito estado,Não existe,Não há placas,,Dupla,Faixa seccionada,,
2022-06-06 00:00:00,,COM VÍTIMA,FINALIZADA,TEJIPIÓ,RUA GENERAL MANUEL RABELO,498,,EM FRENTE A PRAÇA DO PACHECO,TEJIPIÓ,,SUBURBIO,COLISÃO COM CICLISTA,1,1,0,1,0,0,0,0,0,3,0,Longo da via,Chuvoso,Não existe,Perfeito estado,Molhada,Perfeito estado,Não existe,Não há placas,,Dupla,Faixa contínua,,
2022-06-06 00:00:00,,COM VÍTIMA,CANCELADA,CAXANGÁ,AV CAXANGA,,,VIADUTO BR 101,CAXANGÁ,,SUBURBIO,COLISÃO LATERAL,0,0,0,0,0,0,0,0,0,1,0,,,,,,,,,,,,,
2022-06-06 00:00:00,,COM VÍTIMA,FINALIZADA,IPSEP,RUA JEAN EMILE FAVRE,1001,,"PROXIMO AO POSTO DE GASOLINA BR,  AGROPECUARIA IPSEP",IPSEP,,CIDADE,COLISÃO TRANSVERSAL,1,1,0,0,0,0,0,0,0,1,0,Longo da via,Chuvoso,Não existe,,Molhada,Perfeito estado,Não existe,R-6a,,Dupla,Faixa contínua,,
2022-06-06 00:00:00,,SEM VÍTIMA,FINALIZADA,MADALENA,AV BEIRA RIO,879,RUA JANUARIO BARBOSA,EM FRENTE A O EDFº  QUATRO ESTAÇÕES,MADALENA,,SUBURBIO,,2,0,0,0,0,0,0,0,0,0,0,Longo da via,Chuvoso,Não existe,Perfeito estado,Molhada,Perfeito estado,Faixa de pedestre,Não há placas,,Dupla,Não existe,,
2022-06-06 00:00:00,,SEM VÍTIMA,FINALIZADA,CIDADE UNIVERSITÁRIA,RUA EMILIANO BRAGA,,,TERMINAL INTEGRADA DO TI CDU,CIDADE UNIVERSITÁRIA,,,COLISÃO LATERAL,1,0,0,0,0,0,1,0,0,0,0,,,,,,,,,,,,,
2022-06-07 00:00:00,,COM VÍTIMA,FINALIZADA,CASA AMARELA,AV NORTE MIGUEL ARRAES DE ALENCAR,6465,AV NORTE MIGUEL ARRAES DE ALENCAR,EM FRENTE Á POLICLÍNICA BARROS LIMA,CASA AMARELA,256,SUBURBIO,COLISÃO TRASEIRA,1,1,0,0,0,0,0,0,0,1,0,Esquina,Chuvoso,Sem defeito,Perfeito estado,Molhada,Perfeito estado,Faixa de pedestre,R-6a,60 km/h,Dupla,Faixa contínua,Canteiro central,
2022-06-07 00:00:00,,COM VÍTIMA,FINALIZADA,BOA VISTA,AV GOVERNADOR AGAMENON MAGALHAES,,RUA DOM BOSCO,,BOA VISTA,174,SUBURBIO,COLISÃO TRANSVERSAL,1,1,0,0,0,0,0,0,0,1,0,Cruzamento,Chuvoso,Sem defeito,Incompleta,Molhada,Mal conservada,Agente,,60 km/h,Dupla,Canal,,
2022-06-07 00:00:00,,COM VÍTIMA,FINALIZADA,MADALENA,RUA JANUARIO BARBOSA,,AV VISCONDE DE ALBUQUERQUE,PRAÇA DE QUEIROZ,MADALENA,,SUBURBIO,COLISÃO LATERAL,1,1,0,0,0,0,0,0,0,1,0,Cruzamento,Chuvoso,Não existe,Perfeito estado,Molhada,Perfeito estado,Não existe,R-6a,,Única,Faixa seccionada,,
2022-06-07 00:00:00,,SEM VÍTIMA,FINALIZADA,DERBY,AV BEIRA RIO,,,PRAÇA DO COQUE,DERBY,,CIDADE,COLISÃO TRANSVERSAL,0,0,0,0,0,0,0,0,0,0,0,,,,,,,,,,,,,
2022-06-07 00:00:00,,COM VÍTIMA,FINALIZADA,ESTÂNCIA,AV DR JOSE RUFINO,846,,EM  FRENTE JUNIOR CAR,ESTÂNCIA,,SUBURBIO,COLISÃO LATERAL,1,1,0,0,0,0,0,0,0,1,0,,,,,,,,,,,,,
2022-06-07 00:00:00,,COM VÍTIMA,FINALIZADA,CASA FORTE,AV DEZESSETE DE AGOSTO,50,,PROX A PRAÇA 17,CASA FORTE,,CIDADE,COLISÃO TRANSVERSAL,1,1,0,0,0,0,0,0,0,1,0,Longo da via,Bom,Não existe,Perfeito estado,Seca,Perfeito estado,Outros,Outras,,Dupla,Faixa contínua,,
2022-06-07 00:00:00,,COM VÍTIMA,FINALIZADA,AREIAS,AV RECIFE,1040,,PRÓXIMO A CHURRASCARIA PAJUÇARA,AREIAS,,,COLISÃO LATERAL,0,1,0,0,0,0,0,1,0,1,0,Longo da via,Bom,Não existe,Perfeito estado,Seca,,Não existe,Não há placas,60 km/h,Dupla,Canteiro central,,
2022-06-07 00:00:00,,SEM VÍTIMA,FINALIZADA,VÁRZEA,AV AFONSO OLINDENSE,320,,EM FRENTE AO NUMERAL 320,VÁRZEA,,CIDADE,CHOQUE,2,0,0,0,0,0,0,0,0,0,0,Longo da via,Bom,Sem defeito,Perfeito estado,Seca,Perfeito estado,Faixa de pedestre,R-6a,40 km/h,Única,Faixa seccionada,,
2022-06-07 00:00:00,,COM VÍTIMA,FINALIZADA,BOA VISTA,RUA GERVASIO PIRES,125,AV MANOEL BORBA,,BOA VISTA,169,SUBURBIO,COLISÃO TRASEIRA,2,0,0,0,0,0,0,0,0,1,0,Cruzamento,Bom,Com defeito,Perfeito estado,Seca,Perfeito estado,Faixa de pedestre,,,Única,Faixa contínua,,
2022-06-08 00:00:00,,COM VÍTIMA,FINALIZADA,FUNDÃO,AV BEBERIBE,2960,,PRÓXIMO A PRAÇA DO FUNDÃO,FUNDÃO,,SUBURBIO,COLISÃO FRONTAL,1,1,0,0,0,0,0,0,0,1,0,Longo da via,Chuvoso,Não existe,Não existente,Molhada,Perfeito estado,Não existe,Não há placas,,Dupla,Canteiro central,,
2022-06-08 00:00:00,,COM VÍTIMA,FINALIZADA,ILHA DO RETIRO,RUA ASTORGA,70B,EST DOS REMEDIOS,AO LADO DA LOJA CONSUMA EXCELÊNCIA EM TECNOLOGIA.,ILHA DO RETIRO,,CIDADE,COLISÃO LATERAL,1,1,0,0,0,0,0,0,0,1,0,Longo da via,Bom,Não existe,Perfeito estado,Seca,Perfeito estado,Não existe,Não há placas,30 km/h,Dupla,Não existe,,
2022-06-08 00:00:00,,COM VÍTIMA,FINALIZADA,ILHA DO RETIRO,RUA SPORT CLUBE DO RECIFE,,RUA PAISSANDU,DO LADO DO ESTÁDIO DO SPORT,ILHA DO RETIRO,367,CIDADE,COLISÃO LATERAL,0,0,0,0,0,0,0,0,0,1,0,,,,,,,,,,,,,
2022-06-08 00:00:00,,SEM VÍTIMA,FINALIZADA,SÃO JOSÉ,RUA BARAO DA VITORIA,487,,EM FRENTE A OFICINA DISNOVE YAMAHA,SÃO JOSÉ,,,COLISÃO TRASEIRA,1,0,0,0,0,0,0,1,0,0,0,Longo da via,Bom,Sem defeito,Perfeito estado,Seca,Perfeito estado,Não existe,Não há placas,,Única,Não existe,,
2022-06-08 00:00:00,,SEM VÍTIMA,FINALIZADA,,AV CAXANGA,,RUA GENERAL POLIDORO,REEF ACADEMIA,,231,CIDADE,COLISÃO TRANSVERSAL,2,0,0,0,0,0,0,0,0,0,0,Cruzamento,Bom,Sem defeito,Perfeito estado,Seca,Perfeito estado,Faixa de pedestre,Outras,60 km/h,Dupla,Canteiro central,,
2022-06-08 00:00:00,,SEM VÍTIMA,FINALIZADA,SANTO AMARO,AV CRUZ CABUGA,165,RUA CAPITAO LIMA,OPOSTO A IGREJA INTERNACIONAL DA GRAÇA DE DEUS,SANTO AMARO,,SUBURBIO,,0,0,0,0,0,1,0,1,0,0,0,Cruzamento,Bom,Não existe,Perfeito estado,Seca,Perfeito estado,Faixa de retenção,"Placas ""Pare""",,Dupla,Faixa contínua,,
2022-06-08 00:00:00,,COM VÍTIMA,CANCELADA,PINA,AV HERCULANO BANDEIRA,825,,APOS A PONTE DO PINA PROX A PASSARELA,PINA,,,COLISÃO FRONTAL,1,1,0,0,0,0,0,0,0,1,0,,,,,,,,,,,,,
2022-06-08 00:00:00,,COM VÍTIMA,FINALIZADA,IPUTINGA,AV CAXANGA,3860,,EM FRENTEAO HOSPITAL BARÃO DE LUSENA,IPUTINGA,,SUBURBIO,ATROPELAMENTO DE PESSOA,1,1,0,0,1,0,0,0,0,1,0,Longo da via,Bom,Não existe,Perfeito estado,Seca,Perfeito estado,Não existe,Não há placas,60 km/h,Única,Faixa seccionada,,
2022-06-08 00:00:00,,COM VÍTIMA,FINALIZADA,BOA VIAGEM,AV BOA VIAGEM,914,,EM FRENTE AO EDIFICIO MANTO SAGRADO. EDF NOSSA SENHORA DE COPACABANA (914),BOA VIAGEM,,CIDADE,COLISÃO TRASEIRA,1,1,0,0,0,0,0,0,0,1,0,Longo da via,Bom,Sem defeito,Perfeito estado,Seca,Perfeito estado,Faixa de pedestre,Não há placas,60 km/h,Única,,,
2022-06-08 00:00:00,,COM VÍTIMA,FINALIZADA,SÃO JOSÉ,AV DANTAS BARRETO,1090,,EM FRENTE AO ANTIGO SANTADER. PRÓXIMO AO CAMELÓDROMO.,SÃO JOSÉ,,SUBURBIO,ATROPELAMENTO DE PESSOA,0,0,0,0,1,1,0,0,0,1,0,Longo da via,Bom,Não existe,Perfeito estado,Seca,Perfeito estado,Não existe,Outras,,Dupla,Faixa contínua,,
2022-06-08 00:00:00,,COM VÍTIMA,FINALIZADA,GRAÇAS,RUA ALBERTO PAIVA,,AV RUI BARBOSA,MUSEU DO ESTADO DE PERNAMBUCO,GRAÇAS,,SUBURBIO,COLISÃO TRASEIRA,1,1,0,0,0,0,0,0,0,1,0,Longo da via,Bom,Não existe,Perfeito estado,Seca,Perfeito estado,Não existe,R-6a,,Única,Faixa seccionada,,
2022-06-09 00:00:00,,COM VÍTIMA,FINALIZADA,SÍTIO DOS PINTOS,EST DOS PINTOS,23,,PANIFICADORA NOVA OPÇÃO. EM FRENTE À IGREJA DEUS É AMOR.,SÍTIO DOS PINTOS,,DOIS IRMÃOS,COLISÃO FRONTAL,0,1,0,0,0,1,0,0,0,1,0,Longo da via,Nublado,Não existe,Incompleta,Seca,Perfeito estado,Não existe,Outras,,Dupla,Não existe,,
2022-06-09 00:00:00,,COM VÍTIMA,FINALIZADA,TEJIPIÓ,AV DR JOSE RUFINO,,,EM FRENTE À ESTAÇÃO DO METRÔ DE TEJIPIÓ,TEJIPIÓ,434,SUBURBIO,COLISÃO TRANSVERSAL,1,1,0,0,0,0,0,0,0,1,0,Longo da via,Bom,Sem defeito,Incompleta,Seca,Perfeito estado,Faixa de pedestre,,,,Faixa contínua,,
2022-06-09 00:00:00,,COM VÍTIMA,CANCELADA,CORDEIRO,AV CAXANGA,,,MOTO ATROPELOU UM ADOLESCENTE  NA FRENTE DA ESPOSIÇÃO DO CORDEIRO,CORDEIRO,,SUBURBIO,ATROPELAMENTO DE PESSOA,0,1,0,0,1,0,0,0,0,1,0,,,,,,,,,,,,,
2022-06-09 00:00:00,,COM VÍTIMA,CANCELADA,PINA,AV ENGENHEIRO DOMINGOS FERREIRA,1274,,"E/F A CASA PRONTA, COLISAO ENTRE AUTO E ONIBUS E CICLISTA  COM UMA VITINMA ,  -  PGQ 7710 ONIBUS DA BORBOREMA / PCI 2794 ETIOS",PINA,,SUBURBIO,COLISÃO FRONTAL,1,0,0,1,0,1,0,0,0,1,0,,,,,,,,,,,,,
2022-06-09 00:00:00,,COM VÍTIMA,FINALIZADA,CAXANGÁ,RUA RIBEIRO PESSOA,324,,PROX A UPA DA CAXANGA. CONDOMÍNIO FICOS BENJAMIN,CAXANGÁ,,SUBURBIO,COLISÃO TRANSVERSAL,1,1,0,0,0,0,0,0,0,1,0,Longo da via,Bom,Não existe,Perfeito estado,Seca,Perfeito estado,,,60 km/h,Dupla,Faixa seccionada,,
2022-06-09 00:00:00,,COM VÍTIMA,FINALIZADA,ESTÂNCIA,AV DR JOSE RUFINO,892,,LADO OPOSTO A HONDA SENTIDO JABOATÃO. EREM JOSÉ MARIANO,ESTÂNCIA,,SUBURBIO,ATROPELAMENTO DE PESSOA,1,0,0,0,1,0,0,0,0,1,0,Longo da via,Bom,Sem defeito,Perfeito estado,Seca,Perfeito estado,Faixa de pedestre,Outras,50 km/h,Dupla,Faixa contínua,,
2022-06-10 00:00:00,,COM VÍTIMA,FINALIZADA,BOA VIAGEM,AV BOA VIAGEM,5212,,EM FRENTE AO EDFÍCIO TRANSATLANTICO,BOA VIAGEM,,CIDADE,COLISÃO LATERAL,5,0,0,0,0,0,0,0,0,1,0,Longo da via,Bom,Não existe,Perfeito estado,Seca,Perfeito estado,Não existe,Não há placas,,Única,Faixa seccionada,,
2022-06-10 00:00:00,,SEM VÍTIMA,FINALIZADA,BOA VIAGEM,RUA FRANCISCO DA CUNHA,,RUA PROFESSOR JOSE BRANDAO,PROX AO COLEGIO CBV,BOA VIAGEM,,,COLISÃO LATERAL,2,0,0,0,1,0,0,0,0,0,0,,,,,,,,,,,,,
2022-06-10 00:00:00,,COM VÍTIMA,FINALIZADA,SANTO AMARO,AV GOVERNADOR AGAMENON MAGALHAES,118A,,NA DESCIDA DO VIADUTO DA JOAO DE BARROS. EM FRENTE À UPE,SANTO AMARO,,SUBURBIO,COLISÃO LATERAL,1,1,0,0,0,0,0,0,0,1,0,Viaduto,Bom,Não existe,Não existente,Seca,Perfeito estado,Não existe,Outras,,Dupla,Canteiro central,,
2022-06-10 00:00:00,,COM VÍTIMA,FINALIZADA,CAMPO GRANDE,AV GOVERNADOR AGAMENON MAGALHAES,,RUA ODORICO MENDES,,CAMPO GRANDE,49,CIDADE,COLISÃO TRANSVERSAL,2,0,0,1,0,0,0,0,0,2,0,Cruzamento,Bom,Com defeito,Perfeito estado,Seca,Perfeito estado,Outros,Outras,,Dupla,Faixa contínua,,
2022-06-10 00:00:00,,COM VÍTIMA,FINALIZADA,SANTO AMARO,RUA DOS PALMARES,,RUA ARNOBIO MARQUES,AO LADO DO HOSPITAL DO PROCAPE,SANTO AMARO,,SUBURBIO,COLISÃO TRANSVERSAL,1,1,0,0,0,0,0,0,0,1,0,Cruzamento,Bom,Não existe,Perfeito estado,Seca,Perfeito estado,Não existe,Não há placas,60 km/h,Única,Faixa seccionada,,
2022-06-10 00:00:00,,COM VÍTIMA,FINALIZADA,SANTO AMARO,RUA DA AURORA,703,,EM FRENTE COLEGIO GINASIO PERNAMBUCANO,SANTO AMARO,429,SUBURBIO,COLISÃO TRASEIRA,2,0,0,0,0,2,0,0,0,3,0,Longo da via,Bom,Sem defeito,Perfeito estado,Seca,Perfeito estado,Não existe,R-6a,,Única,Canteiro central,,
2022-06-10 00:00:00,,COM VÍTIMA,FINALIZADA,BOA VIAGEM,RUA DOS NAVEGANTES,4558,RUA CORONEL BENEDITO CHAVES,POR TRÁS DO CASTELINHO,BOA VIAGEM,,SUBURBIO,COLISÃO TRANSVERSAL,1,1,0,0,0,0,0,0,0,2,0,Cruzamento,Bom,Sem defeito,Perfeito estado,Seca,Perfeito estado,,"Placas ""Pare""",,Única,Não existe,,
2022-06-10 00:00:00,,COM VÍTIMA,FINALIZADA,CASA AMARELA,AV NORTE MIGUEL ARRAES DE ALENCAR,,,EM FRENTE AO SESC,CASA AMARELA,364,SUBURBIO,COLISÃO TRANSVERSAL,1,1,0,0,0,0,0,0,0,1,0,Longo da via,Bom,Sem defeito,Perfeito estado,Seca,Perfeito estado,Faixa de pedestre,"Placas ""Pare""",,Dupla,Canteiro central,,
2022-06-10 00:00:00,,COM VÍTIMA,FINALIZADA,JORDÃO,AV MARIA IRENE,26,RUA ANTONIO ROCHA,EM FRENTE AO MARTELINO DE OURO,JORDÃO,,SUBURBIO,COLISÃO FRONTAL,1,1,0,0,0,0,0,0,0,1,0,Esquina,Bom,Não existe,Não existente,Molhada,Mal conservada,,Não há placas,30 km/h,Dupla,Faixa contínua,,
2022-06-11 00:00:00,,COM VÍTIMA,FINALIZADA,IMBIRIBEIRA,AV MARECHAL MASCARENHAS DE MORAES,,,JUSTIÇA DO TRABALHO. SOB VIADUTO TANCREDO NEVES,IMBIRIBEIRA,,CIDADE,ATROPELAMENTO DE PESSOA,0,0,0,0,1,1,0,0,0,1,0,Longo da via,Chuvoso,Não existe,,Molhada,,Não existe,Não há placas,,Única,Faixa seccionada,,
2022-06-11 00:00:00,,SEM VÍTIMA,FINALIZADA,ALTO SANTA TERESINHA,RUA TAMBOARA,548,,PERTO DA ANTENA DA TIM,ALTO SANTA TERESINHA,,,COLISÃO TRASEIRA,1,1,0,0,0,0,0,0,0,0,0,Longo da via,Chuvoso,Não existe,Não existente,Molhada,Perfeito estado,Não existe,Não há placas,,Dupla,,,
2022-06-11 00:00:00,,COM VÍTIMA,FINALIZADA,HIPÓDROMO,RUA MADRE ROSA GATTORNO,110,,PROXIMO Á PRAÇA DO HIPÓDROMO,HIPÓDROMO,,,COLISÃO LATERAL,1,1,0,0,0,0,0,0,0,1,0,,,,,,,,,,,,,