data,hora,natureza,situacao,bairro,endereco,numero,detalhe_endereco_acidente,complemento,bairro_cruzamento,num_semaforo,sentido_via,tipo,auto,moto,ciclom,ciclista,pedestre,onibus,caminhao,viatura,outros,vitimas,vitimasfatais,acidente_verificado,tempo_clima,situacao_semaforo,sinalizacao,condicao_via,conservacao_via,ponto_controle,situacao_placa,velocidade_max_via,mao_direcao,divisao_via1,divisao_via2,divisao_via3
2022-06-11 00:00:00,,COM VÍTIMA,FINALIZADA,MUSTARDINHA,AV MANOEL GONCALVES DA LUZ,272,,PROXIMO AO ARMAZEM POPULAR,MUSTARDINHA,,SUBURBIO,COLISÃO LATERAL,1,1,0,0,0,0,0,0,0,1,0,Longo da via,Chuvoso,Não existe,Incompleta,Molhada,Mal conservada,Não existe,R-6a,,Dupla,Faixa seccionada,,
2022-06-11 00:00:00,,COM VÍTIMA,FINALIZADA,JAQUEIRA,RUA PADRE ROMA,,RUA DO FUTURO,ANTES DO HOSPITAL ALBERT SABIN NO SEMAFORO 223,JAQUEIRA,223,SUBURBIO,COLISÃO COM CICLISTA,0,0,0,1,0,1,0,0,0,1,0,Longo da via,Chuvoso,Sem defeito,Perfeito estado,Molhada,Perfeito estado,Faixa de retenção,R-4b,,Dupla,Canteiro central,,
2022-06-11 00:00:00,,COM VÍTIMA,FINALIZADA,AFOGADOS,EST DOS REMEDIOS,,,EM FRENTE AO RACE RODAS,AFOGADOS,,,COLISÃO TRASEIRA,2,0,0,0,0,0,0,0,0,1,0,,,,,,,,,,,,,
2022-06-12 00:00:00,,COM VÍTIMA,FINALIZADA,SANTO AMARO,AV DR JAYME DA FONTE,,RUA MARIO ALBUQUERQUE CAVALCANTI,RUA DA COMPESA,SANTO AMARO,,SUBURBIO,ATROPELAMENTO DE PESSOA,1,0,0,0,1,0,0,0,0,1,0,Longo da via,Bom,Não existe,Perfeito estado,Seca,Perfeito estado,Não existe,Não há placas,,Dupla,Faixa seccionada,Canteiro central,
2022-06-12 00:00:00,,COM VÍTIMA,FINALIZADA,PINA,RUA ARTUR MUNIZ,602,,EM FRENTE A NAU FRUTOS DO MAR,PINA,,CIDADE,CHOQUE,1,1,0,0,0,0,0,0,0,1,0,Longo da via,Bom,Não existe,Não existente,Seca,Perfeito estado,Não existe,Não há placas,30 km/h,Dupla,Não existe,,
2022-06-12 00:00:00,,COM VÍTIMA,FINALIZADA,MADALENA,RUA REAL DA TORRE,538,RUA DR ARTUR GONCALVES,EM FRENTE AO MERCADO DA MADALENA,MADALENA,,CIDADE,COLISÃO TRANSVERSAL,2,0,0,0,0,0,0,0,0,1,0,Longo da via,Bom,Não existe,Perfeito estado,Seca,Perfeito estado,Não existe,R-6a,,Única,Faixa seccionada,,
2022-06-12 00:00:00,,COM VÍTIMA,FINALIZADA,IMBIRIBEIRA,AV MARECHAL MASCARENHAS DE MORAES,841,,EM FRENTE A D MAGAZINE,IMBIRIBEIRA,,CIDADE,COLISÃO LATERAL,2,0,0,0,0,0,0,0,0,1,0,Cruzamento,Bom,Sem defeito,Perfeito estado,Seca,Perfeito estado,Faixa de pedestre,Não há placas,,Dupla,Canteiro central,,
2022-06-12 00:00:00,,COM VÍTIMA,FINALIZADA,TOTÓ,AV LIBERDADE,1420,,PRESIDIO ANIBAL BRUNO,TOTÓ,,CIDADE,ATROPELAMENTO DE PESSOA,1,0,0,0,1,0,0,0,0,1,0,,,,,,,,,,,,,
2022-06-12 00:00:00,,COM VÍTIMA,FINALIZADA,BOMBA DO HEMETÉRIO,RUA ARLINDO CISNEIRO,20,,ACADEMIA CIA DO CORPO,BOMBA DO HEMETÉRIO,,SUBURBIO,ATROPELAMENTO DE PESSOA,1,0,0,0,2,0,0,0,0,2,0,Rotatória,Bom,Não existe,Incompleta,Seca,Perfeito estado,Não existe,Não há placas,,Dupla,Não existe,,
2022-06-12 00:00:00,,COM VÍTIMA,FINALIZADA,CORDEIRO,EST DO FORTE DO ARRAIAL N. DO B. JESUS,750,RUA DR MIGUEL VIEIRA FERREIRA,SEMAFARO 249,CORDEIRO,249,SUBURBIO,COLISÃO FRONTAL,1,1,0,0,0,0,0,0,0,1,0,Cruzamento,Bom,Sem defeito,Perfeito estado,Seca,Perfeito estado,Faixa de pedestre,Não há placas,30 km/h,Dupla,Faixa contínua,,
2022-06-13 00:00:00,,SEM VÍTIMA,FINALIZADA,SANTO AMARO,AV GOVERNADOR AGAMENON MAGALHAES,,,"PRÓXIMO AO SHOPPING TACARUNA, PISTA LOCAL",SANTO AMARO,,SUBURBIO,CHOQUE,0,0,0,0,0,0,0,1,0,0,0,Longo da via,Bom,Não existe,Não existente,Seca,Perfeito estado,Não existe,Não há placas,30KM/H,Única,,,
2022-06-13 00:00:00,,SEM VÍTIMA,FINALIZADA,AFOGADOS,RUA DORMENTOS,,RUA IMPERIAL,PROX. AO DEPOSITO SUPERGAS,AFOGADOS,,,COLISÃO TRASEIRA,2,0,0,0,0,0,0,0,0,0,0,Longo da via,Bom,Não existe,Perfeito estado,Seca,Perfeito estado,Não existe,Não há placas,,Única,Faixa seccionada,,
2022-06-13 00:00:00,,COM VÍTIMA,FINALIZADA,PINA,AVENIDA CELSO FURTADO (VIA MANGUE),,,NA PONTE DE ACESSO AO BIGBOMPREÇO. PRÓXIMO AO VIADUTO DOM JOÃO VI.,PINA,,SUBURBIO,COLISÃO TRASEIRA,0,2,0,0,0,0,0,0,0,2,0,Viaduto,Bom,Não existe,Perfeito estado,Seca,Perfeito estado,Não existe,Não há placas,60 km/h,Única,Faixa seccionada,,
2022-06-13 00:00:00,,SEM VÍTIMA,FINALIZADA,BOA VIAGEM,RUA PROFESSOR JOAO MEDEIROS,,RUA ERNESTO DE PAULA SANTOS,PROX A DROGASIL,BOA VIAGEM,,,COLISÃO LATERAL,1,0,0,0,0,0,1,0,0,0,0,Esquina,Bom,Sem defeito,Perfeito estado,Seca,Perfeito estado,Faixa de pedestre,,,Única,Faixa seccionada,,
2022-06-13 00:00:00,,SEM VÍTIMA,FINALIZADA,BOA VIAGEM,RUA CONEGO ROMEU,,,EM FRENTE AO ARMAZEM ECOSEL,BOA VIAGEM,,,COLISÃO TRANSVERSAL,1,0,0,0,0,0,0,1,0,0,0,Longo da via,Bom,Não existe,Incompleta,Seca,Mal iluminada,Não existe,Não há placas,40KM/H,Dupla,Faixa contínua,,
2022-06-13 00:00:00,,SEM VÍTIMA,FINALIZADA,CAMPO GRANDE,1TR MARQUES DE BAIPENDI,,,ATRAS DO CAMPO DO SANTA CRUZ,CAMPO GRANDE,,SUBURBIO,COLISÃO LATERAL,1,0,0,0,0,0,0,1,0,0,0,Cruzamento,Bom,Sem defeito,Perfeito estado,Seca,Perfeito estado,Faixa de pedestre,Não há placas,,Dupla,Faixa contínua,,
2022-06-13 00:00:00,,COM VÍTIMA,CANCELADA,IPSEP,AV RAIMUNDO DINIZ,,AV RECIFE,PROXIMIDADES DO SEMÁFORO Nº 247,IPSEP,247,SUBURBIO,COLISÃO TRASEIRA,0,0,0,0,0,0,0,0,0,1,0,,,,,,,,,,,,,
2022-06-14 00:00:00,,COM VÍTIMA,FINALIZADA,BONGI,AV ENGENHEIRO ABDIAS DE CARVALHO,,RUA CARLOS GOMES,EM FRENTE À BIG CAR,BONGI,57,CIDADE,COLISÃO COM CICLISTA,0,1,0,1,0,0,0,0,0,1,0,Cruzamento,Bom,Sem defeito,Perfeito estado,Seca,Perfeito estado,Não existe,Não há placas,30 km/h,Única,Não existe,,
2022-06-14 00:00:00,,COM VÍTIMA,FINALIZADA,IBURA,AV DOIS RIOS,673,,EM FRENTE À IGREJA UNIVERSAL,IBURA,,SUBURBIO,COLISÃO LATERAL,0,1,0,0,0,0,1,0,0,1,0,Longo da via,Bom,Sem defeito,Ilegível,Seca,Mal conservada,,,,Dupla,Não existe,,
2022-06-14 00:00:00,,COM VÍTIMA,FINALIZADA,JARDIM SÃO PAULO,AV SAO PAULO,625,,EM FRENTE A FARMACIA PAGUE MENOS,JARDIM SÃO PAULO,,CIDADE,COLISÃO LATERAL,1,1,0,0,0,0,0,0,0,1,0,Longo da via,Bom,Não existe,Incompleta,Seca,Perfeito estado,Não existe,Não há placas,,Dupla,Não existe,,
2022-06-14 00:00:00,,COM VÍTIMA,FINALIZADA,IPUTINGA,AV CAXANGA,,EST DO BARBALHO,EM FRENTE AO BIGBOMPREÇO,IPUTINGA,533,SUBURBIO,COLISÃO TRANSVERSAL,0,2,0,0,0,0,0,0,0,3,0,Cruzamento,Bom,Sem defeito,Perfeito estado,Seca,Perfeito estado,Agente,Não há placas,60 km/h,Única,Canteiro central,,
2022-06-14 00:00:00,,SEM VÍTIMA,FINALIZADA,CORDEIRO,AV GENERAL SAN MARTIN,,RUA GOMES TABORDA,AO LADO DO MERCADINHO IDEAL,CORDEIRO,67,,COLISÃO TRASEIRA,1,0,0,0,0,0,1,0,0,0,0,Cruzamento,Bom,Sem defeito,Ilegível,Seca,Mal conservada,Faixa de pedestre,Não há placas,,Dupla,Não existe,,
2022-06-14 00:00:00,,COM VÍTIMA,FINALIZADA,CORDEIRO,AV GENERAL SAN MARTIN,,,EM FRENTE AO CENTRO DE DISTRIBUIÇÃO DOS CORREIOS.,CORDEIRO,,CORDEIRO,COLISÃO TRASEIRA,0,2,0,0,0,0,0,0,0,1,0,Longo da via,Bom,Não existe,Perfeito estado,Seca,Perfeito estado,Não existe,Não há placas,40 km/h,Dupla,Faixa contínua,,
2022-06-14 00:00:00,,COM VÍTIMA,FINALIZADA,CAMPO GRANDE,RUA PROFESSOR FRANCISCO DA TRINDADE,290,RUA SAO CAETANO,DUAS RUAS POR TRAS DO CLUBE DAS PAZ,CAMPO GRANDE,,SUBURBIO,COLISÃO TRANSVERSAL,2,0,0,0,0,0,0,0,0,1,0,Não informado,Bom,Não existe,Não existente,Seca,Perfeito estado,Não existe,Não há placas,,Dupla,Não existe,,
2022-06-14 00:00:00,,COM VÍTIMA,FINALIZADA,CORDEIRO,AV CAXANGA,,,CANAL DO CAVOUCO,CORDEIRO,,SUBURBIO,COLISÃO TRASEIRA,1,1,0,0,0,0,0,0,0,2,0,Longo da via,Bom,Não existe,Perfeito estado,Seca,Perfeito estado,Não existe,Não há placas,,Dupla,Canteiro central,,
2022-06-14 00:00:00,,COM VÍTIMA,FINALIZADA,MANGUEIRA,RUA DR JOAO ELISIO,294,RUA HORIZONTINA,EM FRENTE A PADARIA SANTO ANTONIO,MANGUEIRA,,SUBURBIO,COLISÃO TRANSVERSAL,0,2,0,0,0,0,0,0,0,2,0,Longo da via,Bom,Não existe,Ilegível,Seca,Mal conservada,Não existe,Não há placas,,Dupla,Não existe,,
2022-06-15 00:00:00,,COM VÍTIMA,FINALIZADA,BEBERIBE,AV BEBERIBE,4024,,EM FRENTE AO REI DO ARRUMADINHO,BEBERIBE,,CIDADE,COLISÃO LATERAL,0,2,0,0,0,0,0,0,0,3,0,Longo da via,Bom,Não existe,Perfeito estado,Seca,Perfeito estado,Outros,Não há placas,,Dupla,Faixa contínua,Faixa seccionada,
2022-06-15 00:00:00,,COM VÍTIMA,FINALIZADA,BOA VIAGEM,AV ENGENHEIRO DOMINGOS FERREIRA,,RUA CORONEL BENEDITO CHAVES,EM FRENTE AO DRIVE THRU DA MC DONALDS,BOA VIAGEM,128,SUBURBIO,COLISÃO TRASEIRA,1,1,0,0,0,0,0,0,0,1,0,Cruzamento,Bom,Sem defeito,Perfeito estado,Seca,Perfeito estado,Faixa de pedestre,Outras,60 km/h,Única,Faixa contínua,,
2022-06-15 00:00:00,,COM VÍTIMA,FINALIZADA,MADALENA,AV CAXANGA,,RUA JOAO IVO DA SILVA,PROX AO MUSEU DA ABOLIÇÃO. BANCO BRADESCO,MADALENA,257,CIDADE,COLISÃO TRANSVERSAL,0,2,0,0,0,0,0,0,0,2,0,Cruzamento,Bom,Sem defeito,Perfeito estado,Seca,Perfeito estado,Outros,Não há placas,60 km/h,Única,Faixa contínua,,
2022-06-15 00:00:00,,SEM VÍTIMA,FINALIZADA,CORDEIRO,RUA OCIDENTAL,109,RUA XAVIER DE BRITO,PROX AO CANAL DO CAVOCO,CORDEIRO,,,COLISÃO LATERAL,1,1,0,0,0,0,0,0,0,0,0,Cruzamento,Bom,Não existe,Não existente,Seca,Perfeito estado,Não existe,Não há placas,30KM/H,Única,Canteiro central,,
2022-06-15 00:00:00,,SEM VÍTIMA,FINALIZADA,DERBY,PRC DO DERBY,,,PRAÇA DO DERBY - ESTAÇÃO DO BRT,DERBY,,SUBURBIO,COLISÃO LATERAL,0,0,0,0,0,1,0,1,0,0,0,Longo da via,Bom,Não existe,Perfeito estado,Seca,Perfeito estado,Não existe,Não há placas,50KM/H,Dupla,Canteiro central,,
2022-06-15 00:00:00,,COM VÍTIMA,FINALIZADA,TORRE,RUA PROFESSOR TRAJANO DE MENDONCA,200,,EM FRENTE AO POSTO SHEL DA REAL TORRE,TORRE,,CIDADE,COLISÃO LATERAL,2,1,0,0,0,0,0,0,0,1,0,Longo da via,Bom,Não existe,Perfeito estado,Seca,Perfeito estado,Não existe,R-6a,,Única,Faixa seccionada,,
2022-06-15 00:00:00,,COM VÍTIMA,FINALIZADA,SANTO AMARO,RUA FRANCISCO JACINTO,366,,"AO LADO DA IGREJA BATISTA CENTRAL, PRÓXIMO À DELEGACIA DE POLICIA CIVIL",SANTO AMARO,,CIDADE,COLISÃO TRANSVERSAL,1,1,0,0,0,0,0,0,0,1,0,Longo da via,Bom,Não existe,Não existente,Seca,Perfeito estado,Não existe,Não há placas,,Dupla,Não existe,,
2022-06-15 00:00:00,,SEM VÍTIMA,FINALIZADA,IMBIRIBEIRA,AV PRESIDENTE DUTRA,,,NA FRENTE DO SAL E BRASA,IMBIRIBEIRA,,,COLISÃO TRASEIRA,2,0,0,0,0,0,0,1,0,0,0,,,,,,,,,,,,,
2022-06-15 00:00:00,,COM VÍTIMA,FINALIZADA,SAN MARTIN,AV GENERAL SAN MARTIN,2482,,EM FRENTE A CLINICA AMOR DE BICHO. FERRO VELHO REI DA SUCATA.,SAN MARTIN,,SUL,COLISÃO COM CICLISTA,1,0,0,1,0,0,0,0,0,1,0,Longo da via,Bom,Não existe,Perfeito estado,Seca,Perfeito estado,Não existe,Não há placas,40 km/h,Dupla,Faixa seccionada,,
2022-06-15 00:00:00,,COM VÍTIMA,FINALIZADA,GRAÇAS,AV RUI BARBOSA,,,AO LADO DO MURO DO  COLEGIO AGNES,GRAÇAS,,,COLISÃO TRASEIRA,1,1,0,0,0,0,0,0,0,1,0,,,,,,,,,,,,,
2022-06-15 00:00:00,,COM VÍTIMA,FINALIZADA,BOA VIAGEM,RUA RIBEIRO DE BRITO,1507,,VIADUTO TANCREDO NEVES,BOA VIAGEM,,SUBURBIO,ATROPELAMENTO DE ANIMAL,0,1,0,0,0,0,0,0,0,1,0,Longo da via,Bom,Não existe,Perfeito estado,Seca,Perfeito estado,Agente,Não há placas,,Única,Faixa seccionada,,
2022-06-15 00:00:00,,SEM VÍTIMA,FINALIZADA,CAMPINA DO BARRETO,AV POETA VINICIUS DE MORAIS,,RUA NOVA ESPERANCA,EM FRENTE  A PONTE DE CAMPINA DO BARRETO SENTIDO  PARA PEIXINHOS,CAMPINA DO BARRETO,,,COLISÃO TRASEIRA,0,0,0,0,0,0,0,2,0,0,0,Longo da via,Bom,Não existe,Perfeito estado,Seca,Perfeito estado,Não existe,Não há placas,,Dupla,Faixa seccionada,,
2022-06-15 00:00:00,,SEM VÍTIMA,FINALIZADA,CAMPO GRANDE,RUA ODORICO MENDES,700,,NA ENTRADA DA CEPLANC,CAMPO GRANDE,,,COLISÃO LATERAL,1,0,0,0,0,0,0,1,0,0,0,,,,,,,,,,,,,
2022-06-16 00:00:00,,COM VÍTIMA,FINALIZADA,BOA VIAGEM,AV ENGENHEIRO DOMINGOS FERREIRA,287,RUA PADRE BERNADINO PESSOA,"PRÓXIMO AO CARREFOUR. EM FRENTE À PAMESA DO BRASIL, Nº 2800",BOA VIAGEM,144,SUBURBIO,COLISÃO TRANSVERSAL,2,0,0,0,0,0,0,0,0,3,0,Cruzamento,Chuvoso,Sem defeito,Perfeito estado,Molhada,Perfeito estado,Faixa de pedestre,Não há placas,,Única,Canteiro central,,
2022-06-16 00:00:00,,COM VÍTIMA,FINALIZADA,SANTO AMARO,AV NORTE MIGUEL ARRAES DE ALENCAR,890A,RUA SAO SEBASTIAO,ANTES DA SUBIDA DO VIADUTO. LADO OPOSTO AO CENTRO DA JUVENTUDE DE SANTO AMARO.,SANTO AMARO,397,SUBURBIO,ATROPELAMENTO DE PESSOA,0,1,0,0,1,0,0,0,0,1,0,Longo da via,Bom,Sem defeito,Perfeito estado,Seca,Perfeito estado,Faixa de pedestre,Não há placas,60 km/h,Dupla,Canteiro central,,
2022-06-16 00:00:00,,COM VÍTIMA,FINALIZADA,ENCRUZILHADA,AV NORTE MIGUEL ARRAES DE ALENCAR,5050,,PROX AO REI DA PICANHA,ENCRUZILHADA,,,COLISÃO TRASEIRA,1,1,0,0,0,0,0,0,0,1,0,Longo da via,Chuvoso,Não existe,Incompleta,Seca,Perfeito estado,Não existe,Não há placas,,Dupla,Blocos,,
2022-06-16 00:00:00,,COM VÍTIMA,FINALIZADA,DERBY,AV GOVERNADOR CARLOS DE LIMA CAVALCANTI,,AV GOVERNADOR AGAMENON MAGALHAES,AO LADO DA MC DONALD,DERBY,75,CIDADE,ATROPELAMENTO DE PESSOA,0,0,0,0,1,1,0,0,0,1,0,Cruzamento,Bom,Sem defeito,Perfeito estado,Seca,Perfeito estado,Faixa de pedestre,R-25d,,Única,Canteiro central,,
2022-06-17 00:00:00,,COM VÍTIMA,FINALIZADA,JARDIM SÃO PAULO,RUA LORENA,104,,APOS O VIADULTO DA JARDIM SÃO PAULO,JARDIM SÃO PAULO,,,COLISÃO FRONTAL,1,1,0,0,0,0,0,0,0,1,0,,,,,,,,,,,,,
2022-06-17 00:00:00,,COM VÍTIMA,FINALIZADA,ESTÂNCIA,AV DR JOSE RUFINO,523,RUA BARAO DE BUIQUE,PRÓX. À LANCHONETE LANCHES DA PRAÇA. EM FRENTE A GESSO ART DECORAÇÕES.,ESTÂNCIA,,CIDADE,COLISÃO TRANSVERSAL,1,1,0,0,0,0,0,0,0,1,0,Cruzamento,Bom,Não existe,Incompleta,Seca,Mal conservada,Não existe,"Placas ""Pare""",60 km/h,Dupla,Faixa seccionada,,
2022-06-17 00:00:00,,COM VÍTIMA,FINALIZADA,BOA VIAGEM,AV MARECHAL JUAREZ TAVORA,,RUA BALTAZAR PASSOS,EM FRENTE AO POSTO BR. RUA PROFESSOR AURELIO DE CASTRO CAVALCANTI.,BOA VIAGEM,556,CIDADE,COLISÃO FRONTAL,1,1,0,0,0,0,0,0,0,1,0,Cruzamento,Bom,Com defeito,Perfeito estado,Seca,Perfeito estado,Faixa de pedestre,R-24a,30 km/h,Única,Faixa contínua,Faixa seccionada,
2022-06-17 00:00:00,,COM VÍTIMA,FINALIZADA,IBURA,AV DOIS RIOS,,RUA RIO JURUA,PRÓX. AO POSTO SHELL,IBURA,,SUBURBIO,COLISÃO LATERAL,0,2,0,0,0,0,0,0,0,1,0,Cruzamento,Bom,Não existe,Perfeito estado,Seca,Perfeito estado,Não existe,Outras,,Dupla,Faixa contínua,,
2022-06-17 00:00:00,,COM VÍTIMA,FINALIZADA,SÃO JOSÉ,C SANTA RITA,,,EM FRENTE AO ARMAZÉM 16,SÃO JOSÉ,76,CIDADE,QUEDA,1,1,0,0,0,0,0,0,0,1,0,Longo da via,Bom,Sem defeito,Perfeito estado,Seca,Perfeito estado,Não existe,Não há placas,60 km/h,Única,Faixa seccionada,,
2022-06-17 00:00:00,,COM VÍTIMA,FINALIZADA,SÃO JOSÉ,AV DANTAS BARRETO,1326,RUA DO PEIXOTO,PROX AO TERMINAL DO PROGRESSO. LEOPOLDO BAR.,SÃO JOSÉ,181,CIDADE,COLISÃO TRANSVERSAL,0,1,0,0,0,1,0,0,0,1,0,Cruzamento,Bom,Sem defeito,Perfeito estado,Seca,Perfeito estado,Faixa de pedestre,Outras,60 km/h,Dupla,Faixa contínua,,
2022-06-17 00:00:00,,COM VÍTIMA,FINALIZADA,ÁGUA FRIA,RUA LADEIRA DE PEDRA,498,,NO TERMINAL DE ONIBUS ALTO DO PASCOAL,ÁGUA FRIA,,SUBURBIO,ATROPELAMENTO DE PESSOA,0,0,0,0,1,1,0,0,0,1,0,Longo da via,Bom,Não existe,Perfeito estado,Seca,Mal conservada,Não existe,Outras,,Dupla,Faixa seccionada,,
2022-06-17 00:00:00,,COM VÍTIMA,FINALIZADA,ILHA DO LEITE,AV GOVERNADOR AGAMENON MAGALHAES,,,PROX AO EMPRESARIAL ISAAC  NILTON,ILHA DO LEITE,,SUBURBIO,QUEDA,0,1,0,0,0,0,0,0,0,1,0,,,,,,,,,,,,,
2022-06-17 00:00:00,,COM VÍTIMA,FINALIZADA,BOA VISTA,RUA DO PRINCIPE,446,RUA GENERAL JOSE SEMEAO,ACIDENTE ENTRE UM AUTO E MOTO,BOA VISTA,,CIDADE,COLISÃO LATERAL,1,1,0,0,0,0,0,0,0,1,0,Longo da via,Bom,Não existe,Perfeito estado,Seca,Perfeito estado,Não existe,Outras,,Única,Faixa seccionada,,
2022-06-18 00:00:00,,COM VÍTIMA,FINALIZADA,MADALENA,RUA LOPES DE CARVALHO,401,AV VISCONDE DE ALBUQUERQUE,EM FRENTE A MADALENA CENTER,MADALENA,,SUBURBIO,COLISÃO TRANSVERSAL,1,1,0,0,0,0,0,0,0,1,0,Cruzamento,Bom,Não existe,Perfeito estado,Seca,Perfeito estado,Outros,Outras,,Única,Faixa seccionada,,
2022-06-18 00:00:00,,COM VÍTIMA,CANCELADA,IMBIRIBEIRA,RUA PAMPULHA,251,,PRÓX. À CASA BRANCA RECEPÇÕES,IMBIRIBEIRA,,,COLISÃO LATERAL,1,1,0,0,0,0,0,0,0,1,0,,,,,,,,,,,,,
2022-06-18 00:00:00,,COM VÍTIMA,CANCELADA,IMBIRIBEIRA,RUA PARIS,552,,ATRAS DO SUPERMERCADO AÇAI,IMBIRIBEIRA,,,COLISÃO LATERAL,1,1,0,0,0,0,0,0,0,1,0,,,,,,,,,,,,,
2022-06-18 00:00:00,,COM VÍTIMA,CANCELADA,ESPINHEIRO,RUA DA HORA,,AV JOAO DE BARROS,POSTO SHELW,ESPINHEIRO,,,COLISÃO TRASEIRA,2,0,0,0,0,0,0,0,0,1,0,,,,,,,,,,,,,
2022-06-18 00:00:00,,COM VÍTIMA,FINALIZADA,IPUTINGA,RUA BOM PASTOR,126,RUA COMENDADOR ALVARES DE CARVALHO,EDIFÍCIO PRAÇA DOS CARVALHOS,IPUTINGA,254,CIDADE,COLISÃO LATERAL,1,1,0,0,0,0,0,0,0,1,0,Cruzamento,Bom,Sem defeito,Perfeito estado,Seca,Perfeito estado,Faixa de pedestre,R-6a,,Dupla,Faixa contínua,Faixa seccionada,
2022-06-18 00:00:00,,COM VÍTIMA,CANCELADA,CASA FORTE,AV DEZESSETE DE AGOSTO,,,NO SEMÁFORO 469,CASA FORTE,469,,COLISÃO COM CICLISTA,0,1,0,1,0,0,0,0,0,1,0,,,,,,,,,,,,,
2022-06-18 00:00:00,,COM VÍTIMA,FINALIZADA,IPUTINGA,AV CAXANGA,,RUA MANOEL JOAQUIM DE ALMEIDA,EM FRENTE A IPUTINGA AUTOMOVEIS,IPUTINGA,533,CIDADE,COLISÃO LATERAL,1,1,0,0,0,0,0,0,0,1,0,Cruzamento,Bom,Sem defeito,Perfeito estado,Seca,Perfeito estado,Não existe,Outras,,Dupla,Canteiro central,,
2022-06-18 00:00:00,,SEM VÍTIMA,FINALIZADA,CASA AMARELA,EST DO ARRAIAL,2626,RUA GOMES COUTINHO,,CASA AMARELA,,SUBURBIO,,2,0,0,0,0,0,0,0,0,0,0,Longo da via,Bom,Não existe,Perfeito estado,Seca,Perfeito estado,,,,Única,,,
2022-06-18 00:00:00,,COM VÍTIMA,FINALIZADA,SANTO AMARO,AV NORTE MIGUEL ARRAES DE ALENCAR,,,EM FRENTE AO POSTO ALVORADA,SANTO AMARO,,SUBURBIO,COLISÃO TRASEIRA,1,1,0,0,0,0,0,0,0,2,0,Longo da via,Bom,Não existe,Perfeito estado,Seca,Perfeito estado,Não existe,R-6a,,Dupla,Canteiro central,,
2022-06-18 00:00:00,,COM VÍTIMA,FINALIZADA,ÁGUA FRIA,AV BEBERIBE,2175,RUA DA REGENERACAO,SEMÁFARO 187,ÁGUA FRIA,187,SUBURBIO,ATROPELAMENTO DE PESSOA,0,1,0,0,1,0,0,0,0,1,0,Cruzamento,Bom,Sem defeito,Perfeito estado,Seca,Perfeito estado,Faixa de pedestre,,,,,,
2022-06-19 00:00:00,,COM VÍTIMA,FINALIZADA,BOA VIAGEM,AV DES JOSE NEVES,,AV JOAQUIM RIBEIRO,"PROXIMO A FERREIRA PINTO,  ANTES DO TÚNEL ALGUSTO LUCENA",BOA VIAGEM,567,SUBURBIO,COLISÃO TRANSVERSAL,2,0,0,0,0,0,0,0,0,4,0,Longo da via,Chuvoso,Sem defeito,Perfeito estado,Molhada,Mal iluminada,Faixa de pedestre,,,Única,Faixa seccionada,,
2022-06-19 00:00:00,,COM VÍTIMA,FINALIZADA,SANTO AMARO,RUA CAPITAO LIMA,,RUA DA FUNDICAO,PROX A TV GLOBO,SANTO AMARO,,,COLISÃO TRANSVERSAL,1,1,0,0,0,0,0,0,0,1,0,Cruzamento,Bom,Não existe,Perfeito estado,Seca,Perfeito estado,Faixa de pedestre,"Placas ""Pare""",,,Faixa contínua,Faixa seccionada,
2022-06-19 00:00:00,,COM VÍTIMA,FINALIZADA,JORDÃO,AV MARECHAL MASCARENHAS DE MORAES,161B,,"EM FRENTE AO AEROPORTO, PRÓXIMO A ENTRADA PARA O JORDÃO",JORDÃO,,SUBURBIO,COLISÃO LATERAL,0,2,0,0,0,0,0,0,0,1,0,Longo da via,Bom,Não existe,Incompleta,Seca,Mal iluminada,,Não há placas,60 km/h,Dupla,,,
2022-06-19 00:00:00,,SEM VÍTIMA,FINALIZADA,MORRO DA CONCEIÇÃO,RUA ITACOATIARA,,,PRÓXIMO A ANDRÉ GÁS,MORRO DA CONCEIÇÃO,,SUBURBIO,CHOQUE,1,0,0,0,0,0,0,0,0,0,0,Longo da via,Chuvoso,Não existe,Não existente,Molhada,Perfeito estado,Não existe,Não há placas,,Única,Não existe,,
2022-06-19 00:00:00,,COM VÍTIMA,FINALIZADA,IMBIRIBEIRA,AV MARECHAL MASCARENHAS DE MORAES,2160,RUA PAMPULHA,EM FRENTE A RENAULT,IMBIRIBEIRA,,SUBURBIO,COLISÃO TRASEIRA,1,1,0,0,0,0,0,0,0,1,0,Longo da via,Chuvoso,,,Molhada,,Não existe,,,Dupla,,,
2022-06-20 00:00:00,,COM VÍTIMA,FINALIZADA,CAMPO GRANDE,AV GOVERNADOR AGAMENON MAGALHAES,,,LADO OPOSTO AO SHOPPING TACARUNA. FÁBRICA TACARUNA.,CAMPO GRANDE,,CIDADE,ATROPELAMENTO DE PESSOA,0,1,0,0,1,0,0,0,0,1,0,Longo da via,Bom,Não existe,Perfeito estado,Seca,Perfeito estado,Não existe,R-32,60 km/h,Dupla,Canteiro central,,