data,hora,natureza,situacao,bairro,endereco,numero,detalhe_endereco_acidente,complemento,bairro_cruzamento,num_semaforo,sentido_via,tipo,auto,moto,ciclom,ciclista,pedestre,onibus,caminhao,viatura,outros,vitimas,vitimasfatais,acidente_verificado,tempo_clima,situacao_semaforo,sinalizacao,condicao_via,conservacao_via,ponto_controle,situacao_placa,velocidade_max_via,mao_direcao,divisao_via1,divisao_via2,divisao_via3
2022-06-30 00:00:00,,COM VÍTIMA,FINALIZADA,AFOGADOS,EST DOS REMEDIOS,,,EM FRENTE AO SUPERMERCADO TODO DIA,AFOGADOS,,,COLISÃO LATERAL,1,1,0,0,0,0,0,0,0,1,0,,,,,,,,,,,,,
2022-06-30 00:00:00,,COM VÍTIMA,FINALIZADA,DERBY,AV RUI BARBOSA,,AV GOVERNADOR AGAMENON MAGALHAES,EM FRENTE AO SEMAFORO 37,DERBY,37,SUBURBIO,ATROPELAMENTO DE PESSOA,0,1,0,0,1,0,0,0,0,1,0,Cruzamento,Bom,Sem defeito,Perfeito estado,Seca,Perfeito estado,Faixa de pedestre,,60 km/h,Única,Canteiro central,,
2022-06-30 00:00:00,,VÍTIMA FATAL,FINALIZADA,ESPINHEIRO,RUA SANTO ELIAS,,RUA DA HORA,E/F ASSISTENCIA TECNICA IPHONE  SERVICE,ESPINHEIRO,,CIDADE,CHOQUE,0,1,0,0,0,0,0,0,0,0,1,Cruzamento,Bom,Não existe,Perfeito estado,Seca,Perfeito estado,Faixa de pedestre,Outras,40 km/h,Única,Não existe,,
2022-06-30 00:00:00,,COM VÍTIMA,FINALIZADA,SANTO AMARO,AV GOVERNADOR AGAMENON MAGALHAES,,,PROX A REITORIA DA UPE,SANTO AMARO,465,,COLISÃO LATERAL,1,1,0,0,0,0,0,0,0,2,0,Cruzamento,Bom,Com defeito,Perfeito estado,Seca,Perfeito estado,Faixa de pedestre,Outras,60 km/h,Única,Faixa contínua,,
2022-06-30 00:00:00,,COM VÍTIMA,FINALIZADA,SANTO AMARO,VDO INDEPENDENCIA,,,SENTIDO OLINDA,SANTO AMARO,,SUBURBIO,QUEDA,0,1,0,0,0,0,0,0,0,1,0,Viaduto,Bom,Não existe,Perfeito estado,Seca,Perfeito estado,Não existe,Não há placas,60 km/h,Dupla,Canal,,
2022-06-30 00:00:00,,COM VÍTIMA,FINALIZADA,IMBIRIBEIRA,AV GENERAL MAC ARTHUR,1623,,EM FRENTE AO RESIDENCIAL LEPARC,IMBIRIBEIRA,,SUBURBIO,COLISÃO TRASEIRA,1,1,0,0,0,0,0,0,0,1,0,Longo da via,Bom,Não existe,Perfeito estado,Seca,Perfeito estado,,,,,,,
2022-07-01 00:00:00,,COM VÍTIMA,FINALIZADA,BOA VIAGEM,AV BOA VIAGEM,6234,,PROXIMO AO PARQUE DONA LINDU,BOA VIAGEM,,CIDADE,CHOQUE,2,0,0,0,0,0,0,0,0,1,0,Longo da via,Bom,Não existe,Perfeito estado,Seca,Perfeito estado,Não existe,R-6b,60 km/h,Única,Faixa seccionada,,
2022-07-01 00:00:00,,SEM VÍTIMA,FINALIZADA,PINA,AV HERCULANO BANDEIRA,,,EM FRENTE AO ATACADO DOS PRESENTES,PINA,,,COLISÃO TRANSVERSAL,2,0,0,0,0,0,0,0,0,0,0,,,,,,,,,,,,,
2022-07-01 00:00:00,,COM VÍTIMA,FINALIZADA,SANTO AMARO,AV CRUZ CABUGA,,AV DR JAYME DA FONTE,,SANTO AMARO,,,COLISÃO LATERAL,1,1,0,0,0,0,0,0,0,1,0,,,,,,,,,,,,,
2022-07-01 00:00:00,,COM VÍTIMA,FINALIZADA,CORDEIRO,AV CAXANGA,1319,,EM FRENTE AO BRADESCO,CORDEIRO,80,CIDADE,COLISÃO COM CICLISTA,0,0,0,1,0,1,0,0,0,1,0,Longo da via,Bom,Sem defeito,Perfeito estado,Seca,Perfeito estado,Não existe,,,Dupla,Faixa contínua,Faixa seccionada,Canteiro central
2022-07-01 00:00:00,,COM VÍTIMA,FINALIZADA,TORRE,RUA JOSE BONIFACIO,964,RUA DEMOSTENES DE OLINDA,EM FRENTE AO POSTO IPIRANGA,TORRE,576,SUBURBIO,COLISÃO TRANSVERSAL,1,1,0,0,0,0,0,0,0,1,0,Cruzamento,Bom,Sem defeito,Perfeito estado,Seca,Perfeito estado,Faixa de pedestre,Não há placas,40 km/h,Única,Faixa seccionada,,
2022-07-01 00:00:00,,COM VÍTIMA,FINALIZADA,JOANA BEZERRA,AV MARTIN LUTHER KING,,,AO LADO DA ACADEMIA DA CIDADE,JOANA BEZERRA,,,COLISÃO COM CICLISTA,1,0,0,1,0,0,0,0,0,1,0,,,,,,,,,,,,,
2022-07-01 00:00:00,,COM VÍTIMA,FINALIZADA,AFOGADOS,EST DOS REMEDIOS,161,RUA DO ACRE,EM FRENTE AO SUPERMERCADO TODO DIA,AFOGADOS,,SUBURBIO,COLISÃO LATERAL,1,1,0,0,0,0,0,0,0,1,0,Cruzamento,Bom,Não existe,Perfeito estado,Seca,Perfeito estado,Faixa de pedestre,Não há placas,,Dupla,Faixa contínua,,
2022-07-01 00:00:00,,COM VÍTIMA,FINALIZADA,IBURA,AV SANTA FE,127,AV GUARAPUAVA,"PROXIMO AO POSTO DE SAÚDE, COLISÃO COM VITIMA, KGG3947 LOGAN/ RVJ3I82 MOTO",IBURA,,SUBURBIO,COLISÃO FRONTAL,1,1,0,0,0,0,0,0,0,1,0,Cruzamento,Bom,Não existe,Perfeito estado,Seca,Perfeito estado,Não existe,Outras,30 km/h,Dupla,Faixa seccionada,,
2022-07-01 00:00:00,,COM VÍTIMA,FINALIZADA,SÃO JOSÉ,PTE JOAQUIM CARDOSO,,RUA FRANCISCO ALVES,PROXIMO AO IMIP,SÃO JOSÉ,,SUBURBIO,COLISÃO LATERAL,0,1,0,0,0,0,0,1,0,2,0,Longo da via,Bom,Não existe,Perfeito estado,Seca,Perfeito estado,Não existe,Não há placas,,Única,Faixa seccionada,,
2022-07-01 00:00:00,,COM VÍTIMA,FINALIZADA,CASA AMARELA,RUA CONS NABUCO,178,RUA EVARISTO DA VEIGA,"EM FRENTE A BROTHER BARBEARIA,  CENTER SALES NEVES",CASA AMARELA,,,COLISÃO FRONTAL,1,1,0,0,0,0,0,0,0,1,0,Esquina,Bom,Não existe,Incompleta,Seca,Perfeito estado,Não existe,Não há placas,,Dupla,Não existe,,
2022-07-01 00:00:00,,COM VÍTIMA,FINALIZADA,TOTÓ,AV LIBERDADE,37A,,EM FRENTE AO CEMITERIO PARQUE DAS FLORES,TOTÓ,,SUBURBIO,COLISÃO LATERAL,1,1,0,0,0,0,0,0,0,1,0,Longo da via,Bom,Não existe,Perfeito estado,Seca,Perfeito estado,Não existe,,,Dupla,Faixa contínua,,
2022-07-01 00:00:00,,COM VÍTIMA,FINALIZADA,IPUTINGA,AV CAXANGA,3372,,EM FRENTE AO BANCO SANTANDER -  PRÓXIMO AO ELEVADO,IPUTINGA,,SUBURBIO,COLISÃO TRANSVERSAL,1,1,0,0,0,0,0,0,0,2,0,Longo da via,Bom,Não existe,Perfeito estado,Seca,Perfeito estado,Não existe,Não há placas,,Dupla,Faixa seccionada,Canteiro central,
2022-07-01 00:00:00,,COM VÍTIMA,FINALIZADA,ENCRUZILHADA,RUA DONA ELVIRA,,RUA DA CORAGEM,PRÓXIMO A QUITANDARIA NA ESTRADA DE BELÉM,ENCRUZILHADA,,CIDADE,COLISÃO TRANSVERSAL,1,1,0,0,0,0,0,0,0,2,0,Cruzamento,Bom,Não existe,Perfeito estado,Seca,Perfeito estado,Faixa de retenção,"Placas ""Pare""",,Dupla,Não existe,,
2022-07-01 00:00:00,,COM VÍTIMA,FINALIZADA,IMBIRIBEIRA,AV GENERAL MAC ARTHUR,,AV DOM JOAO VI,PRÓXIMO AO LE PARC,IMBIRIBEIRA,,SUBURBIO,COLISÃO COM CICLISTA,1,0,0,1,0,0,0,0,0,1,0,Esquina,Bom,Não existe,Perfeito estado,Seca,Perfeito estado,Não existe,"Placas ""Pare""",,Única,Faixa seccionada,,
2022-07-02 00:00:00,,SEM VÍTIMA,FINALIZADA,DOIS UNIDOS,AV HILDEBRANDO DE VASCONCELOS,,,HA CEM METROS DO CANIL DA POLICIA MILITAR,DOIS UNIDOS,,,CAPOTAMENTO,1,0,0,0,0,0,0,0,0,0,0,,,,,,,,,,,,,
2022-07-02 00:00:00,,COM VÍTIMA,FINALIZADA,ESTÂNCIA,AV RECIFE,5705,RUA LAURA BANDEIRA DE MELO,EM FRENTE À LOJA O BARATÃO DAS EMBALAGENS,ESTÂNCIA,705,,COLISÃO LATERAL,1,1,0,0,0,0,0,0,0,1,0,,,,,,,,,,,,,
2022-07-02 00:00:00,,COM VÍTIMA,FINALIZADA,VÁRZEA,AV CAXANGA,,,PERTO DA UPA DA CAXANGA,VÁRZEA,,CIDADE,COLISÃO TRASEIRA,2,0,0,0,0,0,0,0,0,1,0,Ponte,Nublado,Não existe,Perfeito estado,Molhada,Perfeito estado,Não existe,Não há placas,,Dupla,Canteiro central,,
2022-07-03 00:00:00,,SEM VÍTIMA,FINALIZADA,CASA AMARELA,EST DO ARRAIAL,3087,1TR ARNOLDO MAGALHAES,"AO LADO DO CONDOMÍNIO VAN GOGH , VEÍCULO SE CHOCOU EM MOTOCICLETA MT-05 VIATURA OFICIAL DA CTTU PLACA  PCO-5977 QUE ESTAVA ESTACIONADA COM AGENTE EM MONITORAMENTO NAS PROXIMIDADES DO EVENDO SÃO JOÃO DO SITIO DA TRINDADE.",CASA AMARELA,,SUBURBIO,CHOQUE,1,1,0,0,0,0,0,1,0,0,0,Longo da via,Chuvoso,Não existe,Perfeito estado,Molhada,Perfeito estado,Não existe,Não há placas,,Única,Não existe,,
2022-07-04 00:00:00,,COM VÍTIMA,FINALIZADA,BONGI,AV GENERAL SAN MARTIN,1083,,PRÓXIMO AOS CORREIOS,BONGI,,SUBURBIO,COLISÃO FRONTAL,1,0,0,0,0,0,1,0,0,1,0,Longo da via,Chuvoso,Não existe,Perfeito estado,Molhada,Perfeito estado,Não existe,R-6a,,Dupla,Faixa contínua,,
2022-07-04 00:00:00,,COM VÍTIMA,FINALIZADA,BOA VIAGEM,AV BOA VIAGEM,,AV ARMINDO MOURA,,BOA VIAGEM,84,,COLISÃO TRASEIRA,1,1,0,0,0,0,0,0,0,1,0,,,,,,,,,,,,,
2022-07-04 00:00:00,,SEM VÍTIMA,FINALIZADA,DOIS UNIDOS,AV HILDEBRANDO DE VASCONCELOS,,,AO LADO DO CIP CAES,DOIS UNIDOS,,SUBURBIO,CAPOTAMENTO,1,0,0,0,0,0,0,0,0,0,0,Longo da via,Chuvoso,Não existe,Incompleta,Molhada,Perfeito estado,Não existe,,,Dupla,Não existe,,
2022-07-04 00:00:00,,COM VÍTIMA,FINALIZADA,IPSEP,RUA JEAN EMILE FAVRE,,RUA PAMPULHA,PRAÇA DA MAURICEA,IPSEP,564,SUBURBIO,COLISÃO TRANSVERSAL,1,1,0,0,0,0,0,0,0,1,0,Cruzamento,Chuvoso,Sem defeito,Perfeito estado,Molhada,,Faixa de pedestre,R-4a,40 km/h,Dupla,Faixa contínua,,
2022-07-04 00:00:00,,COM VÍTIMA,FINALIZADA,GUABIRABA,AV VEREADOR OTACILIO AZEVEDO,30,,TERMINAL DO ÔNIBUS GLOBO,GUABIRABA,,,COLISÃO LATERAL,1,1,0,0,0,0,0,0,0,1,0,,,,,,,,,,,,,
2022-07-05 00:00:00,,SEM VÍTIMA,FINALIZADA,ENCRUZILHADA,AV BEBERIBE,484,RUA PROFESSOR JERONIMO GUEIROS,LADO OPOSTO AO 484,ENCRUZILHADA,,CIDADE,CHOQUE,0,0,0,0,0,0,0,1,0,0,0,Longo da via,Chuvoso,Sem defeito,Perfeito estado,Molhada,Perfeito estado,Outros,Outras,,Dupla,Faixa contínua,,
2022-07-05 00:00:00,,SEM VÍTIMA,FINALIZADA,SANTO AMARO,AV GOVERNADOR AGAMENON MAGALHAES,,,EM FRENTE A ANTIGA FÁBRICA DO TACARUNA,SANTO AMARO,,CIDADE,,0,1,0,0,0,0,0,1,0,0,0,Longo da via,Bom,Não existe,Perfeito estado,Seca,Perfeito estado,Não existe,Não há placas,60 km/h,Única,Não existe,,
2022-07-05 00:00:00,,VÍTIMA FATAL,FINALIZADA,IPUTINGA,AV CAXANGA,,,"PROXIMO Estação BRT  BR 101 , ACIDENTE COM VÍTIMA FATAL , CAMINHÃO SE EVADIU.",IPUTINGA,269,SUBURBIO,ATROPELAMENTO DE PESSOA,0,0,0,0,1,0,1,0,0,0,1,Longo da via,Bom,Sem defeito,Perfeito estado,Seca,Perfeito estado,Faixa de pedestre,Não há placas,60 km/h,Dupla,Canteiro central,Outros,
2022-07-05 00:00:00,,COM VÍTIMA,FINALIZADA,SAN MARTIN,AV GENERAL SAN MARTIN,1864,,PRAÇA DE EVENTOS,SAN MARTIN,,CIDADE,COLISÃO LATERAL,1,1,0,0,0,0,0,0,0,1,0,Longo da via,Bom,Não existe,Perfeito estado,Seca,Perfeito estado,Não existe,Não há placas,40 km/h,Dupla,Faixa contínua,,
2022-07-05 00:00:00,,SEM VÍTIMA,FINALIZADA,JAQUEIRA,AV RUI BARBOSA,,,PARQUE DA JAQUEIRA,JAQUEIRA,,CIDADE,COLISÃO TRASEIRA,1,0,0,0,0,0,0,1,0,0,0,Longo da via,Bom,Não existe,Perfeito estado,Seca,Perfeito estado,Não existe,Não há placas,,Única,Não existe,,
2022-07-05 00:00:00,,COM VÍTIMA,CANCELADA,APIPUCOS,RUA DE APIPUCOS,355,,EM FRENTE À PIZZARIA STUPENDA MASSAS,APIPUCOS,,,COLISÃO LATERAL,1,1,0,0,0,0,0,0,0,1,0,,,,,,,,,,,,,
2022-07-05 00:00:00,,COM VÍTIMA,FINALIZADA,IMBIRIBEIRA,AV MARECHAL MASCARENHAS DE MORAES,4223,,LOGO APÓS O VIADUTO TANCREDO NEVES,IMBIRIBEIRA,,CIDADE,COLISÃO TRASEIRA,1,1,0,0,0,0,0,0,0,1,0,Longo da via,Bom,Não existe,Perfeito estado,Seca,Perfeito estado,Não existe,Não há placas,,Única,Faixa seccionada,,
2022-07-05 00:00:00,,COM VÍTIMA,FINALIZADA,IMBIRIBEIRA,RUA ITACARI,162,RUA ITAJAI,PROXIMO A EMPRESA YNOVE,IMBIRIBEIRA,,SUBURBIO,COLISÃO TRANSVERSAL,2,1,0,0,0,0,0,0,0,1,0,Cruzamento,Bom,Não existe,Perfeito estado,Seca,Perfeito estado,Faixa de pedestre,"Placas ""Pare""",,Única,Faixa seccionada,,
2022-07-05 00:00:00,,COM VÍTIMA,FINALIZADA,ROSARINHO,AV NORTE MIGUEL ARRAES DE ALENCAR,,AV SANTOS DUMONT,ACIDENTE COM VÍTIMA ENVOVENDO MOTO E PEDESTRES ( ATROPELAMENTO )  INFORMAÇÃO COLHIDA A POSTERIOR,ROSARINHO,81,CIDADE,ATROPELAMENTO DE PESSOA,0,1,0,0,1,0,0,0,0,2,0,Longo da via,Bom,Sem defeito,Perfeito estado,Seca,Perfeito estado,Faixa de pedestre,Outras,,Dupla,Canteiro central,,
2022-07-05 00:00:00,,COM VÍTIMA,FINALIZADA,CORDEIRO,AV GENERAL SAN MARTIN,,,AO LADO DA COMPAZ,CORDEIRO,,,COLISÃO LATERAL,1,1,0,0,0,0,0,0,0,1,0,,,,,,,,,,,,,
2022-07-05 00:00:00,,COM VÍTIMA,FINALIZADA,AFOGADOS,RUA CARLOS PENA FILHO,1136,RUA SAO MIGUEL,EM FRENTE CHINE BOX DE AFOGADOS,AFOGADOS,,SUBURBIO,COLISÃO LATERAL,1,1,0,0,0,0,0,0,0,1,0,Cruzamento,Chuvoso,Não existe,Incompleta,Molhada,Mal conservada,Não existe,Não há placas,60 km/h,Dupla,Não existe,,
2022-07-05 00:00:00,,SEM VÍTIMA,FINALIZADA,ESTÂNCIA,AV RECIFE,5630,,EM FRENTE AO CERPE,ESTÂNCIA,,,COLISÃO TRASEIRA,1,0,0,0,0,0,1,0,0,0,0,Longo da via,Chuvoso,Sem defeito,Perfeito estado,Seca,Perfeito estado,,Não há placas,50 km/h,Dupla,Faixa contínua,,
2022-07-05 00:00:00,,COM VÍTIMA,FINALIZADA,PARNAMIRIM,AV DEZESSETE DE AGOSTO,372,AV FLOR DE SANTANA,BURGER KING,PARNAMIRIM,614,SUBURBIO,COLISÃO TRANSVERSAL,1,1,0,0,0,0,0,0,0,1,0,Cruzamento,Chuvoso,Sem defeito,Perfeito estado,Molhada,Perfeito estado,Faixa de pedestre,Outras,,Dupla,Faixa contínua,,
2022-07-05 00:00:00,,COM VÍTIMA,FINALIZADA,ARRUDA,AV PROFESSOR JOSE DOS ANJOS,,AV BEBERIBE,,ARRUDA,131,CIDADE,COLISÃO LATERAL,1,0,0,0,0,0,1,0,0,1,0,Cruzamento,Chuvoso,Sem defeito,Perfeito estado,Molhada,Perfeito estado,Faixa de pedestre,Outras,,Dupla,Faixa contínua,,
2022-07-05 00:00:00,,COM VÍTIMA,FINALIZADA,DOIS UNIDOS,AV HILDEBRANDO DE VASCONCELOS,781,,PROXIMO A ANTIGA FABRICA MINERVA / ASINHA DO TOINHO,DOIS UNIDOS,,CIDADE,COLISÃO LATERAL,1,1,0,0,0,1,0,0,0,1,0,Longo da via,Chuvoso,Não existe,Não existente,Molhada,Perfeito estado,Não existe,Não há placas,,Dupla,Não existe,,
2022-07-06 00:00:00,,COM VÍTIMA,FINALIZADA,SANTO AMARO,AV GOVERNADOR AGAMENON MAGALHAES,,AV DR JAYME DA FONTE,NO SEMAFORO 049,SANTO AMARO,49,SUBURBIO,COLISÃO TRASEIRA,1,1,0,0,0,0,0,0,0,1,0,Cruzamento,Bom,Sem defeito,Perfeito estado,Seca,Perfeito estado,Faixa de pedestre,Não há placas,60 km/h,Dupla,Faixa seccionada,,
2022-07-06 00:00:00,,SEM VÍTIMA,FINALIZADA,SANTO ANTÔNIO,RUA FLORIANO PEIXOTO,,,BRADESCO / CASAS BAHIA,SANTO ANTÔNIO,,CIDADE,COLISÃO TRASEIRA,1,0,0,0,0,0,0,1,0,0,0,Longo da via,Bom,Não existe,Não existente,Seca,Perfeito estado,Não existe,Outras,,Única,Não existe,,
2022-07-06 00:00:00,,COM VÍTIMA,FINALIZADA,IPUTINGA,AV MAURICIO DE NASSAU,268,,EM FRENTE AO ALUGUEL DE REBOQUE,IPUTINGA,,,COLISÃO TRANSVERSAL,1,1,0,0,0,0,0,0,0,1,0,Cruzamento,Bom,Não existe,Ilegível,Seca,Perfeito estado,Não existe,R-6a,,Dupla,Outros,,
2022-07-06 00:00:00,,SEM VÍTIMA,FINALIZADA,BOA VISTA,AV GOVERNADOR AGAMENON MAGALHAES,,RUA JOAO FERNANDES VIEIRA,COLÉGIO AMERICANO BATISTA,BOA VISTA,37,,,1,0,0,0,0,0,0,1,0,0,0,Cruzamento,Bom,Sem defeito,Perfeito estado,Seca,Perfeito estado,Agente,Não há placas,60 km/h,Dupla,Canteiro central,,
2022-07-06 00:00:00,,COM VÍTIMA,FINALIZADA,DERBY,AV GOVERNADOR AGAMENON MAGALHAES,1160,AV RUI BARBOSA,EM FRENTE AO TRE,DERBY,37,SUBURBIO,QUEDA,0,1,0,0,0,0,0,0,0,1,0,Longo da via,Bom,Sem defeito,Perfeito estado,Seca,Perfeito estado,Faixa de pedestre,Outras,60 km/h,Única,Canteiro central,,
2022-07-06 00:00:00,,COM VÍTIMA,FINALIZADA,BOA VISTA,RUA DA AURORA,1301,,EM FRENTE AO BANCO CENTRAL,BOA VISTA,,,ATROPELAMENTO DE PESSOA,1,0,0,0,1,0,0,0,0,1,0,Longo da via,Bom,Não existe,Perfeito estado,Seca,Perfeito estado,Não existe,Não há placas,,Dupla,Canteiro central,,
2022-07-07 00:00:00,,SEM VÍTIMA,CANCELADA,CIDADE UNIVERSITÁRIA,AV CAXANGA,,RUA GENERAL POLIDORO,EM FRENTE A FIAT,CIDADE UNIVERSITÁRIA,608,,COLISÃO TRANSVERSAL,2,0,0,0,0,0,0,0,0,0,0,,,,,,,,,,,,,
2022-07-07 00:00:00,,COM VÍTIMA,FINALIZADA,BOA VIAGEM,RUA VISCONDE DE JEQUITINHONHA,,RUA CAPITAO ZUZINHA,SEM. 433 - CRUZAMENTO C/A RUA CAP ZUZINHA,BOA VIAGEM,433,,COLISÃO COM CICLISTA,0,0,0,1,0,1,0,0,0,1,0,Cruzamento,Bom,Sem defeito,Perfeito estado,Seca,Perfeito estado,,Outras,,,,,
2022-07-07 00:00:00,,COM VÍTIMA,FINALIZADA,SÃO JOSÉ,C SANTA RITA,595,,OPOSTO AS TORRES GEMEAS,SÃO JOSÉ,,SUBURBIO,COLISÃO LATERAL,1,1,0,0,0,0,0,0,0,1,0,Longo da via,Chuvoso,Não existe,Não existente,Molhada,Perfeito estado,Não existe,Não há placas,60 km/h,Única,Faixa seccionada,,
2022-07-07 00:00:00,,COM VÍTIMA,FINALIZADA,CASA AMARELA,AV NORTE MIGUEL ARRAES DE ALENCAR,270,,PROX. A FARMACIA DO TRABALHADOR,CASA AMARELA,95,CIDADE,ATROPELAMENTO DE PESSOA,0,1,0,0,1,0,0,0,0,2,0,Longo da via,Chuvoso,Sem defeito,Perfeito estado,Molhada,Perfeito estado,Faixa de pedestre,R-6a,,Dupla,Faixa seccionada,,
2022-07-07 00:00:00,,SEM VÍTIMA,FINALIZADA,JORDÃO,AV DONA CARENTINA,,,AO LADO DA PRAÇA DO JORDÃO ALTO,JORDÃO,,SUBURBIO,COLISÃO TRASEIRA,3,0,0,0,0,0,0,0,0,0,0,Longo da via,Bom,Não existe,Não existente,Seca,Perfeito estado,Não existe,Não há placas,,Dupla,Não existe,,
2022-07-07 00:00:00,,COM VÍTIMA,CANCELADA,SANTO ANTÔNIO,AV DANTAS BARRETO,,,"COLISÃO ENTRE AUTO / MOTO.  ENVOLVENDO O SUB MALAGUETA, SOLICITADO APOIO DOS BATEDORES  INSP VALMIR  / BAT  LIMOEIRO",SANTO ANTÔNIO,,,COLISÃO LATERAL,1,1,0,0,0,0,0,0,0,1,0,,,,,,,,,,,,,
2022-07-07 00:00:00,,COM VÍTIMA,FINALIZADA,BOA VIAGEM,RUA BARAO DE SOUZA LEAO,1000,RUA ALMIRANTE TAMANDARE,ESCOLA SANTOS DUMONT,BOA VIAGEM,,SUBURBIO,COLISÃO LATERAL,1,1,0,0,0,0,0,0,0,1,0,Esquina,Bom,Não existe,Perfeito estado,Seca,Perfeito estado,Não existe,Não há placas,,Única,Faixa seccionada,,
2022-07-07 00:00:00,,SEM VÍTIMA,FINALIZADA,BAIRRO DO RECIFE,AV ALFREDO LISBOA,,,OGRIO RECIFE AO LADO,BAIRRO DO RECIFE,,SUBURBIO,CHOQUE,1,0,0,0,0,0,0,0,0,0,0,Longo da via,Chuvoso,Não existe,Perfeito estado,Molhada,Perfeito estado,Não existe,R-6a,,Única,Faixa seccionada,,
2022-07-08 00:00:00,,COM VÍTIMA,CANCELADA,PRADO,RUA CARLOS GOMES,481,,EM FRENTE AO CONSELHO REGIONAL DE CONTABILIDADE,PRADO,,,COLISÃO FRONTAL,1,1,0,0,0,0,0,0,0,1,0,,,,,,,,,,,,,
2022-07-08 00:00:00,,SEM VÍTIMA,FINALIZADA,GRAÇAS,RUA ANTONIO NOVAIS,241,RUA SOUZA DE ANDRADE,,GRAÇAS,,SUBURBIO,,0,0,0,0,0,0,1,0,0,0,0,Cruzamento,Bom,Não existe,Perfeito estado,Seca,Perfeito estado,Não existe,,,Única,Não existe,,
2022-07-08 00:00:00,,COM VÍTIMA,FINALIZADA,MADALENA,RUA DEMOCRITO DE SOUZA FILHO,17,RUA BARTOLOMEU DE GUSMAO,BELEZA CAFÉ MODA E BARBEARIA,MADALENA,,CIDADE,COLISÃO TRANSVERSAL,1,1,0,0,0,0,0,0,0,2,0,Cruzamento,Bom,Não existe,Perfeito estado,Seca,Perfeito estado,Não existe,Não há placas,,Única,Faixa seccionada,,
2022-07-08 00:00:00,,COM VÍTIMA,FINALIZADA,ÁGUA FRIA,RUA SAO SEBASTIAO,1312,RUA JULIO JOSE DE SOUZA,PROX A BRASILGAS,ÁGUA FRIA,,,CHOQUE,0,0,0,0,0,0,1,0,0,2,0,Longo da via,Chuvoso,Não existe,Não existente,Molhada,Perfeito estado,Não existe,Não há placas,,Dupla,Não existe,,
2022-07-08 00:00:00,,COM VÍTIMA,FINALIZADA,IPUTINGA,EST DO BARBALHO,532,,EM FRENTE A CARLOS PEÇAS,IPUTINGA,,CIDADE,COLISÃO COM CICLISTA,0,1,0,1,0,0,0,0,0,1,0,Longo da via,Bom,Não existe,Incompleta,Seca,Perfeito estado,Não existe,Não há placas,,Única,Não existe,,
2022-07-08 00:00:00,,COM VÍTIMA,FINALIZADA,SÃO JOSÉ,AV SUL,585,,ANTES DO POSTO BR / LOJA DOS FREIOS,SÃO JOSÉ,,CIDADE,CHOQUE,0,1,0,0,0,0,0,0,1,2,0,Longo da via,Bom,Não existe,Perfeito estado,Seca,Perfeito estado,Não existe,Não há placas,,Única,Faixa seccionada,,
2022-07-08 00:00:00,,COM VÍTIMA,FINALIZADA,CAMPO GRANDE,RUA PROFESSOR FRANCISCO DA TRINDADE,480,RUA CATULO DA PAIXAO CEARENSE,DEPOIS DO CLUBE DAS PAZ PRIMEIRA DIREITA,CAMPO GRANDE,,SUBURBIO,COLISÃO TRANSVERSAL,2,0,0,0,0,0,0,0,0,1,0,Cruzamento,Bom,Não existe,Perfeito estado,Seca,Perfeito estado,Faixa de pedestre,,,Dupla,Faixa seccionada,,
2022-07-08 00:00:00,,COM VÍTIMA,CANCELADA,LINHA DO TIRO,AV VEREADOR OTACILIO AZEVEDO,,,PRÓXIMO AO TERMINAL DO BREJO,LINHA DO TIRO,,,COLISÃO COM CICLISTA,0,0,0,0,0,0,0,0,0,1,0,,,,,,,,,,,,,
2022-07-08 00:00:00,,COM VÍTIMA,FINALIZADA,DOIS IRMÃOS,RUA MANUEL DE MEDEIROS,,,EM FRENTE  A UFRPE,DOIS IRMÃOS,588,,COLISÃO LATERAL,1,1,0,0,0,0,0,0,0,2,0,Longo da via,Bom,Sem defeito,Perfeito estado,Seca,Perfeito estado,Não existe,Não há placas,40 km/h,Dupla,Faixa contínua,,
2022-07-08 00:00:00,,COM VÍTIMA,FINALIZADA,AFOGADOS,RUA SAO MIGUEL,,EST DOS REMEDIOS,LARGO DA PAZ,AFOGADOS,53,SUBURBIO,COLISÃO TRANSVERSAL,0,0,1,0,0,1,0,0,0,2,0,Cruzamento,Bom,Sem defeito,Perfeito estado,Seca,Perfeito estado,Faixa de pedestre,Outras,,Única,Não existe,,
2022-07-09 00:00:00,,COM VÍTIMA,FINALIZADA,CASA AMARELA,AV NORTE MIGUEL ARRAES DE ALENCAR,,,SUPERMERCADO MAIS VOCÊ,CASA AMARELA,95,SUBURBIO,COLISÃO TRASEIRA,2,1,0,0,0,0,0,0,0,4,0,Longo da via,Bom,Sem defeito,Perfeito estado,Seca,Perfeito estado,Faixa de pedestre,R-6a,,Dupla,Canteiro central,,