data,hora,natureza,situacao,bairro,endereco,numero,detalhe_endereco_acidente,complemento,bairro_cruzamento,num_semaforo,sentido_via,tipo,auto,moto,ciclom,ciclista,pedestre,onibus,caminhao,viatura,outros,vitimas,vitimasfatais,acidente_verificado,tempo_clima,situacao_semaforo,sinalizacao,condicao_via,conservacao_via,ponto_controle,situacao_placa,velocidade_max_via,mao_direcao,divisao_via1,divisao_via2,divisao_via3
2022-07-29 00:00:00,,COM VÍTIMA,FINALIZADA,ILHA JOANA BEZERRA,VDO PAPA JOAO PAULO II,,,ACIDENTE COM VÍTIMA. SAMU NO LOCAL PRESTANDO SOCORRO. VEÍCULOS NO SENTIDO PINA / DERBY. ENVIANDO BATEDORES DA CTTU.,ILHA JOANA BEZERRA,,CIDADE,COLISÃO TRASEIRA,1,1,0,0,0,0,0,0,0,2,0,Viaduto,Bom,Não existe,Perfeito estado,Seca,Perfeito estado,Não existe,Não há placas,,Única,Faixa contínua,,
2022-07-29 00:00:00,,COM VÍTIMA,FINALIZADA,ILHA DO LEITE,AV GOVERNADOR AGAMENON MAGALHAES,1261,,PROX A FARMACIA PAGUE MENOS,ILHA DO LEITE,,OLINDA,COLISÃO FRONTAL,1,2,0,0,0,0,0,0,0,3,0,Longo da via,Bom,Não existe,Perfeito estado,Seca,Perfeito estado,Não existe,,60 km/h,Dupla,Canteiro central,,
2022-07-29 00:00:00,,COM VÍTIMA,CANCELADA,TORRÕES,AV ENGENHEIRO ABDIAS DE CARVALHO,3068,,"EM FRENTE AO SOS AUTO PEÇAS, ACIDENTES FLAGRADO PELO SISTEMA DE MONITORAMENTO , IMAGENS SALVAS, EQUIPE BP TRAN  PAROU NO LOCAL REALIZANDO APOIO E ACIONANDO O SOCORRO.",TORRÕES,271,CIDADE,COLISÃO TRASEIRA,0,2,0,0,0,0,0,0,0,3,0,,,,,,,,,,,,,
2022-07-29 00:00:00,,COM VÍTIMA,FINALIZADA,CORDEIRO,AV ENGENHEIRO ABDIAS DE CARVALHO,,RUA TIJUCAS,PRÓXIMO AO ESPETINHO PRIME,CORDEIRO,422,,COLISÃO TRANSVERSAL,1,1,0,0,0,0,0,0,0,1,0,Cruzamento,Bom,Sem defeito,Perfeito estado,Seca,Perfeito estado,,,,Dupla,,,
2022-07-30 00:00:00,,COM VÍTIMA,FINALIZADA,SANTO AMARO,AV CRUZ CABUGA,1419,,EM FRENTE À SEFAZ,SANTO AMARO,,CIDADE,COLISÃO LATERAL,1,1,0,0,0,0,0,0,0,1,0,Longo da via,Bom,Não existe,Perfeito estado,Seca,Perfeito estado,Não existe,Não há placas,40 km/h,Dupla,Faixa seccionada,,
2022-07-30 00:00:00,,COM VÍTIMA,FINALIZADA,IPUTINGA,RUA EMILIANO BRAGA,97,,EM FRENTE A PB HOSPITALAR,IPUTINGA,,SUBURBIO,COLISÃO LATERAL,1,1,0,0,0,0,0,0,0,1,0,Cruzamento,Chuvoso,Não existe,Não existente,,Mal conservada,Não existe,Não há placas,,,,,
2022-07-30 00:00:00,,COM VÍTIMA,CANCELADA,ARRUDA,RUA DO MACHADO,,RUA ZEFERINO AGRA,EM FRENTE A IGREJA DE SANTO ANTONIO,ARRUDA,,,COLISÃO LATERAL,1,1,0,0,0,0,0,0,0,1,0,,,,,,,,,,,,,
2022-07-30 00:00:00,,SEM VÍTIMA,CANCELADA,TORRE,AV BEIRA RIO,,,PROX A  PONTE DA TORRE,TORRE,,,COLISÃO LATERAL,2,0,0,0,0,0,0,0,0,0,0,,,,,,,,,,,,,
2022-07-30 00:00:00,,SEM VÍTIMA,CANCELADA,BOA VIAGEM,AV BOA VIAGEM,3232,,EM FRENTE AO EDF. ACAIACA,BOA VIAGEM,,,COLISÃO LATERAL,2,0,0,0,0,0,0,0,0,0,0,,,,,,,,,,,,,
2022-07-30 00:00:00,,COM VÍTIMA,CANCELADA,VÁRZEA,AV JOAQUIM RIBEIRO,867,,PRÓXIMO AO POSTO DISLUB / RESIDENCIAL MARCOS FREIRE,VÁRZEA,,,COLISÃO LATERAL,1,1,0,0,0,0,0,0,0,1,0,,,,,,,,,,,,,
2022-07-31 00:00:00,,SEM VÍTIMA,FINALIZADA,AREIAS,AV RECIFE,,,ALTURA DA PONTE DO CAÇOTE - SENTIDO CEASA,AREIAS,,,ATROPELAMENTO DE ANIMAL,1,0,0,0,0,0,0,0,1,0,0,,,,,,,,,,,,,
2022-07-31 00:00:00,,SEM VÍTIMA,FINALIZADA,AREIAS,AV RECIFE,,,ALTURA DA PONTE DO CAÇOTE - SENTIDO CEASA,AREIAS,,,ATROPELAMENTO DE ANIMAL,0,0,0,0,0,0,0,0,0,0,0,,,,,,,,,,,,,
2022-07-31 00:00:00,,SEM VÍTIMA,FINALIZADA,CORDEIRO,AV ENGENHEIRO ABDIAS DE CARVALHO,,AV GENERAL SAN MARTIN,"COLISÃO ATÍPICA : ENGAVETAMENTO ENTRE TRÊS VEÍCULOS, IMOBILAZADO POR ESTAR COM COMBUSTÍVEL  ( GÁS VEÍCULAR )  -  ORIENTADO A TIRA FOTOS DA DINÂMICA DO ACIDENTE, RETIRA OS VEÍCULOS PARA LOCAL SEGURO E POSTERIOR REALIZAR O BATE PRONTO.",CORDEIRO,,SUBURBIO,ENGAVETAMENTO,3,0,0,0,0,0,0,0,0,0,0,,,,,,,,,,,,,
2022-07-31 00:00:00,,COM VÍTIMA,FINALIZADA,CASA AMARELA,RUA PADRE LEMOS,,RUA SURUBIM,"KINITOS / ENTRADA VASCO DA GAMA ,  CLINICA ODONTOLOGICA",CASA AMARELA,,CIDADE,COLISÃO FRONTAL,0,2,0,0,0,0,0,0,0,2,0,Longo da via,Bom,Não existe,Incompleta,Seca,Mal conservada,Não existe,R-6a,,Dupla,Não existe,,
2022-07-31 00:00:00,,SEM VÍTIMA,FINALIZADA,MANGABEIRA,AV PROFESSOR JOSE DOS ANJOS,45,,PRÓXIMO DIGO POR TRÁS DO MOTEL.  UM EQUINO FOI ATROPELADO ESTAR AO SOLO VERIFICAR SE AINDA VIVE E E OU ESTAR COM A PATA QUEBRADA. ACIONANDO O GERENTE A  E  O CVA.,MANGABEIRA,,,ATROPELAMENTO DE ANIMAL,0,0,0,0,0,0,0,0,0,0,0,,,,,,,,,,,,,
2022-07-31 00:00:00,,COM VÍTIMA,FINALIZADA,BOA VIAGEM,RUA VISCONDE DE JEQUITINHONHA,1418,,"ANTES DO POSTO SHELL,  EM FRENTE AO EDIFICIL CARAVELAS",BOA VIAGEM,,SUBURBIO,COLISÃO LATERAL,1,1,0,0,0,1,0,0,0,1,0,Viaduto,Chuvoso,Não existe,Perfeito estado,Molhada,Perfeito estado,Não existe,Outras,60 km/h,Única,Faixa contínua,Faixa seccionada,
2022-07-31 00:00:00,,SEM VÍTIMA,FINALIZADA,ILHA JOANA BEZERRA,AV ADVOGADO JOSE PAULO CAVALCANTI,,VDO PAPA JOAO PAULO II,"UM EQUINO FOI ATROPELADO E VEIO A ÓBITO EM HORÁRIO NÃO INFORMADO, PORÉM AO AMANHECER POR CONTA DE UMA OBRA DA EMLURB FOI CONSTATADO O FATO. REPASSADO A GERENCIA CTTU PARA EFETIVAR A REMOÇÃO DO CORCEL.",ILHA JOANA BEZERRA,,CIDADE,ATROPELAMENTO DE ANIMAL,0,0,0,0,0,0,0,0,0,0,0,,,,,,,,,,,,,
2022-07-31 00:00:00,,SEM VÍTIMA,FINALIZADA,TORRE,RUA JOSE BONIFACIO,,,EM FRENTE A PADARIA NOVA ARMADA,TORRE,191,SUBURBIO,CHOQUE,1,0,0,0,0,0,0,0,0,0,0,Longo da via,Nublado,Sem defeito,Incompleta,Seca,Perfeito estado,Faixa de pedestre,R-6a,,Única,Faixa seccionada,,
2022-07-31 00:00:00,,SEM VÍTIMA,FINALIZADA,COHAB,RUA JOAO CORDEIRO DE SOUZA,,,EM FRENTE AO Nº 97,COHAB,,CIDADE,COLISÃO FRONTAL,2,0,0,0,0,0,0,0,0,0,0,Longo da via,Bom,Não existe,Perfeito estado,Seca,Perfeito estado,Não existe,Não há placas,,Dupla,Não existe,,
2022-08-01 00:00:00,,COM VÍTIMA,FINALIZADA,BARRO,AV DR JOSE RUFINO,,,PRÓXIMO À RUA PADRE NÓBREGA,BARRO,,CIDADE,COLISÃO LATERAL,0,0,0,0,0,0,0,0,0,1,0,,,,,,,,,,,,,
2022-08-01 00:00:00,,COM VÍTIMA,CANCELADA,BOA VISTA,RUA HENRIQUE DIAS,,AV GOVERNADOR AGAMENON MAGALHAES,APÓS A PRAÇA DO DERBY,BOA VISTA,,CIDADE,QUEDA,0,1,0,0,0,0,0,0,0,1,0,,,,,,,,,,,,,
2022-08-01 00:00:00,,COM VÍTIMA,FINALIZADA,BOA VIAGEM,RUA MARIA CAROLINA,,RUA MINISTRO NELSON HUNGRIA,E/F AO HOTEL BEACH CLASS  RESIDENCE,BOA VIAGEM,,,ATROPELAMENTO DE PESSOA,1,0,0,0,1,0,0,0,0,1,0,Cruzamento,Bom,Não existe,Perfeito estado,Seca,Perfeito estado,Não existe,Não há placas,,Única,Não existe,,
2022-08-02 00:00:00,,COM VÍTIMA,FINALIZADA,SÃO JOSÉ,AV SUL,,,SEMAFORO Nº 076,SÃO JOSÉ,76,SUBURBIO,COLISÃO TRANSVERSAL,1,0,0,0,0,1,0,0,0,1,0,Esquina,Chuvoso,Intermitente,Perfeito estado,Molhada,Perfeito estado,Não existe,Não há placas,,Dupla,Canteiro central,,
2022-08-02 00:00:00,,COM VÍTIMA,FINALIZADA,ESPINHEIRO,AV JOAO DE BARROS,1629,RUA ALFREDO DE CASTRO,"EM FRENTE AO BANCO ITAU,  FEDERAÇÃO ESPIRITA PERNAMBUCANA",ESPINHEIRO,,SUBURBIO,COLISÃO TRASEIRA,1,0,1,0,0,0,0,0,0,1,0,,,,,,,,,,,,,
2022-08-02 00:00:00,,SEM VÍTIMA,FINALIZADA,BOA VIAGEM,AV ENGENHEIRO DOMINGOS FERREIRA,1350,,EM FRENTE  CONJUNTO PERNAMBUCANO,BOA VIAGEM,,SUBURBIO,COLISÃO TRASEIRA,2,0,0,0,0,0,0,0,0,0,0,Longo da via,Bom,Não existe,Perfeito estado,Seca,Perfeito estado,Não existe,Não há placas,,Única,Faixa seccionada,,
2022-08-02 00:00:00,,SEM VÍTIMA,FINALIZADA,DERBY,RUA JENER DE SOUZA,,PRC DO DERBY,PÇ DO DERBY,DERBY,,CIDADE,,1,0,0,0,0,0,0,1,0,0,0,Cruzamento,Bom,Não existe,Incompleta,Seca,Perfeito estado,Faixa de pedestre,R-6c,,Única,Faixa seccionada,,
2022-08-02 00:00:00,,COM VÍTIMA,FINALIZADA,SANTO AMARO,AV NORTE MIGUEL ARRAES DE ALENCAR,866,,"EM FRENTE A RECIFE TONNER, GRAFICA E ASSISTÊNCIA TÉCNICA",SANTO AMARO,397,SUBURBIO,COLISÃO TRASEIRA,1,1,0,0,0,0,0,0,0,1,0,Longo da via,Bom,Desligado,Perfeito estado,Seca,Perfeito estado,Faixa de pedestre,Outras,60 km/h,Dupla,Faixa seccionada,Canteiro central,
2022-08-02 00:00:00,,COM VÍTIMA,FINALIZADA,MADALENA,AV CAXANGA,,RUA JOAO IVO DA SILVA,PRÓXIMO AO TÚNEL DA ABOLIÇÃO,MADALENA,257,CIDADE,COLISÃO COM CICLISTA,0,1,0,1,0,0,0,0,0,2,0,Longo da via,Bom,Sem defeito,Perfeito estado,Seca,Perfeito estado,Faixa de pedestre,Outras,,Dupla,Faixa contínua,,
2022-08-03 00:00:00,,COM VÍTIMA,FINALIZADA,CAXANGÁ,AV CAXANGA,1221,,DROGASIL,CAXANGÁ,,CIDADE,COLISÃO FRONTAL,1,1,0,0,0,0,0,0,0,1,0,,,,,,,,,,,,,
2022-08-03 00:00:00,,SEM VÍTIMA,FINALIZADA,SANTO AMARO,RUA COELHO LEITE,,RUA ARTUR COUTINHO,,SANTO AMARO,,CIDADE,,1,0,0,0,0,0,0,1,0,0,0,Cruzamento,Chuvoso,Não existe,Não existente,Molhada,Perfeito estado,Não existe,Não há placas,30 km/h,Dupla,Não existe,,
2022-08-03 00:00:00,,SEM VÍTIMA,FINALIZADA,BOA VIAGEM,RUA ANTONIO FALCAO,55,,EM FRENTE AO RESTAURANTE ILHA CAMARÕES,BOA VIAGEM,,,COLISÃO FRONTAL,2,0,0,0,0,0,0,0,0,0,0,,,,,,,,,,,,,
2022-08-03 00:00:00,,SEM VÍTIMA,FINALIZADA,ESPINHEIRO,RUA DO ESPINHEIRO,360,,,ESPINHEIRO,,SUBURBIO,COLISÃO TRASEIRA,2,0,0,0,0,0,0,0,0,0,0,Longo da via,Chuvoso,Não existe,Perfeito estado,Molhada,Perfeito estado,Não existe,Outras,40 km/h,Única,Não existe,,
2022-08-03 00:00:00,,COM VÍTIMA,FINALIZADA,MADALENA,RUA BENFICA,,RUA JOAO IVO DA SILVA,"EM FRENTE AO MUSEU DA ABOLIÇÃO, SENT. DERBY",MADALENA,257,CIDADE,COLISÃO LATERAL,0,1,0,0,0,0,0,1,0,1,0,Longo da via,Chuvoso,Sem defeito,Perfeito estado,Molhada,Perfeito estado,Faixa de pedestre,Outras,,Única,Faixa contínua,,
2022-08-03 00:00:00,,COM VÍTIMA,FINALIZADA,BOA VIAGEM,RUA TENENTE JOAO CICERO,833,AVENIDA CELSO FURTADO (VIA MANGUE),FABRICA DE SORVETE MILET,BOA VIAGEM,,CIDADE,COLISÃO LATERAL,1,1,0,0,0,0,0,0,0,1,0,Cruzamento,Chuvoso,Não existe,Perfeito estado,Molhada,Perfeito estado,Faixa de retenção,"Placas ""Pare""",60 km/h,Única,Faixa contínua,,
2022-08-03 00:00:00,,COM VÍTIMA,FINALIZADA,IPSEP,RUA PINTOR ANTONIO ALBUQUERQUE,51,RUA PROFESSOR JOSE VICENTE,MERCADINHO CONVENÇÃO,IPSEP,,SUBURBIO,COLISÃO TRANSVERSAL,1,1,0,0,0,0,0,0,0,1,0,Cruzamento,Chuvoso,Não existe,Perfeito estado,Molhada,Perfeito estado,Faixa de pedestre,"Placas ""Pare""",40 km/h,Única,Faixa seccionada,,
2022-08-03 00:00:00,,COM VÍTIMA,FINALIZADA,DERBY,AV GOVERNADOR AGAMENON MAGALHAES,,AV GOVERNADOR CARLOS DE LIMA CAVALCANTI,"LADO OPOSTO À PRAÇA DO DERBY, SENTIDO OLINDA",DERBY,75,SUBURBIO,COLISÃO TRASEIRA,1,0,0,0,0,1,0,0,0,1,0,Cruzamento,Chuvoso,Sem defeito,Perfeito estado,Molhada,Perfeito estado,,R-26,60 km/h,Única,Faixa contínua,,
2022-08-04 00:00:00,,SEM VÍTIMA,FINALIZADA,ILHA JOANA BEZERRA,AV DES GUERRA BARRETO,,,FÓRUM DESEMBARGADOR RODOLFO AURELIANO,ILHA JOANA BEZERRA,,,COLISÃO FRONTAL,0,0,0,0,0,0,0,0,0,0,0,,,,,,,,,,,,,
2022-08-04 00:00:00,,COM VÍTIMA,FINALIZADA,ARRUDA,AV PROFESSOR JOSE DOS ANJOS,159B,RUA DESENHISTA EULINO SANTOS,SEMÁFORO 642,ARRUDA,642,CIDADE,COLISÃO LATERAL,0,1,0,0,0,0,1,0,0,1,0,Esquina,Bom,Sem defeito,,Seca,Perfeito estado,Não existe,Outras,40 km/h,Dupla,Canal,,
2022-08-04 00:00:00,,COM VÍTIMA,FINALIZADA,ROSARINHO,RUA DES MARTINS PEREIRA,475,RUA TELES JUNIOR,POR TRÁS DO BIG BOMPREÇO,ROSARINHO,,,COLISÃO LATERAL,1,1,0,0,0,0,0,0,0,1,0,Cruzamento,Bom,Não existe,Perfeito estado,Seca,Perfeito estado,Faixa de pedestre,"Placas ""Pare""",30 km/h,Única,Faixa contínua,,
2022-08-04 00:00:00,,COM VÍTIMA,FINALIZADA,JIQUIÁ,AV DR JOSE RUFINO,13,,FABRICA DA IOLANDA,JIQUIÁ,,CIDADE,COLISÃO FRONTAL,0,1,0,0,0,0,0,1,0,1,0,Cruzamento,Bom,Não existe,Incompleta,Seca,Perfeito estado,Não existe,R-19,60 km/h,Dupla,Faixa contínua,Faixa seccionada,
2022-08-04 00:00:00,,SEM VÍTIMA,FINALIZADA,AFOGADOS,RUA PEDRO CABRAL DE OLIVEIRA,97,RUA SAO MIGUEL,AO LADO DA ESCOLA,AFOGADOS,,CIDADE,CHOQUE,2,0,0,0,0,0,1,0,0,0,0,Cruzamento,Bom,Não existe,Perfeito estado,Seca,Perfeito estado,Não existe,Não há placas,,Única,Não existe,,
2022-08-04 00:00:00,,COM VÍTIMA,FINALIZADA,CORDEIRO,EST DO FORTE DO ARRAIAL N. DO B. JESUS,922,,EM FRENTE A PEIXARIA  PAPESCANDO,CORDEIRO,,,COLISÃO COM CICLISTA,1,0,0,1,0,0,0,0,0,1,0,Longo da via,Bom,Não existe,Perfeito estado,Seca,Perfeito estado,Não existe,Não há placas,40 km/h,Dupla,Faixa contínua,,
2022-08-04 00:00:00,,SEM VÍTIMA,FINALIZADA,SANTO AMARO,RUA BARROS BARRETO,23,AV GOVERNADOR AGAMENON MAGALHAES,,SANTO AMARO,,CIDADE,CHOQUE,0,0,0,0,0,0,0,1,0,0,0,Longo da via,Bom,Não existe,Não existente,Seca,Perfeito estado,Faixa de pedestre,"Placas ""Pare""",,Dupla,Não existe,,
2022-08-04 00:00:00,,COM VÍTIMA,FINALIZADA,DOIS IRMÃOS,RUA DOIS IRMAOS,,,EM FRENTE AO LAFEPE,DOIS IRMÃOS,,SUBURBIO,COLISÃO TRASEIRA,1,1,0,0,0,0,0,0,0,1,0,Longo da via,Bom,Não existe,Perfeito estado,Seca,Perfeito estado,,,,Dupla,Faixa seccionada,,
2022-08-04 00:00:00,,COM VÍTIMA,FINALIZADA,TEJIPIÓ,AV DR JOSE RUFINO,,,ALÇA DA BR 101 SUL,TEJIPIÓ,,CIDADE,COLISÃO TRANSVERSAL,1,1,0,0,0,0,0,0,0,1,0,Esquina,Bom,Não existe,Perfeito estado,Seca,Perfeito estado,Não existe,Outras,,Dupla,Faixa seccionada,,
2022-08-05 00:00:00,,COM VÍTIMA,FINALIZADA,IPUTINGA,AV CAXANGA,,,"EM FRENTE AO GOLF CLUB, SENT. CIDADE",IPUTINGA,,,COLISÃO LATERAL,0,1,0,0,0,1,0,0,0,1,0,Longo da via,Chuvoso,Não existe,Perfeito estado,Molhada,Perfeito estado,Não existe,Não há placas,60 km/h,Dupla,Canteiro central,,
2022-08-05 00:00:00,,COM VÍTIMA,FINALIZADA,BOA VIAGEM,RUA ERNESTO DE PAULA SANTOS,1277,,EM FRENTE AOS CORREIOS,BOA VIAGEM,,SUBURBIO,COLISÃO TRASEIRA,1,1,0,0,0,0,0,0,0,2,0,Longo da via,Bom,Não existe,Perfeito estado,Seca,Perfeito estado,Não existe,R-6a,,Única,Faixa seccionada,,
2022-08-05 00:00:00,,SEM VÍTIMA,FINALIZADA,BOA VISTA,RUA JOAQUIM FELIPE,200,,PROX. AO POSTO SHELL,BOA VISTA,,CIDADE,,1,0,0,0,0,1,0,0,0,0,0,Longo da via,Bom,Não existe,Perfeito estado,Seca,Perfeito estado,Não existe,Não há placas,60 km/h,Única,Não existe,,
2022-08-05 00:00:00,,COM VÍTIMA,FINALIZADA,SANTO ANTÔNIO,AV DOM PEDRO I - IMPERADOR,100,,POR TRÁS DO FPORUM THOMAZ DE AQUINO,SANTO ANTÔNIO,,,COLISÃO LATERAL,2,1,0,0,0,0,0,0,0,1,0,Longo da via,Bom,Não existe,Perfeito estado,Seca,Perfeito estado,Não existe,Não há placas,60 km/h,Única,Faixa seccionada,,
2022-08-05 00:00:00,,COM VÍTIMA,FINALIZADA,BOA VIAGEM,AV DOM JOAO VI,,RUA JOSE DA SILVA LUCENA,PRÓX.  AO COLÉGIO GGE,BOA VIAGEM,,,COLISÃO LATERAL,1,1,0,0,0,0,0,0,0,1,0,Longo da via,Bom,Não existe,Ilegível,Seca,Mal iluminada,Não existe,Não há placas,,Única,Não existe,,
2022-08-05 00:00:00,,COM VÍTIMA,FINALIZADA,IPUTINGA,AV MAURICIO DE NASSAU,,,EM FRENTE AO HOSPITAL ALTINO VENTURA,IPUTINGA,645,SUBURBIO,COLISÃO TRANSVERSAL,1,1,0,0,0,0,0,0,0,1,0,Longo da via,Bom,Sem defeito,Perfeito estado,Seca,Perfeito estado,Faixa de pedestre,Não há placas,40 km/h,Dupla,Faixa contínua,,
2022-08-05 00:00:00,,COM VÍTIMA,FINALIZADA,CABANGA,AV ENGENHEIRO JOSE ESTELITA,,,APOS O CABANGA IATE CLUBE  S/T CID,CABANGA,,CIDADE,COLISÃO LATERAL,1,1,0,0,0,0,0,0,0,1,0,Longo da via,Bom,Não existe,Perfeito estado,Seca,Perfeito estado,Não existe,Não há placas,60 km/h,Dupla,Canteiro central,,
2022-08-05 00:00:00,,COM VÍTIMA,FINALIZADA,ARRUDA,RUA DESENHISTA EULINO SANTOS,169,,,ARRUDA,,CIDADE,ATROPELAMENTO DE ANIMAL,0,1,0,0,1,0,0,0,1,3,0,Longo da via,Bom,Não existe,Perfeito estado,Seca,Perfeito estado,Não existe,Não há placas,40 km/h,Dupla,Canteiro central,,
2022-08-05 00:00:00,,SEM VÍTIMA,CANCELADA,BREJO DA GUABIRABA,RUA SENHOR DO BONFIM,60,,EM FRENTE A GARAGEM DE ONIBUS DA GLOBO,BREJO DA GUABIRABA,,,COLISÃO LATERAL,1,0,0,0,0,1,0,0,0,0,0,,,,,,,,,,,,,
2022-08-05 00:00:00,,COM VÍTIMA,FINALIZADA,AREIAS,AV RECIFE,,,EM FERNTE AO BIG BOMPREÇO DA AV RECIFE - SENTIDO CEASA,AREIAS,,SUBURBIO,COLISÃO TRASEIRA,2,1,0,0,0,0,0,0,0,2,0,Longo da via,Bom,Sem defeito,Perfeito estado,Seca,Perfeito estado,,,60 km/h,Única,Faixa seccionada,,
2022-08-05 00:00:00,,COM VÍTIMA,FINALIZADA,AREIAS,RUA AURORA CACOTE,775,RUA DONA ANA AURORA,EM FRENTE AO FRIGORIFICO BOI QUENTE,AREIAS,,,COLISÃO FRONTAL,1,1,0,0,0,0,0,0,0,2,0,Longo da via,Bom,Não existe,Perfeito estado,Seca,Perfeito estado,Não existe,Não há placas,,Dupla,Não existe,,
2022-08-06 00:00:00,,COM VÍTIMA,FINALIZADA,BOA VIAGEM,AV BOA VIAGEM,998,,PRÓXIMO AO EDIFÍCIO ENGENHEIRO JULIO MARANHÃO FILHO,BOA VIAGEM,,,COLISÃO TRASEIRA,2,0,0,0,0,0,0,0,0,1,0,,,,,,,,,,,,,
2022-08-06 00:00:00,,SEM VÍTIMA,CANCELADA,MADALENA,RUA JOSE OSORIO,,RUA REAL DA TORRE,PROX. AO MERCADO DA MADALENA E POSTO BR,MADALENA,,,COLISÃO LATERAL,2,0,0,0,0,0,0,0,0,0,0,,,,,,,,,,,,,
2022-08-06 00:00:00,,SEM VÍTIMA,FINALIZADA,CASA AMARELA,AV NORTE MIGUEL ARRAES DE ALENCAR,4750,,LADO OPOSTO AO ARMAZÉM CORAL,CASA AMARELA,,,COLISÃO TRASEIRA,1,0,0,0,0,0,0,1,0,0,0,Longo da via,Bom,Não existe,Incompleta,Seca,Mal conservada,Outros,Outras,,Dupla,Canteiro central,,
2022-08-06 00:00:00,,COM VÍTIMA,FINALIZADA,IMBIRIBEIRA,AV MARECHAL MASCARENHAS DE MORAES,,RUA PAMPULHA,Mitsubishi,IMBIRIBEIRA,534,,COLISÃO LATERAL,1,1,0,0,0,0,0,0,0,1,0,Longo da via,Bom,Sem defeito,Perfeito estado,Seca,Perfeito estado,,,,Única,,,
2022-08-06 00:00:00,,COM VÍTIMA,FINALIZADA,IPSEP,RUA ITAJAI,246,,AO LADO DO BANCO ITAU,IPSEP,,SUBURBIO,COLISÃO TRANSVERSAL,2,0,0,0,0,0,0,0,0,2,0,Cruzamento,Bom,Não existe,Perfeito estado,Seca,Perfeito estado,Faixa de pedestre,Outras,40 km/h,Única,Não existe,,
2022-08-06 00:00:00,,COM VÍTIMA,FINALIZADA,APIPUCOS,RUA DE APIPUCOS,,,E/F AO PARQUE DE APIPUCOS,APIPUCOS,,SUBURBIO,CHOQUE,0,1,0,0,0,0,0,0,0,1,0,Longo da via,Bom,Não existe,Incompleta,Seca,Perfeito estado,Não existe,Outras,,Dupla,Faixa contínua,Faixa seccionada,
2022-08-06 00:00:00,,COM VÍTIMA,FINALIZADA,IMBIRIBEIRA,RUA JOAQUIM BANDEIRA,,RUA SARGENTO SILVINO DE MACEDO,MOTEL PRAIA SUL,IMBIRIBEIRA,,SUBURBIO,COLISÃO TRASEIRA,2,0,0,0,0,0,0,0,0,1,0,Cruzamento,Bom,Não existe,Incompleta,Seca,Mal iluminada,Não existe,Não há placas,,Dupla,Não existe,,
2022-08-07 00:00:00,,COM VÍTIMA,FINALIZADA,SANTO AMARO,AV MARIO MELO,,AV CRUZ CABUGA,EM FRENTE A IGREJA ASSEMBLÉIA DE DEUS,SANTO AMARO,,,COLISÃO TRANSVERSAL,0,2,0,0,0,0,0,0,0,2,0,Cruzamento,Chuvoso,Sem defeito,Perfeito estado,Molhada,Perfeito estado,Faixa de pedestre,Não há placas,,Dupla,Canteiro central,,
2022-08-07 00:00:00,,COM VÍTIMA,FINALIZADA,CAMPO GRANDE,RUA PROFESSOR FRANCISCO DA TRINDADE,481,RUA CATULO DA PAIXAO CEARENSE,,CAMPO GRANDE,,CIDADE,COLISÃO TRANSVERSAL,2,0,0,0,0,0,0,0,0,3,0,Cruzamento,Chuvoso,Não existe,Perfeito estado,Molhada,,Faixa de pedestre,"Placas ""Pare""",40 km/h,Dupla,Faixa seccionada,,
2022-08-07 00:00:00,,COM VÍTIMA,FINALIZADA,GRAÇAS,AV RUI BARBOSA,,RUA CARDEAL ARCOVERDE,PRÓX. AO SUPERMERCADO RECIBOM / RESTAURANTE ILHA DA KOSTA,GRAÇAS,126,,COLISÃO LATERAL,1,1,0,0,0,0,0,0,0,1,0,Cruzamento,Chuvoso,Sem defeito,Perfeito estado,Molhada,Perfeito estado,Faixa de pedestre,Não há placas,,Única,Não existe,,
2022-08-07 00:00:00,,COM VÍTIMA,FINALIZADA,BONGI,AV ENGENHEIRO ABDIAS DE CARVALHO,,,APOS O NOVO ATACAREJO,BONGI,,CIDADE,ATROPELAMENTO DE PESSOA,1,0,0,0,1,0,0,0,0,1,0,Longo da via,Bom,Não existe,Não existente,Seca,Perfeito estado,Não existe,Não há placas,,Dupla,,,
2022-08-07 00:00:00,,COM VÍTIMA,FINALIZADA,FUNDÃO,AV BEBERIBE,,RUA CORONEL URBANO RIBEIRO DE SENA,PRÓXIMO AO PAGODE DA PRESSÃO,FUNDÃO,307,CIDADE,COLISÃO TRANSVERSAL,1,1,0,0,0,0,0,0,0,1,0,Cruzamento,Bom,Sem defeito,Perfeito estado,Seca,Mal conservada,Faixa de pedestre,Outras,,Dupla,Faixa contínua,Faixa seccionada,
2022-08-08 00:00:00,,SEM VÍTIMA,FINALIZADA,IMBIRIBEIRA,AV MARECHAL MASCARENHAS DE MORAES,,VIADUTO TANCREDO NEVES,PROXIMO AO VIADUTO TANCREDO NEVES,IMBIRIBEIRA,,,COLISÃO FRONTAL,0,0,0,0,0,2,0,0,0,0,0,,,,,,,,,,,,,
2022-08-08 00:00:00,,COM VÍTIMA,FINALIZADA,BOA VIAGEM,AV DOM JOAO VI,,,EM FRENTE AO COLEGIO MOTIVO,BOA VIAGEM,,SUBURBIO,COLISÃO LATERAL,1,0,0,0,1,0,1,0,0,1,0,Longo da via,Bom,Não existe,Perfeito estado,Seca,Perfeito estado,,Não há placas,50 km/h,Única,Canal,,