data,hora,natureza,situacao,bairro,endereco,numero,detalhe_endereco_acidente,complemento,bairro_cruzamento,num_semaforo,sentido_via,tipo,auto,moto,ciclom,ciclista,pedestre,onibus,caminhao,viatura,outros,vitimas,vitimasfatais,acidente_verificado,tempo_clima,situacao_semaforo,sinalizacao,condicao_via,conservacao_via,ponto_controle,situacao_placa,velocidade_max_via,mao_direcao,divisao_via1,divisao_via2,divisao_via3
2022-08-08 00:00:00,,COM VÍTIMA,FINALIZADA,SÃO JOSÉ,RUA IMPERIAL,981,TRV DO RAPOSO,PROX AO HOTEL CRISTAL,SÃO JOSÉ,510,SUBURBIO,COLISÃO TRANSVERSAL,1,1,0,0,0,0,0,0,0,1,0,Cruzamento,Bom,Sem defeito,Incompleta,Seca,Mal conservada,Faixa de pedestre,R-6a,,Única,Faixa seccionada,,
2022-08-08 00:00:00,,COM VÍTIMA,FINALIZADA,ENCRUZILHADA,AV NORTE MIGUEL ARRAES DE ALENCAR,2991,,EM FRENTE À EXTRAFARMA,ENCRUZILHADA,,CIDADE,ATROPELAMENTO DE PESSOA,0,1,0,0,1,0,0,0,0,2,0,Longo da via,Bom,Não existe,Perfeito estado,Seca,Perfeito estado,Faixa de pedestre,Outras,,Dupla,Canteiro central,,
2022-08-08 00:00:00,,COM VÍTIMA,FINALIZADA,JIQUIÁ,RUA SAO MIGUEL,1294,,AFOGADOS ALUMINIO,JIQUIÁ,,SUBURBIO,COLISÃO LATERAL,1,1,0,0,0,0,0,0,0,1,0,Longo da via,Bom,Não existe,Perfeito estado,Seca,Perfeito estado,Não existe,Não há placas,,Dupla,Faixa seccionada,,
2022-08-08 00:00:00,,COM VÍTIMA,FINALIZADA,JORDÃO,AV MARIA IRENE,500,,EM FRENTE A NUE SUPERFICIES,JORDÃO,,,COLISÃO LATERAL,1,1,0,0,0,0,0,0,0,1,0,Longo da via,Bom,Não existe,Incompleta,Seca,Perfeito estado,Não existe,Não há placas,,Dupla,Faixa contínua,,
2022-08-08 00:00:00,,COM VÍTIMA,FINALIZADA,CABANGA,AV ANTONIO DE GOES,,,AO LADO DO CABANGA IATE CLUBE,CABANGA,,CIDADE,COLISÃO LATERAL,1,1,0,0,0,1,0,0,0,2,0,Ponte,Bom,Não existe,Perfeito estado,Seca,Perfeito estado,Não existe,Não há placas,60 km/h,Única,Faixa contínua,,
2022-08-09 00:00:00,,COM VÍTIMA,FINALIZADA,IPUTINGA,AV CAXANGA,3666,,PROX AO HOSPITAL BARÃO DE LUCENA,IPUTINGA,8,SUBURBIO,COLISÃO LATERAL,1,1,0,0,0,0,0,0,0,1,0,Cruzamento,Bom,Sem defeito,Perfeito estado,Seca,Perfeito estado,Faixa de pedestre,Outras,,Dupla,Canteiro central,,
2022-08-09 00:00:00,,COM VÍTIMA,FINALIZADA,PINA,RUA AMAZONAS,196,RUA TOME GIBSON,EDF. PARQUE AMAZONAS E EDF. ENCANTA MOÇA,PINA,,SUBURBIO,COLISÃO LATERAL,5,0,0,0,0,0,0,0,0,1,0,Cruzamento,Bom,Não existe,Perfeito estado,Seca,Perfeito estado,Faixa de pedestre,"Placas ""Pare""",,Única,Faixa seccionada,,
2022-08-09 00:00:00,,COM VÍTIMA,FINALIZADA,PINA,AVENIDA CELSO FURTADO (VIA MANGUE),,,"PROX. AOS RESIDENCIAIS, NO FINAL DA VIA MANGUE SENT. PINA",PINA,,CIDADE,CHOQUE,1,1,0,0,0,0,0,0,0,1,0,Longo da via,Bom,Não existe,Perfeito estado,Seca,Perfeito estado,,,,Dupla,Canteiro central,,
2022-08-09 00:00:00,,COM VÍTIMA,FINALIZADA,BOA VIAGEM,AV ENGENHEIRO DOMINGOS FERREIRA,1537,,E/F A CERPE,BOA VIAGEM,,SUBURBIO,COLISÃO TRASEIRA,1,1,0,0,0,0,0,0,0,1,0,Longo da via,Bom,Sem defeito,Perfeito estado,Seca,Perfeito estado,Faixa de pedestre,R-6a,60 km/h,Única,Canteiro central,,
2022-08-09 00:00:00,,COM VÍTIMA,FINALIZADA,SANTO AMARO,RUA DOS PALMARES,225,RUA ARNOBIO MARQUES,EM FRENTE AO JULIÃO,SANTO AMARO,,SUBURBIO,COLISÃO COM CICLISTA,1,0,0,1,0,0,0,0,0,1,0,Cruzamento,Bom,Não existe,Perfeito estado,Seca,Perfeito estado,Faixa de pedestre,Outras,,Única,Faixa seccionada,,
2022-08-09 00:00:00,,COM VÍTIMA,FINALIZADA,ILHA DO LEITE,RUA MINAS GERAIS,,RUA MARQUES AMORIM,POR TRÁS DA UNIMEDE 3,ILHA DO LEITE,,,COLISÃO FRONTAL,1,1,0,0,0,0,0,0,0,1,0,Longo da via,Bom,Não existe,Perfeito estado,Seca,Perfeito estado,Não existe,Não há placas,60 km/h,Única,Faixa seccionada,,
2022-08-09 00:00:00,,COM VÍTIMA,FINALIZADA,SÃO JOSÉ,RUA TOBIAS BARRETO,460,,PROX  MS  ELETRONICA E/F AO EDF MONTANHA,SÃO JOSÉ,,CIDADE,ATROPELAMENTO DE PESSOA,1,0,0,0,1,0,0,0,0,1,0,Longo da via,Bom,Não existe,Perfeito estado,Seca,Perfeito estado,Não existe,Outras,,Única,Não existe,,
2022-08-09 00:00:00,,COM VÍTIMA,FINALIZADA,TAMARINEIRA,RUA PADRE ROMA,,RUA DO FUTURO,EM FRENTE AO HOSPITAL ALBERT SABIN,TAMARINEIRA,,,COLISÃO COM CICLISTA,0,1,0,1,0,0,0,0,0,1,0,Cruzamento,Bom,Sem defeito,Perfeito estado,Seca,Perfeito estado,Faixa de pedestre,Não há placas,40 km/h,Única,Faixa seccionada,,
2022-08-10 00:00:00,,COM VÍTIMA,FINALIZADA,CIDADE UNIVERSITÁRIA,RUA PROFESSOR ANTONIO COELHO,70,,COLÉGIO E CURSO DESAFIO,CIDADE UNIVERSITÁRIA,,,ATROPELAMENTO DE PESSOA,0,0,0,0,1,1,0,0,0,1,0,,,,,,,,,,,,,
2022-08-10 00:00:00,,COM VÍTIMA,FINALIZADA,IBURA,AV DOIS RIOS,1091,RUA JORNALISTA EDSON REGIS,EM FRENTE AO POSTO BR,IBURA,,CIDADE,COLISÃO TRASEIRA,1,1,0,0,0,0,0,0,0,1,0,Longo da via,Bom,Sem defeito,Perfeito estado,Seca,Perfeito estado,Faixa de retenção,R-6a,,Dupla,Faixa contínua,,
2022-08-10 00:00:00,,COM VÍTIMA,FINALIZADA,IMBIRIBEIRA,AV MARECHAL MASCARENHAS DE MORAES,4514,,EMFRENTE AO FÓRUM TRABALHISTA,IMBIRIBEIRA,,,COLISÃO LATERAL,1,1,0,0,0,0,0,0,0,1,0,Longo da via,Bom,Sem defeito,Perfeito estado,Seca,Perfeito estado,Não existe,R-6a,60 km/h,Dupla,Canteiro central,,
2022-08-10 00:00:00,,COM VÍTIMA,FINALIZADA,GRAÇAS,RUA DAS CREOULAS,268,,EM FRENTE AO MACUNAÍMA,GRAÇAS,,,CHOQUE,1,0,0,0,0,0,0,0,0,1,0,Longo da via,Bom,Não existe,Perfeito estado,Seca,Perfeito estado,Não existe,R-6a,60 km/h,Única,Faixa seccionada,,
2022-08-10 00:00:00,,COM VÍTIMA,FINALIZADA,JOANA BEZERRA,RUA IMPERIAL,4217,RUA BOM SUCESSO,PROX AO VIADUTO CAPITÃO TEMUDO,JOANA BEZERRA,,SUBURBIO,COLISÃO TRANSVERSAL,1,1,0,0,0,0,0,0,0,1,0,Cruzamento,Bom,Não existe,Incompleta,Seca,Perfeito estado,Não existe,Não há placas,,Única,Faixa seccionada,,
2022-08-10 00:00:00,,COM VÍTIMA,FINALIZADA,MADALENA,AV JOSE GONCALVES DE MEDEIROS,2019,RUA COMENDADOR BENTO AGUIAR,EM FRENTE AO PAGUE MENOS,MADALENA,,SUBURBIO,COLISÃO LATERAL,1,1,0,0,0,0,0,0,0,1,0,Cruzamento,Bom,Não existe,Não existente,Seca,Mal conservada,Não existe,Não há placas,,Única,,,
2022-08-10 00:00:00,,COM VÍTIMA,FINALIZADA,AREIAS,AV CAPITAO GREGORIO DE CALDAS,266,,EM FRENTE AO RESTAURANTE DO BATATA,AREIAS,,,ATROPELAMENTO DE PESSOA,0,1,0,0,1,0,0,0,0,1,0,Longo da via,Bom,Não existe,Incompleta,Seca,Mal conservada,Não existe,"Placas ""Pare""",,Dupla,Não existe,,
2022-08-11 00:00:00,,COM VÍTIMA,FINALIZADA,SAN MARTIN,AV ENGENHEIRO ABDIAS DE CARVALHO,,AV GENERAL SAN MARTIN,NOVO ATACAREJO,SAN MARTIN,58,SUBURBIO,COLISÃO LATERAL,1,1,0,0,0,0,0,0,0,1,0,Cruzamento,Bom,Sem defeito,Perfeito estado,Seca,Perfeito estado,Faixa de pedestre,Não há placas,60 km/h,Dupla,Canteiro central,,
2022-08-11 00:00:00,,COM VÍTIMA,FINALIZADA,AFOGADOS,RUA SAO MIGUEL,1694,,CHURRASCARIA CHARQUE NA BRASA,AFOGADOS,,CIDADE,COLISÃO FRONTAL,2,1,0,0,0,0,0,0,0,1,0,Longo da via,Chuvoso,Sem defeito,Perfeito estado,Molhada,Perfeito estado,Outros,Outras,,Dupla,Faixa contínua,,
2022-08-11 00:00:00,,SEM VÍTIMA,FINALIZADA,BOA VISTA,RUA PRINCESA IZABEL,,RUA SETE DE SETEMBRO,FACULDADE DE DIREITO,BOA VISTA,,CIDADE,COLISÃO TRANSVERSAL,0,0,0,0,0,1,0,1,0,0,0,Cruzamento,Bom,Não existe,Perfeito estado,Seca,Perfeito estado,Faixa de pedestre,"Placas ""Pare""",,,Não existe,,
2022-08-11 00:00:00,,COM VÍTIMA,FINALIZADA,ARRUDA,AV BEBERIBE,1745,RUA ZEFERINO AGRA,PROX A DELEGACIA DE ÁGUA FRIA,ARRUDA,,CIDADE,COLISÃO TRANSVERSAL,1,1,0,0,0,0,0,0,0,2,0,,Bom,Não existe,,Seca,Perfeito estado,Faixa de pedestre,,40 km/h,Única,Faixa contínua,,
2022-08-11 00:00:00,,COM VÍTIMA,FINALIZADA,SÃO JOSÉ,AV SUL,488,RUA PADRE JOSE DE SA LEITAO,PROXIMO AO SEMAFORO  509,SÃO JOSÉ,509,CIDADE,COLISÃO TRASEIRA,1,1,0,0,0,0,0,0,0,1,0,Cruzamento,Bom,Sem defeito,Perfeito estado,Seca,Perfeito estado,Faixa de pedestre,Não há placas,,Única,Faixa contínua,,
2022-08-11 00:00:00,,COM VÍTIMA,FINALIZADA,MADALENA,RUA REAL DA TORRE,478,RUA JOSE OSORIO,EM FRENTE AO MERCADO DA MADALENA,MADALENA,,,COLISÃO LATERAL,1,1,0,0,0,0,0,0,0,1,0,Longo da via,Bom,Não existe,Perfeito estado,Seca,Perfeito estado,Não existe,Outras,,Única,Faixa seccionada,,
2022-08-11 00:00:00,,COM VÍTIMA,FINALIZADA,ÁGUA FRIA,RUA DA REGENERACAO,363,,PROX A LEO CHOP,ÁGUA FRIA,,SUBURBIO,COLISÃO FRONTAL,0,2,0,0,0,0,0,0,0,1,0,Longo da via,Bom,Não existe,Não existente,Molhada,Mal conservada,Não existe,Outras,40 km/h,Dupla,Não existe,,
2022-08-11 00:00:00,,SEM VÍTIMA,FINALIZADA,IPUTINGA,RUA CAPITAO AURELIO DE ARAUJO,58,,LADO OPOSTO AO RESTAURANTE BODE DO PRIMO,IPUTINGA,,,CHOQUE,2,0,0,0,0,0,0,0,0,0,0,Longo da via,Bom,Não existe,,Seca,Perfeito estado,Não existe,Não há placas,,Dupla,Não existe,,
2022-08-12 00:00:00,,COM VÍTIMA,FINALIZADA,ROSARINHO,AV NORTE MIGUEL ARRAES DE ALENCAR,2944,,EM FRENTE A EXTRA FARMA,ROSARINHO,,SUBURBIO,QUEDA,0,1,0,0,0,0,0,0,0,1,0,,,,,,,,,,,,,
2022-08-12 00:00:00,,COM VÍTIMA,FINALIZADA,SANTO AMARO,AV GOVERNADOR AGAMENON MAGALHAES,,,"EM FRENTE A UPE, SENT. OLINDA",SANTO AMARO,,SUBURBIO,COLISÃO LATERAL,1,1,0,0,0,0,0,0,0,1,0,Longo da via,Bom,Sem defeito,Perfeito estado,Seca,Perfeito estado,Outros,Outras,,Única,Faixa seccionada,,
2022-08-12 00:00:00,,SEM VÍTIMA,FINALIZADA,SAN MARTIN,RUA VINTE E UM DE ABRIL,,,EM FRENTE A PADARIA PARIS,SAN MARTIN,,CIDADE,,1,0,0,0,0,0,0,0,0,0,0,Longo da via,Bom,Não existe,Incompleta,Seca,Perfeito estado,Não existe,Não há placas,,Dupla,Faixa seccionada,,
2022-08-12 00:00:00,,COM VÍTIMA,FINALIZADA,CORDEIRO,AV CAXANGA,,AV GENERAL SAN MARTIN,EM FRENTE AO T.I. DA CAXANGÁ,CORDEIRO,80,CIDADE,COLISÃO TRASEIRA,1,1,0,0,0,0,0,0,0,1,0,Longo da via,Bom,Sem defeito,Perfeito estado,Seca,Perfeito estado,Faixa de pedestre,Não há placas,60 km/h,Única,,,
2022-08-12 00:00:00,,COM VÍTIMA,DUPLICIDADE,VÁRZEA,AV CAXANGA,,,EM FRENTE AO T.I. DA CAXANGÁ,VÁRZEA,,,COLISÃO TRASEIRA,1,1,0,0,0,0,0,0,0,1,0,,,,,,,,,,,,,
2022-08-12 00:00:00,,COM VÍTIMA,FINALIZADA,VÁRZEA,AV AFONSO OLINDENSE,700,,DEPÓSITO SÓ BEBIDAS,VÁRZEA,,,COLISÃO LATERAL,1,1,0,0,0,0,0,0,0,1,0,Longo da via,Bom,Não existe,Perfeito estado,Seca,Perfeito estado,Não existe,Outras,30 km/h,Dupla,Faixa contínua,,
2022-08-12 00:00:00,,SEM VÍTIMA,CANCELADA,ROSARINHO,AV NORTE MIGUEL ARRAES DE ALENCAR,3652,,E/F ALARME CENTER PROX  VISTORIA DO DETRAN  S/T  CID,ROSARINHO,,,COLISÃO FRONTAL,1,2,0,0,0,0,0,0,0,0,0,,,,,,,,,,,,,
2022-08-12 00:00:00,,COM VÍTIMA,FINALIZADA,COQUEIRAL,RUA LINHA NOVA,22,,EM FRENTE A VADO RECICLAGEM,COQUEIRAL,,,COLISÃO LATERAL,0,1,0,0,0,0,1,0,0,1,0,Esquina,Bom,Não existe,Perfeito estado,Seca,Perfeito estado,Não existe,Não há placas,,Dupla,Não existe,,
2022-08-12 00:00:00,,COM VÍTIMA,FINALIZADA,SANTO AMARO,RUA FREI CASSIMIRO,,RUA COELHO LEITE,AO LADO DO SENAI,SANTO AMARO,,SUBURBIO,COLISÃO TRANSVERSAL,1,1,0,0,0,0,0,0,0,1,0,Cruzamento,Bom,Não existe,Perfeito estado,Seca,Perfeito estado,Não existe,Não há placas,,Dupla,Faixa contínua,Faixa seccionada,
2022-08-12 00:00:00,,COM VÍTIMA,CANCELADA,IPSEP,AV RECIFE,,,PRÓXIMO AO ARMAZEM CORAL,IPSEP,,,ATROPELAMENTO DE PESSOA,0,0,0,0,0,0,0,0,0,1,0,,,,,,,,,,,,,
2022-08-12 00:00:00,,SEM VÍTIMA,FINALIZADA,IBURA,,,,"FICA NA RUA  AZEITONA, PRÓXIMO A FÁBRICA DA FREVO",IBURA,,SUBURBIO,CHOQUE,0,0,0,0,0,0,0,1,0,0,0,Longo da via,Bom,Não existe,Incompleta,Seca,Mal iluminada,Não existe,Não há placas,,Dupla,Não existe,,
2022-08-13 00:00:00,,SEM VÍTIMA,FINALIZADA,BOA VIAGEM,AV CONSELHEIRO AGUIAR,4252,,HABIBS,BOA VIAGEM,,,COLISÃO FRONTAL,2,0,0,0,0,0,0,0,0,0,0,,,,,,,,,,,,,
2022-08-13 00:00:00,,COM VÍTIMA,FINALIZADA,VÁRZEA,AV AFONSO OLINDENSE,895,,EM FRENTE A  DELICIA DO TRIGO,VÁRZEA,,SUBURBIO,COLISÃO TRASEIRA,1,1,0,0,0,0,0,0,0,1,0,Longo da via,Bom,Sem defeito,Perfeito estado,Seca,Perfeito estado,Não existe,,40 km/h,Dupla,Faixa contínua,,
2022-08-13 00:00:00,,COM VÍTIMA,FINALIZADA,AREIAS,AV DR JOSE RUFINO,955,RUA COSTA HONORATO,EM FRENTE A HONDA,AREIAS,,SUBURBIO,COLISÃO TRANSVERSAL,1,1,0,0,0,0,0,0,0,2,0,Cruzamento,Bom,Não existe,Perfeito estado,Seca,Perfeito estado,Outros,Outras,50 km/h,Dupla,Faixa contínua,,
2022-08-13 00:00:00,,COM VÍTIMA,FINALIZADA,IMBIRIBEIRA,AV GENERAL MAC ARTHUR,,,EM FRENTE AO LE PARC,IMBIRIBEIRA,673,SUBURBIO,COLISÃO TRANSVERSAL,1,1,0,0,0,0,0,0,0,1,0,Longo da via,Bom,Sem defeito,Perfeito estado,Seca,Perfeito estado,Faixa de pedestre,Não há placas,40 km/h,Única,Faixa seccionada,,
2022-08-13 00:00:00,,COM VÍTIMA,FINALIZADA,BOA VIAGEM,RUA DR LUIZ INACIO PESSOA DE MELO,342,,E/F AO SUPERMERCADO TREVO,BOA VIAGEM,,CIDADE,COLISÃO FRONTAL,1,1,0,0,0,0,0,0,0,1,0,Longo da via,Bom,Não existe,Perfeito estado,Seca,Perfeito estado,Não existe,Outras,,Dupla,Faixa seccionada,,
2022-08-13 00:00:00,,COM VÍTIMA,FINALIZADA,BOA VISTA,AV GOVERNADOR AGAMENON MAGALHAES,,,EM FRENTE AO COLEGIO AMERICANO BATISTA,BOA VISTA,37,SUBURBIO,COLISÃO TRASEIRA,1,1,0,0,0,0,0,0,0,1,0,Longo da via,Bom,Sem defeito,Perfeito estado,Seca,Perfeito estado,Faixa de pedestre,R-6a,,Dupla,Canteiro central,,
2022-08-13 00:00:00,,COM VÍTIMA,FINALIZADA,SANTO AMARO,RUA TREZE DE MAIO,914A,RUA FREI CASSIMIRO,,SANTO AMARO,,SUBURBIO,COLISÃO LATERAL,1,1,0,0,0,0,0,0,0,2,0,Cruzamento,Bom,Não existe,Perfeito estado,Seca,Perfeito estado,Faixa de pedestre,Outras,,Dupla,Faixa contínua,,
2022-08-14 00:00:00,,COM VÍTIMA,CANCELADA,DERBY,AV GOVERNADOR AGAMENON MAGALHAES,,PRC DO DERBY,PRAÇA DO DERBY,DERBY,75,,COLISÃO TRANSVERSAL,1,1,0,0,0,0,0,0,0,1,0,,,,,,,,,,,,,
2022-08-14 00:00:00,,COM VÍTIMA,FINALIZADA,BARRO,AV DR JOSE RUFINO,1897,,"EM FRENTE A GALERIA BARRO, PROX. AO POSTO DE GASOLINA IMPERIO",BARRO,,CIDADE,CHOQUE,1,0,0,0,0,0,0,0,0,1,0,Longo da via,Bom,Não existe,Perfeito estado,Seca,Perfeito estado,Não existe,Não há placas,40 km/h,,Faixa contínua,,
2022-08-14 00:00:00,,COM VÍTIMA,FINALIZADA,CAJUEIRO,AV BEBERIBE,,RUA MAJOR DAVINO,NA ESQUINA DA PIZZARIA VICIOS,CAJUEIRO,307,,COLISÃO TRANSVERSAL,1,1,0,0,0,0,0,0,0,1,0,Cruzamento,Bom,Sem defeito,Perfeito estado,Seca,Perfeito estado,Faixa de pedestre,Não há placas,,Dupla,Faixa contínua,,
2022-08-14 00:00:00,,COM VÍTIMA,FINALIZADA,ALTO SANTA TERESINHA,AV ANIBAL BENEVOLO,636,,EM FRENTE AO CLUBE BELA VISTA,ALTO SANTA TERESINHA,,CIDADE,COLISÃO LATERAL,1,0,1,0,0,0,0,0,0,1,0,Longo da via,Bom,Não existe,Perfeito estado,Seca,Perfeito estado,Não existe,Outras,30 km/h,Dupla,Não existe,,
2022-08-14 00:00:00,,COM VÍTIMA,FINALIZADA,ESPINHEIRO,RUA DO ESPINHEIRO,,RUA SANTO ELIAS,DE FRENTE AO POSTO IPIRANGA,ESPINHEIRO,,CIDADE,COLISÃO TRANSVERSAL,2,0,0,0,0,0,0,0,0,1,0,Cruzamento,Bom,Não existe,Incompleta,Seca,Perfeito estado,Faixa de pedestre,"Placas ""Pare""",,Única,Faixa seccionada,,
2022-08-14 00:00:00,,COM VÍTIMA,FINALIZADA,ÁGUA FRIA,AV BEBERIBE,2584,,PROX AO PAGODE DA PRESSÃO,ÁGUA FRIA,,SUBURBIO,COLISÃO COM CICLISTA,0,0,0,1,0,1,0,0,0,1,0,Longo da via,Bom,Não existe,Perfeito estado,Seca,Perfeito estado,Não existe,R-6a,,Dupla,Faixa seccionada,,
2022-08-15 00:00:00,,SEM VÍTIMA,FINALIZADA,IMBIRIBEIRA,AV MARECHAL MASCARENHAS DE MORAES,,,LADO OPOSTO AO Nº 4890 / EM FRENTE AO MARTELINHO DE OURO,IMBIRIBEIRA,,CIDADE,COLISÃO TRASEIRA,2,0,0,0,0,0,0,0,0,0,0,Longo da via,Bom,Não existe,Perfeito estado,Seca,Perfeito estado,Não existe,R-6a,60 km/h,Única,Faixa seccionada,,
2022-08-15 00:00:00,,COM VÍTIMA,FINALIZADA,IMBIRIBEIRA,RUA ITACARI,162,RUA ITAJAI,EM FRENTE À YNOVE,IMBIRIBEIRA,,,COLISÃO LATERAL,1,1,0,0,0,0,0,0,0,1,0,Cruzamento,Bom,Não existe,Perfeito estado,Seca,Perfeito estado,Faixa de pedestre,Outras,,Dupla,Faixa contínua,,
2022-08-15 00:00:00,,SEM VÍTIMA,FINALIZADA,IMBIRIBEIRA,AV MARECHAL MASCARENHAS DE MORAES,2657,,EM FRENTE A IMBIRIBEIRA DIESEL,IMBIRIBEIRA,7,CIDADE,COLISÃO TRASEIRA,1,0,0,0,0,0,0,0,1,0,0,Cruzamento,Bom,Sem defeito,Incompleta,Seca,Perfeito estado,Faixa de pedestre,R-6a,,Dupla,Canteiro central,,
2022-08-15 00:00:00,,SEM VÍTIMA,CANCELADA,ALTO DO MANDU,RUA TRAMANDAI,175,,PROX AO POSTO DE SAUDE,ALTO DO MANDU,,,COLISÃO LATERAL,1,0,0,0,0,0,1,0,0,0,0,,,,,,,,,,,,,
2022-08-15 00:00:00,,SEM VÍTIMA,FINALIZADA,ESTÂNCIA,RUA JOAO TEIXEIRA,601,,NO FINAL DA RUA DO COLEGIO VISAO,ESTÂNCIA,,,COLISÃO FRONTAL,2,0,0,0,0,0,0,0,0,0,0,,,,,,,,,,,,,
2022-08-15 00:00:00,,COM VÍTIMA,FINALIZADA,MADALENA,RUA REAL DA TORRE,332,,EM FRENTE DA MARCOS EQUIPADORA,MADALENA,,SUBURBIO,ATROPELAMENTO DE PESSOA,0,1,0,0,1,0,0,0,0,1,0,Longo da via,Bom,Não existe,Perfeito estado,Seca,Perfeito estado,Não existe,Outras,50 km/h,,Faixa seccionada,,
2022-08-15 00:00:00,,COM VÍTIMA,FINALIZADA,SANTO AMARO,AV GOVERNADOR AGAMENON MAGALHAES,465,,EM FRENTE A UPE/ SENTIDO OLINDA,SANTO AMARO,,SUBURBIO,COLISÃO LATERAL,1,1,0,0,0,0,0,0,0,1,0,Longo da via,Bom,Sem defeito,Perfeito estado,Seca,Perfeito estado,Faixa de pedestre,Não há placas,,Dupla,Canal,,
2022-08-15 00:00:00,,COM VÍTIMA,FINALIZADA,SANTO AMARO,AV NORTE MIGUEL ARRAES DE ALENCAR,637,,APOS O SEMAFORO DA RUA 13 DE MAIO,SANTO AMARO,,CIDADE,ATROPELAMENTO DE PESSOA,0,1,0,0,1,0,0,0,0,1,0,Longo da via,Bom,Não existe,Perfeito estado,Seca,Perfeito estado,Não existe,Não há placas,60 km/h,Dupla,Canteiro central,,
2022-08-16 00:00:00,,COM VÍTIMA,FINALIZADA,PINA,AV ANTONIO DE GOES,742,RUA MANOEL DE BRITO,EM FRENTE AO EMPRESARIAL JOPIN,PINA,103,,ATROPELAMENTO DE ANIMAL,0,1,0,0,0,0,0,0,1,2,0,Cruzamento,Bom,Sem defeito,Perfeito estado,Seca,Perfeito estado,Faixa de pedestre,R-25b,60 km/h,Única,Canteiro central,,
2022-08-16 00:00:00,,SEM VÍTIMA,FINALIZADA,JAQUEIRA,RUA PADRE ROMA,149,AV CONS ROSA E SILVA,APÓS HOSPITAL CORREIA PICANÇO,JAQUEIRA,61,SUBURBIO,COLISÃO TRASEIRA,2,0,0,0,0,0,0,1,0,0,0,Cruzamento,Bom,Sem defeito,Perfeito estado,Seca,Perfeito estado,Faixa de pedestre,R-6a,,Dupla,Faixa contínua,Faixa seccionada,
2022-08-16 00:00:00,,COM VÍTIMA,FINALIZADA,ESPINHEIRO,RUA CONS PORTELA,676,AV JOAO DE BARROS,PROXIMO AO ITAU,ESPINHEIRO,,,ATROPELAMENTO DE PESSOA,1,0,0,0,1,0,0,0,0,1,0,Longo da via,Bom,Não existe,Perfeito estado,Seca,Perfeito estado,Faixa de pedestre,R-6a,,Única,Faixa,,
2022-08-17 00:00:00,,COM VÍTIMA,FINALIZADA,VASCO DA GAMA,RUA CORREGO DO OURO,352,,PANIFICADORA VITOR,VASCO DA GAMA,,,COLISÃO LATERAL,1,0,0,0,0,0,1,0,0,1,0,Longo da via,Bom,Não existe,Não existente,Seca,Perfeito estado,Não existe,Não há placas,,Dupla,Não existe,,
2022-08-17 00:00:00,,COM VÍTIMA,FINALIZADA,DOIS IRMÃOS,RUA MANUEL DE MEDEIROS,,,EM FRENTE À UFRPE,DOIS IRMÃOS,,,COLISÃO FRONTAL,1,1,0,0,0,0,0,0,0,1,0,Cruzamento,Chuvoso,Sem defeito,Perfeito estado,Molhada,Perfeito estado,Não existe,Não há placas,,Dupla,Faixa seccionada,,
2022-08-17 00:00:00,,SEM VÍTIMA,FINALIZADA,IMBIRIBEIRA,RUA JOAQUIM BANDEIRA,374,AV SUL,EM FRENTE A MAFEMA E AO LADO DA ESTAÇÃO ANTÔNIO FALCÃO ( METRÔ),IMBIRIBEIRA,,CIDADE,,1,0,0,0,0,0,0,1,0,0,0,Longo da via,Bom,Não existe,Perfeito estado,Seca,Perfeito estado,Não existe,Outras,,Única,Faixa seccionada,,
2022-08-17 00:00:00,,COM VÍTIMA,CANCELADA,SANTO ANTÔNIO,PRC DA REPUBLICA,,AV DANTAS BARRETO,EM FRENTE AO TEATRO SANTA  ISABEL,SANTO ANTÔNIO,,,COLISÃO LATERAL,1,1,0,0,0,0,0,0,0,1,0,,,,,,,,,,,,,
2022-08-17 00:00:00,,COM VÍTIMA,FINALIZADA,BOA VISTA,RUA DO HOSPICIO,,RUA PRINCESA IZABEL,CAMERA DOS VEREADOPRES,BOA VISTA,31,,ATROPELAMENTO DE PESSOA,1,0,0,0,1,0,0,0,0,1,0,Cruzamento,Bom,Sem defeito,Perfeito estado,Seca,Perfeito estado,Faixa de pedestre,Outras,,Dupla,Faixa contínua,,
2022-08-17 00:00:00,,COM VÍTIMA,FINALIZADA,BOA VISTA,AV CONDE DA BOA VISTA,1288,,PRÓXIMO AO BRADESCO,BOA VISTA,,SUBURBIO,COLISÃO TRASEIRA,1,1,0,0,0,0,0,0,0,1,0,Longo da via,Chuvoso,Sem defeito,Perfeito estado,Molhada,Perfeito estado,Outros,Não há placas,,Dupla,Canteiro central,,