data,hora,natureza,situacao,bairro,endereco,numero,detalhe_endereco_acidente,complemento,bairro_cruzamento,num_semaforo,sentido_via,tipo,auto,moto,ciclom,ciclista,pedestre,onibus,caminhao,viatura,outros,vitimas,vitimasfatais,acidente_verificado,tempo_clima,situacao_semaforo,sinalizacao,condicao_via,conservacao_via,ponto_controle,situacao_placa,velocidade_max_via,mao_direcao,divisao_via1,divisao_via2,divisao_via3
2022-09-01 00:00:00,,COM VÍTIMA,FINALIZADA,MADALENA,AV VISCONDE DE ALBUQUERQUE,401,RUA LOPES DE CARVALHO,"COMITÊ MIGUEL COELHO ,  GALERIA MADALENA CENTER",MADALENA,,,COLISÃO LATERAL,3,0,0,0,0,0,0,0,0,2,0,Cruzamento,Bom,Não existe,Perfeito estado,Seca,Perfeito estado,Não existe,"Placas ""Pare""",,Única,Faixa seccionada,,
2022-09-01 00:00:00,,COM VÍTIMA,FINALIZADA,AFOGADOS,RUA SAO MIGUEL,1165,RUA ARNALDO PIMENTEL,EM FRENTE A POLICLINICA SÃO FRANCISCO,AFOGADOS,,CIDADE,COLISÃO FRONTAL,1,1,0,0,0,0,0,0,0,1,0,Cruzamento,Bom,Não existe,Perfeito estado,Seca,Perfeito estado,Não existe,Não há placas,50 km/h,Dupla,Faixa contínua,,
2022-09-01 00:00:00,,COM VÍTIMA,FINALIZADA,BAIRRO DO RECIFE,RUA DA AURORA,,,NA FRENTE DO INSTITUTO TAVARES BURIL,BAIRRO DO RECIFE,,,COLISÃO TRASEIRA,2,0,0,0,0,0,0,0,0,1,0,Longo da via,Bom,Não existe,Perfeito estado,Seca,Perfeito estado,Não existe,Não há placas,,Única,Canteiro central,,
2022-09-01 00:00:00,,SEM VÍTIMA,FINALIZADA,BOA VIAGEM,RUA VISCONDE DE JEQUITINHONHA,,RUA BALTAZAR PASSOS,,BOA VIAGEM,154,SUBURBIO,COLISÃO TRANSVERSAL,1,0,0,0,0,0,0,1,0,0,0,Cruzamento,Bom,Sem defeito,Perfeito estado,Seca,Perfeito estado,Faixa de pedestre,Outras,40 km/h,Única,Faixa contínua,,
2022-09-01 00:00:00,,COM VÍTIMA,FINALIZADA,IMBIRIBEIRA,AV MARECHAL MASCARENHAS DE MORAES,,,EM FRENTE A FLOR E ARTE NO FINAL DA AVENIDA,IMBIRIBEIRA,,CIDADE,COLISÃO TRASEIRA,1,1,0,0,0,0,0,0,0,2,0,Longo da via,Bom,Sem defeito,Perfeito estado,Seca,Perfeito estado,Faixa de pedestre,,,Única,Faixa contínua,Faixa seccionada,Canteiro central
2022-09-01 00:00:00,,COM VÍTIMA,FINALIZADA,IPSEP,AV RECIFE,,,SAL E BRASA,IPSEP,,SUBURBIO,COLISÃO TRASEIRA,0,1,0,0,0,0,1,0,0,1,0,Longo da via,Bom,Não existe,Perfeito estado,Seca,Perfeito estado,Não existe,Não há placas,,,Faixa seccionada,,
2022-09-01 00:00:00,,COM VÍTIMA,FINALIZADA,PORTO DA MADEIRA,AV BEBERIBE,4011,RUA ARAPARI,EM FRENTE AO REI DO ARRUMADINHO,PORTO DA MADEIRA,,SUBURBIO,COLISÃO FRONTAL,1,1,0,0,0,0,0,0,0,1,0,Esquina,Chuvoso,Não existe,Não existente,Molhada,Perfeito estado,Não existe,Não há placas,,Dupla,Não existe,,
2022-09-02 00:00:00,,COM VÍTIMA,FINALIZADA,CORDEIRO,AV CAXANGA,3124,RUA CAPITAO AURELIO DE ARAUJO,EM FENTE À MOVIDA ALUGUEL DE CARROS,CORDEIRO,610,SUBURBIO,COLISÃO LATERAL,1,1,0,0,0,0,0,0,0,1,0,Longo da via,Chuvoso,Sem defeito,Perfeito estado,Molhada,Perfeito estado,Faixa de pedestre,R-6a,,Dupla,Faixa contínua,Canteiro central,
2022-09-02 00:00:00,,COM VÍTIMA,FINALIZADA,GRAÇAS,AV GOVERNADOR AGAMENON MAGALHAES,,1 TRV JUSTICA E PAZ,EM FRENTE A QUADRA DO CLUBE PORTUGUÊS,GRAÇAS,,CIDADE,ATROPELAMENTO DE PESSOA,0,1,0,0,1,0,0,0,0,1,0,Longo da via,Bom,Não existe,Perfeito estado,Seca,Perfeito estado,Não existe,Não há placas,,Dupla,Canteiro central,,
2022-09-02 00:00:00,,COM VÍTIMA,CANCELADA,GRAÇAS,RUA DO FUTURO,,RUA AMELIA,BEM NO CRUZAMENTO DAS RUAS,GRAÇAS,,,COLISÃO COM CICLISTA,1,0,0,1,0,0,0,0,0,1,0,,,,,,,,,,,,,
2022-09-02 00:00:00,,COM VÍTIMA,CANCELADA,JORDÃO,RUA BEIRA RIO,847,,EM FRENTE A PANIFICADORA SÃO JORGE,JORDÃO,,,ATROPELAMENTO DE PESSOA,1,0,0,0,1,0,0,0,0,1,0,,,,,,,,,,,,,
2022-09-02 00:00:00,,SEM VÍTIMA,FINALIZADA,BAIRRO DO RECIFE,PTE GIRATORIA,,,SOBRE A PONTE,BAIRRO DO RECIFE,,,CHOQUE,0,0,0,0,0,0,1,0,0,0,0,Longo da via,Bom,Sem defeito,Perfeito estado,Seca,Perfeito estado,Faixa de retenção,Não há placas,,Dupla,Canteiro central,,
2022-09-03 00:00:00,,COM VÍTIMA,FINALIZADA,ILHA DO RETIRO,RUA COMENDADOR BENTO AGUIAR,95,AV JOSE GONCALVES DE MEDEIROS,EM FRENTE HJ VEICULOS,ILHA DO RETIRO,,,COLISÃO TRASEIRA,0,2,0,0,0,0,0,0,0,1,0,Longo da via,Bom,Não existe,Perfeito estado,Seca,Perfeito estado,Não existe,Não há placas,40 km/h,Dupla,Não existe,,
2022-09-03 00:00:00,,SEM VÍTIMA,FINALIZADA,CASA AMARELA,RUA CONS NABUCO,,EST DAS UBAIAS,PROXIMO AO POSTO DE GASOLINA BR,CASA AMARELA,,,CHOQUE,1,0,0,0,0,0,0,0,0,0,0,,,,,,,,,,,,,
2022-09-03 00:00:00,,COM VÍTIMA,FINALIZADA,ARRUDA,AV BEBERIBE,1581,RUA ALEGRE,E/F A CASA DE FESTA BATE PAPO,ARRUDA,64,SUBURBIO,COLISÃO LATERAL,0,1,0,0,0,1,0,0,0,1,0,Cruzamento,Bom,Sem defeito,Perfeito estado,Seca,Perfeito estado,Faixa de pedestre,Não há placas,,Única,Não existe,,
2022-09-03 00:00:00,,COM VÍTIMA,FINALIZADA,IPSEP,AV RECIFE,,,NO SEMAFORO 247  E/F A LOJA  JJK AUTOS   S/T BOA VIAGEM,IPSEP,,,COLISÃO LATERAL,3,1,0,0,0,0,0,0,0,1,0,,,,,,,,,,,,,
2022-09-03 00:00:00,,COM VÍTIMA,FINALIZADA,AREIAS,AV DR JOSE RUFINO,1260,RUA DA VILA,E/F  AO ARCO MIX,AREIAS,,CIDADE,COLISÃO LATERAL,1,1,0,0,0,0,0,0,0,1,0,Cruzamento,Bom,Não existe,Ilegível,Seca,Mal conservada,Não existe,Não há placas,60 km/h,Dupla,Faixa contínua,,
2022-09-03 00:00:00,,COM VÍTIMA,FINALIZADA,MADALENA,TUNEL DA ABOLICAO,,,DENTRO DO TUNEL,MADALENA,,CIDADE,QUEDA,0,1,0,0,0,0,0,0,0,2,0,Longo da via,Bom,Não existe,Incompleta,Molhada,Mal conservada,Não existe,Outras,,Única,Não existe,,
2022-09-03 00:00:00,,COM VÍTIMA,FINALIZADA,CASA FORTE,AV DEZESSETE DE AGOSTO,1869,,E/F AO COLEGIO MOTIVO S/T  SUB,CASA FORTE,,CIDADE,COLISÃO TRASEIRA,1,1,0,0,0,0,0,0,0,1,0,Longo da via,Bom,Sem defeito,Perfeito estado,Seca,Perfeito estado,Faixa de pedestre,Outras,,Dupla,Faixa contínua,,
2022-09-03 00:00:00,,COM VÍTIMA,FINALIZADA,JIQUIÁ,AV JOAO CABRAL DE MELO NETO,756,AV RECIFE,COLISÃO ENTRE DOIS VEÍCULOS,JIQUIÁ,,SUBURBIO,COLISÃO TRASEIRA,1,0,0,1,0,0,0,0,0,1,0,Longo da via,Bom,Não existe,Perfeito estado,Seca,Perfeito estado,Não existe,Não há placas,,Dupla,Canteiro central,,
2022-09-03 00:00:00,,COM VÍTIMA,FINALIZADA,CORDEIRO,RUA PROFESSOR JOAQUIM XAVIER DE BRITO,315,AV MARIO ALVARES PEREIRA DE LYRA,SOB SEMÁFORO 134  INFORMADO PELO SUPERVISOR GUTENBERG QUE A CELPE ENCONTRA-SE NO LOCAL DANDO PRECEDIMENTO  AO SERVIÇO  INFORMADO ÀS 18:02,CORDEIRO,134,CIDADE,CHOQUE,0,1,0,0,0,0,1,0,0,1,0,Cruzamento,Bom,Sem defeito,Perfeito estado,Seca,Perfeito estado,Faixa de pedestre,Não há placas,,Dupla,Não existe,,
2022-09-03 00:00:00,,COM VÍTIMA,FINALIZADA,TORRE,RUA JOSE BONIFACIO,1315,,COLISAO DENTRO DO CARREFOUR  NO TERREO PROX A OFICINA,TORRE,,,COLISÃO LATERAL,1,1,0,0,0,0,0,0,0,1,0,,Bom,,,,,,,,,,,
2022-09-03 00:00:00,,SEM VÍTIMA,FINALIZADA,ILHA DO RETIRO,AV ENGENHEIRO ABDIAS DE CARVALHO,,EST DOS REMEDIOS,NA LANCHONETE BOBES,ILHA DO RETIRO,,,COLISÃO TRASEIRA,3,0,0,0,0,0,0,0,0,0,0,,,,,,,,,,,,,
2022-09-03 00:00:00,,COM VÍTIMA,FINALIZADA,MADALENA,AV BEIRA RIO,825,RUA DOM JOAO DE SOUZA,E/F A CASA DO GOVERNADOR,MADALENA,,,ATROPELAMENTO DE PESSOA,0,1,0,0,1,0,0,0,0,2,0,Longo da via,Bom,Sem defeito,Perfeito estado,Seca,Mal iluminada,Faixa de pedestre,Outras,60 km/h,Dupla,Faixa contínua,,
2022-09-03 00:00:00,,COM VÍTIMA,FINALIZADA,CASA AMARELA,AV NORTE MIGUEL ARRAES DE ALENCAR,,RUA VASCO DA GAMA,ENTRADA DO VASCO DA GAMA,CASA AMARELA,66,SUBURBIO,COLISÃO FRONTAL,0,1,0,0,0,1,0,0,0,2,0,Cruzamento,Bom,Sem defeito,Perfeito estado,Seca,Perfeito estado,Faixa de pedestre,Não há placas,60 km/h,Dupla,Canteiro central,,
2022-09-03 00:00:00,,COM VÍTIMA,FINALIZADA,CAXANGÁ,AV CAXANGA,,,PRÓXIMO AO TERMINAL INTEGRADO DA CAXANGÁ ( GETÚLIO VARGAS),CAXANGÁ,80,CIDADE,ATROPELAMENTO DE PESSOA,0,1,0,0,1,0,0,0,0,1,0,Cruzamento,Bom,Sem defeito,Perfeito estado,Seca,Perfeito estado,Faixa de pedestre,Outras,,Dupla,Canteiro central,,
2022-09-03 00:00:00,,SEM VÍTIMA,FINALIZADA,MADALENA,AV ENGENHEIRO ABDIAS DE CARVALHO,,,PRÓXIMO A FACULDADE ESTÁCIO,MADALENA,,CIDADE,CHOQUE,0,0,0,0,0,0,0,0,0,0,0,Longo da via,Bom,Desligado,Perfeito estado,Seca,Perfeito estado,Faixa de pedestre,R-6a,,Única,Faixa seccionada,,
2022-09-04 00:00:00,,COM VÍTIMA,FINALIZADA,CAXANGÁ,AV JOAQUIM RIBEIRO,,RUA RIBEIRO PESSOA,UPA DA CAXANGA,CAXANGÁ,281,,COLISÃO FRONTAL,1,1,0,0,0,0,0,0,0,1,0,,,,,,,,,,,,,
2022-09-04 00:00:00,,COM VÍTIMA,FINALIZADA,JARDIM SÃO PAULO,AV RECIFE,449,,EM FRENTE A PICANHA REAL / HOTEL ESTORIL,JARDIM SÃO PAULO,704,,COLISÃO TRASEIRA,1,1,0,0,0,0,0,0,0,1,0,Longo da via,Bom,Sem defeito,Perfeito estado,Seca,Perfeito estado,Faixa de pedestre,Não há placas,60 km/h,Dupla,Canteiro central,,
2022-09-04 00:00:00,,COM VÍTIMA,FINALIZADA,MANGUEIRA,RUA DR JOAO ELISIO,247,,PRÓX. AO MERCADINHO SANTO ANTÔNIO,MANGUEIRA,,CIDADE,COLISÃO LATERAL,1,1,0,0,0,0,0,0,0,1,0,Longo da via,Bom,Não existe,Perfeito estado,Seca,Perfeito estado,Não existe,Não há placas,30 km/h,Dupla,Não existe,,
2022-09-04 00:00:00,,SEM VÍTIMA,FINALIZADA,BONGI,EST DO BONGI,,,EM FRENTE A IGREJA DO BONGI,BONGI,,,COLISÃO LATERAL,0,0,0,0,0,0,0,0,0,0,0,,,,,,,,,,,,,
2022-09-04 00:00:00,,COM VÍTIMA,FINALIZADA,MADALENA,AV CAXANGA,,RUA JOAO IVO DA SILVA,PROX A CELPE DA CAXANGA,MADALENA,257,CIDADE,COLISÃO FRONTAL,1,1,0,0,0,0,0,0,0,1,0,Cruzamento,Nublado,Sem defeito,Perfeito estado,Seca,Perfeito estado,Faixa de pedestre,R-26,40 km/h,Dupla,Faixa contínua,,
2022-09-04 00:00:00,,COM VÍTIMA,FINALIZADA,CASA AMARELA,RUA NOVA DESCOBERTA,144,RUA BUJARU,PROX AO CENTRO DE SAUDE MARIO MONTEIRO DE MELO,CASA AMARELA,,SUBURBIO,COLISÃO FRONTAL,1,1,0,0,0,0,0,0,0,1,0,Esquina,Bom,Não existe,Perfeito estado,Seca,Perfeito estado,,Outras,30 km/h,Dupla,,Faixa seccionada,
2022-09-04 00:00:00,,COM VÍTIMA,FINALIZADA,ENCRUZILHADA,AV NORTE MIGUEL ARRAES DE ALENCAR,,AV JOAO DE BARROS,CRUZAMENTO COM JOOÃO DE BARROS,ENCRUZILHADA,43,SUBURBIO,COLISÃO LATERAL,1,1,0,0,0,0,0,0,0,2,0,Cruzamento,Chuvoso,Sem defeito,Perfeito estado,Molhada,Perfeito estado,Faixa de pedestre,R-6a,,Dupla,Canteiro central,,
2022-09-05 00:00:00,,SEM VÍTIMA,FINALIZADA,BOA VIAGEM,AVENIDA CELSO FURTADO (VIA MANGUE),,,APÓS SUPERMERCADO EXTRA,BOA VIAGEM,,CIDADE,CHOQUE,0,0,0,0,0,0,0,0,0,0,0,,,,,,,,,,,,,
2022-09-05 00:00:00,,COM VÍTIMA,FINALIZADA,IMBIRIBEIRA,AV MARECHAL MASCARENHAS DE MORAES,2662,,"SENT. AEROPORTO, EM FRENTE AO IMBIRIBEIRA DIESEL",IMBIRIBEIRA,7,SUBURBIO,COLISÃO TRASEIRA,1,1,0,0,0,0,0,0,0,1,0,Longo da via,Chuvoso,Sem defeito,Não existente,Molhada,Perfeito estado,Não existe,Não há placas,60 km/h,Única,Não existe,,
2022-09-05 00:00:00,,COM VÍTIMA,FINALIZADA,MADALENA,RUA JOSE BONIFACIO,125,RUA URIEL PAES BARRETO,"EM FRENTE A ANTIGA AMPLA, AGORA ESCOLA CULTURA INGLESA",MADALENA,,SUBURBIO,COLISÃO LATERAL,2,0,0,0,0,0,0,0,0,1,0,Cruzamento,Chuvoso,Não existe,Perfeito estado,Molhada,Perfeito estado,Não existe,"Placas ""Pare""",,Única,Faixa seccionada,,
2022-09-05 00:00:00,,SEM VÍTIMA,FINALIZADA,IMBIRIBEIRA,AV MARECHAL MASCARENHAS DE MORAES,,,PROXIMO A FACULDADE DE SAUDE,IMBIRIBEIRA,,,COLISÃO TRASEIRA,1,1,0,0,0,0,0,0,0,0,0,,,,,,,,,,,,,
2022-09-05 00:00:00,,COM VÍTIMA,FINALIZADA,AREIAS,RUA IPOJUCA,274,RUA CARUARU,PRÓX. À ESCOLA MUNICIPAL DE AREIAS,AREIAS,,CIDADE,COLISÃO LATERAL,1,1,0,0,0,0,0,0,0,1,0,Cruzamento,Chuvoso,Não existe,Perfeito estado,Molhada,Perfeito estado,Não existe,"Placas ""Pare""",30 km/h,Dupla,Não existe,,
2022-09-05 00:00:00,,SEM VÍTIMA,FINALIZADA,BOA VIAGEM,RUA RIBEIRO DE BRITO,,AV CONSELHEIRO AGUIAR,SOB O SEMÁFORO,BOA VIAGEM,147,,CHOQUE,0,0,0,0,0,1,0,0,0,0,0,,,,,,,,,,,,,
2022-09-05 00:00:00,,COM VÍTIMA,FINALIZADA,CABANGA,RUA GENERAL ESTILAC LEAL,439,,EM FRENTE AO 7º DEP.  SUP,CABANGA,,CIDADE,QUEDA,0,1,0,0,0,0,0,0,0,2,0,Longo da via,Bom,Não existe,Não existente,Oleosa,Perfeito estado,Não existe,Não há placas,,Dupla,Não existe,,
2022-09-05 00:00:00,,COM VÍTIMA,FINALIZADA,TAMARINEIRA,AV CONS ROSA E SILVA,149,,APÓS O CORREIA PICANÇO,TAMARINEIRA,61,SUBURBIO,COLISÃO LATERAL,2,1,0,0,0,0,0,0,0,1,0,Longo da via,,Sem defeito,Perfeito estado,,Perfeito estado,Faixa de pedestre,R-6a,,Única,Canteiro central,,
2022-09-05 00:00:00,,COM VÍTIMA,FINALIZADA,JARDIM SÃO PAULO,RUA LEANDRO BARRETO,685,AV SAO PAULO,,JARDIM SÃO PAULO,507,SUBURBIO,COLISÃO TRASEIRA,1,2,0,0,0,0,0,0,0,1,0,Longo da via,Chuvoso,Sem defeito,Perfeito estado,Molhada,Perfeito estado,Faixa de pedestre,Não há placas,,Dupla,Não existe,,
2022-09-05 00:00:00,,COM VÍTIMA,CANCELADA,BOA VIAGEM,AV BOA VIAGEM,,,EM FRENTE A PRACINHA,BOA VIAGEM,,,COLISÃO TRASEIRA,1,1,0,0,0,0,0,0,0,1,0,,,,,,,,,,,,,
2022-09-05 00:00:00,,COM VÍTIMA,FINALIZADA,DERBY,RUA JENER DE SOUZA,,RUA AMAURI DE MEDEIROS,PRÓXIMO A ESCOLA MILITAR,DERBY,,,COLISÃO FRONTAL,1,1,0,0,0,0,0,0,0,1,0,Cruzamento,Chuvoso,Não existe,Perfeito estado,Molhada,Perfeito estado,Faixa de pedestre,"Placas ""Pare""",,Única,Canteiro central,,
2022-09-06 00:00:00,,SEM VÍTIMA,FINALIZADA,BARRO,AV DR JOSE RUFINO,2887,,,BARRO,,CIDADE,COLISÃO FRONTAL,2,0,0,0,0,0,0,0,0,0,0,Longo da via,Bom,Não existe,Não existente,Seca,Perfeito estado,Não existe,Não há placas,,Dupla,Faixa contínua,,
2022-09-06 00:00:00,,COM VÍTIMA,FINALIZADA,ENCRUZILHADA,AV JOAO DE BARROS,,AV NORTE MIGUEL ARRAES DE ALENCAR,BANCO SANTANDER,ENCRUZILHADA,43,CIDADE,COLISÃO TRANSVERSAL,1,1,0,0,0,0,0,0,0,1,0,Cruzamento,Bom,Sem defeito,Perfeito estado,Seca,Perfeito estado,Agente,Outras,,Dupla,Canteiro central,,
2022-09-06 00:00:00,,COM VÍTIMA,FINALIZADA,BOA VIAGEM,RUA MANOEL DE BRITO,,RUA MANOEL DE BRITO,ENTRADA DO TÚNEL,BOA VIAGEM,103,,COLISÃO LATERAL,1,1,0,0,0,0,0,0,0,1,0,Cruzamento,Bom,Sem defeito,Perfeito estado,Seca,Perfeito estado,Outros,Não há placas,,Única,Faixa contínua,,
2022-09-06 00:00:00,,COM VÍTIMA,FINALIZADA,IBURA,RUA RIO PAJEU,123,,PROX A PADARIA  CRISTO REI,IBURA,,,COLISÃO TRASEIRA,2,0,0,0,0,0,0,0,0,1,0,Longo da via,Bom,Não existe,Não existente,Seca,Perfeito estado,Não existe,Não há placas,,Única,Não existe,,
2022-09-06 00:00:00,,COM VÍTIMA,FINALIZADA,IBURA,RUA EXP FRANCISCO VITORIANO,280,,PROX AO POSTO DE SAUDE  E/ FA PADARIA DOCE MEL,IBURA,,,COLISÃO LATERAL,0,2,0,0,0,0,0,0,0,3,0,Longo da via,Bom,Não existe,Perfeito estado,Seca,Perfeito estado,Não existe,R-6a,,Dupla,Não existe,,
2022-09-06 00:00:00,,COM VÍTIMA,FINALIZADA,GUABIRABA,AV VEREADOR OTACILIO AZEVEDO,2011,,POR TRAS DA EMPRESA DA GLOBO  S/T  BR,GUABIRABA,,,COLISÃO FRONTAL,0,1,0,0,0,0,1,0,0,1,0,Longo da via,Bom,Não existe,Incompleta,Seca,Perfeito estado,Não existe,"Placas ""Pare""",40 km/h,Dupla,Não existe,,
2022-09-06 00:00:00,,COM VÍTIMA,FINALIZADA,MADALENA,RUA JOSE OSORIO,877,,EM FRENTE A MORAES MULTIMARCAS,MADALENA,,,COLISÃO LATERAL,1,1,0,0,0,0,0,0,0,1,0,Longo da via,Bom,Não existe,Perfeito estado,Seca,Perfeito estado,Não existe,R-6a,,Dupla,Faixa contínua,,
2022-09-06 00:00:00,,COM VÍTIMA,FINALIZADA,ÁGUA FRIA,EST VELHA DE AGUA FRIA,,RUA CABO HONORIO,,ÁGUA FRIA,,,COLISÃO FRONTAL,1,1,0,0,0,0,0,0,0,1,0,Cruzamento,Bom,Não existe,Perfeito estado,Seca,Perfeito estado,Não existe,Outras,40 km/h,Dupla,Faixa contínua,,
2022-09-06 00:00:00,,SEM VÍTIMA,FINALIZADA,TEJIPIÓ,AV DR JOSE RUFINO,2993,,,TEJIPIÓ,,,,1,0,0,0,0,1,0,0,0,0,0,Longo da via,Bom,Não existe,Perfeito estado,Seca,Perfeito estado,Não existe,R-6a,,Dupla,Faixa contínua,,
2022-09-07 00:00:00,,COM VÍTIMA,FINALIZADA,MADALENA,RUA JOSE BONIFACIO,272,,EM FRENTE À IGREJA METODISTA RECIFE,MADALENA,,,COLISÃO TRASEIRA,2,1,0,0,0,0,0,0,0,1,0,Longo da via,Bom,Não existe,Perfeito estado,Seca,Perfeito estado,Não existe,Não há placas,60 km/h,Única,Faixa seccionada,,
2022-09-07 00:00:00,,SEM VÍTIMA,FINALIZADA,BOA VIAGEM,AV BOA VIAGEM,3962,RUA RIBEIRO DE BRITO,EM FRENTE EDF. QUEEM MARY,BOA VIAGEM,,CIDADE,,1,0,0,0,0,0,0,1,0,0,0,,Bom,Não existe,Perfeito estado,Seca,Perfeito estado,Outros,Outras,,Única,Faixa seccionada,,
2022-09-07 00:00:00,,COM VÍTIMA,FINALIZADA,BOA VIAGEM,AV CONSELHEIRO AGUIAR,,RUA MARIA CAROLINA,ESQUINA DA FARMACIA PAGUE MENOS,BOA VIAGEM,,,COLISÃO LATERAL,1,1,0,0,0,0,0,0,0,1,0,Longo da via,Bom,Não existe,Perfeito estado,Seca,Perfeito estado,Não existe,R-6a,,Única,Faixa seccionada,,
2022-09-07 00:00:00,,SEM VÍTIMA,CANCELADA,SANTO AMARO,AV MARIO MELO,,RUA DA AURORA,,SANTO AMARO,,,COLISÃO TRASEIRA,1,0,0,0,0,1,0,0,0,0,0,,,,,,,,,,,,,
2022-09-08 00:00:00,,COM VÍTIMA,FINALIZADA,CASA FORTE,AV DEZESSETE DE AGOSTO,1515,,LABORATÓRIO EDMAR VICTOR,CASA FORTE,,,COLISÃO TRASEIRA,3,0,0,0,0,0,0,0,0,1,0,Longo da via,Bom,Não existe,Perfeito estado,Seca,Perfeito estado,Não existe,Outras,40 km/h,Dupla,Faixa contínua,,
2022-09-08 00:00:00,,COM VÍTIMA,FINALIZADA,BOA VIAGEM,RUA PADRE CARAPUCEIRO,,,EM FRENTE À IGREJA UNIVERSAL,BOA VIAGEM,216,CIDADE,COLISÃO FRONTAL,1,1,0,0,0,0,0,0,0,1,0,Longo da via,Bom,Sem defeito,Perfeito estado,Seca,Perfeito estado,Faixa de pedestre,,60 km/h,Única,,,
2022-09-08 00:00:00,,COM VÍTIMA,FINALIZADA,BOA VISTA,RUA DO PRINCIPE,114,RUA DO SOSSEGO,FARMÁCIA CANDEIA,BOA VISTA,,,COLISÃO TRASEIRA,1,1,0,0,0,0,0,0,0,1,0,,,,,,,,,,,,,
2022-09-08 00:00:00,,COM VÍTIMA,FINALIZADA,TAMARINEIRA,AV NORTE MIGUEL ARRAES DE ALENCAR,,RUA CONEGO BARATA,,TAMARINEIRA,62,,COLISÃO TRANSVERSAL,1,1,0,0,0,0,0,0,0,1,0,Cruzamento,Bom,Sem defeito,Perfeito estado,Seca,Perfeito estado,Faixa de pedestre,R-4a,,Dupla,Canteiro central,,
2022-09-09 00:00:00,,COM VÍTIMA,FINALIZADA,IMBIRIBEIRA,RUA MIS JOEL CARLSON,123,RUA ZEFERINO PINHO,RUA EM FRENTE A LASER ELETRO,IMBIRIBEIRA,,,COLISÃO LATERAL,1,1,0,0,0,0,0,0,0,1,0,Cruzamento,Bom,Não existe,Não existente,Seca,Perfeito estado,Não existe,Não há placas,30 km/h,Dupla,Não existe,,
2022-09-09 00:00:00,,COM VÍTIMA,FINALIZADA,MADALENA,AV ENGENHEIRO ABDIAS DE CARVALHO,1079,RUA JOAO IVO DA SILVA,HABIBS,MADALENA,132,SUBURBIO,COLISÃO LATERAL,1,1,0,0,0,0,0,0,0,1,0,Cruzamento,Bom,Sem defeito,Perfeito estado,Seca,Perfeito estado,Faixa de pedestre,R-6a,60 km/h,Dupla,Faixa seccionada,Canteiro central,
2022-09-09 00:00:00,,SEM VÍTIMA,FINALIZADA,SANTO ANTÔNIO,RUA VINTE E QUATRO DE MAIO,183,,EM FRENTE A M&A CAMISARIA,SANTO ANTÔNIO,,SUBURBIO,FISCALIZAÇÃO,0,0,0,0,0,0,0,0,0,0,0,,,,,,,,,,,,,
2022-09-09 00:00:00,,COM VÍTIMA,FINALIZADA,JOANA BEZERRA,VIADUTO CAPITAO TEMUDO,,,EM CIMA DO VIADUTO,JOANA BEZERRA,,,COLISÃO LATERAL,1,1,0,0,0,0,0,0,0,1,0,Viaduto,Bom,Não existe,Incompleta,Seca,Perfeito estado,Não existe,Não há placas,60 km/h,Única,Faixa seccionada,,
2022-09-09 00:00:00,,COM VÍTIMA,FINALIZADA,AREIAS,AV RECIFE,3060,,NA FRENTE DO SUPERMERCADO ECONOMICO,AREIAS,,SUBURBIO,COLISÃO LATERAL,0,2,0,0,0,0,0,0,0,1,0,Longo da via,Bom,Não existe,Perfeito estado,Seca,Perfeito estado,Não existe,R-6a,60 km/h,Única,Faixa seccionada,,
2022-09-10 00:00:00,,SEM VÍTIMA,FINALIZADA,MADALENA,AV VISCONDE DE ALBUQUERQUE,,RUA LOPES DE CARVALHO,,MADALENA,,,COLISÃO FRONTAL,0,0,0,0,0,0,0,0,0,0,0,Cruzamento,Chuvoso,Não existe,Perfeito estado,Molhada,Perfeito estado,Não existe,R-6a,60KM/H,Única,Faixa seccionada,,
2022-09-10 00:00:00,,SEM VÍTIMA,FINALIZADA,BARRO,RUA FRANCISCO RUSSO,115,,PRÓXIMO AO PAGODE CHATOU,BARRO,,,CHOQUE,0,0,0,0,0,0,0,1,0,0,0,Longo da via,Bom,Não existe,Perfeito estado,Seca,Perfeito estado,Não existe,Não há placas,,Dupla,Não existe,,
2022-09-10 00:00:00,,COM VÍTIMA,FINALIZADA,BOA VIAGEM,AVENIDA CELSO FURTADO (VIA MANGUE),,,PRÓXIMO AO ANTIGO LAÇA BURGUER/ SPETTUS,BOA VIAGEM,,CIDADE,COLISÃO LATERAL,1,1,0,0,0,0,0,0,0,1,0,Longo da via,Bom,Não existe,Perfeito estado,Seca,Perfeito estado,Outros,R-19,60 km/h,Dupla,Canteiro central,,