data,hora,natureza,situacao,bairro,endereco,numero,detalhe_endereco_acidente,complemento,bairro_cruzamento,num_semaforo,sentido_via,tipo,auto,moto,ciclom,ciclista,pedestre,onibus,caminhao,viatura,outros,vitimas,vitimasfatais,acidente_verificado,tempo_clima,situacao_semaforo,sinalizacao,condicao_via,conservacao_via,ponto_controle,situacao_placa,velocidade_max_via,mao_direcao,divisao_via1,divisao_via2,divisao_via3
2022-09-10 00:00:00,,COM VÍTIMA,FINALIZADA,MADALENA,AV JOSE GONCALVES DE MEDEIROS,107,,EM FRENTE A MCDONALDS,MADALENA,,SUBURBIO,COLISÃO LATERAL,1,1,0,0,0,0,0,0,0,1,0,Longo da via,Bom,Sem defeito,Perfeito estado,Seca,Perfeito estado,Não existe,Não há placas,,Dupla,Faixa contínua,,
2022-09-10 00:00:00,,COM VÍTIMA,FINALIZADA,BEBERIBE,AV BEBERIBE,1310,RUA DAS MOCAS,EM FRENTE AO CAMPO DO SANTA CRUZ,BEBERIBE,,CIDADE,COLISÃO LATERAL,1,1,0,0,0,0,0,0,0,1,0,Cruzamento,Bom,Não existe,Perfeito estado,Seca,Perfeito estado,Não existe,Não há placas,,Dupla,Faixa seccionada,,
2022-09-10 00:00:00,,COM VÍTIMA,FINALIZADA,CAMPO GRANDE,RUA ODORICO MENDES,165,RUA VISCONDE DE CAIRU,APÓS A PEIXARIA TUDO DO MAR,CAMPO GRANDE,,,COLISÃO LATERAL,1,1,0,0,0,0,0,0,0,1,0,Cruzamento,Bom,Não existe,,Seca,Perfeito estado,Não existe,R-6a,,Dupla,,,
2022-09-10 00:00:00,,COM VÍTIMA,FINALIZADA,TEJIPIÓ,AV DR JOSE RUFINO,2984,,EM FRENTE AO CONDOMINIO CASA SOLAR,TEJIPIÓ,,,COLISÃO FRONTAL,1,1,0,0,0,0,0,0,0,1,0,Longo da via,Bom,Sem defeito,Perfeito estado,Seca,Perfeito estado,Não existe,Não há placas,,Dupla,Faixa contínua,,
2022-09-10 00:00:00,,SEM VÍTIMA,CANCELADA,ESTÂNCIA,AV ESTANCIA,58,,APOIS COLEGIO VISÃO,ESTÂNCIA,,SUBURBIO,COLISÃO LATERAL,2,0,0,0,0,0,0,0,0,0,0,,,,,,,,,,,,,
2022-09-10 00:00:00,,COM VÍTIMA,FINALIZADA,IBURA,LAD DA COHAB,,AV DOIS RIOS,PRÓXIMO A POLICLINICA DO IBURA,IBURA,,SUBURBIO,COLISÃO FRONTAL,1,1,0,0,0,0,0,0,0,2,0,Longo da via,Bom,Não existe,Não existente,Molhada,Perfeito estado,Não existe,Não há placas,,Dupla,Não existe,,
2022-09-11 00:00:00,,COM VÍTIMA,CANCELADA,IBURA,AV MATO GROSSO,1134,,APÓS A CURVA DO S E DEPOIS DA ESCOLA MARIA SAMPAIO,IBURA,,,COLISÃO LATERAL,1,1,0,0,0,0,0,0,0,1,0,,,,,,,,,,,,,
2022-09-11 00:00:00,,COM VÍTIMA,FINALIZADA,BOA VIAGEM,RUA SETUBAL,,RUA BARAO DE SOUZA LEAO,PROX A IGREJINHA DE BOA VIAGEM  NO SEMAFORO 419,BOA VIAGEM,419,SUBURBIO,COLISÃO LATERAL,1,1,0,0,0,0,0,0,0,1,0,Cruzamento,Bom,Sem defeito,Perfeito estado,Seca,Perfeito estado,Faixa de pedestre,Não há placas,,Única,Faixa seccionada,,
2022-09-11 00:00:00,,COM VÍTIMA,FINALIZADA,BOA VIAGEM,RUA BARAO DE SOUZA LEAO,,AV ENGENHEIRO DOMINGOS FERREIRA,E/F AO BOA VIAGEM MEDICAL CENTER,BOA VIAGEM,129,SUBURBIO,COLISÃO COM CICLISTA,0,0,0,1,0,1,0,0,0,1,0,Cruzamento,Bom,Sem defeito,Perfeito estado,Seca,Perfeito estado,Faixa de pedestre,Outras,,Única,Faixa seccionada,,
2022-09-11 00:00:00,,SEM VÍTIMA,FINALIZADA,CASA AMARELA,AV NORTE MIGUEL ARRAES DE ALENCAR,,,NA SUBIDA DO ALTO JOSE D PINHO,CASA AMARELA,,,COLISÃO LATERAL,1,0,0,0,0,0,0,0,1,0,0,Cruzamento,Bom,Sem defeito,Perfeito estado,Seca,Perfeito estado,Faixa de pedestre,Outras,,Dupla,Canteiro central,,
2022-09-11 00:00:00,,COM VÍTIMA,FINALIZADA,ARRUDA,RUA DO TRIUNFO,400,RUA DO MACHADO,E/F AO  ESTADIO DO  SANTA  CRUZ,ARRUDA,,SUBURBIO,COLISÃO LATERAL,0,2,0,0,0,0,0,0,0,2,0,Cruzamento,Bom,Não existe,Perfeito estado,Seca,Perfeito estado,Não existe,"Placas ""Pare""",,Dupla,Não existe,,
2022-09-11 00:00:00,,COM VÍTIMA,FINALIZADA,MACAXEIRA,RUA MARIA CANDIDA,73,AV NORTE MIGUEL ARRAES DE ALENCAR,APÓS PARQUE DA MACAXEIRA,MACAXEIRA,296,SUBURBIO,COLISÃO FRONTAL,0,2,0,0,0,0,0,0,0,1,0,Longo da via,Bom,Sem defeito,Perfeito estado,Seca,Perfeito estado,Não existe,Não há placas,,Dupla,Não existe,,
2022-09-11 00:00:00,,COM VÍTIMA,CANCELADA,ALTO SANTA TERESINHA,AV ANIBAL BENEVOLO,1145,,MERCADINHO PASSIRA,ALTO SANTA TERESINHA,,,COLISÃO FRONTAL,1,1,0,0,0,0,0,0,0,1,0,,,,,,,,,,,,,
2022-09-12 00:00:00,,SEM VÍTIMA,FINALIZADA,IMBIRIBEIRA,AV MARECHAL MASCARENHAS DE MORAES,,,EM FRENTE A JUSTIÇA DO TRABALHO,IMBIRIBEIRA,,CIDADE,COLISÃO TRANSVERSAL,1,0,0,0,0,1,0,0,0,0,0,,,,,,,,,,,,,
2022-09-12 00:00:00,,COM VÍTIMA,FINALIZADA,VASCO DA GAMA,RUA ALTO DO EUCALIPTO,,AV VEREADOR OTACILIO AZEVEDO,POR TRÁS DO RESIDENCIAL DOM HÉLDER / PRÓX À IGREJA ANGLICANA SÃO PAULO,VASCO DA GAMA,,,COLISÃO LATERAL,0,1,0,0,0,1,0,0,0,1,0,Longo da via,Bom,Não existe,Não existente,Seca,Perfeito estado,Não existe,Não há placas,30 km/h,Dupla,Não existe,,
2022-09-12 00:00:00,,COM VÍTIMA,FINALIZADA,AFLITOS,RUA CARNEIRO VILELA,688,,EM FRENTE A KAPTAVI PILATES E FISIOTERAPIA,AFLITOS,,SUBURBIO,COLISÃO LATERAL,1,1,0,0,0,0,0,0,0,1,0,Longo da via,Bom,Não existe,Não existente,Seca,Perfeito estado,Não existe,Não há placas,,Única,Não existe,,
2022-09-12 00:00:00,,COM VÍTIMA,CANCELADA,CASA FORTE,AV DEZESSETE DE AGOSTO,,,EM FRENTE A CULTURA INGLESA,CASA FORTE,,,COLISÃO TRASEIRA,0,2,0,0,0,0,0,0,0,1,0,,,,,,,,,,,,,
2022-09-12 00:00:00,,COM VÍTIMA,FINALIZADA,CAMPO GRANDE,RUA JERONIMO VILELA,,RUA DR MACHADO,CRUZAMENTO,CAMPO GRANDE,565,SUBURBIO,COLISÃO LATERAL,1,1,0,0,0,0,0,0,0,1,0,Cruzamento,Bom,Sem defeito,Perfeito estado,Seca,Perfeito estado,Faixa de pedestre,Outras,30 km/h,Dupla,Faixa seccionada,,
2022-09-12 00:00:00,,COM VÍTIMA,CANCELADA,IPSEP,AV SALDANHA MARINHO,,,POR TRAS DO COLEGIO LAURO DINIZ,IPSEP,,,COLISÃO FRONTAL,1,1,0,0,0,0,0,0,0,1,0,,,,,,,,,,,,,
2022-09-12 00:00:00,,SEM VÍTIMA,FINALIZADA,IMBIRIBEIRA,AV MARECHAL MASCARENHAS DE MORAES,,,ANTES DA UNIVERSO,IMBIRIBEIRA,,CIDADE,CHOQUE,1,0,0,0,0,0,0,0,0,0,0,Cruzamento,Bom,Sem defeito,Perfeito estado,Seca,Perfeito estado,Faixa de pedestre,Não há placas,,Dupla,Canteiro central,Faixa contínua,
2022-09-13 00:00:00,,COM VÍTIMA,FINALIZADA,SANTO AMARO,AV CRUZ CABUGA,449,RUA ARARIPINA,,SANTO AMARO,,SUBURBIO,COLISÃO TRANSVERSAL,1,1,0,0,0,0,0,0,0,2,0,Longo da via,Bom,Não existe,Perfeito estado,Seca,Perfeito estado,Não existe,Não há placas,,Dupla,Faixa contínua,Faixa seccionada,
2022-09-13 00:00:00,,COM VÍTIMA,FINALIZADA,TEJIPIÓ,RUA FALCAO DE LACERDA,299,,EM FRENTE AO CARTÓRIO CIVIL,TEJIPIÓ,411,CIDADE,COLISÃO FRONTAL,0,2,0,0,0,0,0,0,0,2,0,Longo da via,Bom,Sem defeito,Perfeito estado,Seca,Perfeito estado,Faixa de pedestre,Não há placas,60 km/h,Dupla,Faixa contínua,,
2022-09-13 00:00:00,,COM VÍTIMA,FINALIZADA,AFOGADOS,RUA VINTE E UM DE ABRIL,1254,AV MANOEL GONCALVES DA LUZ,PROX. AO ARMAZEM CONSTRUAÇO,AFOGADOS,245,CIDADE,COLISÃO COM CICLISTA,0,1,0,1,0,0,0,0,0,1,0,Longo da via,Bom,Sem defeito,Incompleta,Seca,Mal conservada,Faixa de pedestre,Não há placas,40 km/h,Dupla,Faixa seccionada,Faixa contínua,
2022-09-13 00:00:00,,COM VÍTIMA,FINALIZADA,CORDEIRO,AV CAXANGA,2319,RUA CLAUDIO BROTHERHOOD,SOB O SEMÁFORO: 235,CORDEIRO,235,CIDADE,COLISÃO COM CICLISTA,1,0,0,1,0,0,0,0,0,1,0,Outros,Bom,Sem defeito,Ilegível,Seca,Perfeito estado,Outros,Não há placas,60 km/h,Única,Faixa seccionada,,
2022-09-13 00:00:00,,SEM VÍTIMA,FINALIZADA,BAIRRO DO RECIFE,CAIS DO APOLO,,,EM FGRENTE A PREFEITURA,BAIRRO DO RECIFE,,,COLISÃO TRASEIRA,2,0,0,0,0,0,0,0,0,0,0,Longo da via,Bom,Não existe,Perfeito estado,Seca,Perfeito estado,Faixa de pedestre,R-6a,,Única,Faixa contínua,,
2022-09-13 00:00:00,,COM VÍTIMA,FINALIZADA,ILHA JOANA BEZERRA,VIADUTO CAPITAO TEMUDO,,,SENT. OLINDA NO MEIO DO VIADULTO CAP. TEMUDO,ILHA JOANA BEZERRA,,SUBURBIO,COLISÃO TRASEIRA,0,1,0,0,0,1,0,0,0,2,0,Longo da via,Bom,Não existe,Perfeito estado,Seca,Perfeito estado,Não existe,Não há placas,,Dupla,Outros,,
2022-09-13 00:00:00,,COM VÍTIMA,FINALIZADA,ESPINHEIRO,RUA QUARENTA E OITO,815,,EM FRENTE AO RESTAURANTE SABOR DO RANCHO,ESPINHEIRO,,,COLISÃO TRASEIRA,3,0,0,0,0,0,0,0,0,1,0,,,,,,,,,,,,,
2022-09-13 00:00:00,,COM VÍTIMA,FINALIZADA,ILHA DO RETIRO,AV ENGENHEIRO ABDIAS DE CARVALHO,,,EM FRENTE A ESTAÇÃO DA CELPE,ILHA DO RETIRO,,CIDADE,COLISÃO TRASEIRA,1,1,0,0,0,0,0,0,0,2,0,Longo da via,Bom,Sem defeito,Perfeito estado,Seca,Perfeito estado,Não existe,Não há placas,,Dupla,Canteiro central,,
2022-09-13 00:00:00,,COM VÍTIMA,FINALIZADA,AFOGADOS,RUA SAO MIGUEL,1935,,PROXIMO AO POSTO IPIRANGA,AFOGADOS,,CIDADE,COLISÃO LATERAL,1,1,0,0,0,0,0,0,0,1,0,Longo da via,Bom,Não existe,Perfeito estado,Seca,Perfeito estado,Não existe,Outras,30 km/h,Dupla,Faixa contínua,,
2022-09-13 00:00:00,,COM VÍTIMA,CANCELADA,TORRE,RUA MARCOS ANDRE,200,,EM FRENTE AO EDIFICIO SAINT ANDRE,TORRE,,,COLISÃO TRASEIRA,1,1,0,0,0,0,0,0,0,1,0,,,,,,,,,,,,,
2022-09-13 00:00:00,,COM VÍTIMA,FINALIZADA,ESPINHEIRO,RUA DO ESPINHEIRO,,RUA SANTO ELIAS,POSTO DE GASOLINA,ESPINHEIRO,,SUBURBIO,COLISÃO LATERAL,1,1,0,0,0,0,0,0,0,1,0,Cruzamento,Bom,Não existe,Perfeito estado,Seca,Perfeito estado,Outros,"Placas ""Pare""",,Dupla,Outros,,
2022-09-14 00:00:00,,COM VÍTIMA,FINALIZADA,BONGI,AV ENGENHEIRO ABDIAS DE CARVALHO,1803,,FERNANDES PISO E CONSTRUÇÕES,BONGI,,CIDADE,CHOQUE,0,0,0,0,0,0,0,0,0,1,0,,,,,,,,,,,,,
2022-09-14 00:00:00,,COM VÍTIMA,FINALIZADA,ENCRUZILHADA,RUA PADRE MIGUELINHO,29,RUA AUGUSTO RODRIGUES,PROX. PRAÇA TORREÃO,ENCRUZILHADA,,,COLISÃO LATERAL,1,1,0,0,0,0,0,0,0,2,0,Cruzamento,Bom,Não existe,Perfeito estado,Seca,Perfeito estado,Não existe,Outras,,Única,Não existe,,
2022-09-14 00:00:00,,COM VÍTIMA,FINALIZADA,CASA AMARELA,AV NORTE MIGUEL ARRAES DE ALENCAR,5121,,REI DA PICANHA,CASA AMARELA,677,CIDADE,COLISÃO TRASEIRA,1,1,0,0,0,0,0,0,0,1,0,Longo da via,Bom,Sem defeito,Perfeito estado,Seca,Perfeito estado,Faixa de pedestre,Outras,50 km/h,Dupla,Canteiro central,,
2022-09-14 00:00:00,,SEM VÍTIMA,FINALIZADA,CORDEIRO,AV INACIO MONTEIRO,,RUA N S DA SAUDE,DROGASIL / SEMÁFORO 234,CORDEIRO,,,COLISÃO LATERAL,1,0,0,0,0,0,0,1,0,0,0,Cruzamento,Bom,Sem defeito,Perfeito estado,Seca,Perfeito estado,Faixa de retenção,Não há placas,60KM/H,Única,Faixa contínua,,
2022-09-14 00:00:00,,COM VÍTIMA,FINALIZADA,MADALENA,AV JOSE GONCALVES DE MEDEIROS,138,RUA COMENDADOR BENTO AGUIAR,PROXIMO A FARMACIA PAGUE MENOS,MADALENA,,CIDADE,COLISÃO FRONTAL,1,1,0,0,0,0,0,0,0,1,0,Cruzamento,Bom,Não existe,Perfeito estado,Seca,Perfeito estado,Não existe,Não há placas,,Dupla,Não existe,,
2022-09-14 00:00:00,,SEM VÍTIMA,FINALIZADA,BOA VISTA,RUA DO PRINCIPE,,,EM FRENTE A FACULDADE DE DIREITO DO RECIFE,BOA VISTA,,,COLISÃO LATERAL,0,0,0,0,0,1,0,1,0,0,0,Longo da via,Chuvoso,Sem defeito,Perfeito estado,Molhada,Perfeito estado,Faixa de pedestre,Outras,,Única,Canteiro central,,
2022-09-14 00:00:00,,SEM VÍTIMA,CANCELADA,IBURA,AV RIO LARGO,,,PROX AO MERCADO PROABI,IBURA,,,COLISÃO TRASEIRA,1,0,0,0,0,1,0,0,0,0,0,,,,,,,,,,,,,
2022-09-14 00:00:00,,COM VÍTIMA,FINALIZADA,BOA VIAGEM,RUA VISCONDE DE JEQUITINHONHA,1280,RUA ENGENHEIRO ZAEL DIOGENES,DEPOIS DO HOTEL ATLANTE PLAZA,BOA VIAGEM,,SUBURBIO,COLISÃO TRASEIRA,1,1,0,0,0,0,0,0,0,1,0,Esquina,Bom,Não existe,Perfeito estado,Seca,Perfeito estado,Não existe,,,Única,Canteiro central,,
2022-09-14 00:00:00,,COM VÍTIMA,FINALIZADA,PINA,AV ANTONIO DE GOES,,,DEPOIS DA  POLICIA RODOVIARIA FEDERAL DO PINA,PINA,,CIDADE,COLISÃO TRASEIRA,1,1,0,0,0,0,0,0,0,1,0,Ponte,Bom,Não existe,Perfeito estado,Seca,Perfeito estado,Não existe,Outras,60 km/h,Única,Canteiro central,,
2022-09-14 00:00:00,,COM VÍTIMA,FINALIZADA,SAN MARTIN,AV GENERAL SAN MARTIN,,AV CONSUL VILARES FRAGOSO,PROX. DO QUARTEL DA CAVALERIA,SAN MARTIN,326,,COLISÃO FRONTAL,1,1,0,0,0,0,0,0,0,2,0,Cruzamento,Chuvoso,Sem defeito,Incompleta,Molhada,Perfeito estado,Outros,Não há placas,40 km/h,Única,Não existe,,
2022-09-14 00:00:00,,COM VÍTIMA,FINALIZADA,MADALENA,AV BEIRA RIO,591,,EM FRENTE AO EDF. SOBRADO DO CAPIBARIBE,MADALENA,,SUBURBIO,COLISÃO LATERAL,1,1,0,0,0,0,0,0,0,1,0,Longo da via,Bom,Não existe,Perfeito estado,Seca,Perfeito estado,Não existe,R-6a,,Dupla,Faixa seccionada,,
2022-09-15 00:00:00,,COM VÍTIMA,FINALIZADA,MADALENA,AV PROFESSOR ESTEVAO FRANCISCO DA COSTA,,AV CAXANGA,PRÓX. À RINALDO MOTOS,MADALENA,,CIDADE,COLISÃO LATERAL,0,2,0,0,0,0,0,0,0,2,0,Longo da via,Bom,Sem defeito,Perfeito estado,Seca,Perfeito estado,Não existe,Não há placas,,Única,Não existe,,
2022-09-15 00:00:00,,SEM VÍTIMA,FINALIZADA,CAMPO GRANDE,RUA FRANKLIN TAVORA,,RUA VOLUNTARIOS DA PATRIA,PROX. AO CENTRO BUDISTA DRUKPA RECIFE,CAMPO GRANDE,,,COLISÃO LATERAL,2,0,0,0,0,0,0,0,0,0,0,Longo da via,Bom,Não existe,Perfeito estado,Seca,Perfeito estado,Não existe,Não há placas,,Dupla,Não existe,,
2022-09-15 00:00:00,,SEM VÍTIMA,FINALIZADA,IBURA,AV SAO PAULO,183,,EM FRENTE AO ARMAZEM DO GOMES,IBURA,,,COLISÃO LATERAL,1,0,0,0,0,1,0,0,0,0,0,Longo da via,Bom,Não existe,Perfeito estado,Seca,Perfeito estado,Não existe,Não há placas,,Dupla,Não existe,,
2022-09-15 00:00:00,,SEM VÍTIMA,FINALIZADA,ESPINHEIRO,RUA AMELIA,280,RUA DO ESPINHEIRO,E/F A GALERIA DA LUMI,ESPINHEIRO,,,COLISÃO LATERAL,1,0,0,0,0,1,0,0,0,0,0,Cruzamento,Bom,Sem defeito,Perfeito estado,Seca,Perfeito estado,Faixa de retenção,Outras,,Única,Faixa seccionada,,
2022-09-15 00:00:00,,COM VÍTIMA,FINALIZADA,JOANA BEZERRA,AV MARTIN LUTHER KING,4,,PROXIMO AO CAMPO DO BARRO,JOANA BEZERRA,,CIDADE,COLISÃO LATERAL,0,1,0,0,0,1,0,0,0,1,0,Cruzamento,Bom,Não existe,Incompleta,Seca,Perfeito estado,Não existe,R-6a,60 km/h,Dupla,Não existe,,
2022-09-15 00:00:00,,SEM VÍTIMA,FINALIZADA,AREIAS,,,,HOSPITAL DE AREIAS,AREIAS,,,COLISÃO TRASEIRA,1,0,0,0,0,0,0,1,0,0,0,Longo da via,Bom,Não existe,Incompleta,Seca,Perfeito estado,Não existe,Não há placas,,Dupla,Não existe,,
2022-09-15 00:00:00,,COM VÍTIMA,FINALIZADA,BOA VIAGEM,RUA SA E SOUZA,45,RUA ANTONIO VICENTE,ESTACIONAMENTO DO COLEGIO MADRE DE DEUS,BOA VIAGEM,,SUBURBIO,COLISÃO LATERAL,1,1,0,0,0,0,0,0,0,1,0,Cruzamento,Bom,Não existe,Não existente,Seca,Mal conservada,Não existe,Não há placas,30 km/h,Dupla,Não existe,,
2022-09-15 00:00:00,,COM VÍTIMA,FINALIZADA,BOA VIAGEM,AV DOM JOAO VI,,,PROX A LOMBADA ELETRONICA (COLÉGIO GGE),BOA VIAGEM,,SUBURBIO/ PIEDADE,COLISÃO LATERAL,1,1,0,0,0,0,0,0,0,1,0,Longo da via,Bom,Não existe,Perfeito estado,Seca,Perfeito estado,Não existe,Não há placas,50 km/h,Única,Faixa seccionada,,
2022-09-15 00:00:00,,SEM VÍTIMA,FINALIZADA,IMBIRIBEIRA,AV MARECHAL MASCARENHAS DE MORAES,7935C,,PROX A EMBREAGEM FRIO DIREÇÃO HIDRAULICA,IMBIRIBEIRA,,CIDADE,COLISÃO FRONTAL,1,0,0,0,0,0,0,1,0,0,0,Longo da via,Bom,Sem defeito,Perfeito estado,Seca,Perfeito estado,Não existe,Não há placas,,Única,Faixa seccionada,,
2022-09-15 00:00:00,,COM VÍTIMA,FINALIZADA,HIPÓDROMO,EST DE BELEM,313,RUA ANTONIO RANGEL,EM FRENTE A QUITANDARIA,HIPÓDROMO,201,,COLISÃO LATERAL,1,1,0,0,0,0,0,0,0,1,0,Cruzamento,Bom,Sem defeito,Perfeito estado,Seca,Perfeito estado,Faixa de pedestre,R-6a,,Dupla,Não existe,,
2022-09-16 00:00:00,,COM VÍTIMA,FINALIZADA,MADALENA,RUA JOSE OSORIO,707,,PERU VEÍCULOS / REALIZE CAR,MADALENA,,SUBURBIO,ATROPELAMENTO DE PESSOA,0,1,0,0,1,0,0,0,0,2,0,Longo da via,Bom,Não existe,Perfeito estado,Seca,Perfeito estado,Não existe,Outras,40 km/h,Dupla,Faixa contínua,,
2022-09-16 00:00:00,,COM VÍTIMA,FINALIZADA,SANTO AMARO,AV CRUZ CABUGA,,,PROXIMO AO SHOPPING TACARUNA. EM FRENTE A PARADA DO BRT,SANTO AMARO,468,CIDADE,ATROPELAMENTO DE PESSOA,0,1,0,0,1,0,0,0,0,1,0,Longo da via,Bom,Sem defeito,Perfeito estado,Seca,Perfeito estado,Faixa de pedestre,Não há placas,60 km/h,Única,Faixa seccionada,,
2022-09-16 00:00:00,,COM VÍTIMA,FINALIZADA,CAXANGÁ,AV CAXANGA,,,"EM BAIXO DO VIADUTO, EM FRENTE AO TERMINAL CDU",CAXANGÁ,,CIDADE,ATROPELAMENTO DE PESSOA,0,1,0,0,1,0,0,0,0,1,0,Longo da via,Bom,Não existe,Perfeito estado,Seca,Perfeito estado,Não existe,Não há placas,60 km/h,Dupla,Canteiro central,,
2022-09-16 00:00:00,,COM VÍTIMA,FINALIZADA,CASA AMARELA,AV NORTE MIGUEL ARRAES DE ALENCAR,5121,RUA BELA VISTA,"EM FRENTE A BIKE NORTE, SENT. MACAXEIRA",CASA AMARELA,677,SUBURBIO,COLISÃO LATERAL,1,1,0,0,0,0,0,0,0,1,0,Cruzamento,Bom,Sem defeito,Perfeito estado,Seca,Perfeito estado,Faixa de pedestre,Não há placas,,Única,Canteiro central,,
2022-09-16 00:00:00,,COM VÍTIMA,CANCELADA,APIPUCOS,RUA DE APIPUCOS,,,EM FRENTE AO MOTEL SENZALA,APIPUCOS,1078,,COLISÃO TRASEIRA,0,2,0,0,0,0,0,0,0,1,0,,,,,,,,,,,,,
2022-09-16 00:00:00,,COM VÍTIMA,CANCELADA,BONGI,EST DO BONGI,,,E/F A IGREJA BATISTA DO BONGI,BONGI,,,COLISÃO COM CICLISTA,1,0,0,1,0,0,0,0,0,1,0,,,,,,,,,,,,,
2022-09-16 00:00:00,,COM VÍTIMA,FINALIZADA,SANTO ANTÔNIO,PTE DO LIMOEIRO,,,EM FRENTE AO ANTIGO DE COVID-19 DO RECIFE,SANTO ANTÔNIO,243,CIDADE / PREFEITURA DO RECIFE,COLISÃO COM CICLISTA,0,1,0,1,0,0,0,0,0,2,0,Longo da via,Bom,Sem defeito,Perfeito estado,Seca,Perfeito estado,Faixa de pedestre,Não há placas,60 km/h,Dupla,Faixa contínua,,
2022-09-16 00:00:00,,COM VÍTIMA,FINALIZADA,ESPINHEIRO,RUA SANTO ELIAS,169,RUA CONS PORTELA,EM FRENTE AO POSTO DE COMBUSTÍVEL,ESPINHEIRO,,CIDADE,COLISÃO FRONTAL,1,1,0,0,0,0,0,0,0,1,0,Longo da via,Bom,Não existe,Perfeito estado,Seca,Perfeito estado,Não existe,R-6a,30 km/h,Dupla,Não existe,,
2022-09-16 00:00:00,,COM VÍTIMA,FINALIZADA,PARNAMIRIM,RUA JOAO TUDE DE MELO,,,SOBRE O VIADUTO DA TORRE,PARNAMIRIM,,,COLISÃO LATERAL,1,1,0,0,0,0,0,0,0,1,0,,,,,,,,,,,,,
2022-09-17 00:00:00,,COM VÍTIMA,FINALIZADA,AFOGADOS,EST DOS REMEDIOS,1052,,CLAYTON ALTO PEÇAS E SERVIÇOS,AFOGADOS,,CIDADE,COLISÃO LATERAL,1,1,0,0,0,0,0,0,0,1,0,Longo da via,Bom,Sem defeito,Incompleta,Seca,Perfeito estado,Faixa de pedestre,R-6a,60 km/h,Única,Faixa seccionada,,
2022-09-17 00:00:00,,COM VÍTIMA,FINALIZADA,SANTO AMARO,RUA DOS PALMARES,140,RUA MAJOR CODECEIRA,EM FRENTE AO PROCAPE,SANTO AMARO,,SUBURBIO,COLISÃO LATERAL,1,1,0,0,0,0,0,0,0,1,0,Cruzamento,Bom,Não existe,Perfeito estado,Seca,Perfeito estado,Outros,Outras,,Única,Faixa,,
2022-09-17 00:00:00,,COM VÍTIMA,FINALIZADA,ARRUDA,AV BEBERIBE,1253,,ESTÁDIO DO SANTA CUZ,ARRUDA,,,COLISÃO TRASEIRA,1,1,0,0,0,0,0,0,0,1,0,Cruzamento,Bom,Não existe,Incompleta,Seca,Perfeito estado,Outros,Outras,,Dupla,Faixa contínua,,
2022-09-17 00:00:00,,COM VÍTIMA,CANCELADA,ALTO JOSÉ DO PINHO,RUA HORACIO SILVA,,,NA SUBIDA DA LADEIRA DO ALTO JOSE DO PINHO  E/F A IGREJA ASSEMBLEIA DE DEUS,ALTO JOSÉ DO PINHO,,,COLISÃO LATERAL,1,1,0,0,0,0,0,0,0,1,0,,,,,,,,,,,,,
2022-09-17 00:00:00,,COM VÍTIMA,FINALIZADA,BOMBA DO HEMETÉRIO,RUA ARLINDO CISNEIRO,951,,PROX A PADARIA RECORD,BOMBA DO HEMETÉRIO,,SUBURBIO,COLISÃO LATERAL,2,1,0,0,0,0,0,0,0,1,0,Longo da via,Bom,Não existe,Não existente,Seca,Perfeito estado,Não existe,Não há placas,40 km/h,Dupla,Não existe,,
2022-09-17 00:00:00,,COM VÍTIMA,FINALIZADA,BOA VIAGEM,RUA BALTAZAR PASSOS,,RUA VISCONDE DE JEQUITINHONHA,BEIRA CANAL  NO SEMAFORO 154,BOA VIAGEM,154,SUBURBIO,COLISÃO COM CICLISTA,1,0,0,1,0,0,0,0,0,1,0,Cruzamento,Bom,Sem defeito,Perfeito estado,Seca,Perfeito estado,Faixa de pedestre,Outras,40 km/h,Única,Faixa contínua,,
2022-09-17 00:00:00,,SEM VÍTIMA,FINALIZADA,PINA,AV HERCULANO BANDEIRA,,,APÓS A PASSARELA,PINA,,,CHOQUE,1,0,0,0,0,0,0,0,0,0,0,,,,,,,,,,,,,
2022-09-17 00:00:00,,SEM VÍTIMA,FINALIZADA,MUSTARDINHA,AV MANOEL GONCALVES DA LUZ,396,RUA JOSE MOREIRA REIS,EM FRENTE AO Nº 391,MUSTARDINHA,,SUBURBIO,COLISÃO TRASEIRA,1,0,0,0,0,0,0,1,0,0,0,Longo da via,Bom,Não existe,Perfeito estado,Seca,Perfeito estado,Não existe,Não há placas,30 km/h,Dupla,Faixa seccionada,,
2022-09-18 00:00:00,,COM VÍTIMA,FINALIZADA,IBURA,AV JORNALISTA COSTA PORTO,200,,EM FRENTE A COMPESA,IBURA,,,COLISÃO FRONTAL,0,2,0,0,0,0,0,0,0,2,0,Longo da via,Bom,Não existe,,Seca,Perfeito estado,Não existe,,,Dupla,Não existe,,