data,hora,natureza,situacao,bairro,endereco,numero,detalhe_endereco_acidente,complemento,bairro_cruzamento,num_semaforo,sentido_via,tipo,auto,moto,ciclom,ciclista,pedestre,onibus,caminhao,viatura,outros,vitimas,vitimasfatais,acidente_verificado,tempo_clima,situacao_semaforo,sinalizacao,condicao_via,conservacao_via,ponto_controle,situacao_placa,velocidade_max_via,mao_direcao,divisao_via1,divisao_via2,divisao_via3
2022-09-26 00:00:00,,COM VÍTIMA,FINALIZADA,DERBY,PRC DO DERBY,,,E/F A ESTAÇAO DO BRT  S/T SUB,DERBY,,,QUEDA,0,1,0,0,0,0,0,0,0,2,0,Longo da via,Bom,Sem defeito,Perfeito estado,Seca,Perfeito estado,Faixa de pedestre,Outras,,Dupla,Canteiro central,,
2022-09-26 00:00:00,,COM VÍTIMA,FINALIZADA,IMBIRIBEIRA,AV MARECHAL MASCARENHAS DE MORAES,,,EM FRENTE A UPA DA IMBIRIBEIRA,IMBIRIBEIRA,,,ATROPELAMENTO DE PESSOA,0,1,0,0,1,0,0,0,0,1,0,Longo da via,Bom,Não existe,Perfeito estado,Seca,Perfeito estado,Não existe,Não há placas,60 km/h,Única,Faixa seccionada,,
2022-09-26 00:00:00,,COM VÍTIMA,CANCELADA,CAMPO GRANDE,RUA PROFESSOR FRANCISCO DA TRINDADE,,RUA SAO CAETANO,POR TRAS DO CLUBE DAS PAZ,CAMPO GRANDE,,,COLISÃO FRONTAL,1,1,0,0,0,0,0,0,0,2,0,,,,,,,,,,,,,
2022-09-26 00:00:00,,COM VÍTIMA,CANCELADA,TORRE,RUA JOSE BONIFACIO,,RUA MARCOS ANDRE,PROX AO SUPERMERCADO CARREFUOR,TORRE,,,COLISÃO TRASEIRA,1,1,0,0,0,0,0,0,0,1,0,,,,,,,,,,,,,
2022-09-26 00:00:00,,COM VÍTIMA,CANCELADA,ILHA DO RETIRO,RUA PROFESSOR BENEDITO MONTEIRO,,,EM FRENTE ACADEMIA CEUFIT / PROX A LE BISCUIT DO BENFICA,ILHA DO RETIRO,,,COLISÃO LATERAL,1,1,0,0,0,0,0,0,0,1,0,,,,,,,,,,,,,
2022-09-27 00:00:00,,COM VÍTIMA,FINALIZADA,BOMBA DO HEMETÉRIO,RUA BOMBA DO HEMETERIO,649,,,BOMBA DO HEMETÉRIO,,SUBURBIO,COLISÃO FRONTAL,1,1,0,0,0,0,0,0,0,2,0,Longo da via,Bom,Não existe,Perfeito estado,Seca,Perfeito estado,Não existe,R-6a,,Dupla,Não existe,,
2022-09-27 00:00:00,,COM VÍTIMA,FINALIZADA,CAXANGÁ,AV CAXANGA,,,EM FRENTE A DISNOVE CONCESSIONÁRIA,CAXANGÁ,,,COLISÃO TRASEIRA,1,1,0,0,0,0,0,0,0,1,0,Longo da via,Bom,Não existe,Perfeito estado,Seca,Perfeito estado,Não existe,Não há placas,,Dupla,Canteiro central,,
2022-09-27 00:00:00,,COM VÍTIMA,FINALIZADA,CORDEIRO,AV GENERAL SAN MARTIN,495,RUA SANTOS MOREIRA,EM FRENTE A MUG SORVETES,CORDEIRO,,,COLISÃO LATERAL,1,1,0,0,0,0,0,0,0,1,0,Longo da via,Bom,Não existe,Ilegível,Seca,Perfeito estado,Não existe,Não há placas,,Dupla,,,
2022-09-27 00:00:00,,COM VÍTIMA,FINALIZADA,VÁRZEA,AV PROFESSOR ARTUR DE SA,,RUA PROFESSOR ANTONIO COELHO,EM FRENTE AO HOSPITAL DAS CLÍNICAS,VÁRZEA,,,COLISÃO LATERAL,1,1,0,0,0,0,0,0,0,1,0,Longo da via,Bom,Não existe,Perfeito estado,Seca,Perfeito estado,Outros,R-6a,,Dupla,Faixa contínua,,
2022-09-27 00:00:00,,COM VÍTIMA,FINALIZADA,CAXANGÁ,AV MAURICIO DE NASSAU,2075,,EM FRENTE A FUNDANÇÃO ALTINO VENTURA,CAXANGÁ,,,COLISÃO TRANSVERSAL,1,1,0,0,0,0,0,0,0,1,0,Longo da via,Bom,Sem defeito,Perfeito estado,Seca,Perfeito estado,Outros,Não há placas,,Dupla,Faixa contínua,,
2022-09-27 00:00:00,,COM VÍTIMA,FINALIZADA,MADALENA,AV VISCONDE DE ALBUQUERQUE,862,RUA JANUARIO BARBOSA,EM FRENTE A CLINICA INTERPERIO E PROXIMO A PRAÇA EÇA DE QUEIROZ,MADALENA,,,COLISÃO FRONTAL,1,1,0,0,0,0,0,0,0,1,0,Cruzamento,Bom,Não existe,Incompleta,Seca,Perfeito estado,Faixa de pedestre,"Placas ""Pare""",60 km/h,Única,Faixa contínua,Faixa seccionada,
2022-09-27 00:00:00,,SEM VÍTIMA,CANCELADA,DOIS UNIDOS,RUA VILA FLOR,281,,PROXIMO A ASSEMBLEIA DE DEUS,DOIS UNIDOS,,SUBURBIO,COLISÃO FRONTAL,1,1,0,0,0,0,0,0,0,0,0,,,,,,,,,,,,,
2022-09-27 00:00:00,,COM VÍTIMA,FINALIZADA,BEBERIBE,AV ANIBAL BENEVOLO,,,TERMINAL DE ÔNIBUS,BEBERIBE,,,COLISÃO LATERAL,1,1,0,0,0,0,0,0,0,1,0,,,,,,,,,,,,,
2022-09-27 00:00:00,,COM VÍTIMA,CANCELADA,CABANGA,RUA GENERAL ESTILAC LEAL,,,QUARTEL EXERCITO,CABANGA,,,COLISÃO TRASEIRA,1,0,0,0,0,0,0,0,0,1,0,,,,,,,,,,,,,
2022-09-28 00:00:00,,COM VÍTIMA,FINALIZADA,ESPINHEIRO,RUA CONS PORTELA,644,,"EM FRENTE A LIVRARIA AQUARELA, PROX. A AUDISONIC APARELHOS",ESPINHEIRO,,,COLISÃO LATERAL,1,1,0,0,0,0,0,0,0,1,0,Longo da via,Bom,Não existe,Perfeito estado,Seca,Perfeito estado,Não existe,Outras,30 km/h,Única,Não existe,,
2022-09-28 00:00:00,,COM VÍTIMA,FINALIZADA,IBURA,AV RECIFE,,,UPA E DA AV RECIFE,IBURA,,,ATROPELAMENTO DE PESSOA,0,1,0,0,1,0,0,0,0,2,0,Longo da via,Bom,Sem defeito,Perfeito estado,Seca,Perfeito estado,Faixa de pedestre,Não há placas,,Dupla,Não existe,,
2022-09-28 00:00:00,,SEM VÍTIMA,FINALIZADA,AFLITOS,AV SANTOS DUMONT,444,,EM FRENTE AO Nº 444,AFLITOS,,SUBURBIO,CHOQUE,2,0,0,0,0,0,0,0,0,0,0,Longo da via,Bom,Não existe,Perfeito estado,Seca,Perfeito estado,Não existe,R-6a,30 km/h,Única,,,
2022-09-28 00:00:00,,COM VÍTIMA,FINALIZADA,IMBIRIBEIRA,AV MARECHAL MASCARENHAS DE MORAES,,,EM FRENTE A FPS NO SENTIDO PRAZERES,IMBIRIBEIRA,,,COLISÃO TRASEIRA,0,2,0,0,0,0,0,0,0,1,0,Longo da via,Bom,Não existe,Perfeito estado,Seca,Perfeito estado,Não existe,R-6a,60 km/h,Dupla,Canteiro central,,
2022-09-28 00:00:00,,COM VÍTIMA,FINALIZADA,GRAÇAS,RUA DAS PERNAMBUCANAS,,RUA MONSENHOR AMBROZINO LEITE,PROXIMO AO HOSPITAL JAIME DA FONTE,GRAÇAS,600,SUBURBIO,COLISÃO TRANSVERSAL,1,1,0,0,0,0,0,0,0,1,0,Cruzamento,Bom,Intermitente,Perfeito estado,Seca,Perfeito estado,Faixa de pedestre,R-6a,,Dupla,Faixa seccionada,,
2022-09-29 00:00:00,,COM VÍTIMA,CANCELADA,TEJIPIÓ,RUA LEANDRO BARRETO,425,,EM FRENTE A GALERIA VERDE,TEJIPIÓ,,,QUEDA,0,1,0,0,0,0,0,0,0,1,0,,,,,,,,,,,,,
2022-09-29 00:00:00,,COM VÍTIMA,DUPLICIDADE,,RUA SAO MIGUEL,,,,,,,COLISÃO FRONTAL,1,1,0,0,0,0,0,0,0,1,0,,,,,,,,,,,,,
2022-09-29 00:00:00,,COM VÍTIMA,FINALIZADA,DERBY,RUA HENRIQUE DIAS,,AV GOVERNADOR AGAMENON MAGALHAES,,DERBY,,,COLISÃO TRASEIRA,1,1,0,0,0,0,0,0,0,1,0,Longo da via,Bom,Sem defeito,Perfeito estado,Seca,Perfeito estado,Outros,Outras,,Dupla,Faixa seccionada,,
2022-09-29 00:00:00,,COM VÍTIMA,FINALIZADA,AFOGADOS,RUA SAO MIGUEL,1883,,CENTER QUADROS METÁLICOS,AFOGADOS,,,COLISÃO LATERAL,1,2,0,0,0,0,0,0,0,1,0,Longo da via,Bom,Não existe,Perfeito estado,Seca,Perfeito estado,Não existe,Não há placas,,Dupla,Faixa contínua,Faixa seccionada,
2022-09-29 00:00:00,,COM VÍTIMA,FINALIZADA,CIDADE UNIVERSITÁRIA,AV PROFESSOR LUIZ FREIRE,,,EM FRENTE AO IFPE,CIDADE UNIVERSITÁRIA,,,COLISÃO TRASEIRA,0,2,0,0,0,0,0,0,0,2,0,Longo da via,Bom,Não existe,Perfeito estado,Seca,Perfeito estado,Não existe,Não há placas,40 km/h,Dupla,Faixa seccionada,,
2022-09-29 00:00:00,,COM VÍTIMA,FINALIZADA,BARRO,AV DR JOSE RUFINO,,,EM FRENTE AO 4º BCOM,BARRO,,,COLISÃO LATERAL,1,1,0,0,0,0,0,0,0,1,0,,,,,,,,,,,,,
2022-09-29 00:00:00,,SEM VÍTIMA,FINALIZADA,BOA VIAGEM,AV MARECHAL MASCARENHAS DE MORAES,5313,,EM FRENTE AO HOTEL IBIS RECIFE AEROPORTO,BOA VIAGEM,,CIDADE,,1,0,0,0,0,0,0,1,0,0,0,Longo da via,Bom,Não existe,Perfeito estado,Seca,Perfeito estado,Não existe,Não há placas,60 km/h,Única,Faixa contínua,Canteiro central,
2022-09-29 00:00:00,,COM VÍTIMA,FINALIZADA,DOIS IRMÃOS,RUA DOIS IRMAOS,,,EM FRENTE A ESCOLA CÃNDIDO DUARTE,DOIS IRMÃOS,,,QUEDA,0,1,0,0,0,0,0,0,0,1,0,Longo da via,Bom,Sem defeito,Perfeito estado,Seca,Perfeito estado,Não existe,R-6a,,Dupla,Faixa contínua,,
2022-09-29 00:00:00,,SEM VÍTIMA,CANCELADA,BOA VIAGEM,RUA BALTAZAR PASSOS,,AV BOA VIAGEM,,BOA VIAGEM,,,COLISÃO LATERAL,1,0,0,0,0,0,1,0,0,0,0,,,,,,,,,,,,,
2022-09-29 00:00:00,,SEM VÍTIMA,FINALIZADA,BOA VIAGEM,AV BOA VIAGEM,,,EM FRENTE AO Nº 3356,BOA VIAGEM,547,CIDADE,COLISÃO TRASEIRA,2,0,0,0,0,0,0,0,0,0,0,Longo da via,Bom,Sem defeito,Perfeito estado,Seca,Perfeito estado,Faixa de pedestre,,,Única,Faixa seccionada,,
2022-09-29 00:00:00,,COM VÍTIMA,FINALIZADA,BOA VIAGEM,RUA CAMBOIM,,RUA JOAO CARDOSO AIRES,,BOA VIAGEM,,,COLISÃO LATERAL,1,1,0,0,0,0,0,0,0,1,0,Cruzamento,Bom,Não existe,Ilegível,Seca,Perfeito estado,Não existe,"Placas ""Pare""",30 km/h,Dupla,Faixa seccionada,,
2022-09-30 00:00:00,,COM VÍTIMA,FINALIZADA,BOA VIAGEM,AV CONSELHEIRO AGUIAR,2707,,EM FRENTE A CLÍNICA ARMINDO MOURA NETO,BOA VIAGEM,549,,ENGAVETAMENTO,3,0,0,0,0,0,0,0,0,1,0,Longo da via,Bom,Sem defeito,Perfeito estado,Seca,Perfeito estado,Faixa de pedestre,R-6a,,Única,Faixa seccionada,,
2022-09-30 00:00:00,,COM VÍTIMA,FINALIZADA,MANGUEIRA,RUA VINTE E UM DE ABRIL,2090,RUA BOM JARDIM,JOEL DAS BEBIDAS / BORRACHARIA DO LUCAS,MANGUEIRA,,,COLISÃO LATERAL,1,1,0,0,0,0,0,0,0,1,0,Cruzamento,Bom,Não existe,Não existente,Seca,Perfeito estado,Não existe,Não há placas,,Dupla,Não existe,,
2022-09-30 00:00:00,,COM VÍTIMA,FINALIZADA,IMBIRIBEIRA,RUA CONEGO LIRA,370,,PROX A DISTRUIDORA PALAÇOS / BATERIA MOURA,IMBIRIBEIRA,,,COLISÃO LATERAL,1,1,0,0,0,0,0,0,0,1,0,Cruzamento,Bom,Não existe,Não existente,Seca,Perfeito estado,Não existe,Não há placas,,Dupla,Não existe,,
2022-09-30 00:00:00,,COM VÍTIMA,FINALIZADA,BONGI,RUA DELMIRO GOUVEIA,333,,EM FRENTE A CHESF,BONGI,,CIDADE,COLISÃO LATERAL,1,1,0,0,0,0,0,0,0,1,0,Longo da via,Bom,Não existe,Incompleta,Seca,Perfeito estado,Não existe,Não há placas,,Dupla,Não existe,,
2022-09-30 00:00:00,,COM VÍTIMA,CANCELADA,POÇO DA PANELA,AV DEZESSETE DE AGOSTO,1986,,PRÓXIMO AO LABORATÓRIO MARCELO MAGALHÃES,POÇO DA PANELA,,,COLISÃO LATERAL,0,0,0,0,0,0,0,0,0,1,0,,,,,,,,,,,,,
2022-09-30 00:00:00,,COM VÍTIMA,CANCELADA,CAXANGÁ,RUA EMILIANO BRAGA,,,ATTRAS DA ESTACÃO DE ONIBUS BRT,CAXANGÁ,,,COLISÃO FRONTAL,1,1,0,0,0,0,0,0,0,1,0,,,,,,,,,,,,,
2022-09-30 00:00:00,,COM VÍTIMA,CANCELADA,ARRUDA,RUA DA REGENERACAO,788,,EM FRENTE A LOJA TO NO ASSAI,ARRUDA,,,CHOQUE,2,0,0,0,0,0,0,0,0,1,0,,,,,,,,,,,,,
2022-10-01 00:00:00,,COM VÍTIMA,FINALIZADA,JARDIM SÃO PAULO,AV RECIFE,6165,,EM FRENTE AO ASSAI,JARDIM SÃO PAULO,,,COLISÃO LATERAL,1,1,0,0,0,0,0,0,0,1,0,Longo da via,Bom,Sem defeito,Perfeito estado,Seca,Perfeito estado,Não existe,Não há placas,,Única,Faixa seccionada,,
2022-10-01 00:00:00,,COM VÍTIMA,FINALIZADA,ENCRUZILHADA,AV BEBERIBE,,RUA PEDRO ALVES,DROGASIL,ENCRUZILHADA,186,CIDADE,COLISÃO TRASEIRA,1,1,0,0,0,0,0,0,0,1,0,Cruzamento,Bom,Sem defeito,Perfeito estado,Seca,Perfeito estado,Faixa de pedestre,Outras,,Dupla,Faixa contínua,,
2022-10-01 00:00:00,,SEM VÍTIMA,FINALIZADA,IBURA,RUA PINTOR AGENOR DE ALBUQUERQUE CESAR,160,,,IBURA,,,CHOQUE,1,0,0,0,0,0,0,1,0,0,0,Longo da via,Bom,Não existe,Perfeito estado,Seca,Perfeito estado,Não existe,,,Dupla,Não existe,,
2022-10-01 00:00:00,,COM VÍTIMA,FINALIZADA,VASCO DA GAMA,RUA VASCO DA GAMA,178,,PRÓXIMO AO SESI DO VASCO,VASCO DA GAMA,,,COLISÃO LATERAL,1,1,0,0,0,0,0,0,0,1,0,Outros,Bom,Não existe,Incompleta,Seca,Mal conservada,Não existe,R-6a,40 km/h,Dupla,Faixa seccionada,,
2022-10-02 00:00:00,,COM VÍTIMA,FINALIZADA,IMBIRIBEIRA,RUA ARQUITETO LUIZ NUNES,,RUA ENGENHEIRO JOSE BRANDAO CAVALCANTE,LAGOA DO ARAÇA,IMBIRIBEIRA,,,COLISÃO LATERAL,1,1,0,0,0,0,0,0,0,2,0,Cruzamento,Bom,Não existe,Perfeito estado,Seca,Perfeito estado,Não existe,"Placas ""Pare""",,Dupla,Faixa contínua,,
2022-10-02 00:00:00,,COM VÍTIMA,FINALIZADA,CAXANGÁ,RUA GASTAO VIDIGAL,,,EM FRENTE A UPA,CAXANGÁ,,SUBURBIO,COLISÃO LATERAL,2,0,0,0,0,0,0,0,0,1,0,Cruzamento,Bom,Sem defeito,Perfeito estado,Seca,Perfeito estado,Faixa de pedestre,Não há placas,,Dupla,Não existe,,
2022-10-02 00:00:00,,SEM VÍTIMA,FINALIZADA,JORDÃO,PRC DO JORDAO,53,,FRENTE Nº 53,JORDÃO,,CIDADE,COLISÃO FRONTAL,0,1,0,0,0,0,0,1,0,0,0,Longo da via,Bom,Não existe,Perfeito estado,Seca,Perfeito estado,Não existe,R-6a,30 km/h,Dupla,Não existe,,
2022-10-02 00:00:00,,COM VÍTIMA,CANCELADA,AREIAS,RUA FIGUEIRA DE MELO,11,,EM FRENTE AO CASA DE FESTA OXENTE KIDS,AREIAS,,,QUEDA,0,1,0,0,0,0,0,0,0,1,0,,,,,,,,,,,,,
2022-10-02 00:00:00,,COM VÍTIMA,FINALIZADA,PORTO DA MADEIRA,RUA DALVA DE OLIVEIRA,,,PROXIMO A AMBEV,PORTO DA MADEIRA,,,COLISÃO LATERAL,1,1,0,0,0,0,0,0,0,1,0,Cruzamento,Bom,Não existe,Perfeito estado,Seca,Perfeito estado,Outros,Não há placas,,Dupla,Não existe,,
2022-10-03 00:00:00,,SEM VÍTIMA,FINALIZADA,CORDEIRO,RUA MANDIORE,152,,,CORDEIRO,,SUBURBIO,CHOQUE,3,0,0,0,0,0,0,0,0,0,0,Longo da via,Bom,Não existe,Não existente,Seca,Perfeito estado,Não existe,Não há placas,,Dupla,Não existe,,
2022-10-03 00:00:00,,SEM VÍTIMA,FINALIZADA,VASCO DA GAMA,RUA NOVA DESCOBERTA,213,,EM FRENTE ATACAREJO,VASCO DA GAMA,,CIDADE,COLISÃO FRONTAL,0,1,0,0,0,1,0,0,0,0,0,Longo da via,Bom,Não existe,Perfeito estado,Seca,Perfeito estado,Não existe,R-6a,,Dupla,Não existe,,
2022-10-03 00:00:00,,SEM VÍTIMA,FINALIZADA,DERBY,AV GOVERNADOR AGAMENON MAGALHAES,,RUA JOAO FERNANDES VIEIRA,,DERBY,37,SUBURBIO,CHOQUE,0,0,0,0,0,0,0,1,0,0,0,Cruzamento,Bom,Sem defeito,Perfeito estado,Seca,Perfeito estado,Faixa de pedestre,Não há placas,60 km/h,Única,Faixa contínua,,
2022-10-03 00:00:00,,COM VÍTIMA,FINALIZADA,BOA VIAGEM,AV BOA VIAGEM,3356,,PRÉDIO ACAIACA  / EDF. ANTONIO MONTE,BOA VIAGEM,,,COLISÃO LATERAL,4,1,0,0,0,0,0,0,0,1,0,Longo da via,Bom,Sem defeito,Perfeito estado,Seca,Perfeito estado,Não existe,Não há placas,,Única,Faixa seccionada,,
2022-10-03 00:00:00,,COM VÍTIMA,FINALIZADA,GRAÇAS,RUA AMELIA,,AV RUI BARBOSA,ENTRE O POSTO SHEL  E O POSTO BR,GRAÇAS,,,COLISÃO FRONTAL,1,1,0,0,0,0,0,0,0,1,0,Cruzamento,Bom,Sem defeito,Perfeito estado,Seca,Perfeito estado,Faixa de pedestre,Não há placas,,Única,Não existe,,
2022-10-03 00:00:00,,COM VÍTIMA,FINALIZADA,ÁGUA FRIA,RUA DR EUDES COSTA,497,,EM FRENTE A IGREJA DEUS É AMOR,ÁGUA FRIA,,,COLISÃO TRASEIRA,1,1,0,0,0,0,0,0,0,1,0,Longo da via,Bom,Não existe,Perfeito estado,Seca,Perfeito estado,Não existe,Outras,,Dupla,Faixa seccionada,,
2022-10-03 00:00:00,,COM VÍTIMA,FINALIZADA,MADALENA,AV JOSE GONCALVES DE MEDEIROS,138,,PROXIMO AO RESTAURANTE OPINENCE,MADALENA,,,COLISÃO LATERAL,1,1,0,0,0,0,0,0,0,1,0,Esquina,Bom,Não existe,Ilegível,Seca,Perfeito estado,Não existe,Não há placas,,Dupla,Não existe,,
2022-10-03 00:00:00,,COM VÍTIMA,FINALIZADA,SÃO JOSÉ,TRV DO RAPOSO,,,NO PONTILÃO,SÃO JOSÉ,,,COLISÃO COM CICLISTA,1,0,0,1,0,0,0,0,0,1,0,Cruzamento,Bom,Não existe,Não existente,Seca,Mal iluminada,Não existe,Não há placas,,Dupla,Não existe,,
2022-10-04 00:00:00,,SEM VÍTIMA,FINALIZADA,AFOGADOS,RUA DEMOCRITO CAVALCANTI,247,,EM FRENTE ARMAND ENGENHARIA,AFOGADOS,,CIDADE,CHOQUE,0,0,0,0,0,0,0,1,0,0,0,Longo da via,Bom,Não existe,Não existente,Seca,Mal conservada,Não existe,Não há placas,,Dupla,Não existe,,
2022-10-04 00:00:00,,COM VÍTIMA,FINALIZADA,SAN MARTIN,AV GENERAL SAN MARTIN,,,EM FRENTE AOS CORREIOS,SAN MARTIN,,,ATROPELAMENTO DE PESSOA,0,1,0,0,1,0,0,0,0,1,0,,,,,,,,,,,,,
2022-10-04 00:00:00,,SEM VÍTIMA,FINALIZADA,CAMPO GRANDE,AV GOVERNADOR AGAMENON MAGALHAES,,,LADO OPOSTO AO TACARUNA,CAMPO GRANDE,,CIDADE,,1,0,0,0,0,0,1,0,0,0,0,Longo da via,Bom,Não existe,Perfeito estado,Seca,Perfeito estado,Não existe,Não há placas,60 km/h,Única,Faixa seccionada,,
2022-10-04 00:00:00,,COM VÍTIMA,FINALIZADA,CAMPO GRANDE,RUA JERONIMO VILELA,141,RUA MARQUES DE ABRANTES,APÓS O COLÉGIO JESUS CRUCIFICADO,CAMPO GRANDE,,,COLISÃO LATERAL,1,1,0,0,0,0,0,0,0,1,0,Cruzamento,Bom,Não existe,Perfeito estado,Seca,Perfeito estado,Não existe,Outras,40 km/h,Dupla,Faixa seccionada,,
2022-10-04 00:00:00,,COM VÍTIMA,CANCELADA,CASA AMARELA,AV DR EURICO CHAVES,567,,DEPÓSITO DO EDUARDO,CASA AMARELA,,,COLISÃO LATERAL,1,1,0,0,0,0,0,0,0,1,0,,,,,,,,,,,,,
2022-10-04 00:00:00,,COM VÍTIMA,FINALIZADA,CURADO,AV PREFEITO ANTONIO PEREIRA,,,PROXIMO A ENTRADA DO TIPI NO TEMINAL,CURADO,,,COLISÃO TRASEIRA,0,1,0,0,0,1,0,0,0,1,0,Longo da via,Bom,Não existe,Perfeito estado,Seca,Perfeito estado,Não existe,Não há placas,,Dupla,Canteiro central,,
2022-10-04 00:00:00,,SEM VÍTIMA,FINALIZADA,SANTO AMARO,AV CRUZ CABUGA,,RUA DOS CASADOS,EM FRENTE AO HCP,SANTO AMARO,202,CIDADE,,1,0,0,0,0,0,1,0,0,0,0,Longo da via,Bom,Sem defeito,Perfeito estado,Seca,Perfeito estado,Faixa de pedestre,Outras,,Dupla,Blocos,,
2022-10-04 00:00:00,,SEM VÍTIMA,FINALIZADA,SÃO JOSÉ,RUA FLORIANO PEIXOTO,,,PÁTIO DO TERMINAL INTEGRADO,SÃO JOSÉ,,SUBURBIO,,0,0,0,0,0,1,0,1,0,0,0,Outros,Bom,Não existe,Ilegível,Seca,Perfeito estado,Não existe,Não há placas,,Única,Não existe,,
2022-10-04 00:00:00,,COM VÍTIMA,FINALIZADA,MADALENA,AV BEIRA RIO,650,RUA JANUARIO BARBOSA,PROX A PONTE DE DA CAPUNGA,MADALENA,,,COLISÃO LATERAL,1,1,0,0,0,0,0,0,0,1,0,Esquina,Bom,Não existe,Perfeito estado,Seca,Perfeito estado,Não existe,Outras,,Dupla,Faixa seccionada,,
2022-10-04 00:00:00,,COM VÍTIMA,FINALIZADA,CASA FORTE,AV DEZESSETE DE AGOSTO,1255,RUA JACO VELOSINO,EM FRENTE A FARMACIA DROGASIL,CASA FORTE,,,COLISÃO LATERAL,1,1,0,0,0,0,0,0,0,1,0,Longo da via,Bom,Não existe,Perfeito estado,Seca,Perfeito estado,Não existe,Não há placas,40 km/h,Dupla,Faixa seccionada,,
2022-10-04 00:00:00,,COM VÍTIMA,FINALIZADA,CAMPO GRANDE,RUA PROFESSOR FRANCISCO DA TRINDADE,,RUA SAO CAETANO,PRÓXIMO AO CLUBE DAS PÁS,CAMPO GRANDE,,,COLISÃO LATERAL,0,0,0,0,0,0,0,0,0,1,0,Cruzamento,Bom,Não existe,Perfeito estado,Seca,Perfeito estado,Faixa de pedestre,Não há placas,30 km/h,Dupla,Faixa contínua,,
2022-10-04 00:00:00,,SEM VÍTIMA,CANCELADA,TORRE,RUA SOUZA BANDEIRA,,,PRÓXIMO AO COLÉGIO LUBIESCA,TORRE,,,COLISÃO TRANSVERSAL,0,0,0,0,0,0,0,0,0,0,0,,,,,,,,,,,,,
2022-10-04 00:00:00,,SEM VÍTIMA,CANCELADA,ENCRUZILHADA,RUA LARGA DO FEITOSA,304,,APÓS O BAR DO TONHÃO,ENCRUZILHADA,,,CHOQUE,0,0,0,0,0,0,0,0,0,0,0,,,,,,,,,,,,,
2022-10-04 00:00:00,,COM VÍTIMA,FINALIZADA,AFOGADOS,RUA SAO MIGUEL,,,EM FRENTE AO DEPATRI,AFOGADOS,,,COLISÃO TRANSVERSAL,0,0,0,0,0,0,0,0,0,2,0,Cruzamento,Bom,Não existe,Perfeito estado,Seca,Perfeito estado,Não existe,Não há placas,40 km/h,Dupla,Faixa contínua,,
2022-10-05 00:00:00,,COM VÍTIMA,FINALIZADA,BOA VISTA,RUA GERVASIO PIRES,,,AO LADO DO SHOPPING BOA VISTA,BOA VISTA,24,,COLISÃO TRASEIRA,1,1,0,0,0,0,0,0,0,2,0,Longo da via,Bom,Sem defeito,Perfeito estado,Seca,Perfeito estado,Agente,Não há placas,,Única,Faixa seccionada,,
2022-10-05 00:00:00,,SEM VÍTIMA,CANCELADA,PINA,RUA COMENDADOR MORAES,,AV ANTONIO DE GOES,EM FRENTE AO JCPM,PINA,,,COLISÃO LATERAL,1,0,0,0,0,0,0,1,0,0,0,,,,,,,,,,,,,
2022-10-05 00:00:00,,COM VÍTIMA,FINALIZADA,BOA VISTA,AV MONTEVIDEU,,,PRÓX. AO BRADESCO,BOA VISTA,,,COLISÃO LATERAL,0,1,0,0,0,0,0,1,0,1,0,,,,,,,,,,,,,
2022-10-05 00:00:00,,COM VÍTIMA,FINALIZADA,DERBY,AV GOVERNADOR AGAMENON MAGALHAES,,,,DERBY,,,COLISÃO LATERAL,1,1,0,0,0,0,0,0,0,1,0,Longo da via,Bom,Sem defeito,Perfeito estado,Seca,Mal iluminada,,Outras,60 km/h,Dupla,Canteiro central,,
2022-10-05 00:00:00,,COM VÍTIMA,FINALIZADA,BARRO,AV DR JOSE RUFINO,2642,,EM FRENTE AO HOTEL OLIMPICOS,BARRO,,CIDADE,COLISÃO LATERAL,0,1,0,0,0,1,0,0,0,1,0,Cruzamento,Bom,Não existe,Incompleta,Seca,Perfeito estado,Não existe,R-6a,,Dupla,Faixa contínua,Faixa seccionada,
2022-10-05 00:00:00,,COM VÍTIMA,FINALIZADA,VASCO DA GAMA,RUA DOURADINHA,,,NA LADEIRA  DO ALTO DO EUCALIPTO,VASCO DA GAMA,,,COLISÃO FRONTAL,1,1,0,0,0,0,0,0,0,1,0,Longo da via,Bom,Não existe,Perfeito estado,Seca,Perfeito estado,Não existe,Não há placas,,Dupla,Não existe,,
2022-10-05 00:00:00,,COM VÍTIMA,FINALIZADA,BOA VIAGEM,RUA DEZ DE JULHO,481,,DEPOIS DA ESTAÇÃO DO METRO CASA DE FESTA MESON CRISTAL,BOA VIAGEM,,,COLISÃO LATERAL,1,1,0,0,0,0,0,0,0,1,0,Cruzamento,Bom,Não existe,Perfeito estado,Seca,Perfeito estado,Não existe,Não há placas,,Dupla,Faixa contínua,,
2022-10-06 00:00:00,,SEM VÍTIMA,FINALIZADA,SAN MARTIN,AV ENGENHEIRO ABDIAS DE CARVALHO,,AV GENERAL SAN MARTIN,NOVO ATACAREJO,SAN MARTIN,,,COLISÃO LATERAL,1,0,0,0,0,0,1,0,0,0,0,,,,,,,,,,,,,