data,hora,natureza,situacao,bairro,endereco,numero,detalhe_endereco_acidente,complemento,bairro_cruzamento,num_semaforo,sentido_via,tipo,auto,moto,ciclom,ciclista,pedestre,onibus,caminhao,viatura,outros,vitimas,vitimasfatais,acidente_verificado,tempo_clima,situacao_semaforo,sinalizacao,condicao_via,conservacao_via,ponto_controle,situacao_placa,velocidade_max_via,mao_direcao,divisao_via1,divisao_via2,divisao_via3
2022-10-06 00:00:00,,COM VÍTIMA,FINALIZADA,ESPINHEIRO,RUA DO ESPINHEIRO,,RUA QUARENTA E OITO,RUA QUARENTA E OITO,ESPINHEIRO,,CIDADE,COLISÃO LATERAL,1,1,0,0,0,0,0,0,0,1,0,Cruzamento,Chuvoso,Sem defeito,Perfeito estado,Molhada,Perfeito estado,Faixa de pedestre,Não há placas,40 km/h,Única,Faixa seccionada,,
2022-10-06 00:00:00,,COM VÍTIMA,FINALIZADA,TEJIPIÓ,RUA MAJOR CHAGAS DE OLIVEIRA,46,,ROGÉRIO MOTOS / ESCOLA ALBERTO TORRES,TEJIPIÓ,,,COLISÃO LATERAL,1,1,0,0,0,0,0,0,0,1,0,Cruzamento,Chuvoso,Não existe,Perfeito estado,Molhada,Perfeito estado,Não existe,Não há placas,,Única,Não existe,,
2022-10-06 00:00:00,,SEM VÍTIMA,FINALIZADA,IMBIRIBEIRA,RUA ITAJAI,,RUA JAMAICA,CENTER MAIS SAÚDE,IMBIRIBEIRA,,SUBURBIO,COLISÃO TRASEIRA,2,0,0,0,0,0,0,0,0,0,0,Cruzamento,Chuvoso,Não existe,Ilegível,Molhada,Perfeito estado,Faixa de pedestre,Não há placas,,Dupla,Faixa seccionada,,
2022-10-07 00:00:00,,COM VÍTIMA,FINALIZADA,IMBIRIBEIRA,AV GENERAL MAC ARTHUR,,,RESIDENCIAL LE PARC,IMBIRIBEIRA,,SUBURBIO,COLISÃO TRASEIRA,1,1,0,0,0,0,0,0,0,1,0,Longo da via,Chuvoso,Não existe,Perfeito estado,Molhada,Perfeito estado,Não existe,Não há placas,40 km/h,Única,Faixa seccionada,,
2022-10-07 00:00:00,,COM VÍTIMA,FINALIZADA,TEJIPIÓ,RUA FALCAO DE LACERDA,515,RUA QUEIRA DEUS,,TEJIPIÓ,,CIDADE,CHOQUE,1,0,0,0,0,0,0,0,0,2,0,Longo da via,Chuvoso,Sem defeito,Perfeito estado,Molhada,Mal iluminada,Não existe,Não há placas,60 km/h,Dupla,Faixa contínua,,
2022-10-07 00:00:00,,COM VÍTIMA,FINALIZADA,IMBIRIBEIRA,AV MARECHAL MASCARENHAS DE MORAES,,,LADO OPOSTO AO SINDICARTO DOS TAXISTAS SENTIDO AFOGADOS,IMBIRIBEIRA,,CIDADE,COLISÃO TRANSVERSAL,1,1,0,0,0,0,0,0,0,1,0,Longo da via,Bom,Não existe,Perfeito estado,Seca,Perfeito estado,Não existe,Não há placas,60 km/h,Dupla,Canteiro central,,
2022-10-07 00:00:00,,COM VÍTIMA,FINALIZADA,CAMPO GRANDE,RUA ODORICO MENDES,188,RUA VISCONDE DE CAIRU,PRÓX. AO CLUBE DAS PÁS,CAMPO GRANDE,,,COLISÃO LATERAL,1,1,0,0,0,0,0,0,0,1,0,Longo da via,Bom,Sem defeito,Incompleta,Seca,Perfeito estado,Não existe,R-6a,,Dupla,Faixa seccionada,,
2022-10-07 00:00:00,,COM VÍTIMA,FINALIZADA,CAXANGÁ,AV CAXANGA,,RUA RIBEIRO PESSOA,EM RENTE DA UPA DA CAXANGA,CAXANGÁ,281,SUBURBIO,COLISÃO LATERAL,1,1,0,0,0,0,0,0,0,1,0,Longo da via,Bom,Sem defeito,Perfeito estado,Seca,Perfeito estado,Faixa de pedestre,Não há placas,60 km/h,Dupla,Canteiro central,,
2022-10-07 00:00:00,,SEM VÍTIMA,FINALIZADA,,PTE RAIMUNDO FARIAS,,AV GOVERNADOR AGAMENON MAGALHAES,SOB O SEMÁFORO 037,,37,CIDADE,COLISÃO TRASEIRA,3,0,0,0,0,0,0,0,0,0,0,Longo da via,Bom,Sem defeito,Incompleta,Seca,Perfeito estado,,Não há placas,40 km/h,Única,Não existe,,
2022-10-07 00:00:00,,COM VÍTIMA,FINALIZADA,ILHA DO RETIRO,RUA DR JOAO MARQUES,140,RUA JOAO ELISIO RAMOS,AO LADO DAS PISCINA DO  CLUBE DO SPORT,ILHA DO RETIRO,,SUBURBIO,COLISÃO LATERAL,1,1,0,0,0,0,0,0,0,1,0,Esquina,Bom,Não existe,Perfeito estado,Seca,Perfeito estado,Não existe,R-6a,,Dupla,Faixa seccionada,,
2022-10-07 00:00:00,,COM VÍTIMA,CANCELADA,CASA AMARELA,AV PROFESSOR JOSE DOS ANJOS,,,E/F AO SESC S/T CID,CASA AMARELA,,,COLISÃO FRONTAL,1,1,0,0,0,0,0,0,0,1,0,,,,,,,,,,,,,
2022-10-07 00:00:00,,COM VÍTIMA,FINALIZADA,BOA VISTA,RUA DO RIACHUELO,,RUA DO HOSPICIO,POR TRAS DA FACULDADE DE DIREITO,BOA VISTA,,,ATROPELAMENTO DE PESSOA,1,0,0,0,1,0,0,0,0,1,0,Longo da via,Bom,Não existe,Perfeito estado,Seca,Perfeito estado,Não existe,Outras,30 km/h,Dupla,Canteiro central,,
2022-10-07 00:00:00,,COM VÍTIMA,FINALIZADA,IPUTINGA,AV MAURICIO DE NASSAU,,RUA N S DA SAUDE,NA ESQUINA DO TERMINAL DA TORRE,IPUTINGA,88,SUBURBIO,COLISÃO FRONTAL,0,2,0,0,0,0,0,0,0,2,0,Cruzamento,Bom,Sem defeito,Perfeito estado,Seca,Perfeito estado,Faixa de retenção,Não há placas,60 km/h,Dupla,Faixa contínua,,
2022-10-07 00:00:00,,COM VÍTIMA,FINALIZADA,SANTO AMARO,AV CRUZ CABUGA,,AV DR JAYME DA FONTE,,SANTO AMARO,343,,COLISÃO FRONTAL,1,1,0,0,0,0,0,0,0,2,0,Cruzamento,Bom,Sem defeito,Perfeito estado,Seca,Perfeito estado,Faixa de pedestre,Não há placas,,Dupla,Não existe,,
2022-10-07 00:00:00,,COM VÍTIMA,FINALIZADA,PINA,AV HERCULANO BANDEIRA,513,,EM FRENTE A GALERIA JOANA DARK,PINA,,SUBURBIO,COLISÃO TRASEIRA,1,1,0,0,0,0,0,0,0,1,0,Longo da via,Bom,Não existe,Não existente,Seca,Perfeito estado,Não existe,Não há placas,60 km/h,Única,Faixa seccionada,,
2022-10-08 00:00:00,,VÍTIMA FATAL,FINALIZADA,AFOGADOS,RUA MOTOCOLOMBO,,,EM FRENTE AO TRT,AFOGADOS,,SUBURBIO,COLISÃO TRASEIRA,1,1,0,0,0,0,0,0,0,0,1,Longo da via,Bom,Não existe,Perfeito estado,Seca,Perfeito estado,Não existe,Não há placas,60 km/h,,Faixa seccionada,,
2022-10-08 00:00:00,,COM VÍTIMA,FINALIZADA,SANTO AMARO,PTE PRINCESA IZABEL,,,TEATRO SANTA IZABEL,SANTO AMARO,,CIDADE,COLISÃO COM CICLISTA,0,0,0,1,0,0,1,0,0,1,0,Longo da via,Bom,Não existe,Perfeito estado,Seca,Perfeito estado,Não existe,R-6a,,Única,Faixa seccionada,,
2022-10-08 00:00:00,,COM VÍTIMA,FINALIZADA,TORRE,RUA REAL DA TORRE,460,,AO LADO DO MERCADO DA MADALENA,TORRE,179,CIDADE,QUEDA,0,1,0,0,0,0,0,0,0,1,0,Longo da via,Bom,Sem defeito,Perfeito estado,Seca,Perfeito estado,Faixa de pedestre,Outras,,Única,Faixa seccionada,,
2022-10-08 00:00:00,,COM VÍTIMA,FINALIZADA,IBURA,AV DOM HELDER CAMARA,,,AO LADO DO NUCLEO DA POLICIA,IBURA,315,SUBURBIO,COLISÃO LATERAL,1,1,0,0,0,0,0,0,0,1,0,Longo da via,Bom,Sem defeito,Perfeito estado,Seca,Perfeito estado,Faixa de retenção,Outras,,,Faixa contínua,,
2022-10-08 00:00:00,,COM VÍTIMA,FINALIZADA,SÃO JOSÉ,AV SUL,981,,SEMÁFORO 509,SÃO JOSÉ,509,SUBURBIO,COLISÃO FRONTAL,0,2,0,0,0,0,0,0,0,1,0,Cruzamento,Bom,Sem defeito,Perfeito estado,Seca,Perfeito estado,Faixa de pedestre,R-6a,,Única,Não existe,,
2022-10-08 00:00:00,,SEM VÍTIMA,FINALIZADA,MADALENA,RUA ALTINHO,44,,EM FRENTE AO EDIFICIO EMPERIAL PARQUE,MADALENA,,CIDADE,CHOQUE,4,0,0,0,0,0,1,0,0,0,0,Longo da via,Bom,Não existe,Perfeito estado,Seca,Perfeito estado,Não existe,Não há placas,,Única,Não existe,,
2022-10-08 00:00:00,,COM VÍTIMA,FINALIZADA,BARRO,AV DR JOSE RUFINO,,RUA PEDRO JOSE VIEIRA,EM FRENTE O POSTO IMPÉRIO,BARRO,,SUBURBIO,COLISÃO LATERAL,1,1,0,0,0,0,0,0,0,1,0,Cruzamento,Bom,Não existe,Perfeito estado,Seca,Perfeito estado,Não existe,Não há placas,,Dupla,Faixa seccionada,,
2022-10-09 00:00:00,,SEM VÍTIMA,FINALIZADA,BOA VIAGEM,AV GENERAL MAC ARTHUR,,,ANTES DA ESTAÇÃO DO METRO,BOA VIAGEM,,,CHOQUE,0,1,0,0,0,0,0,0,0,0,0,,,,,,,,,,,,,
2022-10-09 00:00:00,,COM VÍTIMA,FINALIZADA,JORDÃO,AV MARIA IRENE,33,,PROXIMO AO ARMAZEM GENIPAPO,JORDÃO,,SUBURBIO,COLISÃO FRONTAL,1,1,0,0,0,0,0,0,0,1,0,Longo da via,Bom,Não existe,Não existente,Seca,Perfeito estado,Não existe,Não há placas,40 km/h,Dupla,Não existe,,
2022-10-09 00:00:00,,COM VÍTIMA,FINALIZADA,PARNAMIRIM,AV PARNAMIRIM,,RUA TITO ROSAS,MC DONALD'S,PARNAMIRIM,,CIDADE,COLISÃO LATERAL,1,1,0,0,0,0,0,0,0,1,0,Longo da via,Bom,Sem defeito,Perfeito estado,Seca,Perfeito estado,Faixa de pedestre,Outras,,Única,Faixa contínua,,
2022-10-10 00:00:00,,COM VÍTIMA,FINALIZADA,ÁGUA FRIA,AV BEBERIBE,26,RUA ZEFERINO AGRA,EM FRENTE A ÓTICA D´LISBOA,ÁGUA FRIA,,SUBURBIO,COLISÃO LATERAL,1,1,0,0,0,0,0,0,0,1,0,Longo da via,Bom,Não existe,Perfeito estado,Seca,Perfeito estado,Faixa de pedestre,Não há placas,40 km/h,Dupla,Faixa contínua,,
2022-10-10 00:00:00,,COM VÍTIMA,FINALIZADA,COHAB,RUA DR BENIGNO JORDAO DE VASCONCELOS,385,RUA JOAO CORDEIRO DE SOUZA,APÓS À UPA / PRÓX. AO DEPÓSITO DO POBREZINHO,COHAB,,CIDADE,COLISÃO FRONTAL,1,1,0,0,0,0,0,0,0,1,0,Longo da via,Bom,Não existe,Não existente,Seca,Perfeito estado,Não existe,Não há placas,,Dupla,Não existe,,
2022-10-10 00:00:00,,COM VÍTIMA,FINALIZADA,IPSEP,RUA BLUMENAU,374,RUA IRAPUA,EM FRENTE A  DEPAULO CAR,IPSEP,,SUBURBIO,COLISÃO FRONTAL,1,1,0,0,0,0,0,0,0,1,0,Cruzamento,Bom,Não existe,Perfeito estado,Seca,Perfeito estado,Não existe,"Placas ""Pare""",30 km/h,Única,,,
2022-10-10 00:00:00,,COM VÍTIMA,FINALIZADA,IPSEP,RUA JEAN EMILE FAVRE,1676,RUA HELIO BRANDAO,EM FRENTE A DELTA AUTOPEÇAS,IPSEP,135,,COLISÃO LATERAL,1,1,0,0,0,0,0,0,0,1,0,Cruzamento,Bom,Sem defeito,Perfeito estado,Seca,Perfeito estado,Faixa de pedestre,R-6a,,Dupla,Faixa contínua,,
2022-10-10 00:00:00,,COM VÍTIMA,FINALIZADA,PINA,PTE AGAMENON MAGALHAES,,,NA PONTE- SAINDO DA AV ANTÕNIO DE GOIS,PINA,,CIDADE,COLISÃO LATERAL,0,2,0,0,0,0,0,0,0,2,0,Longo da via,Bom,Não existe,Perfeito estado,Seca,Perfeito estado,Não existe,R-19,60 km/h,Única,Faixa contínua,Canteiro central,
2022-10-10 00:00:00,,COM VÍTIMA,FINALIZADA,GRAÇAS,AV GOVERNADOR AGAMENON MAGALHAES,,,COLEGIO GOVERNADOR BARBOSA LIMA,GRAÇAS,174,,COLISÃO TRASEIRA,1,0,0,0,0,2,0,0,0,1,0,Longo da via,Bom,Sem defeito,Perfeito estado,Seca,Perfeito estado,Faixa de pedestre,Não há placas,60 km/h,Dupla,Canal,,
2022-10-10 00:00:00,,COM VÍTIMA,FINALIZADA,IBURA,AV RIO SAO FRANCISCO,318,,PROXIMO A ESCOLA POLIVALENTE,IBURA,,SUBURBIO,COLISÃO TRASEIRA,1,1,0,0,0,0,0,0,0,1,0,Longo da via,Bom,Não existe,Perfeito estado,Seca,Perfeito estado,Não existe,R-6c,,Dupla,Não existe,,
2022-10-10 00:00:00,,COM VÍTIMA,FINALIZADA,CAXANGÁ,AV CAXANGA,4302,,EM FRENTE ACONCESSIONARIA CAXANGA VEÍCULOS,CAXANGÁ,,SUBURBIO,COLISÃO TRASEIRA,1,1,0,0,0,0,0,0,0,1,0,Longo da via,Bom,Sem defeito,Perfeito estado,Seca,Perfeito estado,,Outras,40 km/h,Dupla,Canteiro central,,
2022-10-10 00:00:00,,COM VÍTIMA,FINALIZADA,AREIAS,AV RECIFE,4316,,EM FRENTE AO BIGBOMPREÇO,AREIAS,,SUBURBIO,COLISÃO LATERAL,1,1,0,0,0,0,0,0,0,1,0,Longo da via,Bom,Sem defeito,Perfeito estado,Seca,Perfeito estado,,Não há placas,60 km/h,Dupla,Canteiro central,,
2022-10-10 00:00:00,,COM VÍTIMA,FINALIZADA,SANTO AMARO,AV GOVERNADOR AGAMENON MAGALHAES,,,EM FRENTE A CAIXA ECONOMICA,SANTO AMARO,78,SUBURBIO,COLISÃO TRASEIRA,1,1,0,0,0,0,0,0,0,1,0,Longo da via,Bom,Sem defeito,Perfeito estado,Seca,Perfeito estado,Faixa de pedestre,Outras,,Dupla,Faixa contínua,Faixa seccionada,
2022-10-11 00:00:00,,COM VÍTIMA,FINALIZADA,NOVA DESCOBERTA,AV VEREADOR OTACILIO AZEVEDO,877,RUA JOSE REBOUCAS,APOS A UPA DE NOVA DESCOBERTA,NOVA DESCOBERTA,,,COLISÃO TRASEIRA,1,2,0,0,0,0,0,0,0,1,0,Longo da via,Bom,Não existe,Perfeito estado,Seca,Perfeito estado,Não existe,Não há placas,,Dupla,Faixa seccionada,,
2022-10-11 00:00:00,,COM VÍTIMA,FINALIZADA,AFOGADOS,RUA SAO MIGUEL,898,,QUARTEL 14 BATALHÃO LOGISTICO,AFOGADOS,,CIDADE,COLISÃO LATERAL,1,1,0,0,0,0,0,0,0,1,0,Cruzamento,Bom,Sem defeito,Incompleta,Seca,Mal conservada,Não existe,Não há placas,60 km/h,Dupla,Faixa contínua,Faixa seccionada,
2022-10-11 00:00:00,,COM VÍTIMA,FINALIZADA,CURADO,AV PROFESSOR LUIZ FREIRE,500,,IFPE,CURADO,,SUBURBIO,COLISÃO LATERAL,1,1,0,0,0,0,0,0,0,1,0,Longo da via,Bom,Não existe,Ilegível,Seca,Outros,Não existe,Não há placas,30 km/h,Dupla,Faixa contínua,,
2022-10-11 00:00:00,,COM VÍTIMA,FINALIZADA,BOA VISTA,AV LINS PETIT,195,,POSTO DE GASOLINA IPIRANGA,BOA VISTA,,SUBURBIO,ATROPELAMENTO DE PESSOA,0,1,0,0,1,0,0,0,0,1,0,Longo da via,Bom,Sem defeito,Ilegível,Seca,Perfeito estado,Outros,Outras,,Única,Não existe,,
2022-10-11 00:00:00,,COM VÍTIMA,FINALIZADA,MADALENA,RUA REAL DA TORRE,907,,WIZARD ESCOLA INGLÊS,MADALENA,,,COLISÃO COM CICLISTA,1,0,0,1,0,0,0,0,0,1,0,Longo da via,Bom,Não existe,Perfeito estado,Seca,Outros,Não existe,Não há placas,60 km/h,Única,Faixa seccionada,,
2022-10-11 00:00:00,,COM VÍTIMA,FINALIZADA,ALTO DO MANDU,RUA BARAUNA,123,,PROXIMO AO AÇUDE DE APIPUCOS,ALTO DO MANDU,,SUBURBIO,COLISÃO LATERAL,1,1,0,0,0,0,0,0,0,1,0,Esquina,Chuvoso,Não existe,Perfeito estado,Molhada,Perfeito estado,Faixa de pedestre,Outras,20 km/h,Dupla,Faixa seccionada,,
2022-10-11 00:00:00,,COM VÍTIMA,FINALIZADA,MANGABEIRA,AV NORTE MIGUEL ARRAES DE ALENCAR,,RUA DA MANGABEIRA,EM FRENTE A RAINHA VESTE PISO E REVESTIMENTO,MANGABEIRA,96,SUBURBIO,COLISÃO LATERAL,1,1,0,0,0,0,0,0,0,2,0,Cruzamento,Bom,Sem defeito,Perfeito estado,Seca,Perfeito estado,Faixa de pedestre,"Placas ""Pare""",,Dupla,Canteiro central,,
2022-10-11 00:00:00,,COM VÍTIMA,CANCELADA,IMBIRIBEIRA,RUA PAMPULHA,,AV MARECHAL MASCARENHAS DE MORAES,,IMBIRIBEIRA,,SUBURBIO,COLISÃO LATERAL,1,1,0,0,0,0,0,0,0,1,0,,,,,,,,,,,,,
2022-10-11 00:00:00,,SEM VÍTIMA,FINALIZADA,CASA AMARELA,AV NORTE MIGUEL ARRAES DE ALENCAR,,,EM FRENTE AO SUPERMERCADO DESKONTÃO /PRÓX. A ENTRADA DO VASCO,CASA AMARELA,,,COLISÃO TRASEIRA,1,0,0,0,0,0,1,0,0,0,0,,,,,,,,,,,,,
2022-10-12 00:00:00,,SEM VÍTIMA,FINALIZADA,BOA VISTA,AV JOAO DE BARROS,,,EM FRENTE A NEOENERGIA,BOA VISTA,,CIDADE,,1,0,0,0,0,0,0,0,1,0,0,Longo da via,Bom,Não existe,Perfeito estado,Seca,Perfeito estado,Não existe,Outras,,Única,Não existe,,
2022-10-12 00:00:00,,COM VÍTIMA,FINALIZADA,SANCHO,RUA APRIGIO GUIMARAES,466,,EM FRENTE AO ZEZINHO BOMBONS,SANCHO,,SUBURBIO,COLISÃO LATERAL,1,1,0,0,0,0,0,0,0,1,0,Longo da via,Bom,Não existe,Perfeito estado,Seca,Perfeito estado,Não existe,"Placas ""Pare""",,Dupla,Não existe,,
2022-10-12 00:00:00,,SEM VÍTIMA,CANCELADA,BOA VIAGEM,RUA BALTAZAR PASSOS,,,EM FRENTE A PADARIA PAN JOVEM,BOA VIAGEM,,,COLISÃO TRANSVERSAL,0,0,0,0,0,0,0,0,0,0,0,,,,,,,,,,,,,
2022-10-12 00:00:00,,SEM VÍTIMA,CANCELADA,IBURA,AV DOIS RIOS,,,EM FRENTE AO POSTO BR,IBURA,,,ATROPELAMENTO DE ANIMAL,0,0,0,0,0,0,0,0,0,0,0,,,,,,,,,,,,,
2022-10-12 00:00:00,,COM VÍTIMA,FINALIZADA,FUNDÃO,RUA CORONEL URBANO RIBEIRO DE SENA,466,,DO LADO DA BARRIGUDA,FUNDÃO,,,COLISÃO LATERAL,0,2,0,0,0,0,0,0,0,1,0,Longo da via,Bom,Não existe,Perfeito estado,Seca,Perfeito estado,,R-6a,30 km/h,Dupla,Não existe,,
2022-10-13 00:00:00,,COM VÍTIMA,FINALIZADA,BEBERIBE,AV BEBERIBE,247,,EM FRENTE AO COMERCIAL BECHARA,BEBERIBE,,CIDADE,COLISÃO LATERAL,1,1,0,0,0,0,0,0,0,1,0,Longo da via,Bom,Não existe,Perfeito estado,Seca,Perfeito estado,Não existe,Não há placas,,Única,Faixa contínua,,
2022-10-13 00:00:00,,SEM VÍTIMA,FINALIZADA,IPSEP,RUA FRANCISCO BARRETO,303,,COLISÃO SEM VÍTIMA ENTRE AUTO E ONIBUS,IPSEP,,,COLISÃO TRASEIRA,1,0,0,0,0,1,0,0,0,0,0,,,,,,,,,,,,,
2022-10-13 00:00:00,,COM VÍTIMA,FINALIZADA,SÃO JOSÉ,AV DANTAS BARRETO,,RUA SAO JOAO,,SÃO JOSÉ,,,ATROPELAMENTO DE PESSOA,0,1,0,0,1,0,0,0,0,1,0,Cruzamento,Chuvoso,Sem defeito,Perfeito estado,Molhada,Perfeito estado,Faixa de pedestre,Não há placas,,Dupla,Faixa,,
2022-10-13 00:00:00,,SEM VÍTIMA,FINALIZADA,SANTO ANTÔNIO,CAIS DO APOLO,,PTE CONDE MAURICIO DE NASSAU,,SANTO ANTÔNIO,,,TOMBAMENTO,0,0,0,0,0,0,0,1,0,0,0,,,,,,,,,,,,,
2022-10-13 00:00:00,,SEM VÍTIMA,FINALIZADA,SANTO ANTÔNIO,PRC DA REPUBLICA,,,AO LADO DO TEATRO SANTA ISABEL,SANTO ANTÔNIO,,CIDADE,,0,1,0,0,0,0,0,0,0,0,0,Longo da via,Bom,Não existe,Perfeito estado,Seca,Perfeito estado,Não existe,Não há placas,,Única,,,
2022-10-13 00:00:00,,COM VÍTIMA,FINALIZADA,BOA VIAGEM,RUA VISCONDE DE JEQUITINHONHA,,,OPOSTO A DIPLOMATA,BOA VIAGEM,,SUBURBIO,ATROPELAMENTO DE PESSOA,1,0,0,0,1,0,0,0,0,1,0,Longo da via,Bom,Com defeito,Perfeito estado,Seca,Perfeito estado,Agente,Não há placas,,Única,Faixa seccionada,,
2022-10-13 00:00:00,,COM VÍTIMA,FINALIZADA,ESPINHEIRO,AV NORTE MIGUEL ARRAES DE ALENCAR,2215,RUA ALFREDO DE CASTRO,NO SEMÁFORO 665,ESPINHEIRO,665,CIDADE,COLISÃO TRASEIRA,1,1,0,0,0,0,0,0,0,1,0,Cruzamento,Bom,Sem defeito,Perfeito estado,Seca,Perfeito estado,Faixa de pedestre,Não há placas,40 km/h,Única,Não existe,,
2022-10-13 00:00:00,,SEM VÍTIMA,FINALIZADA,CASA FORTE,EST DAS UBAIAS,,EST DO ENCANAMENTO,DROGASIL,CASA FORTE,,,COLISÃO TRASEIRA,3,0,0,0,0,0,0,0,0,0,0,,,,,,,,,,,,,
2022-10-13 00:00:00,,COM VÍTIMA,FINALIZADA,JARDIM SÃO PAULO,AV RECIFE,,,NA ENTRADA DE JARDIM SÃO PAULO,JARDIM SÃO PAULO,259,,COLISÃO FRONTAL,1,1,0,0,0,0,0,0,0,2,0,Longo da via,Bom,Sem defeito,Perfeito estado,Seca,Perfeito estado,Não existe,Não há placas,60 km/h,Dupla,Canteiro central,,
2022-10-14 00:00:00,,SEM VÍTIMA,FINALIZADA,JORDÃO,RUA DR ALVARO FERRAZ,71,,TERMINAL DE JORDÃO BAIXO,JORDÃO,,,CAPOTAMENTO,1,0,0,0,0,0,0,0,0,0,0,,,,,,,,,,,,,
2022-10-14 00:00:00,,SEM VÍTIMA,CANCELADA,BOA VIAGEM,RUA PADRE CARAPUCEIRO,,,PRÓX. AO SHOPPING RECIFE / EM FRENTE À McDONALD'S,BOA VIAGEM,,,COLISÃO TRASEIRA,0,0,0,0,0,0,1,1,0,0,0,,,,,,,,,,,,,
2022-10-14 00:00:00,,COM VÍTIMA,FINALIZADA,GRAÇAS,AV GOVERNADOR AGAMENON MAGALHAES,,RUA DR BANDEIRA FILHO,PROX AO CLUBE PORTUGUES,GRAÇAS,,SUBURBIO / BOA VIAGEM,ATROPELAMENTO DE PESSOA,0,1,0,0,1,0,0,0,0,1,0,Longo da via,Bom,Sem defeito,Perfeito estado,Seca,Perfeito estado,,Não há placas,60 km/h,Dupla,Canal,,
2022-10-14 00:00:00,,COM VÍTIMA,FINALIZADA,BOA VISTA,AV CONDE DA BOA VISTA,,RUA DOM BOSCO,PROX AO SEMÁFORO 027,BOA VISTA,27,SUBURBIO,COLISÃO COM CICLISTA,0,0,0,1,0,1,0,0,0,1,0,Longo da via,Bom,Sem defeito,Perfeito estado,Seca,Perfeito estado,Faixa de pedestre,Não há placas,60 km/h,Dupla,Canteiro central,,
2022-10-14 00:00:00,,COM VÍTIMA,FINALIZADA,AFOGADOS,RUA SAO MIGUEL,1516,,LADO OPOSTO AO ARMAZEM CORAL,AFOGADOS,,SUBURBIO,COLISÃO TRANSVERSAL,0,0,0,0,0,2,0,0,0,1,0,Longo da via,Bom,Não existe,Não existente,Seca,Perfeito estado,,,,Dupla,Faixa contínua,,
2022-10-14 00:00:00,,COM VÍTIMA,FINALIZADA,IPUTINGA,AV CAXANGA,,,LADO OPOSTO AO  JBS VEICULOS,IPUTINGA,,CIDADE,COLISÃO TRASEIRA,1,0,0,0,1,0,0,0,0,1,0,Longo da via,Bom,Não existe,Perfeito estado,Seca,Perfeito estado,Não existe,R-6a,,Dupla,Canteiro central,,
2022-10-14 00:00:00,,COM VÍTIMA,FINALIZADA,BOA VIAGEM,AVENIDA CELSO FURTADO (VIA MANGUE),,,NA FINAL DA VIA MANGUE SENTIDO BOA VIAGEM,BOA VIAGEM,,SUBURBIO,COLISÃO LATERAL,1,1,0,0,0,0,0,0,0,1,0,Viaduto,Bom,Não existe,Perfeito estado,Seca,Perfeito estado,Não existe,Não há placas,60 km/h,Única,Faixa contínua,Faixa seccionada,
2022-10-15 00:00:00,,SEM VÍTIMA,FINALIZADA,BOA VIAGEM,AV BOA VIAGEM,5426,,EM FRENTE AO HOTEL ATLANTE PLAZA,BOA VIAGEM,,,CHOQUE,1,0,0,0,0,1,0,0,0,0,0,,,,,,,,,,,,,
2022-10-15 00:00:00,,COM VÍTIMA,FINALIZADA,BOA VIAGEM,RUA PEDRO PAES MENDONCA,140,,AO LADO DO BIG BOMPREÇO,BOA VIAGEM,,,COLISÃO LATERAL,1,1,0,0,0,0,0,0,0,1,0,Longo da via,Chuvoso,Não existe,Perfeito estado,Molhada,Perfeito estado,Não existe,R-6a,,Única,Faixa seccionada,,
2022-10-15 00:00:00,,COM VÍTIMA,CANCELADA,PINA,AV CONSELHEIRO AGUIAR,321,,E/F A GALERIA PORTO FINO,PINA,,,COLISÃO LATERAL,1,1,0,0,0,0,0,0,0,1,0,,,,,,,,,,,,,
2022-10-15 00:00:00,,COM VÍTIMA,FINALIZADA,BOA VIAGEM,AV CONSELHEIRO AGUIAR,,RUA ARTUR MUNIZ,COLISÃO ENTRE DOIS VEÍCULOS COM UMA VÍTIMA,BOA VIAGEM,,CIDADE,COLISÃO TRANSVERSAL,1,1,0,0,0,0,0,0,0,1,0,Cruzamento,Bom,Sem defeito,Perfeito estado,Seca,Perfeito estado,Faixa de pedestre,Outras,60 km/h,Única,Faixa seccionada,,
2022-10-15 00:00:00,,COM VÍTIMA,FINALIZADA,BAIRRO DO RECIFE,AV ALFREDO LISBOA,,,LADO OPOST AO ARMAZEM 13,BAIRRO DO RECIFE,,SUBURBIO,COLISÃO FRONTAL,1,1,0,0,0,0,0,0,0,1,0,Longo da via,Bom,Não existe,Perfeito estado,Seca,Perfeito estado,Outros,Outras,30 km/h,Única,Não existe,,
2022-10-15 00:00:00,,COM VÍTIMA,FINALIZADA,MADALENA,RUA EUCLIDES DA CUNHA,,,EM FRENTE AO INTERNACIONAL,MADALENA,,,COLISÃO FRONTAL,1,1,0,0,0,0,0,0,0,1,0,Cruzamento,Bom,Sem defeito,Perfeito estado,Seca,Mal conservada,,,,Dupla,Canteiro central,,