data,hora,natureza,situacao,bairro,endereco,numero,detalhe_endereco_acidente,complemento,bairro_cruzamento,num_semaforo,sentido_via,tipo,auto,moto,ciclom,ciclista,pedestre,onibus,caminhao,viatura,outros,vitimas,vitimasfatais,acidente_verificado,tempo_clima,situacao_semaforo,sinalizacao,condicao_via,conservacao_via,ponto_controle,situacao_placa,velocidade_max_via,mao_direcao,divisao_via1,divisao_via2,divisao_via3
2022-10-31 00:00:00,,COM VÍTIMA,FINALIZADA,JORDÃO,AV MARIA IRENE,255,,PROX AO SUPERMERCADO ATACAREJO JORDÃO,JORDÃO,,,QUEDA,0,1,0,0,0,0,0,0,0,2,0,Longo da via,Bom,Sem defeito,Perfeito estado,Seca,Perfeito estado,Faixa de pedestre,R-6a,,Dupla,Não existe,,
2022-10-31 00:00:00,,COM VÍTIMA,FINALIZADA,BARRO,RUA PERY,2533,,,BARRO,615,,COLISÃO LATERAL,1,1,0,0,0,0,0,0,0,1,0,,,,,,,,,,,,,
2022-11-01 00:00:00,,COM VÍTIMA,FINALIZADA,TORRE,RUA JOSE BONIFACIO,359,RUA CLOVIS BEVILAQUA,PROX AO JOÃO DA CARNE DE SOL,TORRE,,CIDADE,COLISÃO LATERAL,1,1,0,0,0,0,0,0,0,1,0,Longo da via,Bom,Não existe,Perfeito estado,Seca,Perfeito estado,Não existe,Outras,,Única,Faixa seccionada,,
2022-11-01 00:00:00,,COM VÍTIMA,FINALIZADA,BARRO,AV DR JOSE RUFINO,2125,,PRÓX. À SORVETERIA DO BARRO / EDIFÍCIO ALAMEDA PARQUE,BARRO,213,SUBURBIO,COLISÃO FRONTAL,1,2,0,0,0,0,0,0,0,2,0,Longo da via,Bom,Sem defeito,Perfeito estado,Seca,Perfeito estado,Faixa de pedestre,R-6a,30 km/h,Dupla,Faixa contínua,,
2022-11-01 00:00:00,,COM VÍTIMA,FINALIZADA,PINA,AV HERCULANO BANDEIRA,65,,EM FRENTE À DIPLOMATA,PINA,,SUBURBIO,COLISÃO LATERAL,1,1,0,0,0,0,0,0,0,1,0,Longo da via,Bom,Não existe,Perfeito estado,Seca,Perfeito estado,,R-25c,,Única,Não existe,,
2022-11-01 00:00:00,,SEM VÍTIMA,FINALIZADA,AREIAS,AV RECIFE,,,EM FRENTE AO HOSPITAL EDUARDO CAMPOS,AREIAS,,,,1,0,0,0,0,0,1,0,0,0,0,Longo da via,Bom,Não existe,Perfeito estado,Seca,Perfeito estado,Não existe,Outras,,Dupla,Faixa contínua,,
2022-11-01 00:00:00,,COM VÍTIMA,FINALIZADA,SANTO AMARO,RUA FREI CASSIMIRO,919A,RUA TREZE DE MAIO,AO LADO DA MODESTO BORRACHARIA,SANTO AMARO,,SUBURBIO,COLISÃO TRANSVERSAL,1,1,0,0,0,0,0,0,0,1,0,Longo da via,Bom,Não existe,Incompleta,Seca,Perfeito estado,Faixa de retenção,Não há placas,,Dupla,Faixa contínua,,
2022-11-01 00:00:00,,COM VÍTIMA,CANCELADA,BOA VIAGEM,AV BOA VIAGEM,5164,,EM FRENTE AO EDIFICIO JARDIM TRANSATLANTICO,BOA VIAGEM,,,COLISÃO TRASEIRA,1,1,0,0,0,0,0,0,0,1,0,,,,,,,,,,,,,
2022-11-01 00:00:00,,COM VÍTIMA,FINALIZADA,PINA,PTE VICE PRESIDENTE JOSE ALENCAR,,,SENTIDO BOA VIAGEM,PINA,,,COLISÃO COM CICLISTA,1,0,0,1,0,0,0,0,0,1,0,Ponte,Bom,Não existe,Perfeito estado,Seca,Perfeito estado,Não existe,Não há placas,60 km/h,Única,Faixa seccionada,,
2022-11-01 00:00:00,,COM VÍTIMA,FINALIZADA,MADALENA,RUA JOSE OSORIO,401,,PRÓXIMO AO RM EXPRESS,MADALENA,,SUBURBIO,COLISÃO LATERAL,0,2,0,0,0,0,0,0,0,1,0,Longo da via,Bom,Não existe,Perfeito estado,Seca,Perfeito estado,Não existe,Outras,,Única,Faixa seccionada,,
2022-11-01 00:00:00,,COM VÍTIMA,FINALIZADA,SANTO AMARO,AV PREFEITO ARTUR LIMA CAVALCANTI,,,PROXIMO AO RESIDENCIAL DA MARINHA,SANTO AMARO,,SUBURBIO,ATROPELAMENTO DE PESSOA,1,0,0,0,1,0,0,0,0,1,0,Longo da via,Bom,Não existe,Perfeito estado,Seca,Mal iluminada,Não existe,Não há placas,40 km/h,Única,Faixa seccionada,,
2022-11-02 00:00:00,,SEM VÍTIMA,FINALIZADA,BOA VIAGEM,AV ENGENHEIRO DOMINGOS FERREIRA,,RUA JOSE MARIA DE MIRANDA,EM FRENTE AO BAR DO PAULINHO,BOA VIAGEM,,,COLISÃO LATERAL,2,0,0,0,0,0,0,0,0,0,0,,,,,,,,,,,,,
2022-11-02 00:00:00,,COM VÍTIMA,FINALIZADA,TORRÕES,AV CAXANGA,916,,EM FRENTE A VELANCIA TECIDOS PROFISSIONAIS,TORRÕES,,,COLISÃO LATERAL,1,1,0,0,0,0,0,0,0,1,0,Longo da via,Bom,Não existe,Perfeito estado,Seca,Perfeito estado,Não existe,Não há placas,60 km/h,Única,Faixa seccionada,,
2022-11-02 00:00:00,,COM VÍTIMA,FINALIZADA,BOA VIAGEM,VIADUTO TANCREDO NEVES,100,,"DESCIDA DO VIADUTO,  PROX AO ATACADÃO,  HB20 RUK 1H55 // QYW 7G86 CG 160",BOA VIAGEM,,CIDADE,COLISÃO LATERAL,1,1,0,0,0,0,0,0,0,1,0,Longo da via,Bom,Não existe,Perfeito estado,Seca,Perfeito estado,Não existe,Não há placas,,Única,Faixa seccionada,,
2022-11-02 00:00:00,,COM VÍTIMA,CANCELADA,BOA VIAGEM,RUA JACK AYRES,62,RUA FRANCISCO DA CUNHA,REFERENCIA EDIFICIO PLAZA LAFAYETTE -  KIL 1151 - TITAN CG 150 // ETIOS PDD 7393,BOA VIAGEM,,,COLISÃO FRONTAL,1,1,0,0,0,0,0,0,0,1,0,,,,,,,,,,,,,
2022-11-02 00:00:00,,COM VÍTIMA,FINALIZADA,SAN MARTIN,AV GENERAL SAN MARTIN,801,RUA PEREIRA DE MORAES,E/F AO EDF SANTA BARBARA   PROX ACADEMIA GYM FIT,SAN MARTIN,,,COLISÃO LATERAL,2,1,0,0,0,0,0,0,0,1,0,Esquina,Bom,Não existe,Não existente,Seca,Mal conservada,Não existe,Não há placas,40 km/h,Dupla,Não existe,,
2022-11-02 00:00:00,,SEM VÍTIMA,FINALIZADA,SANTO AMARO,AV CRUZ CABUGA,,,NA FRENTE DO HOSPITAL DO CANCER,SANTO AMARO,,,COLISÃO TRASEIRA,2,0,0,0,0,0,0,0,0,0,0,,,,,,,,,,,,,
2022-11-02 00:00:00,,COM VÍTIMA,CANCELADA,TEJIPIÓ,AV DR JOSE RUFINO,3131,,E/F AO 4BCOM BATALHAO DE COMUNICAÇOES,TEJIPIÓ,,,COLISÃO FRONTAL,2,0,0,0,0,0,0,0,0,1,0,,,,,,,,,,,,,
2022-11-02 00:00:00,,COM VÍTIMA,FINALIZADA,PINA,RUA CARNEIRO PESSOA,56,RUA BARREIROS,PROXIMO AO BAIANO ALTO PEÇAS E SERVIÇOS,PINA,,CIDADE,COLISÃO FRONTAL,1,1,0,0,0,0,0,0,0,1,0,Cruzamento,Bom,Não existe,Não existente,Seca,Perfeito estado,Não existe,Não há placas,30 km/h,Dupla,Não existe,,
2022-11-02 00:00:00,,SEM VÍTIMA,FINALIZADA,VÁRZEA,AV PROFESSOR ARTUR DE SA,,,EM FRENTE AO CEMITERIO DA VARZEA,VÁRZEA,,,CHOQUE,1,0,0,0,0,0,0,0,0,0,0,,,,,,,,,,,,,
2022-11-02 00:00:00,,COM VÍTIMA,FINALIZADA,SANTO AMARO,RUA MAMEDE SIMOES,,RUA DA UNIAO,RUA DOS BARES,SANTO AMARO,,SUBURBIO,COLISÃO FRONTAL,0,2,0,0,0,0,0,0,0,1,0,Cruzamento,Bom,Não existe,Perfeito estado,Seca,Perfeito estado,Não existe,Placas Pare,,Única,Não existe,,
2022-11-02 00:00:00,,COM VÍTIMA,CANCELADA,SAN MARTIN,AV GENERAL SAN MARTIN,1575,,EM FRENTE A CAVALARIA,SAN MARTIN,,,COLISÃO LATERAL,1,1,0,0,0,0,0,0,0,1,0,,,,,,,,,,,,,
2022-11-03 00:00:00,,COM VÍTIMA,FINALIZADA,TORRÕES,AV ENGENHEIRO ABDIAS DE CARVALHO,,,EM FRENTE A UPA,TORRÕES,,CIDADE,QUEDA,0,1,0,0,0,0,0,0,0,1,0,,,,,,,,,,,,,
2022-11-03 00:00:00,,COM VÍTIMA,FINALIZADA,AREIAS,AV DR JOSE RUFINO,642,,EM FRENTE A IGREJA MATRIZ DE SANTA LUZIA,AREIAS,491,SUBURBIO,COLISÃO TRASEIRA,0,2,0,0,0,0,0,0,0,1,0,Longo da via,Bom,Sem defeito,Perfeito estado,Seca,Perfeito estado,Faixa de pedestre,Outras,,Dupla,Faixa seccionada,,
2022-11-03 00:00:00,,COM VÍTIMA,FINALIZADA,DOIS IRMÃOS,RUA DOIS IRMAOS,600,,PROX AO HOTEL SENZALA,DOIS IRMÃOS,416,CIDADE,COLISÃO LATERAL,1,1,0,0,0,0,0,0,0,1,0,Longo da via,Bom,Sem defeito,Perfeito estado,Seca,Perfeito estado,Faixa de retenção,Placas Pare,60 km/h,Dupla,Faixa contínua,,
2022-11-03 00:00:00,,COM VÍTIMA,FINALIZADA,BOA VISTA,RUA DOM BOSCO,,AV CONDE DA BOA VISTA,E/F A EMLURB,BOA VISTA,,SUBURBIO,COLISÃO LATERAL,1,1,0,0,0,0,0,0,0,2,0,Cruzamento,Bom,Sem defeito,Perfeito estado,Seca,Perfeito estado,Faixa de retenção,Outras,,Dupla,Canteiro central,,
2022-11-03 00:00:00,,COM VÍTIMA,FINALIZADA,BEBERIBE,AV BEBERIBE,1469,RUA SETE PECADOS,EM FRENTE AO BARRACÃO,BEBERIBE,,,COLISÃO TRANSVERSAL,0,2,0,0,0,0,0,0,0,4,0,Cruzamento,Bom,Não existe,,Seca,Perfeito estado,Não existe,Não há placas,,Dupla,Não existe,,
2022-11-03 00:00:00,,COM VÍTIMA,FINALIZADA,BOA VIAGEM,AVENIDA CELSO FURTADO (VIA MANGUE),,,SENTIDO PINA -  ANTES DA LOMBADA ELETRONICA,BOA VIAGEM,,CIDADE,COLISÃO LATERAL,0,2,0,0,0,0,0,0,0,2,0,Longo da via,Bom,Não existe,Perfeito estado,Seca,Perfeito estado,Não existe,Não há placas,,Dupla,Blocos,,
2022-11-03 00:00:00,,SEM VÍTIMA,FINALIZADA,BOA VIAGEM,RUA JOAO CARDOSO AIRES,438,RUA SA E SOUZA,,BOA VIAGEM,,CIDADE,COLISÃO TRASEIRA,1,0,1,0,0,0,0,0,0,0,0,Longo da via,Bom,Sem defeito,Perfeito estado,Seca,Perfeito estado,Não existe,Não há placas,30 km/h,Única,Faixa contínua,,
2022-11-03 00:00:00,,VÍTIMA FATAL,FINALIZADA,BOA VISTA,RUA DO PRINCIPE,736,RUA NUNES MACHADO,PROX. A CATOLICA,BOA VISTA,,CIDADE,COLISÃO LATERAL,0,1,0,0,0,1,0,0,0,0,1,Longo da via,Bom,Não existe,Perfeito estado,Seca,Perfeito estado,Faixa de pedestre,R-6a,,Única,Faixa seccionada,,
2022-11-04 00:00:00,,SEM VÍTIMA,FINALIZADA,VASCO DA GAMA,AV NORTE MIGUEL ARRAES DE ALENCAR,945,RUA VASCO DA GAMA,PRÓXIMO A PIZZARIA PASSIRA,VASCO DA GAMA,66,SUBURBIO,COLISÃO TRANSVERSAL,2,0,0,0,0,0,0,0,0,0,0,Cruzamento,Bom,Sem defeito,Perfeito estado,Seca,Perfeito estado,Faixa de pedestre,Outras,,Dupla,Faixa contínua,Faixa seccionada,
2022-11-04 00:00:00,,SEM VÍTIMA,FINALIZADA,CASA FORTE,EST DAS UBAIAS,105,,EM FRENTE AO EDIFÍCIO AKHINOS,CASA FORTE,,SUBURBIO,COLISÃO LATERAL,2,0,0,0,0,0,0,0,0,0,0,Longo da via,Bom,Não existe,Incompleta,Seca,Perfeito estado,Não existe,Não há placas,,Dupla,,,
2022-11-04 00:00:00,,COM VÍTIMA,FINALIZADA,IMBIRIBEIRA,RUA ITACARI,301,RUA ITAJAI,VERIFICAR ACIDENTE COM VÍTIMIA- SEM MAIS INFORMAÇÕES NO MOMENTO,IMBIRIBEIRA,,,COLISÃO COM CICLISTA,1,0,0,1,0,0,0,0,0,1,0,Longo da via,Bom,Não existe,Não existente,Seca,Mal conservada,Faixa de pedestre,Placas Pare,40 km/h,Única,Não existe,,
2022-11-04 00:00:00,,COM VÍTIMA,DUPLICIDADE,IMBIRIBEIRA,RUA JAMAICA,162,,INOVE PVC,IMBIRIBEIRA,,,COLISÃO COM CICLISTA,1,0,0,1,0,0,0,0,0,1,0,,,,,,,,,,,,,
2022-11-04 00:00:00,,COM VÍTIMA,FINALIZADA,BOA VISTA,AV GUARARAPES,250,,PRÓX. AOS CORREIOS,BOA VISTA,14,,ATROPELAMENTO DE PESSOA,0,0,0,0,1,1,0,0,0,1,0,Longo da via,Bom,Sem defeito,Perfeito estado,Seca,Perfeito estado,Faixa de pedestre,Outras,,Dupla,Faixa seccionada,Canteiro central,
2022-11-04 00:00:00,,SEM VÍTIMA,FINALIZADA,ARRUDA,AV BEBERIBE,1584,RUA SAO BENTO,EM FRENTE A LOJA  PÉ COM CHINELO  SOB O SEMÁFORO 064,ARRUDA,64,,,1,0,0,0,0,1,0,0,0,0,0,Longo da via,Bom,Sem defeito,Perfeito estado,Seca,Perfeito estado,Faixa de pedestre,Outras,,Dupla,Faixa contínua,,
2022-11-04 00:00:00,,COM VÍTIMA,FINALIZADA,VÁRZEA,AV AFONSO OLINDENSE,5671,,EM A PADARIA CAXANGÁ,VÁRZEA,638,CIDADE,COLISÃO FRONTAL,1,0,1,0,0,0,0,0,0,1,0,Longo da via,Bom,Sem defeito,Perfeito estado,Seca,Perfeito estado,Faixa de pedestre,Outras,,Dupla,Faixa contínua,,
2022-11-05 00:00:00,,COM VÍTIMA,FINALIZADA,AFOGADOS,RUA VINTE E UM DE ABRIL,794,,EM FRENTE AO CLUBE FERROVIARIO,AFOGADOS,,CIDADE,COLISÃO FRONTAL,1,1,0,0,0,0,1,0,0,1,0,Esquina,Bom,Não existe,Incompleta,Seca,Perfeito estado,Não existe,Placas Pare,,Dupla,Não existe,,
2022-11-05 00:00:00,,COM VÍTIMA,FINALIZADA,SÃO JOSÉ,AV SUL,52,,PROX AO POSTO BR,SÃO JOSÉ,,CIDADE,QUEDA,0,1,0,0,0,0,0,0,0,2,0,Longo da via,Bom,Não existe,Perfeito estado,Seca,Perfeito estado,Não existe,Outras,50 km/h,Dupla,Não existe,,
2022-11-05 00:00:00,,COM VÍTIMA,FINALIZADA,IBURA,RUA EXP FRANCISCO VITORIANO,122,,BORRACHARIA DO PRETO,IBURA,,CIDADE,COLISÃO LATERAL,1,1,0,0,0,0,0,0,0,1,0,Longo da via,Bom,Não existe,Ilegível,Seca,Perfeito estado,Não existe,Não há placas,,Dupla,Faixa seccionada,,
2022-11-05 00:00:00,,SEM VÍTIMA,FINALIZADA,VÁRZEA,RUA GENERAL POLIDORO,,RUA AGRICOLANDIA,PRÓXIMO A PADARIA CIDADE UNIVERSITARIA,VÁRZEA,,,COLISÃO LATERAL,2,0,0,0,0,0,0,0,0,0,0,,,,,,,,,,,,,
2022-11-06 00:00:00,,COM VÍTIMA,FINALIZADA,MADALENA,RUA JOSE OSORIO,270,EST DOS REMEDIOS,PROX. EXTRAFARMA,MADALENA,50,SUBURBIO,COLISÃO TRANSVERSAL,2,0,0,0,0,0,0,0,0,1,0,Cruzamento,Bom,Sem defeito,Perfeito estado,Seca,Perfeito estado,Não existe,Não há placas,60 km/h,Única,Faixa seccionada,,
2022-11-06 00:00:00,,SEM VÍTIMA,CANCELADA,JAQUEIRA,AV RUI BARBOSA,,,PROX. AO HOSPITAL MARIA LUCINDA,JAQUEIRA,,,COLISÃO FRONTAL,0,0,0,0,0,0,0,0,0,0,0,,,,,,,,,,,,,
2022-11-06 00:00:00,,COM VÍTIMA,CANCELADA,ARRUDA,AV BEBERIBE,,RUA SAO BENTO,PRÓX. À CASA DE SHOWS BATE-PAPO.,ARRUDA,64,,COLISÃO LATERAL,1,1,0,0,0,0,0,0,0,2,0,,,,,,,,,,,,,
2022-11-06 00:00:00,,COM VÍTIMA,CANCELADA,TOTÓ,RUA ONZE DE AGOSTO,571,,EM FRENTE À COMPESA,TOTÓ,,,CHOQUE,1,0,0,0,0,0,0,0,0,1,0,,,,,,,,,,,,,
2022-11-06 00:00:00,,SEM VÍTIMA,FINALIZADA,AFOGADOS,RUA SAO MIGUEL,,RUA QUITERIO INACIO DE MELLO,SEMÁFORO DE Nº 333,AFOGADOS,333,SUBURBIO,COLISÃO TRANSVERSAL,2,0,0,0,0,0,0,0,0,0,0,Cruzamento,Bom,Sem defeito,Perfeito estado,Seca,Perfeito estado,Faixa de pedestre,Outras,,Dupla,Faixa contínua,,
2022-11-07 00:00:00,,COM VÍTIMA,FINALIZADA,TORRE,RUA REAL DA TORRE,802,RUA GALVAO RAPOSO,EM FRENTE AO GUIA MATERIAL DE CONSTRUÇÃO,TORRE,255,,COLISÃO LATERAL,1,1,0,0,0,0,0,0,0,1,0,Cruzamento,Bom,Sem defeito,Perfeito estado,Seca,Perfeito estado,Faixa de pedestre,Outras,,Única,Faixa seccionada,,
2022-11-07 00:00:00,,COM VÍTIMA,FINALIZADA,AFOGADOS,RUA COSME VIANA,225,,"LADO OPOSTO AO Nº 225, EM FRENTE À TUPAN",AFOGADOS,,SUBURBIO,COLISÃO LATERAL,1,1,0,0,0,0,0,0,0,1,0,Longo da via,Bom,Não existe,Perfeito estado,Seca,Perfeito estado,Não existe,Não há placas,,Única,Faixa seccionada,,
2022-11-07 00:00:00,,COM VÍTIMA,FINALIZADA,SANTO AMARO,RUA ODORICO MENDES,,AV GOVERNADOR AGAMENON MAGALHAES,ACIDENTE,SANTO AMARO,49,CIDADE,COLISÃO LATERAL,0,2,0,0,0,0,0,0,0,2,0,Cruzamento,Bom,Sem defeito,Perfeito estado,Seca,Perfeito estado,Agente,Outras,60 km/h,Dupla,Faixa seccionada,Blocos,
2022-11-07 00:00:00,,COM VÍTIMA,FINALIZADA,CASA AMARELA,LGO DOM LUIZ,,AV NORTE MIGUEL ARRAES DE ALENCAR,,CASA AMARELA,,SUBURBIO,ATROPELAMENTO DE PESSOA,0,1,0,0,1,0,0,0,0,1,0,Longo da via,Bom,Sem defeito,Perfeito estado,Seca,Perfeito estado,Faixa de retenção,Outras,60 km/h,Dupla,Canteiro central,,
2022-11-07 00:00:00,,COM VÍTIMA,FINALIZADA,BOA VIAGEM,AV BOA VIAGEM,3962,RUA RIBEIRO DE BRITO,EM FRENTE AO EDIFÍCIO QUEEN MARY,BOA VIAGEM,,CIDADE,COLISÃO LATERAL,3,0,0,0,0,0,0,0,0,1,0,,Bom,Não existe,Perfeito estado,Seca,Perfeito estado,Faixa de pedestre,Não há placas,,Única,Faixa seccionada,,
2022-11-07 00:00:00,,COM VÍTIMA,CANCELADA,BEBERIBE,AV BEBERIBE,487,,,BEBERIBE,,,COLISÃO LATERAL,1,1,0,0,0,0,0,0,0,1,0,,,,,,,,,,,,,
2022-11-07 00:00:00,,COM VÍTIMA,FINALIZADA,BOA VIAGEM,RUA ERNESTO DE PAULA SANTOS,,,RUA VISCONDE DE JEQUITINHONHA,BOA VIAGEM,304,CIDADE,COLISÃO COM CICLISTA,0,0,0,1,0,1,0,0,0,1,0,Longo da via,Bom,Sem defeito,Perfeito estado,Seca,Perfeito estado,Não existe,Não há placas,30 km/h,Única,Faixa seccionada,,
2022-11-08 00:00:00,,COM VÍTIMA,FINALIZADA,GRAÇAS,AV DR MALAQUIAS,,,,GRAÇAS,,,COLISÃO LATERAL,0,0,0,0,0,0,0,0,0,1,0,Longo da via,Bom,Não existe,Perfeito estado,Seca,Perfeito estado,Não existe,Não há placas,40 km/h,Única,Não existe,,
2022-11-08 00:00:00,,COM VÍTIMA,FINALIZADA,AREIAS,AV RECIFE,,,"ACIDENTE COM VÍTIMA  COLISÃO TRASEIRA,",AREIAS,,SUBURBIO,COLISÃO TRASEIRA,7,0,0,0,0,0,0,1,0,1,0,Longo da via,Bom,Não existe,Perfeito estado,Seca,Perfeito estado,Não existe,Outras,60 km/h,Única,Faixa seccionada,,
2022-11-08 00:00:00,,COM VÍTIMA,FINALIZADA,IMBIRIBEIRA,RUA ARQUITETO LUIZ NUNES,673,,EM FRENTE A ESCOLA PINHEIROS,IMBIRIBEIRA,,,COLISÃO TRANSVERSAL,1,1,0,0,0,0,0,0,0,1,0,Longo da via,Bom,Não existe,Perfeito estado,Seca,Perfeito estado,Faixa de pedestre,Outras,40 km/h,Dupla,Faixa contínua,,
2022-11-08 00:00:00,,COM VÍTIMA,FINALIZADA,BOA VIAGEM,AV DES JOSE NEVES,103,,,BOA VIAGEM,,,COLISÃO LATERAL,0,1,0,0,0,0,0,0,0,1,0,Longo da via,Bom,Não existe,Perfeito estado,Seca,Perfeito estado,Não existe,Não há placas,,Única,Faixa seccionada,,
2022-11-09 00:00:00,,COM VÍTIMA,FINALIZADA,SANTO AMARO,RUA DOS PALMARES,,,COMANDO DA GUARDA MUNICIPAL DO RECIFE,SANTO AMARO,,,COLISÃO COM CICLISTA,2,0,0,1,0,0,0,0,0,1,0,Longo da via,Bom,Não existe,Perfeito estado,Seca,Perfeito estado,Não existe,Outras,40 km/h,,Faixa seccionada,,
2022-11-09 00:00:00,,COM VÍTIMA,FINALIZADA,NOVA DESCOBERTA,RUA NOVA DESCOBERTA,1051,,EM FRENTE A ECOESTAÇÃO,NOVA DESCOBERTA,,,COLISÃO LATERAL,1,1,0,0,0,0,0,0,0,2,0,Longo da via,Bom,Não existe,Incompleta,Seca,Perfeito estado,Não existe,R-6a,,Dupla,Faixa seccionada,,
2022-11-09 00:00:00,,SEM VÍTIMA,FINALIZADA,BOA VISTA,RUA PADRE INGLES,366,,EM FRENTE A UNIBRA,BOA VISTA,,CIDADE,COLISÃO FRONTAL,2,0,0,0,0,0,0,0,0,0,0,Longo da via,Bom,Não existe,Perfeito estado,Seca,Perfeito estado,Não existe,Outras,,Dupla,Não existe,,
2022-11-09 00:00:00,,COM VÍTIMA,FINALIZADA,JORDÃO,AV MARIA IRENE,500,,PROX A BASE AEREA MILITAR,JORDÃO,,,COLISÃO LATERAL,1,1,0,0,0,0,0,0,0,1,0,Longo da via,Bom,Não existe,Não existente,Seca,Perfeito estado,Não existe,Não há placas,,Dupla,Não existe,,
2022-11-09 00:00:00,,COM VÍTIMA,CANCELADA,ENGENHO DO MEIO,AV MARIO ALVARES PEREIRA DE LYRA,,,CRUZAMNETO COM A RUA AMBROSIO MACHADO,ENGENHO DO MEIO,,,COLISÃO TRASEIRA,2,0,0,0,0,0,0,0,0,1,0,,,,,,,,,,,,,
2022-11-09 00:00:00,,COM VÍTIMA,FINALIZADA,BOA VISTA,RUA DA AURORA,,,CRUZAMENTO COM AV. CONDE DA BOA VISTA,BOA VISTA,162,,COLISÃO LATERAL,1,1,0,0,0,0,0,0,0,1,0,Cruzamento,Bom,Sem defeito,Perfeito estado,Seca,Perfeito estado,Faixa de pedestre,Outras,,Única,Faixa contínua,Faixa seccionada,
2022-11-10 00:00:00,,COM VÍTIMA,FINALIZADA,MADALENA,RUA BENFICA,411,,EM FRENTE AO OFTALMAX,MADALENA,590,,COLISÃO LATERAL,1,1,0,0,0,0,0,0,0,1,0,Cruzamento,Bom,Sem defeito,Perfeito estado,Seca,Perfeito estado,Faixa de pedestre,R-6c,40 km/h,Dupla,Faixa contínua,Faixa seccionada,Canteiro central
2022-11-10 00:00:00,,COM VÍTIMA,FINALIZADA,PRADO,AV ENGENHEIRO ABDIAS DE CARVALHO,,,SOB O SEMÁFORO 327,PRADO,,CIDADE,COLISÃO TRANSVERSAL,0,1,0,0,0,0,1,0,0,2,0,Longo da via,Bom,Sem defeito,Perfeito estado,Seca,Perfeito estado,Faixa de retenção,R-6a,,Dupla,Canteiro central,,
2022-11-10 00:00:00,,COM VÍTIMA,FINALIZADA,TORRÕES,AV ENGENHEIRO ABDIAS DE CARVALHO,9,,"PROX A UPA,  EM FRENTE A GALERIA ACRIMODAS",TORRÕES,,,COLISÃO TRASEIRA,0,1,0,0,0,1,0,0,0,1,0,Longo da via,Bom,Sem defeito,Perfeito estado,Seca,Perfeito estado,Outros,R-6a,,Dupla,Canteiro central,,
2022-11-10 00:00:00,,SEM VÍTIMA,FINALIZADA,IMBIRIBEIRA,AV MARECHAL MASCARENHAS DE MORAES,,,EM FRENTE A FERRO +,IMBIRIBEIRA,,,,1,0,0,0,0,0,1,0,0,0,0,Longo da via,Bom,Não existe,Perfeito estado,Seca,Perfeito estado,Não existe,Outras,,Dupla,Canteiro central,,
2022-11-10 00:00:00,,COM VÍTIMA,FINALIZADA,JIQUIÁ,RUA SAO MIGUEL,1676,,QUANDO SE DEPAROU COM UM SINISTRO ENVOLVENDO DOIS VEÍCULOS,JIQUIÁ,,SUBURBIO,COLISÃO TRASEIRA,1,1,0,0,0,0,0,0,0,1,0,Longo da via,Bom,Não existe,Perfeito estado,Seca,Perfeito estado,Não existe,Não há placas,60 km/h,Dupla,Faixa contínua,,
2022-11-10 00:00:00,,COM VÍTIMA,CANCELADA,ILHA DO RETIRO,AV ENGENHEIRO ABDIAS DE CARVALHO,441,,HABIBS,ILHA DO RETIRO,,,COLISÃO TRASEIRA,1,1,0,0,0,0,0,0,0,1,0,,,,,,,,,,,,,
2022-11-10 00:00:00,,COM VÍTIMA,FINALIZADA,SÃO JOSÉ,AV ENGENHEIRO JOSE ESTELITA,,,ACIDENTE COM VÍTIMA ABALROAMENTO LONGITUDINAL,SÃO JOSÉ,,SUBURBIO,,1,0,0,0,0,0,0,0,0,1,0,Longo da via,Bom,Não existe,Perfeito estado,Seca,Perfeito estado,Não existe,Outras,,Única,Faixa seccionada,,
2022-11-10 00:00:00,,COM VÍTIMA,FINALIZADA,CAMPO GRANDE,RUA VISCONDE DE CAIRU,188,RUA ODORICO MENDES,PROXIMO AO COLEGIO JESUS CRUCIFICADO,CAMPO GRANDE,,,COLISÃO LATERAL,1,1,0,0,0,0,0,0,0,1,0,Longo da via,Bom,Não existe,Perfeito estado,Seca,Perfeito estado,Não existe,Placas Pare,40 km/h,Dupla,Faixa seccionada,,
2022-11-10 00:00:00,,COM VÍTIMA,FINALIZADA,CAXANGÁ,AV CAXANGA,,,EM FRENTE INTEGRAÇÃO DA CAXANGA,CAXANGÁ,,,ATROPELAMENTO DE PESSOA,0,1,0,0,1,0,0,0,0,1,0,Longo da via,Bom,Sem defeito,Perfeito estado,Seca,Perfeito estado,Faixa de pedestre,Outras,40 km/h,Dupla,Canteiro central,,
2022-11-10 00:00:00,,COM VÍTIMA,FINALIZADA,AREIAS,RUA IPOJUCA,124,,PROX AO INSS DE AREIAS,AREIAS,,,COLISÃO FRONTAL,1,1,0,0,0,0,0,0,0,1,0,,,,,,,,,,,,,