data,hora,natureza,situacao,bairro,endereco,numero,detalhe_endereco_acidente,complemento,bairro_cruzamento,num_semaforo,sentido_via,tipo,auto,moto,ciclom,ciclista,pedestre,onibus,caminhao,viatura,outros,vitimas,vitimasfatais,acidente_verificado,tempo_clima,situacao_semaforo,sinalizacao,condicao_via,conservacao_via,ponto_controle,situacao_placa,velocidade_max_via,mao_direcao,divisao_via1,divisao_via2,divisao_via3
2022-11-10 00:00:00,,SEM VÍTIMA,FINALIZADA,SÃO JOSÉ,RUA IMPERIAL,,TRV DO RAPOSO,SOB O SEMÁFORO 510,SÃO JOSÉ,510,SUBURBIO,COLISÃO TRANSVERSAL,2,0,0,0,0,0,0,0,0,0,0,Cruzamento,Chuvoso,Intermitente,Incompleta,Molhada,Mal iluminada,Não existe,Não há placas,60 km/h,Única,Não existe,,
2022-11-10 00:00:00,,COM VÍTIMA,FINALIZADA,BOA VISTA,AV CONDE DA BOA VISTA,,RUA DA AURORA,,BOA VISTA,,,COLISÃO TRANSVERSAL,1,0,0,0,0,1,0,0,0,1,0,Cruzamento,Bom,Sem defeito,Perfeito estado,Seca,Perfeito estado,Faixa de pedestre,Não há placas,,Dupla,Faixa contínua,,
2022-11-10 00:00:00,,COM VÍTIMA,FINALIZADA,COQUEIRAL,RUA PAPA JOAO VINTE E TRES,,RUA FALCAO DE LACERDA,"SOB O PONTILHÃO, AO LADO DA ESTAÇÃO",COQUEIRAL,,,COLISÃO FRONTAL,0,1,0,0,0,1,0,0,0,1,0,Longo da via,Bom,Não existe,Não existente,Seca,,Não existe,,,,,,
2022-11-11 00:00:00,,SEM VÍTIMA,FINALIZADA,PINA,AVENIDA CELSO FURTADO (VIA MANGUE),,,"PROX A LOMBADA ELETRONICA, SENTIDO BOA VIAGEM",PINA,,,CHOQUE,0,0,0,0,0,0,0,1,0,0,0,Longo da via,Chuvoso,Não existe,Perfeito estado,Molhada,Perfeito estado,,R-19,,Dupla,Canteiro central,,
2022-11-11 00:00:00,,COM VÍTIMA,FINALIZADA,VÁRZEA,RUA VALE DO SIRIJI,S/N,RUA JOSE ANTONIO DA COSTA FILHO,PROX AO COLEGIO MARIA DA CONCEIÇÃO,VÁRZEA,,,COLISÃO TRASEIRA,2,1,0,0,0,0,0,0,0,1,0,Longo da via,Chuvoso,Não existe,Perfeito estado,Molhada,Perfeito estado,Não existe,Não há placas,,Dupla,Não existe,,
2022-11-11 00:00:00,,SEM VÍTIMA,FINALIZADA,IBURA,LAD DA COHAB,,AV DOIS RIOS,,IBURA,,,COLISÃO TRASEIRA,1,0,0,0,0,0,0,0,0,0,0,Cruzamento,Chuvoso,Não existe,Perfeito estado,Molhada,Mal conservada,Agente,R-4a,,Dupla,Faixa contínua,,
2022-11-11 00:00:00,,COM VÍTIMA,FINALIZADA,SANTO AMARO,RUA AURORA,1035,,REDE GLOBO,SANTO AMARO,,,COLISÃO LATERAL,1,1,0,0,0,0,0,0,0,1,0,Longo da via,Bom,Não existe,Perfeito estado,Seca,Perfeito estado,Faixa de pedestre,Não há placas,,Dupla,Canteiro central,,
2022-11-11 00:00:00,,COM VÍTIMA,FINALIZADA,ILHA DO LEITE,AV GOVERNADOR AGAMENON MAGALHAES,,,EM FRENTE AO HOSPITAL PORTUGUES,ILHA DO LEITE,,,COLISÃO TRASEIRA,2,0,0,0,0,0,0,0,0,1,0,,,,,,,,,,,,,
2022-11-11 00:00:00,,COM VÍTIMA,FINALIZADA,TORRÕES,AV ENGENHEIRO ABDIAS DE CARVALHO,1325,RUA DELMIRO GOUVEIA,EM FRENTE A VITORIA MARMORE/ SENTIDO CIDADE,TORRÕES,375,CIDADE,COLISÃO LATERAL,1,1,0,0,0,0,0,0,0,1,0,Cruzamento,Bom,Sem defeito,Perfeito estado,Seca,Perfeito estado,,Outras,,Dupla,Não existe,,
2022-11-11 00:00:00,,COM VÍTIMA,FINALIZADA,DOIS UNIDOS,AV HILDEBRANDO DE VASCONCELOS,2692,,PROXIMO A QURADA DE DOIS UNIDOS,DOIS UNIDOS,,SUBURBIO,COLISÃO TRASEIRA,1,1,0,0,0,0,0,0,0,1,0,Longo da via,Bom,Não existe,Não existente,Seca,Perfeito estado,Não existe,Não há placas,,Dupla,Não existe,,
2022-11-11 00:00:00,,COM VÍTIMA,FINALIZADA,IPUTINGA,RUA EMILIANO BRAGA,425,,ENTRADA DA INTEGRAÇÃO CDU,IPUTINGA,,,COLISÃO LATERAL,2,0,0,0,0,0,0,0,0,1,0,,,,,,,,,,,,,
2022-11-11 00:00:00,,COM VÍTIMA,FINALIZADA,ESPINHEIRO,RUA DA HORA,,RUA AMELIA,EM FRENTE AO BANCO DO BRASIL,ESPINHEIRO,,,COLISÃO COM CICLISTA,0,1,0,1,0,0,0,0,0,2,0,Cruzamento,Bom,Sem defeito,Perfeito estado,Seca,Perfeito estado,Faixa de pedestre,Outras,40 km/h,Única,Faixa contínua,Faixa seccionada,
2022-11-11 00:00:00,,COM VÍTIMA,FINALIZADA,JORDÃO,AV MARIA IRENE,1038,,NA PARADA DE ONIBUS,JORDÃO,,SUBURBIO,CHOQUE,1,1,0,0,0,0,0,0,0,2,0,Longo da via,Bom,Não existe,Perfeito estado,Seca,Perfeito estado,Não existe,Não há placas,,Dupla,Faixa contínua,,
2022-11-12 00:00:00,,COM VÍTIMA,FINALIZADA,APIPUCOS,RUA DE APIPUCOS,23,,CONDOMINIO HILSON MACEDO,APIPUCOS,,CIDADE,COLISÃO TRASEIRA,1,0,0,0,0,0,1,0,0,1,0,Longo da via,Chuvoso,Não existe,Perfeito estado,Molhada,Perfeito estado,Não existe,Não há placas,,Dupla,Faixa contínua,,
2022-11-12 00:00:00,,SEM VÍTIMA,FINALIZADA,MADALENA,RUA JOAO IVO DA SILVA,232,RUA RICARDO SALAZAR,,MADALENA,,SUBURBIO,TOMBAMENTO,1,0,0,0,0,0,0,0,0,0,0,,,,,,,,,,,,,
2022-11-12 00:00:00,,COM VÍTIMA,FINALIZADA,VÁRZEA,AV CAXANGA,4617,RUA GENERAL POLIDORO,"EM FRENTE A ITALIANA, SENT. RECIFE",VÁRZEA,231,CIDADE,COLISÃO LATERAL,1,1,0,0,0,0,0,0,0,1,0,Cruzamento,Bom,Sem defeito,Perfeito estado,Seca,Perfeito estado,Faixa de pedestre,R-32,60 km/h,Dupla,Faixa contínua,Faixa seccionada,
2022-11-12 00:00:00,,COM VÍTIMA,FINALIZADA,IMBIRIBEIRA,AV MARECHAL MASCARENHAS DE MORAES,4080,,EM FRENTE AO ATACADO DOS PRESENTES,IMBIRIBEIRA,310,SUBURBIO,COLISÃO LATERAL,1,1,0,0,0,0,0,0,0,2,0,Longo da via,Bom,Sem defeito,Perfeito estado,Seca,Perfeito estado,,,60 km/h,,Faixa seccionada,Canteiro central,
2022-11-12 00:00:00,,COM VÍTIMA,FINALIZADA,MANGUEIRA,AV DR JOSE RUFINO,,,E/F AFOGADOS ALUMINIOS  VT 21 NO LOCAL,MANGUEIRA,,,COLISÃO FRONTAL,1,1,0,0,0,0,0,0,0,1,0,,,,,,,,,,,,,
2022-11-12 00:00:00,,COM VÍTIMA,FINALIZADA,SAN MARTIN,AV GENERAL SAN MARTIN,2195,RUA DR GOMES PORTO,PROXIMO A PRAÇA DE SAN MARTIN,SAN MARTIN,,,COLISÃO TRANSVERSAL,1,1,0,0,0,0,0,0,0,1,0,Longo da via,Bom,Não existe,Incompleta,Seca,Perfeito estado,Faixa de pedestre,,,Dupla,Não existe,,
2022-11-12 00:00:00,,SEM VÍTIMA,FINALIZADA,DERBY,AV GOVERNADOR AGAMENON MAGALHAES,,AV RUI BARBOSA,LADO OPOSTO AO COLEGIO AMERICANO BATISTA,DERBY,37,,COLISÃO LATERAL,1,0,0,0,0,0,0,1,0,0,0,Cruzamento,Chuvoso,Sem defeito,Perfeito estado,Molhada,Perfeito estado,Faixa de pedestre,Placas Pare,,Dupla,Canal,,
2022-11-12 00:00:00,,COM VÍTIMA,FINALIZADA,CAXANGÁ,AV CAXANGA,,,EM FRENTE AO CAXANGÁ GOLF CLUBE,CAXANGÁ,,CIDADE,ATROPELAMENTO DE PESSOA,1,0,0,0,1,0,0,0,0,1,0,Longo da via,Chuvoso,Não existe,Perfeito estado,Molhada,Perfeito estado,Não existe,Não há placas,60 km/h,Dupla,Faixa contínua,Faixa seccionada,Canteiro central
2022-11-12 00:00:00,,SEM VÍTIMA,CANCELADA,BOA VIAGEM,RUA BARAO DE SOUZA LEAO,400,,AO LADO DO HOSPITAL MEDICAL CENTER ( HOSPITAL ALFA),BOA VIAGEM,,,,0,0,0,0,0,0,0,0,0,0,0,,,,,,,,,,,,,
2022-11-13 00:00:00,,COM VÍTIMA,FINALIZADA,PARNAMIRIM,RUA DR JOAO SANTOS FILHO,,,AO LADO DO GUAIAMUM GIGANTE/ PROXIMO AO SHOPPING PLAZA,PARNAMIRIM,,,COLISÃO COM CICLISTA,1,0,0,1,0,0,0,0,0,1,0,Esquina,Bom,Não existe,Perfeito estado,Seca,Perfeito estado,Não existe,R-6a,,Única,Não existe,,
2022-11-13 00:00:00,,COM VÍTIMA,FINALIZADA,PRADO,RUA ARMANDO SORIANO,103,,COM  A RUA GOMES TABORDA,PRADO,558,SUBURBIO,COLISÃO COM CICLISTA,1,0,0,1,0,0,0,0,0,1,0,Longo da via,Bom,Não existe,Não existente,Seca,Perfeito estado,Não existe,Outras,,Dupla,Não existe,,
2022-11-13 00:00:00,,COM VÍTIMA,FINALIZADA,AFOGADOS,RUA SAO MIGUEL,1347,,RESTAURANTE BODE DO NO,AFOGADOS,,SUBURBIO,COLISÃO TRANSVERSAL,1,1,0,0,0,0,0,0,0,2,0,Longo da via,Bom,Sem defeito,Perfeito estado,Seca,Perfeito estado,Não existe,Não há placas,,Dupla,Faixa contínua,,
2022-11-14 00:00:00,,COM VÍTIMA,FINALIZADA,PINA,AVENIDA CELSO FURTADO (VIA MANGUE),S/N,,"EM CIMA DA PONTE, PROX AO RIO MAR",PINA,,CIDADE,COLISÃO TRASEIRA,1,1,0,0,0,0,0,0,0,1,0,Ponte,Chuvoso,Não existe,Perfeito estado,Molhada,Perfeito estado,Não existe,Outras,60 km/h,Única,Faixa contínua,Faixa seccionada,
2022-11-14 00:00:00,,COM VÍTIMA,FINALIZADA,AREIAS,AV RECIFE,4316,,VEÍCULO CHOCOU-SE  COM UMA ÁRVORE NA FRENTE DO CONJUNTO RESIDENCIAL IGNÊZ ANDREAZZA. SENT IPSEP / ESTÂNCIA.  NO RECUO DO PONTO DE TÁXI. LADO OPOSTO DO BIG BOMPREÇO.,AREIAS,,,CHOQUE,1,0,0,0,0,0,0,0,0,1,0,Longo da via,Bom,Sem defeito,Perfeito estado,Seca,Perfeito estado,Não existe,Não há placas,,Dupla,Canteiro central,,
2022-11-14 00:00:00,,SEM VÍTIMA,FINALIZADA,BOA VIAGEM,RUA BARAO DE SOUZA LEAO,1000,RUA BARAO DE TAMANDARE,ESCOLA SANTOS DUMONT,BOA VIAGEM,,,COLISÃO LATERAL,2,0,0,0,0,0,0,0,0,0,0,Longo da via,Bom,Não existe,Perfeito estado,Seca,Perfeito estado,Não existe,Outras,60KM/H,Única,Faixa seccionada,,
2022-11-14 00:00:00,,COM VÍTIMA,FINALIZADA,JIQUIÁ,AV RECIFE,5680,,EM FRENTE AO ASSAI SENT. BR,JIQUIÁ,705,SUBURBIO,TOMBAMENTO,0,1,0,0,0,0,1,0,0,2,0,Cruzamento,Bom,Sem defeito,Perfeito estado,Seca,Perfeito estado,Faixa de pedestre,Não há placas,60 km/h,Dupla,Canteiro central,,
2022-11-14 00:00:00,,COM VÍTIMA,FINALIZADA,BOA VISTA,RUA AURORA,529,RUA PRINCESA IZABEL,,BOA VISTA,,SUBURBIO,COLISÃO LATERAL,0,2,0,0,0,0,0,0,0,1,0,Cruzamento,Bom,Sem defeito,Perfeito estado,Seca,Perfeito estado,Não existe,Não há placas,,Única,Faixa seccionada,,
2022-11-14 00:00:00,,COM VÍTIMA,FINALIZADA,ESPINHEIRO,RUA DO ESPINHEIRO,,RUA SANTO ELIAS,E/F AO POSTO SHELL,ESPINHEIRO,,SUBURBIO,COLISÃO LATERAL,0,2,0,0,0,0,0,0,0,1,0,Longo da via,Chuvoso,Não existe,Incompleta,Molhada,Perfeito estado,,,40 km/h,Única,,,
2022-11-14 00:00:00,,COM VÍTIMA,FINALIZADA,AFOGADOS,EST DOS REMEDIOS,470,,EM FRENTE AO SUPERMERCADO DO LAR,AFOGADOS,,SUBURBIO,COLISÃO LATERAL,0,2,0,0,0,0,0,0,0,1,0,Longo da via,Chuvoso,Não existe,Incompleta,Molhada,Mal conservada,Faixa de pedestre,R-6b,40 km/h,Dupla,Faixa contínua,,
2022-11-14 00:00:00,,COM VÍTIMA,FINALIZADA,PARNAMIRIM,EST DO ENCANAMENTO,216,RUA PROFESSOR ANDRADE BEZERRA,E/F AO CLUBE ALEMÃO,PARNAMIRIM,,CIDADE,COLISÃO LATERAL,1,1,0,0,0,0,0,0,0,1,0,Esquina,Bom,Não existe,Perfeito estado,Seca,Perfeito estado,Faixa de pedestre,Outras,60 km/h,Única,Faixa seccionada,,
2022-11-14 00:00:00,,COM VÍTIMA,FINALIZADA,IPSEP,AV RECIFE,,,EM FRENTE AO SUPERMERCADO HIPER BOMPREÇO,IPSEP,494,SUBURBIO,COLISÃO FRONTAL,1,1,0,0,0,0,0,0,0,2,0,Longo da via,Chuvoso,Sem defeito,Perfeito estado,Molhada,Perfeito estado,Faixa de pedestre,Não há placas,,Dupla,Faixa contínua,Canteiro central,
2022-11-14 00:00:00,,COM VÍTIMA,FINALIZADA,AREIAS,AV RECIFE,,AV CAPITAO GREGORIO DE CALDAS,EM FRENTE AO SUPERMERCADO BIG BOMPREÇO,AREIAS,494,SUBURBIO,COLISÃO TRASEIRA,1,1,0,0,0,0,0,0,0,2,0,Longo da via,Bom,Sem defeito,Perfeito estado,Seca,Perfeito estado,,,,Dupla,Canteiro central,,
2022-11-14 00:00:00,,SEM VÍTIMA,FINALIZADA,CASA FORTE,RUA DA HARMONIA,,EST DO ENCANAMENTO,AO LADO DA FARMÁCIA EXTRA FARMA,CASA FORTE,,,CHOQUE,2,0,0,0,0,0,0,0,0,0,0,Longo da via,Bom,Sem defeito,Perfeito estado,Seca,Perfeito estado,Faixa de pedestre,Não há placas,,Única,Faixa seccionada,,
2022-11-15 00:00:00,,COM VÍTIMA,FINALIZADA,CABANGA,AV ENGENHEIRO JOSE ESTELITA,,AV ANTONIO DE GOES,EM FRENTE AO CABANGA IATE CLUBE,CABANGA,,CIDADE,CHOQUE,1,0,0,0,0,0,0,0,0,1,0,Viaduto,Bom,Não existe,Perfeito estado,Seca,Perfeito estado,Não existe,Não há placas,,Dupla,,,
2022-11-15 00:00:00,,COM VÍTIMA,FINALIZADA,IMBIRIBEIRA,RUA OLIVIA MENELAU,119,RUA ZEFERINO PINHO,POSTO BR / BOTECO FIRMA,IMBIRIBEIRA,396,CIDADE,COLISÃO LATERAL,1,1,0,0,0,0,0,0,0,1,0,Esquina,Bom,Sem defeito,Perfeito estado,Seca,Perfeito estado,Não existe,Não há placas,,Única,Não existe,,
2022-11-15 00:00:00,,COM VÍTIMA,FINALIZADA,VÁRZEA,RUA PROFESSOR ANTONIO COELHO,157,RUA PROFESSOR ANTONIO COELHO,,VÁRZEA,,SUBURBIO,COLISÃO LATERAL,1,1,0,0,0,0,0,0,0,1,0,Cruzamento,Bom,Não existe,Perfeito estado,Seca,Perfeito estado,Faixa de pedestre,,,Única,Não existe,,
2022-11-15 00:00:00,,COM VÍTIMA,FINALIZADA,TAMARINEIRA,RUA CONEGO BARATA,,AV NORTE MIGUEL ARRAES DE ALENCAR,PRÓXIMO A FERREIRA COSTA,TAMARINEIRA,62,,COLISÃO LATERAL,1,1,0,0,0,0,0,0,0,1,0,Cruzamento,Bom,Sem defeito,Perfeito estado,Seca,Perfeito estado,Faixa de pedestre,R-6a,,Dupla,Faixa seccionada,Blocos,
2022-11-16 00:00:00,,COM VÍTIMA,FINALIZADA,AREIAS,AV RECIFE,,,EM FRENTE AO RESTAURANTE  GALLETUS,AREIAS,617,CIDADE,COLISÃO TRASEIRA,1,1,0,0,0,0,0,0,0,1,0,Longo da via,Bom,Intermitente,Perfeito estado,Seca,Perfeito estado,Faixa de pedestre,R-6a,,Dupla,Canteiro central,,
2022-11-16 00:00:00,,COM VÍTIMA,FINALIZADA,BOA VISTA,RUA DOM BOSCO,1002,,EM FRENTE AO QUARTEL DA RP,BOA VISTA,401,,COLISÃO TRASEIRA,0,2,0,0,0,0,0,0,0,1,0,Longo da via,Bom,Sem defeito,Perfeito estado,Seca,Perfeito estado,Faixa de pedestre,Outras,,Única,Faixa seccionada,,
2022-11-16 00:00:00,,SEM VÍTIMA,FINALIZADA,SANTO AMARO,AV MARIO MELO,263,,PROX AO INSS,SANTO AMARO,,,COLISÃO LATERAL,2,0,0,0,0,0,0,0,0,0,0,Longo da via,Bom,Sem defeito,Perfeito estado,Seca,Perfeito estado,Não existe,Não há placas,,Dupla,Faixa contínua,,
2022-11-16 00:00:00,,COM VÍTIMA,FINALIZADA,ESPINHEIRO,RUA DO ESPINHEIRO,,AV JOAO DE BARROS,EM FRENTE A PAGUE MENOS,ESPINHEIRO,89,CIDADE,COLISÃO LATERAL,1,1,0,0,0,0,0,0,0,1,0,Cruzamento,Bom,Sem defeito,Perfeito estado,Seca,Perfeito estado,Faixa de pedestre,R-6a,,Única,Faixa seccionada,,
2022-11-16 00:00:00,,SEM VÍTIMA,FINALIZADA,TORRE,RUA REAL DA TORRE,,,PRÓX. AO CARREFOUR,TORRE,,,COLISÃO LATERAL,0,0,0,0,0,0,0,2,0,0,0,Esquina,Chuvoso,Não existe,,Molhada,Perfeito estado,Não existe,Não há placas,,Única,Não existe,,
2022-11-16 00:00:00,,COM VÍTIMA,FINALIZADA,CAXANGÁ,AV CAXANGA,,,E/F AO RESIDENCIAL MARCOS FREIRE  S/T SUB,CAXANGÁ,,,COLISÃO COM CICLISTA,1,0,0,1,0,0,0,0,0,2,0,,,,,,,,,,,,,
2022-11-16 00:00:00,,COM VÍTIMA,FINALIZADA,BOA VIAGEM,RUA DEZ DE JULHO,210,,PROXIMO A MAISON CRISTAL,BOA VIAGEM,,,COLISÃO FRONTAL,1,1,0,0,0,0,0,0,0,1,0,,,,,,,,,,,,,
2022-11-16 00:00:00,,COM VÍTIMA,FINALIZADA,VÁRZEA,RUA GASTAO VIDIGAL,65,,NO TERMINAL DA VARZEA  NA UR 7,VÁRZEA,,SUBURBIO,COLISÃO LATERAL,0,1,0,0,0,1,0,0,0,2,0,Longo da via,Bom,Não existe,Perfeito estado,Seca,Perfeito estado,Não existe,Outras,,Dupla,Faixa seccionada,,
2022-11-16 00:00:00,,COM VÍTIMA,FINALIZADA,ESTÂNCIA,AV RECIFE,6840,RUA LAURA BANDEIRA DE MELLO,EM FRENTE AO SUPERMERCADO AÇAI,ESTÂNCIA,,,COLISÃO LATERAL,1,1,0,0,0,0,0,0,0,1,0,Cruzamento,Bom,Sem defeito,Perfeito estado,Seca,Perfeito estado,Faixa de pedestre,R-4a,60 km/h,Dupla,Canteiro central,,
2022-11-16 00:00:00,,COM VÍTIMA,FINALIZADA,BOA VIAGEM,RUA SETUBAL,1492,,PROXIMO PARQUE DONA LINDU,BOA VIAGEM,,,COLISÃO LATERAL,1,1,0,0,0,0,0,0,0,1,0,Longo da via,Bom,Não existe,Perfeito estado,Seca,Perfeito estado,Não existe,Não há placas,,Dupla,Não existe,,
2022-11-17 00:00:00,,COM VÍTIMA,FINALIZADA,SANTO AMARO,AV GOVERNADOR AGAMENON MAGALHAES,,AV DR JAYME DA FONTE,,SANTO AMARO,49,SUBURBIO,COLISÃO FRONTAL,2,0,0,0,0,0,0,0,0,2,0,Cruzamento,Chuvoso,Sem defeito,Perfeito estado,Molhada,Perfeito estado,Faixa de pedestre,Outras,,Dupla,Canal,,
2022-11-17 00:00:00,,COM VÍTIMA,DUPLICIDADE,ARRUDA,AV PROFESSOR JOSE DOS ANJOS,,,ESTRADA VELHA DE AGUA FRIA,ARRUDA,,,COLISÃO TRASEIRA,1,1,0,0,0,0,0,0,0,2,0,,,,,,,,,,,,,
2022-11-17 00:00:00,,COM VÍTIMA,FINALIZADA,ARRUDA,AV PROFESSOR JOSE DOS ANJOS,,EST VELHA DE AGUA FRIA,AO LADO DO DNOCS,ARRUDA,306,SUBURBIO,COLISÃO TRASEIRA,1,1,0,0,0,0,0,0,0,1,0,Cruzamento,Bom,Sem defeito,Perfeito estado,Seca,Perfeito estado,Faixa de retenção,Não há placas,,Única,Faixa contínua,,
2022-11-17 00:00:00,,COM VÍTIMA,FINALIZADA,SANTO AMARO,AV GOVERNADOR AGAMENON MAGALHAES,S/N,,"PROX AO POSTO PETROBRÁS, SENTIDO SHOPPING TACARUNA",SANTO AMARO,,SUBURBIO,CHOQUE,1,0,0,0,0,0,0,0,0,1,0,Longo da via,Bom,Não existe,Perfeito estado,Seca,Perfeito estado,Não existe,Não há placas,60 km/h,Dupla,Faixa contínua,Faixa seccionada,Canal
2022-11-17 00:00:00,,SEM VÍTIMA,FINALIZADA,IPSEP,AV RECIFE,2706,,SEMÁFORO 016,IPSEP,,,COLISÃO TRASEIRA,1,0,0,0,0,0,0,1,0,0,0,Cruzamento,Bom,Sem defeito,Perfeito estado,Seca,Perfeito estado,Faixa de pedestre,R-6a,,Dupla,Canteiro central,,
2022-11-17 00:00:00,,COM VÍTIMA,FINALIZADA,BOA VISTA,RUA AURORA,1295,,E/F AO EDF CAIS DA AURORA  PROX AO BANCO CENTRAL  DO BRASIL,BOA VISTA,,,COLISÃO LATERAL,1,0,0,0,0,0,1,0,0,1,0,Longo da via,Bom,,Não existente,Seca,Perfeito estado,Não existe,Não há placas,,Única,Faixa seccionada,,
2022-11-17 00:00:00,,COM VÍTIMA,FINALIZADA,TEJIPIÓ,RUA FALCAO DE LACERDA,175,,E/F A IGREJA PRESBITERIANA DE TEJIPIO,TEJIPIÓ,,,COLISÃO LATERAL,1,2,0,0,0,0,0,0,0,1,0,,,,,,,,,,,,,
2022-11-17 00:00:00,,COM VÍTIMA,FINALIZADA,CASA AMARELA,RUA PADRE LEMOS,723,,PROX AO POSTO DE GASOLINA BR,CASA AMARELA,66,SUBURBIO,COLISÃO LATERAL,1,1,0,0,0,0,0,0,0,1,0,Longo da via,Bom,Sem defeito,Incompleta,Seca,Perfeito estado,Não existe,Não há placas,,Dupla,Não existe,,
2022-11-17 00:00:00,,COM VÍTIMA,FINALIZADA,SÃO JOSÉ,PRC DAS CINCO PONTAS,104,RUA DO JARDIM,EM FRENTE AO FORTE CINCO PONTAS,SÃO JOSÉ,199,SUBURBIO,COLISÃO LATERAL,0,2,0,0,0,0,0,0,0,1,0,Longo da via,Bom,Sem defeito,Perfeito estado,Seca,Perfeito estado,Não existe,Não há placas,40 km/h,Única,Não existe,,
2022-11-17 00:00:00,,COM VÍTIMA,FINALIZADA,BOA VISTA,RUA DA AURORA,,,EM FRENTE AO CINE SÃO LUIS,BOA VISTA,162,CIDADE,ATROPELAMENTO DE PESSOA,1,0,0,0,1,0,0,0,0,1,0,Longo da via,Bom,Sem defeito,Perfeito estado,Seca,Perfeito estado,Faixa de pedestre,R-6a,,Única,Faixa contínua,,
2022-11-18 00:00:00,,COM VÍTIMA,FINALIZADA,CORDEIRO,RUA DR JOAO LACERDA,S/N,,EM FRENTE AO DHPP,CORDEIRO,,,COLISÃO TRASEIRA,1,1,0,0,0,0,0,0,0,1,0,Longo da via,Bom,Não existe,Ilegível,Seca,Perfeito estado,Não existe,Não há placas,60 km/h,Dupla,Faixa contínua,,
2022-11-18 00:00:00,,SEM VÍTIMA,FINALIZADA,SÃO JOSÉ,AV MARTINS DE BARROS,,,PROXIMO A PRAÇA DA REPUBLICA,SÃO JOSÉ,,,COLISÃO LATERAL,1,1,0,0,0,0,0,0,0,0,0,Longo da via,Bom,Sem defeito,Perfeito estado,Seca,Perfeito estado,Faixa de pedestre,Não há placas,,Única,Faixa contínua,Faixa contínua,
2022-11-18 00:00:00,,COM VÍTIMA,FINALIZADA,SÃO JOSÉ,AV SUL,1374,RUA CARLOS COELHO LEAL VALENTE,EM FRENTE PORTELA INDUSTRIA,SÃO JOSÉ,260,CIDADE,COLISÃO LATERAL,1,1,0,0,0,0,0,0,0,1,0,Cruzamento,Bom,Sem defeito,,Seca,Perfeito estado,,Não há placas,,Única,,,
2022-11-18 00:00:00,,COM VÍTIMA,FINALIZADA,ESPINHEIRO,RUA CONS PORTELA,,RUA LAURO MONTENEGRO,PROX A IGREJA CATOLICA DO ESPINHEIRO  VT 15 NO LOCAL,ESPINHEIRO,464,SUBURBIO,COLISÃO LATERAL,1,1,0,0,0,0,0,0,0,1,0,Longo da via,Bom,Sem defeito,Perfeito estado,Seca,Perfeito estado,Não existe,R-6a,,Única,Faixa seccionada,,
2022-11-18 00:00:00,,COM VÍTIMA,CANCELADA,MONTEIRO,AV CIDADE DE MONTEIRO,,,E/F AO ARMAZEM CORAL PROX A SUBIDA DA PONTE,MONTEIRO,,,COLISÃO FRONTAL,1,0,0,0,0,0,0,0,0,2,0,,,,,,,,,,,,,
2022-11-18 00:00:00,,COM VÍTIMA,FINALIZADA,AREIAS,AV RECIFE,3585,,APÓS O RESTAURANTE GALETUS,AREIAS,,,COLISÃO TRANSVERSAL,1,1,0,0,0,0,1,0,0,1,0,Longo da via,Bom,Não existe,Perfeito estado,Seca,Perfeito estado,Não existe,Não há placas,60 km/h,Dupla,Faixa seccionada,Canteiro central,
2022-11-18 00:00:00,,SEM VÍTIMA,FINALIZADA,BOA VIAGEM,RUA CARLOS PEREIRA FALCAO,100,,EM FRENTE A PADARIA DIPLOMATA,BOA VIAGEM,,,COLISÃO FRONTAL,2,0,0,0,0,0,0,0,0,0,0,,,,,,,,,,,,,
2022-11-19 00:00:00,,COM VÍTIMA,FINALIZADA,CAMPO GRANDE,RUA CATULO DA PAIXAO CEARENSE,263,RUA PROFESSOR FRANCISCO DA TRINDADE,PRÓX. AO BAR E RESTAURANTE CASA DE MÃE,CAMPO GRANDE,,,COLISÃO LATERAL,1,1,0,0,0,0,0,0,0,1,0,,,,,,,,,,,,,
2022-11-19 00:00:00,,COM VÍTIMA,FINALIZADA,AFOGADOS,RUA SAO MIGUEL,1357,,PRÓX. AO BODE DO NÔ E À PANIFICADORA LISBOA,AFOGADOS,,,COLISÃO LATERAL,1,1,0,0,0,0,0,0,0,1,0,Longo da via,Bom,Não existe,Incompleta,Seca,Perfeito estado,Não existe,Não há placas,,Dupla,Não existe,,
2022-11-19 00:00:00,,COM VÍTIMA,FINALIZADA,ENCRUZILHADA,EST DE BELEM,535,RUA LARGA DO FEITOSA,PRÓX. À CASA DE BOLOS E À HI ACADEMIA.,ENCRUZILHADA,,CIDADE,COLISÃO LATERAL,1,1,0,0,0,0,0,0,0,2,0,Longo da via,Bom,Não existe,Perfeito estado,Seca,Perfeito estado,Não existe,R-6a,,Dupla,Faixa contínua,,