data,hora,natureza,situacao,bairro,endereco,numero,detalhe_endereco_acidente,complemento,bairro_cruzamento,num_semaforo,sentido_via,tipo,auto,moto,ciclom,ciclista,pedestre,onibus,caminhao,viatura,outros,vitimas,vitimasfatais,acidente_verificado,tempo_clima,situacao_semaforo,sinalizacao,condicao_via,conservacao_via,ponto_controle,situacao_placa,velocidade_max_via,mao_direcao,divisao_via1,divisao_via2,divisao_via3
2022-11-19 00:00:00,,COM VÍTIMA,FINALIZADA,CORDEIRO,AV MAURICIO DE NASSAU,38,,"EM FRENTE AO PARQUE EXPOSIÇÃO DE ANIMAIS, PROX GOE",CORDEIRO,,SUBURBIO,COLISÃO TRASEIRA,1,1,0,0,0,0,0,0,0,1,0,Longo da via,Bom,Não existe,Incompleta,Seca,Perfeito estado,Não existe,Outras,,Dupla,Faixa contínua,,
2022-11-19 00:00:00,,COM VÍTIMA,FINALIZADA,AFOGADOS,AV DR JOSE RUFINO,685,,ALTO PEÇAS E SERVIÇOS,AFOGADOS,391,SUBURBIO,COLISÃO LATERAL,1,1,0,0,0,0,0,0,0,1,0,Esquina,Bom,Sem defeito,Não existente,Seca,Perfeito estado,Faixa de pedestre,Não há placas,,Dupla,Faixa contínua,,
2022-11-19 00:00:00,,COM VÍTIMA,FINALIZADA,ESTÂNCIA,RUA HAVAI,119,,RUA RESIDENCIAL,ESTÂNCIA,,SUBURBIO,COLISÃO FRONTAL,1,1,0,0,0,0,0,0,0,1,0,Longo da via,Bom,Não existe,Não existente,Seca,Perfeito estado,Não existe,Não há placas,,Dupla,Não existe,,
2022-11-20 00:00:00,,SEM VÍTIMA,FINALIZADA,SAN MARTIN,AV ENGENHEIRO ABDIAS DE CARVALHO,,,AO LADO DO ATACAREJO,SAN MARTIN,687,CIDADE,CAPOTAMENTO,0,0,0,0,0,0,0,0,0,0,0,,,,,,,,,,,,,
2022-11-20 00:00:00,,COM VÍTIMA,FINALIZADA,BOA VIAGEM,AV BOA VIAGEM,,,PRAÇA DE BOA VIAGEM,BOA VIAGEM,4,,ATROPELAMENTO DE PESSOA,0,1,0,0,1,0,0,0,0,2,0,Longo da via,Bom,Sem defeito,Perfeito estado,Seca,Perfeito estado,Faixa de pedestre,Não há placas,,Única,Faixa seccionada,,
2022-11-21 00:00:00,,COM VÍTIMA,FINALIZADA,ILHA DO LEITE,AV FREI MATIAS TEVES,,RUA SENADOR JOSE HENRIQUE,EM FRENTE O HOSPITAL ALBERT SABIN,ILHA DO LEITE,,,COLISÃO LATERAL,1,1,0,0,0,0,0,0,0,1,0,Cruzamento,Bom,Não existe,Ilegível,Seca,Perfeito estado,Faixa de pedestre,Outras,30 km/h,Única,Faixa seccionada,,
2022-11-21 00:00:00,,COM VÍTIMA,FINALIZADA,IMBIRIBEIRA,RUA CONDE PEREIRA CARNEIRO,150,RUA JACY,RUA AO LADO DO SANTANDER,IMBIRIBEIRA,,SUBURBIO,COLISÃO FRONTAL,1,1,0,0,0,0,0,0,0,2,0,Cruzamento,Bom,Não existe,Perfeito estado,Seca,Perfeito estado,Não existe,R-6a,,Dupla,Não existe,,
2022-11-21 00:00:00,,COM VÍTIMA,FINALIZADA,VÁRZEA,AV CAXANGA,5775,,"EM FRENTE AO POSTO SHELL, PROX AO TERMINAL INTEGRADO DA CAXANGÁ",VÁRZEA,,SUBURBIO,COLISÃO LATERAL,1,1,0,1,0,1,0,0,0,1,0,Longo da via,Bom,Sem defeito,Incompleta,Seca,Perfeito estado,Não existe,Não há placas,60 km/h,Única,Não existe,,
2022-11-21 00:00:00,,COM VÍTIMA,FINALIZADA,BOA VIAGEM,AV ENGENHEIRO DOMINGOS FERREIRA,,RUA DO MUNIZ,"EM FRENTE AO CERPE, E PROX AO SPETTUS",BOA VIAGEM,380,SUBURBIO,COLISÃO LATERAL,2,0,0,0,0,0,0,0,0,1,0,Cruzamento,Bom,Sem defeito,Perfeito estado,Seca,Perfeito estado,Faixa de pedestre,Outras,60 km/h,Única,Faixa seccionada,,
2022-11-21 00:00:00,,COM VÍTIMA,FINALIZADA,TORRÕES,EST DO FORTE DO ARRAIAL N. DO B. JESUS,1592,,PROX. A CASA MODERNA HOME CENTER,TORRÕES,,SUBURBIO,ATROPELAMENTO DE PESSOA,1,0,0,0,1,0,0,0,0,1,0,Cruzamento,Bom,Não existe,Perfeito estado,Seca,Perfeito estado,Não existe,Não há placas,60 km/h,Dupla,Faixa contínua,,
2022-11-21 00:00:00,,COM VÍTIMA,CANCELADA,MADALENA,RUA PESSOA DE MELO,299,,EM FRENTE A CAFETERIA SANTA CLARA,MADALENA,,,COLISÃO LATERAL,2,0,0,0,0,0,0,0,0,1,0,,,,,,,,,,,,,
2022-11-21 00:00:00,,SEM VÍTIMA,CANCELADA,PRADO,RUA CARLOS GOMES,,AV ENGENHEIRO ABDIAS DE CARVALHO,E/F A BIG CAR,PRADO,,,COLISÃO LATERAL,0,0,0,0,0,0,1,1,0,0,0,,,,,,,,,,,,,
2022-11-21 00:00:00,,COM VÍTIMA,FINALIZADA,BOA VIAGEM,AV ENGENHEIRO DOMINGOS FERREIRA,1653,,EM FRENTE AO ANTIGO EXTRA,BOA VIAGEM,380,SUBURBIO,COLISÃO TRASEIRA,1,1,0,0,0,0,0,0,0,1,0,Longo da via,Bom,Sem defeito,Perfeito estado,Seca,Perfeito estado,Não existe,Não há placas,60 km/h,Única,Faixa seccionada,,
2022-11-21 00:00:00,,COM VÍTIMA,FINALIZADA,IPSEP,RUA DR RAPOSO PINTO,67,RUA JEAN EMILE FAVRE,E/F A PIZZARIA DOMINO´S,IPSEP,,SUBURBIO,COLISÃO LATERAL,0,1,0,0,0,1,0,0,0,1,0,Longo da via,Bom,Não existe,Não existente,Seca,Perfeito estado,Não existe,Não há placas,,Dupla,Não existe,,
2022-11-21 00:00:00,,COM VÍTIMA,FINALIZADA,BAIRRO DO RECIFE,RUA IMPERIAL,,,APOS O COLEGIO JOAQUIM NABUCO,BAIRRO DO RECIFE,,SUBURBIO,COLISÃO LATERAL,0,2,0,0,0,0,0,0,0,3,0,Cruzamento,Bom,Não existe,Perfeito estado,Seca,Perfeito estado,Não existe,Outras,,Única,Faixa seccionada,,
2022-11-21 00:00:00,,COM VÍTIMA,FINALIZADA,BOA VIAGEM,RUA BARAO DE SOUZA LEAO,1093,,EM FRENTE AO ARMAZEM REZZOLVE,BOA VIAGEM,476,SUBURBIO,COLISÃO LATERAL,1,1,0,0,0,0,0,0,0,1,0,Longo da via,Bom,Sem defeito,Perfeito estado,Seca,Perfeito estado,Não existe,R-6a,,Única,Faixa seccionada,,
2022-11-21 00:00:00,,COM VÍTIMA,FINALIZADA,VASCO DA GAMA,RUA VASCO DA GAMA,145,,E/F AO SESI DO VASCO,VASCO DA GAMA,,SUBURBIO,COLISÃO LATERAL,1,1,0,0,0,0,0,0,0,2,0,Cruzamento,Bom,Não existe,Perfeito estado,Seca,Perfeito estado,Faixa de pedestre,Placas Pare,,Dupla,,,
2022-11-21 00:00:00,,COM VÍTIMA,FINALIZADA,ESPINHEIRO,RUA DO ESPINHEIRO,,RUA SANTO ELIAS,RUA SANTO ELIAS,ESPINHEIRO,,SUBURBIO,COLISÃO LATERAL,1,1,0,0,0,0,0,0,0,1,0,Cruzamento,Bom,Não existe,Perfeito estado,Seca,Perfeito estado,Agente,R-6a,40 km/h,Única,Faixa contínua,,
2022-11-21 00:00:00,,COM VÍTIMA,FINALIZADA,CAXANGÁ,AV CAXANGA,,AV INACIO MONTEIRO,EM FRENTE A DROGASIL,CAXANGÁ,,SUBURBIO,COLISÃO TRASEIRA,2,1,0,0,0,0,0,0,0,1,0,Longo da via,Bom,Sem defeito,Perfeito estado,Seca,Perfeito estado,Faixa de pedestre,,60 km/h,Única,Faixa seccionada,,
2022-11-21 00:00:00,,SEM VÍTIMA,FINALIZADA,ÁGUA FRIA,AV BEBERIBE,,,EM FRENTE A O MERCADO DE AGUA FRIA,ÁGUA FRIA,,,CHOQUE,1,1,0,0,0,0,0,0,0,0,0,Cruzamento,Bom,Sem defeito,Perfeito estado,Seca,Perfeito estado,Faixa de pedestre,Não há placas,,Dupla,Faixa seccionada,,
2022-11-21 00:00:00,,COM VÍTIMA,FINALIZADA,ARRUDA,AV PROFESSOR JOSE DOS ANJOS,,RUA FARIAS NEVES,RUA  DESENHISTA EULINO SANTOS,ARRUDA,,SUBURBIO,CHOQUE,1,0,0,0,0,0,0,0,0,1,0,Cruzamento,Bom,Não existe,Perfeito estado,Seca,Perfeito estado,Faixa de pedestre,Outras,,Única,Não existe,,
2022-11-22 00:00:00,,COM VÍTIMA,FINALIZADA,TAMARINEIRA,RUA CONEGO BARATA,,AV CONS ROSA E SILVA,PROX. DA FERREIRA COSTA,TAMARINEIRA,61,SUBURBIO,CHOQUE,1,0,0,0,0,0,0,0,0,2,0,Cruzamento,Bom,Sem defeito,Perfeito estado,Seca,Perfeito estado,Faixa de pedestre,R-6a,,Dupla,Canteiro central,,
2022-11-22 00:00:00,,COM VÍTIMA,FINALIZADA,BOMBA DO HEMETÉRIO,RUA BOMBA DO HEMETERIO,400,RUA GUANAMBI,EM FRENTE A FUNERARIA CANAÃ,BOMBA DO HEMETÉRIO,,CIDADE,COLISÃO FRONTAL,1,1,0,0,0,0,0,0,0,1,0,Esquina,Chuvoso,Não existe,Incompleta,Molhada,Perfeito estado,Não existe,Outras,,Dupla,Não existe,,
2022-11-22 00:00:00,,COM VÍTIMA,FINALIZADA,PINA,AV ANTONIO DE GOES,500,,EM FRENTE AO DETROIT CAR,PINA,,,ATROPELAMENTO DE PESSOA,1,1,0,0,1,0,0,0,0,1,0,Longo da via,Chuvoso,Não existe,Perfeito estado,Molhada,Perfeito estado,Não existe,Não há placas,60 km/h,Única,Canteiro central,,
2022-11-22 00:00:00,,COM VÍTIMA,FINALIZADA,IMBIRIBEIRA,AV MARECHAL MASCARENHAS DE MORAES,1482,RUA MURICILANDIA,EM FRENTE A GOOD YEAR,IMBIRIBEIRA,287,CIDADE,QUEDA,0,1,0,0,0,0,0,0,0,2,0,Longo da via,Chuvoso,Sem defeito,Perfeito estado,Molhada,Perfeito estado,Faixa de retenção,Placas Pare,60 km/h,Dupla,Canteiro central,,
2022-11-22 00:00:00,,COM VÍTIMA,FINALIZADA,AFOGADOS,RUA SAO MIGUEL,865,,EM FRENTE AO 14º BATALHÃO LOGÍSTICO,AFOGADOS,423,SUBURBIO,COLISÃO TRASEIRA,1,1,0,0,0,0,0,0,0,1,0,Longo da via,Chuvoso,Sem defeito,Perfeito estado,Molhada,Perfeito estado,Faixa de pedestre,Não há placas,60 km/h,Dupla,Faixa contínua,,
2022-11-22 00:00:00,,COM VÍTIMA,FINALIZADA,SANTO AMARO,AV DR JAYME DA FONTE,67,,CAMPO DE FUTEBOL / NA RUA DA COMPESA,SANTO AMARO,,CIDADE,COLISÃO COM CICLISTA,1,0,0,1,0,0,0,0,0,1,0,Longo da via,Bom,Sem defeito,Perfeito estado,Seca,Perfeito estado,Não existe,Não há placas,,,Não existe,,
2022-11-22 00:00:00,,COM VÍTIMA,FINALIZADA,BOA VIAGEM,AV ENGENHEIRO DOMINGOS FERREIRA,3704,RUA JACK AYRES,QUASE EM FRENTE A ESCOLA DE GASTRONOMIA E CONFEITARIA,BOA VIAGEM,,SUBURBIO,COLISÃO TRANSVERSAL,1,1,0,0,0,0,0,0,0,1,0,Cruzamento,Bom,Não existe,Perfeito estado,Seca,Perfeito estado,Não existe,Outras,60 km/h,Única,Faixa seccionada,,
2022-11-22 00:00:00,,COM VÍTIMA,FINALIZADA,IMBIRIBEIRA,AV MARECHAL MASCARENHAS DE MORAES,4240,,VENEZA DIESEL,IMBIRIBEIRA,,CIDADE,ATROPELAMENTO DE PESSOA,1,0,0,0,1,0,0,0,0,1,0,Longo da via,Chuvoso,Não existe,Perfeito estado,Molhada,Mal iluminada,Não existe,Não há placas,60 km/h,Dupla,,,
2022-11-22 00:00:00,,COM VÍTIMA,FINALIZADA,IMBIRIBEIRA,RUA DEZ DE JULHO,211,,INTEGRAÇÃO DO AEROPORTO,IMBIRIBEIRA,,SUBURBIO,ATROPELAMENTO DE PESSOA,0,0,0,0,1,0,0,0,0,1,0,Não informado,Chuvoso,Não existe,Perfeito estado,Seca,Perfeito estado,Faixa de pedestre,Não há placas,,Única,Não existe,,
2022-11-22 00:00:00,,COM VÍTIMA,FINALIZADA,BOA VISTA,AV CRUZ CABUGA,,,FACULDADE DE DIREITO,BOA VISTA,31,,COLISÃO FRONTAL,1,1,0,0,0,0,0,0,0,1,0,Cruzamento,Chuvoso,Sem defeito,Perfeito estado,Molhada,Perfeito estado,,R-6a,40 km/h,Dupla,Canteiro central,Blocos,
2022-11-23 00:00:00,,COM VÍTIMA,CANCELADA,APIPUCOS,RUA DOIS IRMAOS,1196,,"PROX. AO QUARTEL, SENT. DOIS IRMAOS APOS O CANAL",APIPUCOS,,,COLISÃO LATERAL,1,1,0,0,0,0,0,0,0,1,0,,,,,,,,,,,,,
2022-11-23 00:00:00,,COM VÍTIMA,FINALIZADA,IBURA,AV DOIS RIOS,250,,SENA SAÚDE CONSULTÓRIOS,IBURA,,,COLISÃO LATERAL,1,1,0,0,0,0,0,0,0,1,0,,,,,,,,,,,,,
2022-11-23 00:00:00,,SEM VÍTIMA,FINALIZADA,AFOGADOS,RUA SAO MIGUEL,132,RUA PEDRO CABRAL DE OLIVEIRA,EM FRENTE AO CARTORIO,AFOGADOS,,CIDADE,,1,0,0,0,0,0,1,0,0,0,0,Cruzamento,Bom,Não existe,Perfeito estado,Seca,Perfeito estado,Outros,Outras,,Dupla,Não existe,,
2022-11-23 00:00:00,,COM VÍTIMA,FINALIZADA,IPUTINGA,AV MAURICIO DE NASSAU,134,RUA ENGENHEIRO MOACYR PARAHYBA,APOS A CLINICA FUNDAÇAÕ  ALTINO VENTURA S/T BR,IPUTINGA,,SUBURBIO,COLISÃO FRONTAL,1,1,0,0,0,0,0,0,0,1,0,Cruzamento,Bom,Não existe,Não existente,Seca,Perfeito estado,Não existe,Não há placas,,Dupla,Faixa contínua,,
2022-11-23 00:00:00,,COM VÍTIMA,FINALIZADA,CASA AMARELA,EST DO ENCANAMENTO,1284,RUA JADER DE ANDRADE,E/F A CASA DE FESTA ESTRIPULIA,CASA AMARELA,,,COLISÃO FRONTAL,1,1,0,0,0,0,0,0,0,2,0,Cruzamento,Bom,Não existe,Perfeito estado,Seca,Perfeito estado,Não existe,Placas Pare,,Única,Faixa seccionada,,
2022-11-23 00:00:00,,VÍTIMA FATAL,FINALIZADA,CORDEIRO,AV GENERAL SAN MARTIN,,,EM FRENTE AOS CORREIOS,CORDEIRO,403,SUBURBIO,QUEDA,0,0,0,0,1,1,0,0,0,0,1,Longo da via,Bom,Desligado,Perfeito estado,Seca,Perfeito estado,Faixa de pedestre,R-6a,,Dupla,Faixa contínua,,
2022-11-24 00:00:00,,COM VÍTIMA,FINALIZADA,IPSEP,RUA PINTOR LULA CARDOSO AYRES,S/N,,"EM FRENTE A FACTOR COMERCIO, PROX AO SAL E BRASA,",IPSEP,,,COLISÃO FRONTAL,3,0,0,0,0,0,0,0,0,1,0,,,,,,,,,,,,,
2022-11-24 00:00:00,,SEM VÍTIMA,FINALIZADA,MADALENA,AV VISCONDE DE ALBUQUERQUE,668,,EM FRENTE AO HOSPITAL DE ÁVILA,MADALENA,,,COLISÃO LATERAL,2,0,0,0,0,0,0,0,0,0,0,,,,,,,,,,,,,
2022-11-24 00:00:00,,COM VÍTIMA,FINALIZADA,HIPÓDROMO,RUA PRUDENTE DE MORAES,124,,ULTRA GÁS,HIPÓDROMO,,,COLISÃO LATERAL,1,1,0,0,0,0,0,0,0,1,0,Cruzamento,Bom,Não existe,Perfeito estado,Seca,Perfeito estado,Faixa de pedestre,Placas Pare,,Dupla,Faixa seccionada,,
2022-11-24 00:00:00,,COM VÍTIMA,FINALIZADA,IPSEP,RUA PINTOR LULA CARDOSO AYRES,595,,"EM FRENTE A FATO COMERCIO, PROX AO SAL E BRASA E AO TENIS CLUBE",IPSEP,,,COLISÃO FRONTAL,3,0,0,0,0,0,0,0,0,1,0,Longo da via,Bom,Não existe,Não existente,Seca,Perfeito estado,Não existe,Não há placas,30 km/h,Única,Não existe,,
2022-11-24 00:00:00,,COM VÍTIMA,FINALIZADA,GRAÇAS,RUA SOUZA DE ANDRADE,241,RUA ANTONIO NOVAIS,POR TRAS DO COLEGIO SAO LUIZ,GRAÇAS,,,COLISÃO FRONTAL,1,1,0,0,0,0,0,0,0,2,0,Cruzamento,Bom,Não existe,Perfeito estado,Seca,Perfeito estado,Não existe,Placas Pare,,Dupla,Não existe,,
2022-11-24 00:00:00,,SEM VÍTIMA,FINALIZADA,SANTO AMARO,AV GOVERNADOR AGAMENON MAGALHAES,118 A,,SOBRE O VIADUTO DA JOÃO DE BARROS,SANTO AMARO,,SUBURBIO,COLISÃO TRASEIRA,1,1,0,0,0,0,0,0,0,0,0,,Bom,Não existe,Perfeito estado,Seca,Perfeito estado,Não existe,Não há placas,60 km/h,Dupla,Canteiro central,,
2022-11-24 00:00:00,,COM VÍTIMA,FINALIZADA,MADALENA,AV CAXANGA,521,,EM FRENTE AO COMPAZ MIGUEL ARRAES,MADALENA,489,CIDADE,ATROPELAMENTO DE PESSOA,0,1,0,0,1,0,0,0,0,2,0,Longo da via,Bom,Sem defeito,Incompleta,Seca,Mal conservada,Faixa de pedestre,R-6a,60 km/h,Dupla,Faixa contínua,Faixa seccionada,Canteiro central
2022-11-24 00:00:00,,COM VÍTIMA,FINALIZADA,CASA FORTE,AV DEZESSETE DE AGOSTO,99,,AO LADO DO BRADESCO,CASA FORTE,,CIDADE,COLISÃO FRONTAL,1,1,0,0,0,0,0,0,0,1,0,Longo da via,Bom,Não existe,Perfeito estado,Seca,Perfeito estado,Não existe,R-6a,60 km/h,Dupla,Faixa seccionada,,
2022-11-24 00:00:00,,COM VÍTIMA,FINALIZADA,BOA VISTA,AV GOVERNADOR AGAMENON MAGALHAES,,,APOS O BOMPREÇO DA BENFICA  NO GIRADOURO DO BRADESCO SEGUROS  VT 29 NO LOCAL,BOA VISTA,,,COLISÃO LATERAL,1,1,0,0,0,0,0,0,0,1,0,Longo da via,Bom,Não existe,Perfeito estado,Seca,Perfeito estado,Não existe,R-6a,60 km/h,Dupla,Canteiro central,,
2022-11-24 00:00:00,,COM VÍTIMA,CANCELADA,ÁGUA FRIA,EST VELHA DE AGUA FRIA,,AV PROFESSOR JOSE DOS ANJOS,ACIDENTE COM VÍTIMA ENVOVENDO DUAS MOTOS,ÁGUA FRIA,,SUBURBIO,COLISÃO LATERAL,0,2,0,0,0,0,0,0,0,2,0,,,,,,,,,,,,,
2022-11-24 00:00:00,,COM VÍTIMA,FINALIZADA,AFOGADOS,RUA SAO MIGUEL,,RUA VEREADOR FRANCISCO DE PAULA SANTANA CHICO DA MANOLA,EM FRENTE AO ARMAZEM CORAL,AFOGADOS,,CIDADE,COLISÃO LATERAL,1,1,0,0,0,0,0,0,0,1,0,Longo da via,Bom,Não existe,Não existente,Seca,Perfeito estado,Não existe,Não há placas,60 km/h,Dupla,Não existe,,
2022-11-24 00:00:00,,COM VÍTIMA,FINALIZADA,IPUTINGA,AV MARIO ALVARES PEREIRA DE LYRA,139,,PROX AO SEMÁFORO 134,IPUTINGA,,,QUEDA,0,1,0,0,0,0,0,0,0,1,0,,,,,,,,,,,,,
2022-11-24 00:00:00,,COM VÍTIMA,FINALIZADA,SÃO JOSÉ,CAIS DO APOLO,594,,EM FRENTE AO TRIBUNAL REGIONAL FEDERAL,SÃO JOSÉ,,,COLISÃO LATERAL,0,2,0,0,0,0,0,0,0,1,0,Longo da via,Bom,Não existe,Perfeito estado,Seca,Perfeito estado,,,,Dupla,Canteiro central,,
2022-11-24 00:00:00,,COM VÍTIMA,FINALIZADA,JORDÃO,AV MARIA IRENE,875,,POSTO DE GASOLINA TOTAL,JORDÃO,,,COLISÃO FRONTAL,0,2,0,0,0,0,0,0,0,3,0,Longo da via,Bom,Sem defeito,Perfeito estado,Seca,Perfeito estado,Faixa de pedestre,,,Dupla,Faixa contínua,,
2022-11-24 00:00:00,,COM VÍTIMA,FINALIZADA,CORDEIRO,RUA EDUARDO FONSECA,121,,,CORDEIRO,,,COLISÃO FRONTAL,1,1,0,0,0,0,0,0,0,1,0,Cruzamento,Chuvoso,Não existe,Perfeito estado,Seca,Perfeito estado,Não existe,R-6a,,Única,Faixa seccionada,,
2022-11-25 00:00:00,,SEM VÍTIMA,CANCELADA,BOA VIAGEM,RUA DES JOAO PAES,657,,EDF ILHA DE GUADALUPE,BOA VIAGEM,,,COLISÃO TRASEIRA,2,0,0,0,0,0,0,0,0,0,0,,,,,,,,,,,,,
2022-11-25 00:00:00,,COM VÍTIMA,FINALIZADA,BONGI,EST DO BONGI,365,,EM FRENTE AO TOYOTA EMPILHADEIRA,BONGI,,CIDADE,COLISÃO LATERAL,1,1,0,0,0,0,0,0,0,1,0,Longo da via,Bom,Não existe,Incompleta,Seca,Perfeito estado,Não existe,Não há placas,,Dupla,Não existe,,
2022-11-25 00:00:00,,COM VÍTIMA,FINALIZADA,BOA VIAGEM,AVENIDA CELSO FURTADO (VIA MANGUE),215,,ANTES DO COLEGIO GGE / POR TRÁS DO SUPERMECARDO BIG BOMPREÇO,BOA VIAGEM,,SUBURBIO / PIEDADE,COLISÃO TRASEIRA,2,0,0,0,0,0,0,0,0,2,0,Ponte,Bom,Não existe,Perfeito estado,Seca,Perfeito estado,Não existe,Outras,50 km/h,Dupla,Canal,,
2022-11-25 00:00:00,,COM VÍTIMA,FINALIZADA,CASA AMARELA,RUA PADRE LEMOS,743,,EM FRENTE AO POSTO DE GASOLINA BR,CASA AMARELA,,,COLISÃO LATERAL,1,1,0,0,0,0,0,0,0,1,0,Longo da via,Bom,Não existe,Não existente,Seca,Perfeito estado,Não existe,Não há placas,,Dupla,Não existe,,
2022-11-25 00:00:00,,COM VÍTIMA,FINALIZADA,SAN MARTIN,AV GENERAL SAN MARTIN,2337,,NO GIRADOURO DE SAN MARTIN,SAN MARTIN,,SUBURBIO,ATROPELAMENTO DE PESSOA,1,0,0,0,1,0,0,0,0,1,0,Rotatória,Bom,Não existe,Perfeito estado,Seca,Perfeito estado,Não existe,Não há placas,,Única,Não existe,,
2022-11-25 00:00:00,,COM VÍTIMA,FINALIZADA,CAXANGÁ,AV CAXANGA,,,E/F AO ESPAÇO CIDADANIA  VT 13 NO LOCAL  S/T CID,CAXANGÁ,,,COLISÃO TRASEIRA,1,1,0,0,0,0,0,0,0,1,0,Longo da via,Bom,Não existe,Incompleta,Seca,Perfeito estado,Não existe,Não há placas,,Dupla,Canteiro central,,
2022-11-25 00:00:00,,COM VÍTIMA,FINALIZADA,CAMPO GRANDE,RUA ODORICO MENDES,882,,AO LADO DO INSTITUTO DE CRIMINASLISTICA IC,CAMPO GRANDE,,,COLISÃO LATERAL,0,1,0,0,0,0,0,1,0,1,0,Cruzamento,Bom,Sem defeito,Perfeito estado,Seca,Perfeito estado,Não existe,Outras,40 km/h,Dupla,Blocos,,
2022-11-26 00:00:00,,COM VÍTIMA,FINALIZADA,BOA VIAGEM,RUA VISCONDE DE JEQUITINHONHA,,RUA PROFESSOR MARIO CASTRO,SEMAFORO 158,BOA VIAGEM,,,COLISÃO FRONTAL,1,1,0,0,0,0,0,0,0,1,0,Cruzamento,Bom,Sem defeito,Perfeito estado,Seca,Perfeito estado,Faixa de pedestre,Não há placas,,Única,Faixa seccionada,,
2022-11-26 00:00:00,,COM VÍTIMA,FINALIZADA,SANTO AMARO,RUA DOS PALMARES,,RUA DO POMBAL,PROX. A CLINICA WALDEMAR DE OLIVEIRA,SANTO AMARO,,,COLISÃO LATERAL,1,1,0,0,0,0,0,0,0,1,0,Cruzamento,Bom,Não existe,Perfeito estado,Seca,Perfeito estado,,Não há placas,,Dupla,Faixa seccionada,Canteiro central,
2022-11-26 00:00:00,,COM VÍTIMA,FINALIZADA,SAN MARTIN,RUA VINTE E UM DE ABRIL,3470,,PROX AO MERCADINHO COMPRE MAIS,SAN MARTIN,,SUBURBIO,ATROPELAMENTO DE PESSOA,1,0,0,0,1,0,0,0,0,1,0,Longo da via,Bom,Não existe,Não existente,Seca,Perfeito estado,Não existe,Não há placas,40 km/h,Dupla,Faixa seccionada,,
2022-11-26 00:00:00,,COM VÍTIMA,FINALIZADA,BOA VIAGEM,RUA VISCONDE DE JEQUITINHONHA,,RUA PROFESSOR MARIO CASTRO,NO SEMAFORO 158,BOA VIAGEM,,,COLISÃO LATERAL,1,1,0,0,0,0,0,0,0,1,0,,,,,,,,,,,,,
2022-11-26 00:00:00,,SEM VÍTIMA,CANCELADA,CORDEIRO,RUA N S DA SAUDE,252,,"EXPOSIÇÕES DE ANIMAIS, DROGASIL",CORDEIRO,,,COLISÃO FRONTAL,2,0,0,0,0,0,0,0,0,0,0,,,,,,,,,,,,,
2022-11-26 00:00:00,,COM VÍTIMA,FINALIZADA,SAN MARTIN,AV GENERAL SAN MARTIN,1648 B,,PIZZARIA PASSIRA,SAN MARTIN,,,COLISÃO FRONTAL,1,1,0,0,0,0,0,0,0,1,0,Cruzamento,Bom,Não existe,Perfeito estado,Seca,Perfeito estado,Não existe,Não há placas,,Dupla,Faixa contínua,,
2022-11-27 00:00:00,,COM VÍTIMA,FINALIZADA,BOA VIAGEM,AV BOA VIAGEM,2724,,EM FRENTE A PADARIA BOA VIAGEM,BOA VIAGEM,,CIDADE,ATROPELAMENTO DE PESSOA,1,0,0,0,1,0,0,0,0,1,0,Longo da via,Bom,Não existe,Perfeito estado,Seca,Perfeito estado,Não existe,Não há placas,,Única,Faixa seccionada,,
2022-11-27 00:00:00,,COM VÍTIMA,FINALIZADA,TORRE,RUA CLOVIS BEVILAQUA,50,RUA AGUAS BELAS,APOS AO RESTAURANTE IPON,TORRE,,,QUEDA,0,1,0,0,0,0,0,0,0,1,0,Cruzamento,Bom,Não existe,Perfeito estado,Seca,Perfeito estado,Outros,Outras,,Dupla,Não existe,,
2022-11-27 00:00:00,,COM VÍTIMA,CANCELADA,DERBY,RUA JENER DE SOUZA,,,EM FRENTE AO QUARTEL DO DERBY,DERBY,,,COLISÃO LATERAL,1,1,0,0,0,0,0,0,0,1,0,,,,,,,,,,,,,
2022-11-27 00:00:00,,SEM VÍTIMA,FINALIZADA,AREIAS,RUA IPOJUCA,918,,PROXIMOA ESCOLA DOZE DE OUTUBRO,AREIAS,,,CHOQUE,0,0,0,0,0,0,0,0,0,0,0,,,,,,,,,,,,,
2022-11-27 00:00:00,,COM VÍTIMA,FINALIZADA,SANTO ANTÔNIO,AV GUARARAPES,,AV DANTAS BARRETO,AV DANTAS BARRETO,SANTO ANTÔNIO,15,,COLISÃO LATERAL,1,0,0,0,0,1,0,0,0,1,0,Cruzamento,Bom,Sem defeito,Perfeito estado,Seca,Perfeito estado,Não existe,Não há placas,,Dupla,,,
2022-11-27 00:00:00,,COM VÍTIMA,FINALIZADA,PARNAMIRIM,RUA VIRGINIA LORETO,188,,PROX RESTAURANTE GUAIAMUM GIGANTE,PARNAMIRIM,,,COLISÃO LATERAL,1,1,0,0,0,0,0,0,0,1,0,Cruzamento,Bom,Não existe,Perfeito estado,Seca,Perfeito estado,Não existe,R-6a,,Única,Faixa seccionada,,