data,hora,natureza,situacao,bairro,endereco,numero,detalhe_endereco_acidente,complemento,bairro_cruzamento,num_semaforo,sentido_via,tipo,auto,moto,ciclom,ciclista,pedestre,onibus,caminhao,viatura,outros,vitimas,vitimasfatais,acidente_verificado,tempo_clima,situacao_semaforo,sinalizacao,condicao_via,conservacao_via,ponto_controle,situacao_placa,velocidade_max_via,mao_direcao,divisao_via1,divisao_via2,divisao_via3
2022-11-28 00:00:00,,COM VÍTIMA,FINALIZADA,CAMPO GRANDE,RUA ODORICO MENDES,S/N,RUA VISCONDE DE CAIRU,PROX AO0 COLEGIO JESUS CRUCIFICADO,CAMPO GRANDE,,,COLISÃO LATERAL,1,1,0,0,0,0,0,0,0,1,0,,,,,,,,,,,,,
2022-11-28 00:00:00,,COM VÍTIMA,FINALIZADA,ENCRUZILHADA,AV BEBERIBE,433,,PROXIMO AO BANCO DO BRASIL,ENCRUZILHADA,,,COLISÃO LATERAL,1,1,0,0,0,0,0,0,0,1,0,Cruzamento,Bom,Não existe,Perfeito estado,Seca,Perfeito estado,Não existe,Não há placas,,Dupla,Faixa contínua,,
2022-11-28 00:00:00,,COM VÍTIMA,FINALIZADA,MADALENA,RUA JOSE OSORIO,522,,PROX A VISTORIA DO DETRAN DA MADALENA,MADALENA,,SUBURBIO,COLISÃO FRONTAL,1,1,0,0,0,0,0,0,0,1,0,Cruzamento,Bom,Não existe,Incompleta,Seca,Mal conservada,Não existe,R-6a,40 km/h,Dupla,Faixa contínua,Faixa seccionada,
2022-11-28 00:00:00,,COM VÍTIMA,FINALIZADA,SAN MARTIN,AV GENERAL SAN MARTIN,,,EM FRENTE AO NOVO ATACAREJO,SAN MARTIN,,,COLISÃO LATERAL,1,1,0,0,0,0,0,0,0,1,0,Outros,Bom,Sem defeito,Perfeito estado,Seca,Perfeito estado,Outros,R-5a,,Dupla,Não existe,,
2022-11-28 00:00:00,,COM VÍTIMA,FINALIZADA,VASCO DA GAMA,RUA VASCO DA GAMA,667,,EM FRENTE AO SUPERMERCADO PERNAMBUCANO,VASCO DA GAMA,,SUBURBIO,COLISÃO FRONTAL,0,2,0,0,0,0,0,0,0,1,0,Longo da via,Bom,Não existe,Perfeito estado,Seca,Perfeito estado,Não existe,R-6a,30 km/h,Dupla,Faixa seccionada,,
2022-11-28 00:00:00,,COM VÍTIMA,FINALIZADA,CASA FORTE,AV DEZESSETE DE AGOSTO,,,EM FRENTE A PRAÇA DE CASA FORTE,CASA FORTE,,SUBURBIO,COLISÃO FRONTAL,2,0,0,0,0,0,0,0,0,2,0,Longo da via,Bom,Não existe,Perfeito estado,Seca,Perfeito estado,Não existe,Não há placas,,Dupla,Faixa contínua,,
2022-11-28 00:00:00,,SEM VÍTIMA,FINALIZADA,CASA AMARELA,AV NORTE MIGUEL ARRAES DE ALENCAR,4913,,,CASA AMARELA,,SUBURBIO,COLISÃO TRASEIRA,2,0,0,0,0,0,0,0,0,0,0,Longo da via,Bom,Não existe,Perfeito estado,Seca,Perfeito estado,Não existe,Não há placas,,Dupla,Faixa seccionada,,
2022-11-28 00:00:00,,COM VÍTIMA,FINALIZADA,APIPUCOS,RUA DE APIPUCOS,261,,AÇUDE DE APIPUCOS,APIPUCOS,,,COLISÃO TRASEIRA,1,1,0,0,0,0,0,0,0,2,0,Longo da via,Bom,Não existe,Perfeito estado,Seca,Perfeito estado,Não existe,Não há placas,,Dupla,Faixa contínua,,
2022-11-29 00:00:00,,COM VÍTIMA,FINALIZADA,IPUTINGA,AV CAXANGA,,,EM FRENTE AO GOLF CLUB SENT. CIDADE,IPUTINGA,,,COLISÃO TRASEIRA,1,1,0,0,0,0,0,0,0,1,0,,,,,,,,,,,,,
2022-11-29 00:00:00,,COM VÍTIMA,FINALIZADA,VÁRZEA,RUA ACADEMICO HELIO RAMOS,238,,PROX. AO RESTAURANTE CEU DA BOCA,VÁRZEA,,,COLISÃO LATERAL,1,1,0,0,0,0,0,0,0,1,0,,,,,,,,,,,,,
2022-11-29 00:00:00,,COM VÍTIMA,FINALIZADA,ESPINHEIRO,RUA CONS PORTELA,1716,AV JOAO DE BARROS,POR TRÁS DO BANCO ITAÚ,ESPINHEIRO,,,COLISÃO TRASEIRA,1,1,0,0,0,0,0,0,0,1,0,,,,,,,,,,,,,
2022-11-29 00:00:00,,COM VÍTIMA,FINALIZADA,ESPINHEIRO,RUA CONS PORTELA,,AV JOAO DE BARROS,AV JOÃO DE BARROS,ESPINHEIRO,,,COLISÃO LATERAL,1,2,0,0,0,0,0,0,0,2,0,,,,,,,,,,,,,
2022-11-29 00:00:00,,COM VÍTIMA,FINALIZADA,SANTO AMARO,RUA DOS PALMARES,,,EM FRENTE A POLICLINICA VALDEMAR DE OLIVEIRA,SANTO AMARO,,,COLISÃO LATERAL,1,1,0,0,0,0,0,0,0,1,0,,,,,,,,,,,,,
2022-11-29 00:00:00,,COM VÍTIMA,FINALIZADA,PINA,AV ANTONIO DE GOES,742,,EM FRENTE AO EMPRESARIAL JOPIN,PINA,,,COLISÃO TRASEIRA,1,1,0,0,0,0,0,0,0,1,0,,,,,,,,,,,,,
2022-11-29 00:00:00,,COM VÍTIMA,FINALIZADA,CORDEIRO,AV CAXANGA,1777,,RANCHO ALEGRE PRODUTOS AGROPECUÁRIO,CORDEIRO,,,ATROPELAMENTO DE PESSOA,0,1,0,0,1,0,0,0,0,1,0,,,,,,,,,,,,,
2022-11-29 00:00:00,,COM VÍTIMA,FINALIZADA,IPUTINGA,EST DO BARBALHO,,,E/F  AUTO ESCOLA CEFOC PROX AO DETRAN,IPUTINGA,,,COLISÃO FRONTAL,0,0,1,0,0,1,0,0,0,1,0,,,,,,,,,,,,,
2022-11-29 00:00:00,,COM VÍTIMA,FINALIZADA,IPSEP,AV RECIFE,,,E/F AO SUPERMERCADO ECONOMICO,IPSEP,,CIDADE,COLISÃO FRONTAL,0,2,0,0,0,0,0,0,0,2,0,,,,,,,,,,,,,
2022-11-29 00:00:00,,COM VÍTIMA,FINALIZADA,SÃO JOSÉ,AV SUL,,,PROXIMO A SAIDA DA ROCAN,SÃO JOSÉ,,,COLISÃO LATERAL,0,2,0,0,0,0,0,0,0,1,0,,,,,,,,,,,,,
2022-11-29 00:00:00,,COM VÍTIMA,FINALIZADA,IPUTINGA,AV MARECHAL CORDEIRO DE FARIAS,,,NA RUA DO MUSEU DA MOEDA,IPUTINGA,,,COLISÃO LATERAL,1,1,0,0,0,0,0,0,0,1,0,,,,,,,,,,,,,
2022-11-30 00:00:00,,COM VÍTIMA,FINALIZADA,SANTO AMARO,AV JOAO DE BARROS,860,,PRÓXIMO AO VIADUTO,SANTO AMARO,,,COLISÃO TRASEIRA,1,0,0,0,0,1,0,0,0,1,0,,,,,,,,,,,,,
2022-11-30 00:00:00,,SEM VÍTIMA,FINALIZADA,CASA AMARELA,AV NORTE MIGUEL ARRAES DE ALENCAR,5280,,APÓS O SEMÁFORO 312 SENTIDO CIDADE / SUBÚRBIO,CASA AMARELA,312,CIDADE,CHOQUE,0,0,0,0,0,0,0,1,0,0,0,Longo da via,Nublado,Sem defeito,Perfeito estado,Seca,Perfeito estado,Faixa de pedestre,Outras,,Dupla,Canteiro central,,
2022-11-30 00:00:00,,COM VÍTIMA,FINALIZADA,IMBIRIBEIRA,AV MARECHAL MASCARENHAS DE MORAES,4555,,PRÓX. À CONCESSIONÁRIA TOYOLEX,IMBIRIBEIRA,,,COLISÃO TRASEIRA,1,1,0,0,0,0,0,0,0,1,0,,,,,,,,,,,,,
2022-11-30 00:00:00,,SEM VÍTIMA,FINALIZADA,MADALENA,AV CAXANGA,,,"PRÓXIMO A FARMÁCIA PAGUE MENOS , LADO OPOSTO 166",MADALENA,,CIDADE,COLISÃO TRASEIRA,1,0,0,0,0,0,0,1,0,0,0,Longo da via,Chuvoso,Não existe,Perfeito estado,Molhada,Perfeito estado,Não existe,Não há placas,60 km/h,Única,Faixa seccionada,,
2022-11-30 00:00:00,,SEM VÍTIMA,FINALIZADA,MADALENA,AV CAXANGA,172,,NO ESTACIONAMENTO DA FARMÁCIA PAGUE MENOS,MADALENA,,CIDADE,CHOQUE,1,0,0,0,0,0,0,1,0,0,0,Outros,Chuvoso,Não existe,Não existente,Molhada,Perfeito estado,Não existe,Não há placas,60 km/h,Única,Canteiro central,,
2022-11-30 00:00:00,,COM VÍTIMA,FINALIZADA,BRASÍLIA TEIMOSA,RUA ATUM,118,,"DESCIDA DO VIADUTO, SENTIDO CIDADE",BRASÍLIA TEIMOSA,,,QUEDA,0,1,0,0,0,0,0,0,0,1,0,,,,,,,,,,,,,
2022-11-30 00:00:00,,COM VÍTIMA,FINALIZADA,IBURA,AV CHAPADA DO ARARIPE,,,ESCOLA MUNICIPAL MONTE VERDE,IBURA,,,COLISÃO FRONTAL,0,2,0,0,0,0,0,0,0,1,0,,,,,,,,,,,,,
2022-12-01 00:00:00,,COM VÍTIMA,FINALIZADA,AREIAS,AV RECIFE,3415,,PRÓXIMO AO SUPERMECADO MAX,AREIAS,,,COLISÃO LATERAL,0,1,0,0,0,0,1,0,0,1,0,Longo da via,Bom,Não existe,Perfeito estado,Seca,Perfeito estado,Não existe,Não há placas,,Dupla,Não existe,,
2022-12-01 00:00:00,,COM VÍTIMA,FINALIZADA,AFOGADOS,RUA SAO MIGUEL,,,EM FRENTE AO BODE DO NO,AFOGADOS,392,,ATROPELAMENTO DE PESSOA,0,0,0,0,1,1,0,0,0,1,0,Longo da via,Bom,Sem defeito,Incompleta,Seca,Perfeito estado,Não existe,Não há placas,,Dupla,Não existe,,
2022-12-01 00:00:00,,COM VÍTIMA,FINALIZADA,APIPUCOS,RUA DOIS IRMAOS,92,,EM FRENTE A FUNDAÇÃO JOAQUM NABUCO,APIPUCOS,,SUBURBIO,COLISÃO LATERAL,1,1,0,0,0,0,0,0,0,1,0,Longo da via,Bom,Não existe,Perfeito estado,Seca,Perfeito estado,Não existe,Não há placas,,Dupla,Faixa contínua,,
2022-12-01 00:00:00,,SEM VÍTIMA,FINALIZADA,SANTO AMARO,AV GOVERNADOR AGAMENON MAGALHAES,2615,AV JOAO DE BARROS,AO LADO DO EMPRESARIAL BURLE MARX,SANTO AMARO,,CIDADE,CHOQUE,0,0,0,0,0,0,1,0,1,0,0,Cruzamento,Bom,Não existe,Perfeito estado,Seca,Perfeito estado,Não existe,"Placas ""Dê a preferência""",,Única,Canteiro central,,
2022-12-02 00:00:00,,COM VÍTIMA,FINALIZADA,BOA VIAGEM,AV ENGENHEIRO DOMINGOS FERREIRA,3436,RUA PADRE CARAPUCEIRO,IGREJA UNIVERSAL,BOA VIAGEM,216,SUBURBIO,COLISÃO TRANSVERSAL,1,1,0,0,0,0,0,0,0,2,0,Cruzamento,Bom,Sem defeito,Perfeito estado,Seca,Perfeito estado,,Outras,40 km/h,Única,Canteiro central,,
2022-12-02 00:00:00,,COM VÍTIMA,FINALIZADA,BEBERIBE,PRC DA CONVENCAO,,RUA COMPOSITOR VINICIUS DE MORAIS,SUPERMERCADO TEM,BEBERIBE,,,COLISÃO LATERAL,1,1,0,0,0,0,0,0,0,1,0,Cruzamento,Bom,Não existe,Incompleta,Seca,Mal conservada,Não existe,Outras,,Dupla,Canteiro central,,
2022-12-02 00:00:00,,COM VÍTIMA,FINALIZADA,SAN MARTIN,RUA VINTE E UM DE ABRIL,1877,RUA BOM JARDIM,PROX A IGREJA ASSEMBLEIA DE DEUS,SAN MARTIN,,SUBURBIO,COLISÃO LATERAL,1,1,0,0,0,0,0,0,0,2,0,Longo da via,Bom,Não existe,,Seca,,Não existe,"Placas ""Pare""",40 km/h,Dupla,Faixa seccionada,,
2022-12-02 00:00:00,,SEM VÍTIMA,FINALIZADA,BOA VIAGEM,AV CONSELHEIRO AGUIAR,,RUA RIBEIRO DE BRITO,ED. ROLIDAY,BOA VIAGEM,147,CIDADE,,1,0,0,0,0,1,0,0,0,0,0,Cruzamento,Bom,Sem defeito,Perfeito estado,Seca,Perfeito estado,Faixa de pedestre,Outras,60 km/h,Única,Não existe,,
2022-12-02 00:00:00,,COM VÍTIMA,FINALIZADA,TORRE,RUA JOSE BONIFACIO,1315,,NO ESTAC. DO CARREFOUR,TORRE,,,COLISÃO LATERAL,1,1,0,0,0,0,0,0,0,1,0,Cruzamento,Bom,Não existe,Incompleta,Seca,Perfeito estado,Não existe,,,Única,Não existe,,
2022-12-02 00:00:00,,COM VÍTIMA,FINALIZADA,JOANA BEZERRA,VIADUTO CAPITAO TEMUDO,,,AO LADO DO FÓRUM JOANA BEZERRA,JOANA BEZERRA,,CIDADE,COLISÃO TRASEIRA,1,1,0,0,0,0,0,0,0,1,0,Longo da via,Bom,Não existe,,Seca,Perfeito estado,Não existe,Não há placas,,Única,Não existe,,
2022-12-02 00:00:00,,COM VÍTIMA,FINALIZADA,CASA AMARELA,RUA DOIS DE FEVEREIRO,459,,PROX A MERCEARIA DOIS IRMÃOS,CASA AMARELA,,CIDADE,COLISÃO COM CICLISTA,1,0,0,1,0,0,0,0,0,2,0,Longo da via,Bom,Não existe,Incompleta,Seca,Mal conservada,Não existe,Não há placas,,Dupla,Não existe,,
2022-12-02 00:00:00,,COM VÍTIMA,FINALIZADA,VÁRZEA,RUA PROFESSOR ANTONIO COELHO,447,RUA MARECHAL MANOEL LUIS OSORIO,PROX AO COLEGIO PONTUAL,VÁRZEA,,CIDADE,COLISÃO FRONTAL,0,1,0,0,0,1,0,0,0,1,0,Cruzamento,Bom,Não existe,Perfeito estado,Seca,Perfeito estado,Faixa de pedestre,"Placas ""Pare""",30 km/h,Dupla,Não existe,,
2022-12-02 00:00:00,,COM VÍTIMA,FINALIZADA,IBURA,AV DOIS RIOS,1289,,CONSELHO TUTELAR,IBURA,,SUBURBIO,COLISÃO FRONTAL,1,1,0,0,0,0,0,0,0,1,0,Longo da via,Bom,Não existe,Perfeito estado,Seca,Perfeito estado,Não existe,Não há placas,,Dupla,Faixa contínua,,
2022-12-02 00:00:00,,COM VÍTIMA,FINALIZADA,SAN MARTIN,AV GENERAL SAN MARTIN,706,,MERCADO IDEAL MIX,SAN MARTIN,,SUBURBIO,COLISÃO FRONTAL,1,1,0,0,0,0,0,0,0,2,0,Longo da via,Bom,Não existe,Ilegível,Seca,Perfeito estado,Não existe,Não há placas,60 km/h,Dupla,Não existe,,
2022-12-02 00:00:00,,COM VÍTIMA,FINALIZADA,ÁGUA FRIA,RUA CORONEL URBANO RIBEIRO DE SENA,,AV BEBERIBE,,ÁGUA FRIA,307,SUBURBIO,COLISÃO FRONTAL,1,1,0,0,0,0,0,0,0,1,0,Cruzamento,Bom,Sem defeito,Perfeito estado,Seca,Perfeito estado,Não existe,Não há placas,60 km/h,Dupla,Não existe,,
2022-12-03 00:00:00,,COM VÍTIMA,FINALIZADA,CASA FORTE,AV DEZESSETE DE AGOSTO,,AV FLOR DE SANTANA,EM FRENTE A BURGKING,CASA FORTE,614,SUBURBIO,CHOQUE,0,0,0,0,0,0,0,1,0,1,0,Esquina,Bom,Intermitente,Perfeito estado,Seca,Perfeito estado,Faixa de pedestre,R-6a,,Dupla,Faixa contínua,,
2022-12-03 00:00:00,,COM VÍTIMA,FINALIZADA,GUABIRABA,AV DA RECUPERACAO,600,,AO LADO DO MOTEL SENZALA,GUABIRABA,,,COLISÃO LATERAL,1,1,0,0,0,0,0,0,0,1,0,Longo da via,Bom,Não existe,Ilegível,Seca,Perfeito estado,Não existe,Não há placas,,Única,Faixa seccionada,,
2022-12-03 00:00:00,,COM VÍTIMA,FINALIZADA,MADALENA,AV VISCONDE DE ALBUQUERQUE,668,,EM FRENTE AO HOSPITAL D'ÁVILA,MADALENA,413,CIDADE,COLISÃO TRANSVERSAL,1,1,0,0,0,0,0,0,0,1,0,Longo da via,Bom,Não existe,Perfeito estado,Seca,Perfeito estado,Não existe,Outras,,Única,Faixa seccionada,,
2022-12-03 00:00:00,,COM VÍTIMA,FINALIZADA,AFOGADOS,RUA SANTOS ARAUJO,,RUA SAO MIGUEL,COLISÃO TRANSVERSAL UM VEICULO EVADIU+SE,AFOGADOS,,,COLISÃO TRANSVERSAL,1,1,0,0,0,0,0,0,0,1,0,,,,,,,,,,,,,
2022-12-03 00:00:00,,SEM VÍTIMA,FINALIZADA,COHAB,RUA RIO SANHAUA,50,RUA PARANACITI,EM FRENTE AO Nº 50,COHAB,,SUBURBIO,,1,0,0,0,0,0,0,1,0,0,0,Outros,Chuvoso,Não existe,Não existente,Molhada,Perfeito estado,Não existe,Não há placas,,Dupla,Não existe,,
2022-12-03 00:00:00,,SEM VÍTIMA,CANCELADA,BOA VIAGEM,RUA VISCONDE DE JEQUITINHONHA,860A,,PROX AO PARQUE DONA LINDU,BOA VIAGEM,,,COLISÃO LATERAL,2,0,0,0,0,0,0,0,0,0,0,,,,,,,,,,,,,
2022-12-03 00:00:00,,SEM VÍTIMA,FINALIZADA,BOA VISTA,RUA DO HOSPICIO,,,NO SEMÁFORO 032,BOA VISTA,32,,ATROPELAMENTO DE PESSOA,1,0,0,0,1,0,0,0,0,0,0,Cruzamento,Bom,Sem defeito,Perfeito estado,Seca,Perfeito estado,Faixa de pedestre,R-6a,,Dupla,Faixa seccionada,,
2022-12-03 00:00:00,,COM VÍTIMA,FINALIZADA,CAXANGÁ,AV CAXANGA,,,EM FRENTE AO GOLF CLUBE,CAXANGÁ,,SUBURBIO,COLISÃO LATERAL,1,1,0,0,0,0,0,0,0,2,0,Longo da via,Bom,Sem defeito,Perfeito estado,Seca,Perfeito estado,Não existe,Não há placas,60 km/h,Única,Faixa seccionada,,
2022-12-03 00:00:00,,COM VÍTIMA,FINALIZADA,MUSTARDINHA,AV MANOEL GONCALVES DA LUZ,396,,LANCHONETE BOCA LOCA,MUSTARDINHA,,,COLISÃO COM CICLISTA,0,0,0,1,0,1,0,0,0,1,0,Cruzamento,Bom,Não existe,Incompleta,Seca,Perfeito estado,Não existe,"Placas ""Pare""",30 km/h,Dupla,Faixa seccionada,,
2022-12-03 00:00:00,,COM VÍTIMA,CANCELADA,CASA FORTE,RUA JAYME LOYO,,,AO LADO DA DROGARIA BRASIL,CASA FORTE,,,COLISÃO LATERAL,2,0,0,1,0,0,0,0,0,1,0,,,,,,,,,,,,,
2022-12-04 00:00:00,,COM VÍTIMA,FINALIZADA,BOA VIAGEM,AV CONSELHEIRO AGUIAR,,RUA PADRE CARAPUCEIRO,PROX.  VERDE FRUT,BOA VIAGEM,,,COLISÃO LATERAL,1,1,0,0,0,0,0,0,0,1,0,Cruzamento,Chuvoso,Sem defeito,Perfeito estado,Molhada,Perfeito estado,Faixa de pedestre,,,Única,Faixa seccionada,,
2022-12-04 00:00:00,,COM VÍTIMA,FINALIZADA,TOTÓ,AV LIBERDADE,811,,E/F  ANTIGA CASA DO BREGA,TOTÓ,,,COLISÃO LATERAL,1,1,0,0,0,0,0,0,0,1,0,Longo da via,Bom,Não existe,Não existente,Seca,Perfeito estado,Não existe,"Placas ""Dê a preferência""",40 km/h,Dupla,Não existe,,
2022-12-04 00:00:00,,COM VÍTIMA,FINALIZADA,MADALENA,EST DOS REMEDIOS,,,POLICLÍNICA LESSA DE ANDRADE,MADALENA,,,COLISÃO LATERAL,0,0,0,0,0,0,0,0,0,1,0,Cruzamento,Bom,Sem defeito,Perfeito estado,Seca,Perfeito estado,Outros,R-24a,,Única,Faixa seccionada,,
2022-12-04 00:00:00,,COM VÍTIMA,FINALIZADA,VÁRZEA,RUA ESCRITOR JOAQUIM NOBERTO,,,NO COSME DAMIAO  UR7  PROX A  PONTE  DA ARENA,VÁRZEA,,,ATROPELAMENTO DE PESSOA,1,0,0,0,1,0,0,0,0,1,0,Cruzamento,Bom,Não existe,Não existente,Seca,Mal conservada,Não existe,Não há placas,30 km/h,Única,Não existe,,
2022-12-04 00:00:00,,VÍTIMA FATAL,FINALIZADA,IMBIRIBEIRA,AV MARECHAL MASCARENHAS DE MORAES,6997,,ANTES DO TÚNEL FELIPE CAMARÃO,IMBIRIBEIRA,,CIDADE,COLISÃO TRASEIRA,0,2,0,0,0,0,0,0,0,1,1,Longo da via,Bom,Não existe,Perfeito estado,Seca,Perfeito estado,Não existe,Outras,,Dupla,Faixa seccionada,Canteiro central,
2022-12-04 00:00:00,,SEM VÍTIMA,FINALIZADA,BOA VIAGEM,RUA VISCONDE DE JEQUITINHONHA,,RUA BALTAZAR PASSOS,SOB O SEMÁFORO Nº 154,BOA VIAGEM,154,SUBURBIO,COLISÃO TRANSVERSAL,2,0,0,0,0,0,0,0,0,0,0,Cruzamento,Bom,Sem defeito,Perfeito estado,Seca,Perfeito estado,Faixa de pedestre,Outras,,Única,Canal,,
2022-12-04 00:00:00,,SEM VÍTIMA,FINALIZADA,BOA VIAGEM,RUA PADRE CARAPUCEIRO,,AV FERNANDO SIMOES BARBOSA,SOB O SEMÁFORO Nº 321,BOA VIAGEM,321,SUBURBIO,COLISÃO TRANSVERSAL,2,0,0,0,0,0,0,0,0,0,0,Cruzamento,Chuvoso,Sem defeito,Perfeito estado,Molhada,Perfeito estado,Faixa de pedestre,Outras,,Dupla,Canal,,
2022-12-05 00:00:00,,COM VÍTIMA,FINALIZADA,JARDIM SÃO PAULO,AV RECIFE,5704,,BARATÃO DAS EMBALAGENS,JARDIM SÃO PAULO,,,COLISÃO TRASEIRA,1,1,0,0,0,0,0,0,0,2,0,Longo da via,Chuvoso,Sem defeito,Perfeito estado,Molhada,Perfeito estado,Não existe,Não há placas,,Única,Faixa seccionada,,
2022-12-05 00:00:00,,SEM VÍTIMA,FINALIZADA,TORRE,RUA JOSE BONIFACIO,,,AO LADO DO CARREFOUR,TORRE,,CIDADE,COLISÃO TRASEIRA,1,1,0,0,0,0,0,0,0,0,0,Ponte,Chuvoso,Não existe,Perfeito estado,Molhada,Perfeito estado,Não existe,,,Dupla,Canteiro central,,
2022-12-05 00:00:00,,COM VÍTIMA,FINALIZADA,SAN MARTIN,RUA APULCRO DE ASSUNCAO,17,RUA DELMIRO GOUVEIA,CAVALARIA,SAN MARTIN,,CIDADE,COLISÃO LATERAL,1,1,0,0,0,0,0,0,0,1,0,Esquina,Bom,Não existe,Incompleta,Seca,Perfeito estado,Não existe,Não há placas,,Dupla,Não existe,,
2022-12-05 00:00:00,,COM VÍTIMA,FINALIZADA,JARDIM SÃO PAULO,AV RECIFE,3943,RUA LAURA BANDEIRA DE MELLO,SEMÁFORO 705,JARDIM SÃO PAULO,705,,COLISÃO TRASEIRA,1,1,0,0,0,0,0,0,0,2,0,Esquina,Chuvoso,Sem defeito,Perfeito estado,Molhada,Perfeito estado,Faixa de pedestre,Outras,,Dupla,Canteiro central,,
2022-12-05 00:00:00,,COM VÍTIMA,CANCELADA,SANTO AMARO,AV GOVERNADOR AGAMENON MAGALHAES,,,GEEP / UPE,SANTO AMARO,,,COLISÃO TRASEIRA,1,1,0,0,0,0,0,0,0,1,0,,,,,,,,,,,,,
2022-12-05 00:00:00,,SEM VÍTIMA,FINALIZADA,BARRO,AV DR JOSE RUFINO,2442,,APOS A IGREJA DO BARRO,BARRO,,,COLISÃO LATERAL,1,0,0,0,0,0,1,0,0,0,0,,,,,,,,,,,,,
2022-12-05 00:00:00,,SEM VÍTIMA,FINALIZADA,CABANGA,AV SUL,,,SEMÁFORO 260,CABANGA,,CIDADE,COLISÃO TRASEIRA,2,0,0,0,0,0,0,0,0,0,0,Longo da via,Chuvoso,Sem defeito,Perfeito estado,Molhada,Perfeito estado,Não existe,Outras,,Dupla,Canteiro central,,
2022-12-05 00:00:00,,COM VÍTIMA,FINALIZADA,CAXANGÁ,AV CAXANGA,1657,AV GENERAL SAN MARTIN,PROXIMO TERMINAL INTEGRADO DA CAXANGÁ 3,CAXANGÁ,80,CIDADE,COLISÃO LATERAL,1,1,0,0,0,0,0,0,0,1,0,Cruzamento,Chuvoso,Sem defeito,Perfeito estado,Molhada,Perfeito estado,Não existe,Não há placas,,Única,Faixa seccionada,,
2022-12-05 00:00:00,,SEM VÍTIMA,FINALIZADA,IPUTINGA,AV CAXANGA,,,NO SEMÁFORO 229,IPUTINGA,229,SUBURBIO,COLISÃO LATERAL,1,0,0,0,0,0,0,1,0,0,0,,,,,,,,,,,,,
2022-12-06 00:00:00,,COM VÍTIMA,FINALIZADA,ÁGUA FRIA,AV BEBERIBE,2018,,EM FRENTE A MILENA MÓVEIS,ÁGUA FRIA,405,,COLISÃO LATERAL,1,1,0,0,0,0,0,0,0,1,0,Longo da via,Bom,,Perfeito estado,Seca,Perfeito estado,Faixa de pedestre,R-6a,,Única,Não existe,,
2022-12-06 00:00:00,,COM VÍTIMA,FINALIZADA,ESTÂNCIA,AV DR JOSE RUFINO,535,,PROXIMO COLEGIO INDEPENDENCIA,ESTÂNCIA,,,COLISÃO LATERAL,1,1,0,0,0,0,0,0,0,1,0,Cruzamento,Bom,Não existe,Incompleta,Seca,Perfeito estado,Não existe,R-6a,60 km/h,Dupla,Não existe,,
2022-12-06 00:00:00,,COM VÍTIMA,CANCELADA,JOANA BEZERRA,VIADUTO CAPITAO TEMUDO,,,EM CIMA DA VIADUTO/ SENTIDO BOA VIAGEM,JOANA BEZERRA,,,COLISÃO TRASEIRA,2,0,0,0,0,0,0,0,0,1,0,,,,,,,,,,,,,
2022-12-06 00:00:00,,COM VÍTIMA,FINALIZADA,IMBIRIBEIRA,RUA ARQUITETO LUIZ NUNES,500,,APOS O ASSAI   NA SEGUNDA LOMBADA ELETRONICA,IMBIRIBEIRA,,,COLISÃO TRASEIRA,1,1,0,0,0,0,0,0,0,1,0,Longo da via,Bom,Sem defeito,Perfeito estado,Seca,Perfeito estado,Faixa de pedestre,Não há placas,40 km/h,Dupla,Faixa contínua,,
2022-12-06 00:00:00,,COM VÍTIMA,FINALIZADA,BOA VIAGEM,RUA CAMBOIM,293,RUA DEZ DE JULHO,MAIZON CRISTAL,BOA VIAGEM,,,COLISÃO FRONTAL,1,1,0,0,0,0,0,0,0,1,0,Cruzamento,Bom,Não existe,Perfeito estado,Seca,Perfeito estado,Faixa de pedestre,"Placas ""Pare""",,Única,,,
2022-12-06 00:00:00,,COM VÍTIMA,FINALIZADA,BOA VIAGEM,RUA RIBEIRO DE BRITO,,,PRÓXIMO A FACULDADE UNINASSAU SENTIDO AVENIDA RECIFE,BOA VIAGEM,,,QUEDA,0,1,0,0,0,0,0,0,0,1,0,Longo da via,Bom,Sem defeito,Perfeito estado,Seca,Perfeito estado,Faixa de pedestre,R-6a,,Única,Faixa seccionada,,
2022-12-07 00:00:00,,COM VÍTIMA,FINALIZADA,AREIAS,AV RECIFE,5606,,"AO LADO DO CERPE, SENT. BR",AREIAS,,,COLISÃO TRASEIRA,2,1,0,0,0,0,0,0,0,1,0,Longo da via,Bom,Não existe,Perfeito estado,Seca,Perfeito estado,Não existe,Não há placas,,Única,Faixa contínua,,
2022-12-07 00:00:00,,COM VÍTIMA,FINALIZADA,PARNAMIRIM,RUA FERREIRA LOPES,200,,RUA DO BANCO DO BRASIL,PARNAMIRIM,,,COLISÃO FRONTAL,1,1,0,0,0,0,0,0,0,1,0,Esquina,Bom,Não existe,Perfeito estado,Seca,Perfeito estado,Faixa de retenção,Outras,,Dupla,Faixa seccionada,,
2022-12-07 00:00:00,,COM VÍTIMA,FINALIZADA,BOA VIAGEM,RUA CAMBOIM,,RUA COPACABANA,PRÓX. AO SINDICATO DOS AEROVIÁRIOS,BOA VIAGEM,,,COLISÃO LATERAL,1,1,0,0,0,0,0,0,0,1,0,Cruzamento,Bom,Não existe,Perfeito estado,Seca,Perfeito estado,Não existe,"Placas ""Pare""",30 km/h,Dupla,Faixa seccionada,,