data,hora,natureza,situacao,bairro,endereco,numero,detalhe_endereco_acidente,complemento,bairro_cruzamento,num_semaforo,sentido_via,tipo,auto,moto,ciclom,ciclista,pedestre,onibus,caminhao,viatura,outros,vitimas,vitimasfatais,acidente_verificado,tempo_clima,situacao_semaforo,sinalizacao,condicao_via,conservacao_via,ponto_controle,situacao_placa,velocidade_max_via,mao_direcao,divisao_via1,divisao_via2,divisao_via3
2022-12-07 00:00:00,,SEM VÍTIMA,FINALIZADA,BOA VIAGEM,RUA JOSE MARIA DE MIRANDA,318,,BAR DO PAULINHO,BOA VIAGEM,,CIDADE,COLISÃO LATERAL,1,0,0,0,0,0,0,1,0,0,0,Longo da via,Bom,Sem defeito,Perfeito estado,Seca,Perfeito estado,Faixa de pedestre,Não há placas,,Única,Não existe,,
2022-12-07 00:00:00,,COM VÍTIMA,FINALIZADA,TEJIPIÓ,AV DR JOSE RUFINO,2930,,PROX AO COND MIRANTE DO RECIFE,TEJIPIÓ,,,COLISÃO COM CICLISTA,1,0,0,1,0,0,0,0,0,1,0,Cruzamento,Bom,Não existe,Não existente,Seca,Perfeito estado,Não existe,Não há placas,,Dupla,Não existe,,
2022-12-07 00:00:00,,COM VÍTIMA,FINALIZADA,BOA VIAGEM,AV CONSELHEIRO AGUIAR,4264,,EM FRENTE AO HABIBES,BOA VIAGEM,,,COLISÃO LATERAL,0,1,0,0,0,1,0,0,0,1,0,Cruzamento,Bom,Sem defeito,Perfeito estado,Seca,Perfeito estado,Faixa de pedestre,R-6a,,Única,Faixa seccionada,,
2022-12-07 00:00:00,,COM VÍTIMA,FINALIZADA,CASA AMARELA,AV PEDRO ALLAIN,,,NA RUA DA RETIFICA PADRAO   S/T  SUB,CASA AMARELA,,,COLISÃO COM CICLISTA,1,0,0,1,0,0,0,0,0,1,0,Longo da via,Bom,Não existe,Incompleta,Seca,Perfeito estado,Não existe,Outras,30 km/h,Única,Não existe,,
2022-12-07 00:00:00,,COM VÍTIMA,CANCELADA,SANTO ANTÔNIO,AV DANTAS BARRETO,,PRC DA REPUBLICA,,SANTO ANTÔNIO,,,COLISÃO LATERAL,0,0,0,0,0,0,0,0,0,1,0,,,,,,,,,,,,,
2022-12-07 00:00:00,,COM VÍTIMA,FINALIZADA,CAMPO GRANDE,EST DE BELEM,425,,AO LADO DA SECRETARIA DA FAZENDA,CAMPO GRANDE,,,COLISÃO LATERAL,0,1,0,0,0,1,0,0,0,1,0,Longo da via,Bom,Não existe,Perfeito estado,Seca,Perfeito estado,Não existe,Não há placas,,Dupla,Faixa contínua,Faixa seccionada,
2022-12-07 00:00:00,,COM VÍTIMA,FINALIZADA,IBURA,RUA RIO XINGU,115,AV DOIS RIOS,,IBURA,,,ATROPELAMENTO DE PESSOA,0,1,0,0,1,0,0,0,0,1,0,Longo da via,Bom,Não existe,Não existente,Seca,Mal conservada,Não existe,Não há placas,,Dupla,Não existe,,
2022-12-07 00:00:00,,COM VÍTIMA,FINALIZADA,CAXANGÁ,AV CAXANGA,2271,,EM FRENTE A LOJA AMERICANAS,CAXANGÁ,,CIDADE,COLISÃO FRONTAL,0,2,0,0,0,0,0,0,0,1,0,Cruzamento,Bom,Sem defeito,Perfeito estado,Seca,Perfeito estado,Faixa de pedestre,Outras,,Dupla,,,
2022-12-07 00:00:00,,COM VÍTIMA,FINALIZADA,IMBIRIBEIRA,AV MARECHAL MASCARENHAS DE MORAES,,,EM FRENTE A CAIXA ECONOMICA / AO LADO DO AEROPORTO,IMBIRIBEIRA,,CIDADE,ATROPELAMENTO DE PESSOA,0,1,0,0,0,0,0,0,0,2,0,Longo da via,Bom,,Perfeito estado,Seca,Perfeito estado,Não existe,R-19,60 km/h,Dupla,Canteiro central,,
2022-12-08 00:00:00,,SEM VÍTIMA,FINALIZADA,SÃO JOSÉ,AV SUL,,RUA LOURENCO DA SILVA,NO SENTIDO SUBÚRBIO / CIDADE .  LOGO APÓS O VIADUTO PAPA JOÃO  PAULO II.   INFORMAÇÃO REPASSADA PELO MUINÍCIPE,SÃO JOSÉ,,CIDADE,ATROPELAMENTO DE ANIMAL,0,0,0,0,0,0,0,0,0,0,0,,,,,,,,,,,,,
2022-12-08 00:00:00,,COM VÍTIMA,FINALIZADA,SANCHO,AV LIBERDADE,135,,EM FRENTE À VIDRAÇARIA SÃO PAULO,SANCHO,,,COLISÃO FRONTAL,1,1,0,0,0,0,0,0,0,1,0,Cruzamento,Bom,Não existe,Incompleta,Seca,Mal conservada,Não existe,R-6a,40 km/h,Dupla,Não existe,,
2022-12-08 00:00:00,,COM VÍTIMA,FINALIZADA,SÃO JOSÉ,RUA IMPERIAL,1898,,,SÃO JOSÉ,,,COLISÃO LATERAL,1,1,0,0,0,0,0,0,0,1,0,Longo da via,Bom,Não existe,Não existente,Seca,Perfeito estado,Não existe,Não há placas,,Única,Não existe,,
2022-12-08 00:00:00,,COM VÍTIMA,FINALIZADA,SÃO JOSÉ,AV MARTINS DE BARROS,593,,PROXIMO TOMAIS DE AQUINO,SÃO JOSÉ,,,COLISÃO TRASEIRA,0,0,0,0,0,2,0,0,0,3,0,Outros,Bom,Sem defeito,Perfeito estado,Seca,Perfeito estado,Outros,R-6c,,Única,Faixa seccionada,,
2022-12-08 00:00:00,,SEM VÍTIMA,FINALIZADA,CASA AMARELA,AV NORTE MIGUEL ARRAES DE ALENCAR,,,ESCOLA PROFISSIONALIZANTE DOM BOSCO,CASA AMARELA,,SUBURBIO,CHOQUE,2,1,0,0,0,0,0,0,0,0,0,Longo da via,Bom,Não existe,Perfeito estado,Seca,Perfeito estado,Não existe,Não há placas,60 km/h,Dupla,Canteiro central,,
2022-12-08 00:00:00,,COM VÍTIMA,FINALIZADA,IMBIRIBEIRA,RUA DUQUE ESTRADA,160,,COLEGIO COGNITIVO,IMBIRIBEIRA,,,CHOQUE,2,0,0,0,0,0,0,0,0,2,0,Longo da via,Bom,,Perfeito estado,Seca,Perfeito estado,Não existe,"Placas ""Pare""",,Dupla,Não existe,,
2022-12-08 00:00:00,,COM VÍTIMA,FINALIZADA,SÃO JOSÉ,RUA IMPERIAL,217,RUA LOURENCO DA SILVA,APÓS O COLÉGIO JOAQUIM NABUCO,SÃO JOSÉ,,,COLISÃO TRANSVERSAL,1,1,0,0,0,0,0,0,0,1,0,Cruzamento,Bom,Não existe,Não existente,Seca,Perfeito estado,Não existe,Não há placas,,Única,Faixa seccionada,,
2022-12-08 00:00:00,,COM VÍTIMA,FINALIZADA,BOA VIAGEM,RUA DEZ DE JULHO,210,,,BOA VIAGEM,,,COLISÃO FRONTAL,1,1,0,0,0,0,0,0,0,1,0,Cruzamento,Bom,Não existe,Perfeito estado,Seca,Perfeito estado,Faixa de pedestre,"Placas ""Pare""",,Dupla,Não existe,,
2022-12-09 00:00:00,,COM VÍTIMA,FINALIZADA,TAMARINEIRA,RUA PADRE ROMA,160,,RESTAURANTE FAACA,TAMARINEIRA,,,COLISÃO LATERAL,1,1,0,0,0,0,0,0,0,1,0,Longo da via,Bom,Sem defeito,Perfeito estado,Seca,Perfeito estado,Faixa de retenção,Não há placas,,Única,Faixa contínua,,
2022-12-09 00:00:00,,SEM VÍTIMA,FINALIZADA,SANTO AMARO,AV CRUZ CABUGA,,,COLÉGIO GINASIO PERNAMBUCANO,SANTO AMARO,,,COLISÃO FRONTAL,1,0,0,0,0,0,0,1,0,0,0,Cruzamento,Bom,Sem defeito,Perfeito estado,Seca,Perfeito estado,Faixa de pedestre,R-6a,,Dupla,Faixa contínua,,
2022-12-09 00:00:00,,COM VÍTIMA,FINALIZADA,BOA VISTA,RUA DO PRINCIPE,652,,EM FRENTE A CATOLICA,BOA VISTA,,,COLISÃO TRASEIRA,1,0,0,0,0,0,0,0,0,1,0,Longo da via,Bom,Não existe,Perfeito estado,Seca,Perfeito estado,Faixa de pedestre,Não há placas,,Única,Faixa contínua,,
2022-12-09 00:00:00,,COM VÍTIMA,FINALIZADA,IMBIRIBEIRA,AV MARECHAL MASCARENHAS DE MORAES,841,,E/F A LOJA  FLORARTE  S/T SUB,IMBIRIBEIRA,,,COLISÃO LATERAL,1,1,0,0,0,0,0,0,0,1,0,Cruzamento,Bom,Sem defeito,Perfeito estado,Seca,Perfeito estado,Faixa de pedestre,R-6a,,Dupla,Canteiro central,,
2022-12-09 00:00:00,,COM VÍTIMA,FINALIZADA,IPSEP,RUA JEAN EMILE FAVRE,,,PROXIMO AO DELEGACIA DO IPSEP,IPSEP,70,,COLISÃO TRASEIRA,1,1,0,0,0,0,0,0,0,1,0,Cruzamento,Bom,Sem defeito,Perfeito estado,Seca,Perfeito estado,Faixa de pedestre,R-6a,,Dupla,Faixa contínua,,
2022-12-10 00:00:00,,VÍTIMA FATAL,FINALIZADA,TORRÕES,AV ENGENHEIRO ABDIAS DE CARVALHO,,,VIADUTO  CAMILO PEREIRA CARNEIRO,TORRÕES,,,TOMBAMENTO,1,0,0,0,0,0,0,0,0,1,4,,,,,,,,,,,,,
2022-12-10 00:00:00,,COM VÍTIMA,CANCELADA,TEJIPIÓ,AV LIBERDADE,,,EM FRENTE AO  AO GALPÃO BHF,TEJIPIÓ,,,COLISÃO LATERAL,1,1,0,0,0,0,0,0,0,1,0,,,,,,,,,,,,,
2022-12-10 00:00:00,,COM VÍTIMA,FINALIZADA,CAXANGÁ,RUA EMILIANO BRAGA,,,NA FRENTE DO TERMINAL DE ÔNIBUS,CAXANGÁ,,,COLISÃO LATERAL,2,0,0,0,0,0,0,0,0,1,0,Cruzamento,Chuvoso,Não existe,Incompleta,Seca,Perfeito estado,Faixa de pedestre,R-6a,,Única,Faixa contínua,Faixa seccionada,
2022-12-10 00:00:00,,COM VÍTIMA,FINALIZADA,LINHA DO TIRO,RUA URIEL DE HOLANDA,1800,,EM FRENTE AO ARMAZEM SHALON,LINHA DO TIRO,,,COLISÃO FRONTAL,1,1,0,0,0,0,0,0,0,1,0,Esquina,Bom,Não existe,Perfeito estado,Seca,Perfeito estado,Não existe,R-6a,30 km/h,Dupla,Não existe,,
2022-12-11 00:00:00,,COM VÍTIMA,FINALIZADA,IBURA,RUA PINTOR AGENOR DE ALBUQUERQUE CESAR,190,,"PROX AO SESI, SENTIOD BR",IBURA,,,COLISÃO FRONTAL,0,3,0,0,0,0,0,0,0,2,0,Longo da via,Bom,Não existe,Não existente,Seca,Mal conservada,Não existe,Não há placas,,Dupla,Não existe,,
2022-12-11 00:00:00,,COM VÍTIMA,FINALIZADA,GRAÇAS,AV GOVERNADOR AGAMENON MAGALHAES,,,EM FRENTE AO MAC DONALD,GRAÇAS,,,COLISÃO TRASEIRA,2,1,0,0,0,0,0,0,0,1,0,Longo da via,Bom,Não existe,Não existente,Seca,Perfeito estado,Não existe,Não há placas,,Única,Faixa seccionada,,
2022-12-11 00:00:00,,SEM VÍTIMA,FINALIZADA,JARDIM SÃO PAULO,AV RECIFE,,,"SOB O SEMÁFORO DE Nº 705 , SENTIDO CEASA/AEROPORTO",JARDIM SÃO PAULO,705,SUBURBIO,COLISÃO TRASEIRA,2,0,0,0,0,0,0,0,0,0,0,Longo da via,Bom,Sem defeito,,Seca,Perfeito estado,Faixa de pedestre,"Placas ""Dê a preferência""",,Dupla,Canteiro central,,
2022-12-11 00:00:00,,COM VÍTIMA,FINALIZADA,BOA VIAGEM,RUA VISCONDE DE JEQUITINHONHA,,RUA BALTAZAR PASSOS,NO SEMÁFORO 154,BOA VIAGEM,154,,COLISÃO COM CICLISTA,1,0,0,1,0,0,0,0,0,1,0,Cruzamento,Bom,Sem defeito,Perfeito estado,Seca,Perfeito estado,Faixa de pedestre,Outras,,Dupla,Faixa contínua,,
2022-12-11 00:00:00,,COM VÍTIMA,FINALIZADA,BARRO,AV DR JOSE RUFINO,2134,,EM FRENTE AO COLERGIO EMACULADA CONCEIÇÃO,BARRO,,,COLISÃO LATERAL,1,1,0,0,0,0,0,0,0,2,0,Longo da via,Bom,,Perfeito estado,Seca,Perfeito estado,Faixa de pedestre,,,Dupla,Faixa contínua,,
2022-12-12 00:00:00,,COM VÍTIMA,FINALIZADA,ENCRUZILHADA,AV NORTE MIGUEL ARRAES DE ALENCAR,,,EM FRENTE AO SUPERMERCADO RECIBOM,ENCRUZILHADA,,,COLISÃO COM CICLISTA,0,1,0,1,0,0,0,0,0,1,0,Longo da via,Bom,Sem defeito,Perfeito estado,Seca,Perfeito estado,Faixa de pedestre,Não há placas,60 km/h,Dupla,Canteiro central,,
2022-12-12 00:00:00,,COM VÍTIMA,FINALIZADA,APIPUCOS,RUA DE APIPUCOS,704,,POSTO BR APIPUCOS,APIPUCOS,,,COLISÃO TRASEIRA,1,1,0,0,0,0,0,0,0,1,0,Esquina,Bom,Sem defeito,Perfeito estado,Seca,Perfeito estado,Faixa de pedestre,Outras,,Dupla,Faixa contínua,,
2022-12-12 00:00:00,,COM VÍTIMA,FINALIZADA,MADALENA,RUA JOAO IVO DA SILVA,,,NA DESCIDA DO TUNEL DA ABOLIÇÃO,MADALENA,,,COLISÃO TRASEIRA,1,1,0,0,0,0,0,0,0,1,0,Longo da via,Bom,Não existe,Perfeito estado,Seca,Perfeito estado,Não existe,,60 km/h,Única,,,
2022-12-12 00:00:00,,SEM VÍTIMA,FINALIZADA,IPUTINGA,RUA SANTA LUCIA,450,,,IPUTINGA,,SUBURBIO,,1,0,0,0,0,0,0,1,0,0,0,Longo da via,Bom,Não existe,Não existente,Seca,Perfeito estado,Não existe,Não há placas,,Dupla,Faixa contínua,,
2022-12-12 00:00:00,,COM VÍTIMA,FINALIZADA,BOA VIAGEM,RUA RIBEIRO DE BRITO,3984,,ACIDENTE COM VÍTIMA,BOA VIAGEM,,CIDADE,COLISÃO LATERAL,1,1,0,0,0,0,0,0,0,1,0,Longo da via,Bom,Não existe,Perfeito estado,Seca,Perfeito estado,Não existe,Não há placas,60 km/h,Única,Faixa contínua,,
2022-12-12 00:00:00,,COM VÍTIMA,FINALIZADA,CAMPO GRANDE,EST DE BELEM,836,,E/F A CLINICA CENTRAL,CAMPO GRANDE,,,COLISÃO FRONTAL,1,1,0,0,0,0,0,0,0,1,0,Cruzamento,Bom,Sem defeito,Incompleta,Seca,Perfeito estado,Faixa de pedestre,R-6a,60 km/h,Dupla,Faixa contínua,Faixa seccionada,
2022-12-12 00:00:00,,COM VÍTIMA,FINALIZADA,BOA VIAGEM,RUA SA E SOUZA,78,RUA ANTONIO VICENTE,PROX AO SURMERCAO RECIBOM  E AO COLEGIO SANTOS  DUMONT,BOA VIAGEM,,,COLISÃO LATERAL,1,1,0,0,0,0,0,0,0,1,0,Cruzamento,Bom,Não existe,Incompleta,Seca,Perfeito estado,Outros,"Placas ""Pare""",30 km/h,Dupla,Faixa seccionada,,
2022-12-12 00:00:00,,COM VÍTIMA,FINALIZADA,AFOGADOS,PRC DA PAZ,,,NO GIRADOURO DA PRAÇA DO LARGO DA PAZ,AFOGADOS,,,COLISÃO TRASEIRA,2,1,0,0,0,0,0,0,0,1,0,Longo da via,Bom,Não existe,Incompleta,Seca,Perfeito estado,Faixa de pedestre,Outras,,Única,Não existe,,
2022-12-12 00:00:00,,COM VÍTIMA,FINALIZADA,AREIAS,AV RECIFE,2965,,PROX AO MERCADINHO ECONOMICO,AREIAS,,,COLISÃO TRASEIRA,1,1,0,0,0,0,0,0,0,2,0,Longo da via,Bom,Não existe,Perfeito estado,Seca,Perfeito estado,Não existe,Não há placas,60 km/h,Dupla,Canteiro central,,
2022-12-12 00:00:00,,COM VÍTIMA,FINALIZADA,JIQUIÁ,RUA ANTONIO CARNEIRO,514,,MERCADINHO VITÓRIA POR TRÁS DO COLÉGIO VISÃO,JIQUIÁ,,,COLISÃO FRONTAL,1,0,0,0,0,0,0,1,0,1,0,Cruzamento,Bom,Não existe,Não existente,Seca,Perfeito estado,Não existe,"Placas ""Pare""",,Dupla,Não existe,,
2022-12-13 00:00:00,,SEM VÍTIMA,FINALIZADA,DOIS IRMÃOS,RUA DOIS IRMAOS,,AV DA RECUPERACAO,SOB O SEMÁFORO 416,DOIS IRMÃOS,416,SUBURBIO,CHOQUE,1,0,0,0,0,0,0,0,0,0,0,Cruzamento,Bom,Sem defeito,Perfeito estado,Seca,Perfeito estado,Faixa de pedestre,,,Dupla,Faixa contínua,,
2022-12-13 00:00:00,,COM VÍTIMA,FINALIZADA,SÃO JOSÉ,RUA VIDAL DE NEGREIROS,,RUA SAO JOAO,PROX. AO FORTE 5 PONTAS,SÃO JOSÉ,,,COLISÃO FRONTAL,1,1,0,0,0,0,0,0,0,1,0,Cruzamento,Bom,Não existe,Incompleta,Seca,Perfeito estado,Não existe,Outras,40 km/h,Única,Não existe,,
2022-12-13 00:00:00,,SEM VÍTIMA,FINALIZADA,ESPINHEIRO,AV GOVERNADOR AGAMENON MAGALHAES,1800,,EM FRENTE AO MINISTÉRIO PÚBLICO FEDERAL,ESPINHEIRO,108,CIDADE,,1,0,0,0,0,0,0,1,0,0,0,Longo da via,Bom,Sem defeito,Perfeito estado,Seca,Perfeito estado,Faixa de pedestre,Não há placas,60 km/h,Dupla,Canteiro central,,
2022-12-13 00:00:00,,COM VÍTIMA,FINALIZADA,BOA VIAGEM,RUA ZEFERINO GALVAO,68,,"EM FRENTE AO EDF. VALEIRO, PROX AO HOTEL RADISSON",BOA VIAGEM,,,COLISÃO FRONTAL,1,0,0,1,0,0,0,0,0,1,0,Longo da via,Bom,Não existe,Não existente,Seca,Perfeito estado,Não existe,Não há placas,,Única,Não existe,,
2022-12-13 00:00:00,,SEM VÍTIMA,FINALIZADA,BOA VISTA,RUA DA GLORIA,322,,,BOA VISTA,,CIDADE,CHOQUE,2,0,0,0,0,0,0,0,0,0,0,Longo da via,Bom,Sem defeito,Perfeito estado,Seca,Perfeito estado,Não existe,Não há placas,,Única,Não existe,,
2022-12-13 00:00:00,,COM VÍTIMA,FINALIZADA,PINA,AV ANTONIO DE GOES,,,SOBRE A PONTE PAULO GUERRA,PINA,,,COLISÃO TRANSVERSAL,1,1,0,0,0,0,0,0,0,1,0,Ponte,Bom,Sem defeito,Perfeito estado,Seca,Perfeito estado,Não existe,Não há placas,60 km/h,Única,Faixa seccionada,,
2022-12-13 00:00:00,,VÍTIMA FATAL,FINALIZADA,AREIAS,AV RECIFE,,,EM FRENTE AO MACRO,AREIAS,,,ATROPELAMENTO DE PESSOA,1,0,0,0,1,0,0,0,0,1,1,Longo da via,Bom,Não existe,Não existente,Seca,Perfeito estado,Não existe,Não há placas,,Dupla,Canteiro central,,
2022-12-13 00:00:00,,COM VÍTIMA,FINALIZADA,BOA VISTA,AV GOVERNADOR AGAMENON MAGALHAES,,RUA DOM BOSCO,RUA DOM BOSCO,BOA VISTA,174,OLINDA,ATROPELAMENTO DE PESSOA,0,0,0,0,1,0,0,0,0,1,0,Longo da via,Bom,Sem defeito,Perfeito estado,Seca,Perfeito estado,Agente,Outras,60 km/h,Dupla,Faixa contínua,,
2022-12-13 00:00:00,,COM VÍTIMA,FINALIZADA,BOA VIAGEM,AV BOA VIAGEM,2314,,EM FRENTE AO ED. SÃO SIMÃO,BOA VIAGEM,,,COLISÃO TRASEIRA,1,1,0,0,0,0,0,0,0,1,0,Longo da via,Bom,Sem defeito,Perfeito estado,Seca,Perfeito estado,Não existe,Não há placas,,Única,Faixa seccionada,,
2022-12-14 00:00:00,,COM VÍTIMA,FINALIZADA,ARRUDA,RUA DAS MOCAS,1271,RUA EXP JAMIL DAGLI,PROX A PIZZARIA APLANTTICA,ARRUDA,,,COLISÃO LATERAL,1,1,0,0,0,0,0,0,0,1,0,Esquina,Bom,Não existe,Incompleta,Seca,Perfeito estado,Faixa de pedestre,Outras,,Dupla,Não existe,,
2022-12-14 00:00:00,,COM VÍTIMA,FINALIZADA,IMBIRIBEIRA,AV MARECHAL MASCARENHAS DE MORAES,841,,,IMBIRIBEIRA,,,COLISÃO FRONTAL,1,1,0,0,0,0,0,0,0,1,0,Cruzamento,Bom,Sem defeito,Perfeito estado,Seca,Perfeito estado,Faixa de retenção,Não há placas,60 km/h,Única,Canteiro central,,
2022-12-14 00:00:00,,COM VÍTIMA,FINALIZADA,IPSEP,RUA ITANAGE,77,RUA BLUMENAU,EM FRENTE AO ODONTO UP,IPSEP,111,CIDADE,TOMBAMENTO,1,1,0,0,0,0,0,0,0,1,0,Longo da via,Bom,Não existe,Perfeito estado,Seca,Perfeito estado,Não existe,Não há placas,40 km/h,Dupla,Faixa seccionada,,
2022-12-14 00:00:00,,COM VÍTIMA,FINALIZADA,TEJIPIÓ,AV DR JOSE RUFINO,265,,LADO OPOSTO AO CARTORIO DE TEJIPIÓ,TEJIPIÓ,,,COLISÃO LATERAL,0,1,0,0,0,1,0,0,0,1,0,Longo da via,Bom,Sem defeito,Não existente,Seca,Perfeito estado,Faixa de retenção,Não há placas,50 km/h,Dupla,Faixa contínua,,
2022-12-14 00:00:00,,SEM VÍTIMA,FINALIZADA,TORRE,RUA LAGOA DO RANCHO,,,PROXIMO A UPINHA DA TORRE,TORRE,,,,0,0,0,0,0,0,1,0,1,0,0,Longo da via,Bom,Não existe,Perfeito estado,Seca,Perfeito estado,Não existe,Não há placas,20 km/h,Dupla,Faixa seccionada,,
2022-12-14 00:00:00,,COM VÍTIMA,FINALIZADA,PINA,AV HERCULANO BANDEIRA,,,EM FRENTE A OFICINA GUERRA MANUTENÇÃO AUTOMOTIVA,PINA,,,QUEDA,1,1,0,0,0,0,0,0,0,1,0,,,,,,,,,,,,,
2022-12-14 00:00:00,,COM VÍTIMA,FINALIZADA,SANTO ANTÔNIO,RUA PRIMEIRO DE MARCO,,,PRAÇA DO DIÁRIO,SANTO ANTÔNIO,,,ATROPELAMENTO DE PESSOA,0,1,0,0,1,0,0,0,0,1,0,Longo da via,Bom,Sem defeito,Perfeito estado,Seca,Perfeito estado,Não existe,Não há placas,,Única,Não existe,,
2022-12-15 00:00:00,,COM VÍTIMA,FINALIZADA,SAN MARTIN,RUA DELMIRO GOUVEIA,333,,EM FRENTE À CHESF,SAN MARTIN,,,COLISÃO LATERAL,0,0,0,0,0,0,0,0,0,1,0,Longo da via,Bom,Sem defeito,Perfeito estado,Seca,Perfeito estado,Não existe,Não há placas,,Dupla,Não existe,,
2022-12-15 00:00:00,,COM VÍTIMA,FINALIZADA,BOA VIAGEM,RUA CAMBOIM,,RUA DEZ DE JULHO,PROX. A ESTAÇÃO AEROPORTO,BOA VIAGEM,,,COLISÃO LATERAL,1,1,0,0,0,0,0,0,0,1,0,Cruzamento,Bom,Não existe,Perfeito estado,Seca,Perfeito estado,Faixa de pedestre,"Placas ""Pare""",30 km/h,Única,Faixa seccionada,,
2022-12-15 00:00:00,,COM VÍTIMA,FINALIZADA,CASA AMARELA,RUA BELA VISTA,102,,EM FRENTE AO RESTAURANTE REI DA PICANHA,CASA AMARELA,,,COLISÃO LATERAL,0,1,0,0,0,0,1,0,0,1,0,Longo da via,Bom,,Perfeito estado,Seca,Perfeito estado,Não existe,Não há placas,,Única,Não existe,,
2022-12-15 00:00:00,,COM VÍTIMA,FINALIZADA,AFOGADOS,RUA VINTE E UM DE ABRIL,721,,CLUBE FERROVIÁRIO,AFOGADOS,,,COLISÃO LATERAL,1,1,0,0,0,0,0,0,0,1,0,Esquina,Bom,Não existe,Perfeito estado,Seca,Perfeito estado,Não existe,Outras,,Dupla,,,
2022-12-15 00:00:00,,COM VÍTIMA,FINALIZADA,PINA,AV ANTONIO DE GOES,792,,,PINA,,,COLISÃO TRASEIRA,1,1,0,0,0,0,0,0,0,1,0,Longo da via,Bom,Sem defeito,Perfeito estado,Seca,Perfeito estado,Agente,R-19,60 km/h,Única,Canteiro central,,
2022-12-15 00:00:00,,COM VÍTIMA,FINALIZADA,MADALENA,RUA JOSE BONIFACIO,401,,MADALENA CENTER,MADALENA,,,COLISÃO LATERAL,1,1,0,0,0,0,0,0,0,1,0,Cruzamento,Bom,Não existe,Perfeito estado,Seca,Perfeito estado,Não existe,"Placas ""Pare""",,Única,Faixa seccionada,,
2022-12-15 00:00:00,,SEM VÍTIMA,FINALIZADA,PINA,AV REPUBLICA DO LIBANO,251,,EM FRENTE AO RIO MAR ( ACESSO DA ENTRADA DO SHOPPING),PINA,,,COLISÃO LATERAL,1,1,0,0,0,0,0,0,0,0,0,Longo da via,Bom,Não existe,Perfeito estado,Seca,Perfeito estado,Não existe,Outras,,Única,,,
2022-12-15 00:00:00,,COM VÍTIMA,FINALIZADA,APIPUCOS,AV DEZESSETE DE AGOSTO,1056,,PROX AO SEMÁFORO 540,APIPUCOS,,CIDADE,COLISÃO FRONTAL,1,1,0,0,0,0,0,0,0,1,0,Longo da via,Bom,Sem defeito,Ilegível,Seca,Mal conservada,Faixa de retenção,Não há placas,,Dupla,Faixa contínua,,
2022-12-15 00:00:00,,SEM VÍTIMA,CANCELADA,TEJIPIÓ,RUA FALCAO DE LACERDA,,RUA JOAO PAULO II,OCORRENCIA COM VITIMA,TEJIPIÓ,,,COLISÃO TRANSVERSAL,1,0,0,0,0,0,0,0,0,0,0,,,,,,,,,,,,,
2022-12-15 00:00:00,,COM VÍTIMA,FINALIZADA,IPUTINGA,RUA LEAL DE BARROS,,,E/F AO COLEGIO EXPOENTE,IPUTINGA,,,COLISÃO FRONTAL,1,1,0,0,0,0,0,0,0,1,0,Cruzamento,Bom,Não existe,Perfeito estado,Seca,Perfeito estado,Não existe,"Placas ""Pare""",,Dupla,Faixa seccionada,,
2022-12-15 00:00:00,,COM VÍTIMA,CANCELADA,NOVA DESCOBERTA,RUA NOVA DESCOBERTA,,,EM FRENTE AO SUPERMERCADO MEU ATACAREJO,NOVA DESCOBERTA,,,COLISÃO FRONTAL,1,1,0,0,0,0,0,0,0,1,0,,,,,,,,,,,,,
2022-12-16 00:00:00,,COM VÍTIMA,FINALIZADA,SANTO AMARO,RUA TREZE DE MAIO,,,EM FRENTE A ANTIGA GARAGEM DA CTU,SANTO AMARO,,,COLISÃO TRANSVERSAL,1,0,0,0,0,1,0,0,0,3,0,Longo da via,Bom,Sem defeito,Perfeito estado,Seca,Perfeito estado,Faixa de retenção,R-6a,,Dupla,Canteiro central,,
2022-12-16 00:00:00,,SEM VÍTIMA,FINALIZADA,PARNAMIRIM,AV PARNAMIRIM,134,RUA TITO ROSAS,AO LADO  MCDONALDS,PARNAMIRIM,10,CIDADE,COLISÃO TRASEIRA,1,0,0,0,0,0,0,1,0,0,0,Cruzamento,Bom,Sem defeito,Perfeito estado,Seca,Perfeito estado,Faixa de pedestre,R-6a,,Única,Faixa contínua,,
2022-12-16 00:00:00,,COM VÍTIMA,FINALIZADA,VÁRZEA,AV CAXANGA,5293,,EM FRENTE AO GOLF CLUBE E DISTRIBUIDORA NOVA,VÁRZEA,,,QUEDA,0,1,0,0,0,0,0,0,0,1,0,Longo da via,Bom,Não existe,Ilegível,Molhada,,Não existe,R-19,60 km/h,Dupla,Canteiro central,,