data,hora,natureza,situacao,bairro,endereco,numero,detalhe_endereco_acidente,complemento,bairro_cruzamento,num_semaforo,sentido_via,tipo,auto,moto,ciclom,ciclista,pedestre,onibus,caminhao,viatura,outros,vitimas,vitimasfatais,acidente_verificado,tempo_clima,situacao_semaforo,sinalizacao,condicao_via,conservacao_via,ponto_controle,situacao_placa,velocidade_max_via,mao_direcao,divisao_via1,divisao_via2,divisao_via3
2021-02-01 00:00:00,10:05:00,COM VÍTIMA,CANCELADA,DOIS UNIDOS,AV HILDEBRANDO DE VASCONCELOS,636,,EM  FRENTE  A  ACADEMIA  FIT,DOIS UNIDOS,,,COLISÃO,1,1,0,0,0,0,0,0,0,1,0,,,,,,,,,,,,,
2021-02-01 00:00:00,14:19:00,COM VÍTIMA,FINALIZADA,SANTO AMARO,RUA DO POMBAL,,RUA PEDRO AFONSO,RUA DA ESQUINA DO IML  VT 31 NO LOCAL,SANTO AMARO,,SUBURBIO,COLISÃO LATERAL,1,1,0,0,0,0,0,0,0,2,0,Cruzamento,Bom,Não existe,Perfeito estado,Seca,Perfeito estado,Não existe,"Placas ""Pare""",,,Faixa seccionada,,
2021-02-01 00:00:00,15:28:00,VÍTIMA FATAL,FINALIZADA,MACAXEIRA,RUA MARIA CANDIDA,,AV NORTE,AV NORTE,MACAXEIRA,296,SUBURBIO,ATROPELAMENTO DE PESSOA,0,0,0,0,1,0,1,0,0,0,1,Cruzamento,Bom,Sem defeito,Incompleta,Seca,Perfeito estado,Não existe,Outras,40 km/h,Dupla,Canteiro central,,
2021-02-01 00:00:00,15:54:00,COM VÍTIMA,CANCELADA,BOA VIAGEM,RUA DEZ DE JULHO,210,,E/F A MAISON CHRISTAL RECEPÇOES   PROX AO AEROPORTO E   PROX A ESTAÇAO DO AEROPORTO,BOA VIAGEM,,,COLISÃO,0,2,0,0,0,0,0,0,0,2,0,,,,,,,,,,,,,
2021-02-01 00:00:00,17:16:00,SEM VÍTIMA,CANCELADA,PINA,AVENIDA CELSO FURTADO (VIA MANGUE),,,PRÓXIMO AO AEROCLUBE,PINA,,JABOATÃO,CHOQUE,0,0,0,0,0,0,0,0,0,0,0,,,,,,,,,,,,,
2021-02-01 00:00:00,18:23:00,COM VÍTIMA,CANCELADA,CASA AMARELA,RUA PAULA BATISTA,,RUA DONA ANA XAVIER,E/F AO BOMPREÇO E SUBWAY / AO LADO DO BANCO ITAU,CASA AMARELA,,,COLISÃO,1,1,0,0,0,0,0,0,0,1,0,,,,,,,,,,,,,
2021-02-01 00:00:00,18:42:00,COM VÍTIMA,FINALIZADA,CAJUEIRO,RUA CORONEL URBANO RIBEIRO DE SENA,875,,PADARIA DO CORONEL,CAJUEIRO,,,COLISÃO FRONTAL,1,1,0,0,0,0,0,0,0,1,0,Cruzamento,Bom,Não existe,Não existente,Seca,Perfeito estado,,Não há placas,,Dupla,Faixa seccionada,,
2021-02-01 00:00:00,19:12:00,COM VÍTIMA,FINALIZADA,BOA VIAGEM,RUA PROFESSOR JOAO MEDEIROS,146,RUA DHALIA,PET / RUA  DA ACESSO AO  SHOPPING RECIFE / EDIF. SANTO ANDRÉ,BOA VIAGEM,,CIDADE,COLISÃO LATERAL,1,1,0,0,0,0,0,0,0,1,0,Longo da via,Bom,,Perfeito estado,Seca,Perfeito estado,Outros,Outras,,Única,,,
2021-02-01 00:00:00,20:45:00,COM VÍTIMA,FINALIZADA,PARNAMIRIM,AV FLOR DE SANTANA,224,,PRÓX A BURGUER KING,PARNAMIRIM,,SUBURBIO,COLISÃO LATERAL,1,1,0,0,0,0,0,0,0,1,0,Longo da via,Bom,Não existe,Ilegível,Seca,Perfeito estado,Não existe,Outras,,Dupla,Não existe,,
2021-02-01 00:00:00,23:22:40,COM VÍTIMA,CANCELADA,BOA VIAGEM,RUA ERNESTO DE PAULA SANTOS,,,COM A AV SIMOES BARBOSA,BOA VIAGEM,,SUBURBIO,COLISÃO,1,1,0,0,0,0,0,0,0,1,0,,,,,,,,,,,,,
2021-02-02 00:00:00,08:55:00,COM VÍTIMA,FINALIZADA,SÃO JOSÉ,AV SUL,1562,,EM FRENTE  A CIA MOTO PEÇAS E SERVIÇO,SÃO JOSÉ,,CIDADE,COLISÃO COM CICLISTA,0,1,0,1,0,0,0,0,0,1,0,Longo da via,Bom,Não existe,Perfeito estado,Seca,Perfeito estado,Não existe,Não há placas,,Única,Canteiro central,,
2021-02-02 00:00:00,09:05:00,SEM VÍTIMA,FINALIZADA,PAISSANDU,AV GOVERNADOR AGAMENON MAGALHAES,,RUA PAISSANDU,SOB O SEMÁFORO Nº 069,PAISSANDU,69,,COLISÃO TRANSVERSAL,1,0,0,0,0,0,0,1,0,0,0,Cruzamento,Bom,Sem defeito,Perfeito estado,Seca,Perfeito estado,Faixa de pedestre,,60 km/h,Dupla,Canteiro central,,
2021-02-02 00:00:00,10:38:00,COM VÍTIMA,FINALIZADA,IBURA,RUA VALE DO ITAJAI,12A,,EM FRENTE AO MESTRE DA PIZZA / PROX A UPA. LAVAJATO DOLOVE,IBURA,,SUBURBIO,COLISÃO FRONTAL,1,1,0,0,0,0,0,0,0,2,0,Longo da via,Bom,Não existe,,Seca,Perfeito estado,Não existe,Não há placas,30 km/h,Dupla,Não existe,,
2021-02-02 00:00:00,10:51:00,COM VÍTIMA,FINALIZADA,AFOGADOS,RUA VINTE E UM DE ABRIL,657,RUA AMARO DUARTE,AO LADO DO CLUBE ATLETICO,AFOGADOS,,SUBURBIO,COLISÃO LATERAL,1,1,0,0,0,0,0,0,0,1,0,Longo da via,Bom,Não existe,Não existente,Seca,Perfeito estado,Não existe,Não há placas,60 km/h,,Não existe,,
2021-02-02 00:00:00,11:32:00,COM VÍTIMA,FINALIZADA,AFOGADOS,EST DOS REMEDIOS,1700,RUA TABAIARES,"EM FRENTE A CONCESSIONARIA HYUNDAI/CTTU NO LOCAL BATEDORES ,CRAYTON E RENATO LIMA",AFOGADOS,390,SUBURBIO,CHOQUE,0,0,0,0,0,0,0,0,1,1,0,Longo da via,Bom,Sem defeito,Perfeito estado,Seca,Perfeito estado,Faixa de pedestre,R-6a,,Única,Faixa seccionada,,
2021-02-02 00:00:00,13:29:00,COM VÍTIMA,FINALIZADA,IMBIRIBEIRA,RUA ARQUITETO LUIZ NUNES,674,,PRÓX AO COLÉGIO PINHEIROS,IMBIRIBEIRA,,SUBURBIO,ATROPELAMENTO DE PESSOA,0,1,0,0,1,0,0,0,0,1,0,Longo da via,Bom,Não existe,Perfeito estado,Seca,Perfeito estado,,,,Dupla,Faixa contínua,Faixa seccionada,
2021-02-02 00:00:00,21:29:40,COM VÍTIMA,FINALIZADA,CASA AMARELA,RUA CONS PERETTI,130,RUA MAJOR AFONSO LEAL,PROXIMO DO COZINHANDO ESCONDIDINHO,CASA AMARELA,,SUBURBIO,COLISÃO LATERAL,0,1,0,0,0,1,0,0,0,2,0,Cruzamento,Bom,Não existe,Não existente,Seca,Perfeito estado,Não existe,R-6a,,Única,Não existe,,
2021-02-02 00:00:00,21:13:40,SEM VÍTIMA,FINALIZADA,AFOGADOS,RUA SAO MIGUEL,,,PRÓX A PRAÇA DE AFOGADOS,AFOGADOS,,,COLISÃO,1,0,0,0,0,0,0,1,0,0,0,Longo da via,Bom,Sem defeito,Perfeito estado,Seca,Perfeito estado,Faixa de pedestre,Outras,60KM/H,Dupla,Faixa seccionada,,
2021-02-02 00:00:00,21:32:40,SEM VÍTIMA,FINALIZADA,NOVA DESCOBERTA,AV VEREADOR OTACILIO AZEVEDO,,,NA UPA DE NOVA DESCOBERTA,NOVA DESCOBERTA,,,CHOQUE,1,0,0,0,0,0,0,0,0,0,0,Outros,Bom,Não existe,Não existente,Outros,Perfeito estado,Não existe,Não há placas,30KM/H,,Não existe,,
2021-02-03 00:00:00,11:50:00,COM VÍTIMA,FINALIZADA,SANTO AMARO,RUA PALMARES,194,RUA ARNOBIO MARQUES,EM FRENTE AO LABORATÓRIO MUNICIPAL DE SAÚDE,SANTO AMARO,,SUBURBIO,COLISÃO TRASEIRA,1,1,0,0,0,0,0,0,0,1,0,Cruzamento,Chuvoso,Não existe,Incompleta,Molhada,Perfeito estado,Não existe,Outras,,Única,Não existe,,
2021-02-03 00:00:00,12:16:00,COM VÍTIMA,CANCELADA,MADALENA,RUA JOSE OSORIO,803,,E/F A PREMIER AUTO  PROX A AUTO CAR,MADALENA,,,COLISÃO,1,1,0,0,0,0,0,0,0,1,0,,,,,,,,,,,,,
2021-02-03 00:00:00,13:20:00,COM VÍTIMA,FINALIZADA,BOA VIAGEM,AV ENGENHEIRO DOMINGOS FERREIRA,4060,RUA RIBEIRO DE BRITO,E/F ACADEMIA HI   SUB ADELSON NO LOCAL,BOA VIAGEM,155,SUBURBIO,COLISÃO TRANSVERSAL,1,1,0,0,0,0,0,0,0,1,0,Cruzamento,Bom,Sem defeito,Perfeito estado,Seca,Perfeito estado,Agente,Outras,,Única,Faixa seccionada,Canteiro central,
2021-02-03 00:00:00,13:24:00,SEM VÍTIMA,FINALIZADA,DERBY,RUA JORNALISTA PAULO BITTENCOURT,,,PROXIMO A RESTAURAÇÃO,DERBY,,,CHOQUE,0,0,0,0,0,0,0,0,0,0,0,Longo da via,Bom,Não existe,Perfeito estado,Molhada,Perfeito estado,Não existe,Outras,30KM/H,Dupla,Faixa seccionada,,
2021-02-03 00:00:00,14:11:00,COM VÍTIMA,FINALIZADA,JORDÃO,AV MARIA IRENE,,RUA BRITANIA,LADO OPOSTO DE JORDAO MOTOS,JORDÃO,,SUBURBIO,COLISÃO,0,1,0,0,0,1,0,0,0,1,0,Longo da via,Bom,Não existe,Ilegível,Seca,Perfeito estado,Outros,Não há placas,,Dupla,Não existe,,
2021-02-03 00:00:00,15:28:00,COM VÍTIMA,FINALIZADA,DERBY,AV GOVERNADOR AGAMENON MAGALHAES,73,,E/F AO CENTRO DE REPRODUÇAO HUMANA S/T OLINDA,DERBY,,OLINDA,ATROPELAMENTO DE PESSOA,2,1,0,0,1,0,0,0,0,1,0,Longo da via,Bom,Sem defeito,Perfeito estado,Seca,Perfeito estado,Faixa de pedestre,,60 km/h,Única,Canteiro central,,
2021-02-03 00:00:00,19:23:00,COM VÍTIMA,FINALIZADA,TEJIPIÓ,AV DR JOSE RUFINO,,RUA DO SANCHO,"E/F A ESTAÇÃO DE METRÔ DE TEJIPIÓ, SNT JABOATÃO / SEMÁFORO 434.",TEJIPIÓ,434,SUBURBIO,ATROPELAMENTO DE PESSOA,0,0,0,0,1,1,0,0,0,1,0,Longo da via,Bom,Sem defeito,Perfeito estado,Seca,Perfeito estado,Faixa de pedestre,,40 km/h,Dupla,Faixa contínua,,
2021-02-03 00:00:00,20:11:00,COM VÍTIMA,CANCELADA,IMBIRIBEIRA,RUA ITACARI,299,RUA ITAJAI,POR TRÁS DO BANCO ITAU / PRÓX A EMPRESA GOPIL,IMBIRIBEIRA,,,COLISÃO,1,1,0,0,0,0,0,0,0,2,0,,,,,,,,,,,,,
2021-02-04 00:00:00,15:04:00,COM VÍTIMA,FINALIZADA,ÁGUA FRIA,EST VELHA DE AGUA FRIA,1485,RUA RIOLANDIA,EM FRENTE À CLINICARDIO,ÁGUA FRIA,,CIDADE,COLISÃO LATERAL,1,1,0,0,0,0,0,0,0,2,0,Esquina,Bom,Não existe,Não existente,Seca,Perfeito estado,Não existe,Não há placas,,Única,Faixa seccionada,,
2021-02-04 00:00:00,15:24:00,COM VÍTIMA,CANCELADA,IMBIRIBEIRA,RUA ITAJAI,,RUA ITACARE,PRÓX À YNOVE,IMBIRIBEIRA,,,COLISÃO,1,1,0,0,0,0,0,0,0,1,0,,,,,,,,,,,,,
2021-02-04 00:00:00,16:24:00,COM VÍTIMA,FINALIZADA,IMBIRIBEIRA,AV MARECHAL MASCARENHAS DE MORAES,,,EM FRENTE AO PONTO DA LOCALIZA / EM FRENTE A AEROPORTO,IMBIRIBEIRA,570,SUBURBIO,COLISÃO LATERAL,1,1,0,0,0,0,0,0,0,2,0,Outros,Bom,Sem defeito,Perfeito estado,Seca,Perfeito estado,Faixa de pedestre,Outras,60 km/h,Única,Faixa seccionada,,
2021-02-04 00:00:00,19:05:00,COM VÍTIMA,CANCELADA,TAMARINEIRA,EST VELHA DE AGUA FRIA,,AV PROFESSOR JOSE DOS ANJOS,PRÓXIMO AO DENOX,TAMARINEIRA,,,COLISÃO,0,0,0,0,0,0,0,0,0,1,0,,,,,,,,,,,,,
2021-02-04 00:00:00,19:18:00,COM VÍTIMA,FINALIZADA,CAMPO GRANDE,RUA JERONIMO VILELA,,AV PROFESSOR JOSE DOS ANJOS,EM FRENTE AO AÇOUGUE DE PINGO,CAMPO GRANDE,642,SUBURBIO,COLISÃO TRANSVERSAL,1,1,0,0,0,0,0,0,0,1,0,Cruzamento,Bom,Sem defeito,Incompleta,Seca,Mal iluminada,Não existe,Não há placas,,Dupla,Não existe,,
2021-02-04 00:00:00,20:29:00,COM VÍTIMA,CANCELADA,GRAÇAS,AV RUI BARBOSA,,,PRÓX AO TRE // EM FRENTE AO RESTAURANTE PACHIO,GRAÇAS,,,COLISÃO,2,0,0,0,0,0,0,0,0,1,0,,,,,,,,,,,,,
2021-02-04 00:00:00,21:46:40,COM VÍTIMA,CANCELADA,VÁRZEA,AV PROFESSOR ARTUR DE SA,,RUA GENERAL POLIDORO,AO LADO DO POSTO CDU,VÁRZEA,,,COLISÃO,1,1,0,0,0,0,0,0,0,1,0,,,,,,,,,,,,,
2021-02-05 00:00:00,00:31:00,SEM VÍTIMA,FINALIZADA,ILHA JOANA BEZERRA,AV CENTRAL,,TRV DO RAPOSO,EMBAIXO DO PONTILHAO,ILHA JOANA BEZERRA,,,COLISÃO,1,1,0,0,0,0,0,0,0,0,0,Cruzamento,Bom,Não existe,Incompleta,Seca,Perfeito estado,Não existe,"Placas ""Dê a preferência""",,Dupla,Não existe,,
2021-02-05 00:00:00,02:31:00,COM VÍTIMA,FINALIZADA,CORDEIRO,RUA DR MIGUEL VIEIRA FERREIRA,,RUA CLAUDIO BROTHERHOOD,COM RUA CLAUDIO BROTHERHOOD,CORDEIRO,,CIDADE,COLISÃO TRANSVERSAL,1,1,0,0,0,0,0,0,0,1,0,Cruzamento,Bom,Não existe,Perfeito estado,Seca,Perfeito estado,Faixa de pedestre,Não há placas,,Dupla,Faixa seccionada,,
2021-02-05 00:00:00,09:59:00,COM VÍTIMA,FINALIZADA,ILHA JOANA BEZERRA,VDO PAPA JOAO PAULO II,,,"EM CIMA DO VIADUTO, SENT. BOA VIAGEM",ILHA JOANA BEZERRA,,SUBURBIO,COLISÃO COM CICLISTA,0,0,0,1,0,1,0,0,0,1,0,Longo da via,Bom,Não existe,Perfeito estado,Seca,Perfeito estado,Não existe,Não há placas,,Dupla,Faixa seccionada,Canteiro central,
2021-02-05 00:00:00,10:39:00,COM VÍTIMA,FINALIZADA,BOA VISTA,RUA HENRIQUE DIAS,,,EM  FRENTE  AO  HOSPITAL  LOCMED,BOA VISTA,,,COLISÃO,1,1,0,0,0,0,0,0,0,1,0,,,,,,,,,,,,,
2021-02-05 00:00:00,10:57:00,COM VÍTIMA,FINALIZADA,CAMPO GRANDE,RUA ODORICO MENDES,379,RUA PROFESSOR FRANCISCO DA TRINDADE,EM FRENTE A SERRALHARIA PORTEL,CAMPO GRANDE,357,SUBURBIO,COLISÃO TRANSVERSAL,1,1,0,0,0,0,0,0,0,2,0,Cruzamento,Bom,Sem defeito,Perfeito estado,Seca,Perfeito estado,Faixa de pedestre,,,Dupla,Faixa contínua,,
2021-02-05 00:00:00,11:06:00,COM VÍTIMA,FINALIZADA,BOA VIAGEM,AV BOA VIAGEM,5090,,PROX. A PRAÇA DE BOA VIAGEM,BOA VIAGEM,,CIDADE,COLISÃO LATERAL,1,1,0,0,0,0,0,0,0,1,0,Longo da via,Bom,Sem defeito,Perfeito estado,Seca,Perfeito estado,Não existe,"Placas ""Pare""",,Única,Faixa seccionada,,
2021-02-05 00:00:00,11:18:00,COM VÍTIMA,FINALIZADA,JOANA BEZERRA,VIADUTO CAPITAO TEMUDO,,,SENTIDO DERBY,JOANA BEZERRA,,CIDADE,COLISÃO TRASEIRA,1,1,0,0,0,0,0,0,0,1,0,Viaduto,Bom,Não existe,Perfeito estado,Seca,Perfeito estado,Não existe,Não há placas,60 km/h,Dupla,Canteiro central,,
2021-02-05 00:00:00,15:09:00,SEM VÍTIMA,CANCELADA,,AV GOVERNADOR AGAMENON MAGALHAES,,,EM FRENTE AO MINISTÉRIO DO TRABALHO,,,,COLISÃO,0,0,0,0,0,0,0,0,0,0,0,,,,,,,,,,,,,
2021-02-05 00:00:00,16:28:00,COM VÍTIMA,FINALIZADA,IBURA,AV DOIS RIOS,13,,EM FRENTE A RODRIGUES MERCADINHO E PANIFICADORA E EM FRENTE A UPA IBURA,IBURA,,CIDADE,COLISÃO TRASEIRA,1,1,0,0,0,0,0,0,0,1,0,Longo da via,Bom,Não existe,Perfeito estado,Seca,Perfeito estado,Não existe,Outras,,Dupla,Faixa contínua,,
2021-02-05 00:00:00,20:40:00,COM VÍTIMA,FINALIZADA,PARNAMIRIM,AV PARNAMIRIM,,RUA JOAO TUDE DE MELO,"PROXIMIDADES DO SHOPPING PLAZA, SNT TORRE /NA VIA DO  CANAL / ANTES DA  PONTE QUE DA ACESSO AO CARREFOUR. AO LADO DO SEBRO.",PARNAMIRIM,S/N,SUBURBIO,COLISÃO LATERAL,0,1,0,0,0,0,0,1,0,2,0,Cruzamento,Bom,Sem defeito,Perfeito estado,Seca,Perfeito estado,Faixa de pedestre,Outras,,Única,Faixa seccionada,,
2021-02-06 00:00:00,00:03:00,COM VÍTIMA,FINALIZADA,IPUTINGA,RUA LEAL DE BARROS,519,RUA REZENDE,CRUZAMENTO C/A RUA DR MANUEL RESENDE - PROXIMO À ESCOLA EXPOENTE.,IPUTINGA,,SUBURBIO,COLISÃO FRONTAL,1,1,0,0,0,0,0,0,0,1,0,Cruzamento,Bom,Não existe,Perfeito estado,Seca,Perfeito estado,Faixa de pedestre,"Placas ""Pare""",,Dupla,Faixa contínua,Faixa seccionada,
2021-02-06 00:00:00,06:35:00,COM VÍTIMA,FINALIZADA,AFOGADOS,AV SUL,,,EM FRENTE AO GRANDE ORIENTE PERNAMBUCO,AFOGADOS,,IMBIRIBEIRA,QUEDA,0,0,0,1,0,0,0,0,0,1,0,,,,,,,,,,,,,
2021-02-06 00:00:00,08:19:00,SEM VÍTIMA,FINALIZADA,GUABIRABA,EST DO BARRO BRANCO,,,EM FRENTE A ÁGUA MINERAL SANTA JOANA,GUABIRABA,,,COLISÃO,1,0,0,0,0,0,0,1,0,0,0,Longo da via,Bom,Não existe,Não existente,Seca,Mal conservada,Não existe,Não há placas,,Dupla,Não existe,,
2021-02-06 00:00:00,14:16:00,COM VÍTIMA,FINALIZADA,BOA VIAGEM,AV ENGENHEIRO DOMINGOS FERREIRA,4811,,EM FRENTE AO ARMAZEM CORAL  ACHAQUI/ ANTES PRACINHA DE BOA VIAGEM,BOA VIAGEM,,SUBURBIO,ATROPELAMENTO DE PESSOA,0,1,0,0,1,0,0,0,0,2,0,Longo da via,Bom,Não existe,Perfeito estado,Seca,Perfeito estado,Não existe,Outras,60 km/h,Única,Faixa seccionada,Canteiro central,
2021-02-06 00:00:00,14:42:00,COM VÍTIMA,FINALIZADA,TORRE,RUA JOSE BONIFACIO,,RUA JOSE DE HOLANDA,EM FRENTE AO MERCADO DA TORRE,TORRE,,,COLISÃO,1,1,0,0,0,0,0,0,0,1,0,,,,,,,,,,,,,
2021-02-06 00:00:00,17:02:00,COM VÍTIMA,FINALIZADA,MADALENA,AV ENGENHEIRO ABDIAS DE CARVALHO,,RUA JOAO IVO DA SILVA,AO LADO DA HABIB'S,MADALENA,132,AFOGADOS,COLISÃO TRANSVERSAL,1,1,0,0,0,0,0,0,0,1,0,Cruzamento,Bom,Sem defeito,Perfeito estado,Seca,Perfeito estado,Faixa de pedestre,Outras,,Única,Canteiro central,,
2021-02-06 00:00:00,17:20:00,SEM VÍTIMA,FINALIZADA,BOA VIAGEM,AV DOM JOAO VI,,,,BOA VIAGEM,,SUBURBIO,COLISÃO,2,0,0,0,0,0,0,0,0,0,0,,,,,,,,,,,,,
2021-02-06 00:00:00,18:37:00,SEM VÍTIMA,CANCELADA,BOA VIAGEM,AV CONSELHEIRO AGUIAR,,RUA PEREIRA DA COSTA,EM FRENTE AO URBAN  ARTS,BOA VIAGEM,140,,COLISÃO,2,0,0,0,0,0,0,0,0,0,0,,,,,,,,,,,,,
2021-02-07 00:00:00,00:13:00,COM VÍTIMA,FINALIZADA,NOVA DESCOBERTA,RUA BETINHA,148,,ANTES DA ENTRADA DO CÓRREGO DA AREIA,NOVA DESCOBERTA,,SUBURBIO,CHOQUE,3,0,0,0,0,0,0,0,0,1,0,Longo da via,Bom,Não existe,Não existente,Seca,Perfeito estado,Não existe,Não há placas,,Dupla,Não existe,,
2021-02-07 00:00:00,18:10:00,COM VÍTIMA,FINALIZADA,JORDÃO,RUA DR ANDRADE LYRA,3,RUA DES EVANDRO NETTO,AO LADO DA ESC. MUNIC. PINTOR LULA CARDOSO AYRES/  RUA DO TERMINAL DE ÔNIBUS  JORDÃO BAIXO,JORDÃO,,CIDADE,COLISÃO TRANSVERSAL,1,1,0,0,0,0,0,0,0,1,0,Longo da via,Bom,Não existe,Perfeito estado,Seca,,Faixa de pedestre,,,Única,,,
2021-02-07 00:00:00,23:01:40,SEM VÍTIMA,FINALIZADA,DERBY,AV GOVERNADOR AGAMENON MAGALHAES,,,"NA PISTA PARALELA  MCDONALDS, SNT BV / PRÓXAO HR",DERBY,,,COLISÃO,2,0,0,0,0,0,0,0,0,0,0,Cruzamento,Bom,Sem defeito,Perfeito estado,Seca,Mal iluminada,Faixa de pedestre,,,Dupla,Faixa contínua,,
2021-02-08 00:00:00,07:22:00,COM VÍTIMA,FINALIZADA,CAMPO GRANDE,RUA JERONIMO VILELA,475,RUA FRANKLIN TAVORA,AO LADO DO NÚMERO 475,CAMPO GRANDE,282,SUBURBIO,COLISÃO FRONTAL,2,0,0,0,0,0,0,0,0,1,0,Cruzamento,Bom,Sem defeito,Perfeito estado,Seca,Perfeito estado,Faixa de pedestre,R-6a,,Dupla,Faixa contínua,Faixa seccionada,
2021-02-08 00:00:00,08:07:00,COM VÍTIMA,FINALIZADA,CAXANGÁ,AV PROFESSOR MORAES REGO,,,LADO OPOSTO AO HAPVIDA,CAXANGÁ,,,COLISÃO,1,1,0,0,0,0,0,0,0,2,0,,,,,,,,,,,,,
2021-02-08 00:00:00,08:15:00,COM VÍTIMA,FINALIZADA,IMBIRIBEIRA,RUA JAMAICA,71,RUA IZABEL DE SOUZA,AO LADO DA CASA DO MARCENEIRO. BS BLINDAGENS.,IMBIRIBEIRA,,MASC. MORAES,COLISÃO TRASEIRA,1,1,0,0,0,0,0,0,0,1,0,Cruzamento,Bom,Não existe,Perfeito estado,Seca,Perfeito estado,Não existe,"Placas ""Pare""",,Única,Faixa seccionada,,
2021-02-08 00:00:00,12:20:00,COM VÍTIMA,FINALIZADA,SÃO JOSÉ,AV MARTINS DE BARROS,,,EM FRENTE AO TERMINAL INTEGRADO DO CAIS DE SANTA RITA.,SÃO JOSÉ,383,SUBURBIO,COLISÃO LATERAL,1,1,0,0,0,0,0,0,0,1,0,Cruzamento,Bom,Sem defeito,Perfeito estado,Seca,Perfeito estado,Faixa de pedestre,Outras,60 km/h,Dupla,Canteiro central,,
2021-02-08 00:00:00,12:39:00,COM VÍTIMA,FINALIZADA,ENCRUZILHADA,RUA CEARA,352,RUA JULIAO NETO,PRÓX AO BAR DO TONHÃO,ENCRUZILHADA,,SUBURBIO,COLISÃO TRANSVERSAL,1,1,0,0,0,0,0,0,0,1,0,Longo da via,Bom,Não existe,Incompleta,Seca,Perfeito estado,Não existe,Outras,,Única,Não existe,,
2021-02-08 00:00:00,15:19:00,COM VÍTIMA,FINALIZADA,SANTO AMARO,AV JOAO DE BARROS,,,EM BAIXO DO VIADUTO DA JOAO DE BARROS / EM FRENTE AO EMPRESARIO BULIMAX,SANTO AMARO,,SUBURBIO,COLISÃO LATERAL,1,1,0,0,0,0,0,0,0,1,0,Longo da via,Bom,Não existe,Perfeito estado,Seca,Perfeito estado,Não existe,Não há placas,,Única,Faixa seccionada,,
2021-02-08 00:00:00,18:15:00,COM VÍTIMA,FINALIZADA,IPSEP,RUA PAMPULHA,,,PRÓXIMO À FACULDADE BOA VIAGEM,IPSEP,,,TOMBAMENTO,0,1,0,0,0,0,0,0,0,1,0,Longo da via,Bom,,Perfeito estado,Seca,Perfeito estado,Agente,Não há placas,40 km/h,Única,Faixa seccionada,,
2021-02-08 00:00:00,20:42:40,COM VÍTIMA,FINALIZADA,APIPUCOS,RUA DE APIPUCOS,,RUA ALIANCA,EM FRENTE AO 11º BATALHÃO DA PM E SEMÁFORO 248,APIPUCOS,248,,COLISÃO TRANSVERSAL,0,2,0,0,0,0,0,0,0,1,0,Cruzamento,Bom,Sem defeito,Perfeito estado,Seca,Perfeito estado,Não existe,Não há placas,,Dupla,Não existe,,
2021-02-09 00:00:00,06:32:00,COM VÍTIMA,FINALIZADA,ENCRUZILHADA,RUA FERNANDO CESAR,242,RUA AMARO COUTINHO,EM  FRENTE  A  LOJA   GDA  EQUIPAMENTOS . PRÓXIMO À PRAÇA DOM MIGUEL VALVERDE.,ENCRUZILHADA,,CIDADE,COLISÃO TRANSVERSAL,1,1,0,0,0,0,0,0,0,2,0,Cruzamento,Bom,Não existe,Perfeito estado,Seca,Perfeito estado,Faixa de pedestre,"Placas ""Pare""",30 km/h,Única,Faixa seccionada,,
2021-02-09 00:00:00,11:26:00,COM VÍTIMA,FINALIZADA,SANTO AMARO,RUA AURORA,,,LADO OPOSTO AO CLUBE DE REMO NÁUTICO CAPIBARIBE.,SANTO AMARO,,SUBURBIO,COLISÃO TRASEIRA,0,2,0,0,0,0,0,0,0,1,0,Longo da via,Bom,Não existe,Perfeito estado,Seca,Perfeito estado,Não existe,Não há placas,,Dupla,Canteiro central,,
2021-02-09 00:00:00,14:18:00,COM VÍTIMA,FINALIZADA,TORRE,RUA REAL DA TORRE,,RUA CONDE DE IRAJA,NO SEMÁFORO 106,TORRE,106,,COLISÃO LATERAL,1,1,0,0,0,0,0,0,0,1,0,Cruzamento,Bom,Sem defeito,Perfeito estado,Seca,Perfeito estado,Faixa de pedestre,Outras,60 km/h,,Faixa seccionada,,
2021-02-09 00:00:00,16:35:00,COM VÍTIMA,FINALIZADA,ESPINHEIRO,RUA AMELIA,114,RUA DR VICENTE MEIRA,AO LADO DO ESPINHEIRO SHOPPING,ESPINHEIRO,,CIDADE,COLISÃO LATERAL,1,1,0,0,0,0,0,0,0,1,0,Esquina,Bom,Não existe,Perfeito estado,Seca,Perfeito estado,Não existe,"Placas ""Pare""",40 km/h,Única,Faixa seccionada,,
2021-02-09 00:00:00,16:46:00,COM VÍTIMA,FINALIZADA,JIQUIÁ,RUA SAO MIGUEL,2015,,PROX A FABRICA DA HIOLANDA. EM FRENTE AO POSTO PETROISA.,JIQUIÁ,,CIDADE,COLISÃO LATERAL,2,1,0,0,0,0,0,0,0,1,0,Longo da via,Bom,Não existe,Perfeito estado,Seca,Perfeito estado,Não existe,Não há placas,60 km/h,Dupla,Faixa contínua,,