data,hora,natureza,situacao,bairro,endereco,numero,detalhe_endereco_acidente,complemento,bairro_cruzamento,num_semaforo,sentido_via,tipo,auto,moto,ciclom,ciclista,pedestre,onibus,caminhao,viatura,outros,vitimas,vitimasfatais,acidente_verificado,tempo_clima,situacao_semaforo,sinalizacao,condicao_via,conservacao_via,ponto_controle,situacao_placa,velocidade_max_via,mao_direcao,divisao_via1,divisao_via2,divisao_via3
2021-03-19 00:00:00,11:32:00,COM VÍTIMA,FINALIZADA,CASA AMARELA,AV NORTE,5067,,"PROX. AO REI DA PICANHA, SENT. SUB. EM FRENTE AO POSTO BR",CASA AMARELA,,SUBURBIO,COLISÃO TRASEIRA,2,1,0,0,0,0,0,0,0,1,0,Longo da via,Bom,Sem defeito,Perfeito estado,Seca,Perfeito estado,Faixa de pedestre,,,Dupla,Canteiro central,,
2021-03-19 00:00:00,16:37:00,COM VÍTIMA,FINALIZADA,SÃO JOSÉ,RUA IMPERIAL,981,TRV DO RAPOSO,"EM FRENTE A FERRO E AÇO, PRODUTOS SIDERÚRGICOS",SÃO JOSÉ,510,SUBURBIO,COLISÃO TRANSVERSAL,1,1,0,0,0,0,0,0,0,1,0,Cruzamento,Bom,Sem defeito,Perfeito estado,Seca,Perfeito estado,Faixa de pedestre,Outras,40 km/h,Única,Faixa seccionada,,
2021-03-19 00:00:00,18:15:00,SEM VÍTIMA,FINALIZADA,SANTO AMARO,AV JOAO DE BARROS,,,E/F AO CONCERVATORIO DE MUSICA PERNAMBUCANA,SANTO AMARO,,,CHOQUE,0,0,0,0,0,0,0,0,0,0,0,,,,,,,,,,,,,
2021-03-19 00:00:00,21:02:40,VÍTIMA FATAL,FINALIZADA,BOA VIAGEM,AV ENGENHEIRO DOMINGOS FERREIRA,,RUA ANTONIO FALCAO,RUA ANTONIO FALCÃO (SEMÁFORO 145),BOA VIAGEM,145,,COLISÃO TRANSVERSAL,1,1,0,0,0,0,0,0,0,1,1,Cruzamento,Bom,Sem defeito,,Seca,Perfeito estado,Faixa de pedestre,,60 km/h,Única,,,
2021-03-19 00:00:00,21:04:40,COM VÍTIMA,FINALIZADA,ENCRUZILHADA,RUA AMARO COUTINHO,242,RUA FERNANDO CESAR,COM A RUA FERNANDO CESAR,ENCRUZILHADA,,CIDADE,COLISÃO TRANSVERSAL,1,1,0,0,0,0,0,0,0,1,0,Cruzamento,Bom,Não existe,Perfeito estado,Seca,Perfeito estado,Faixa de pedestre,"Placas ""Pare""",,Única,Faixa seccionada,,
2021-03-20 00:00:00,04:00:00,SEM VÍTIMA,FINALIZADA,SANTO AMARO,AV PREFEITO ARTUR LIMA CAVALCANTI,,AV NORTE,CRUZAMENTO COM A AV NORTE - SENTIDO SHOPING TACARUNA,SANTO AMARO,,SUBURBIO,CHOQUE,1,0,0,0,0,0,0,0,0,0,0,,,,,,,,,,,,,
2021-03-20 00:00:00,07:18:00,COM VÍTIMA,FINALIZADA,MANGABEIRA,AV NORTE,4413,AV PROFESSOR JOSE DOS ANJOS,EM FRENTE AO SESC,MANGABEIRA,364,CIDADE,COLISÃO LATERAL,0,2,0,0,0,0,0,0,0,1,0,Longo da via,Bom,Não existe,Perfeito estado,Seca,Perfeito estado,Não existe,R-6a,,Dupla,Faixa seccionada,,
2021-03-20 00:00:00,07:19:00,VÍTIMA FATAL,FINALIZADA,AREIAS,AV RECIFE,1040,,LADO OPOSTO AO BIG BOMPREÇO E HM VEÍCULOS. LADO OPOSTO AO NÚMERO INFORMADO.,AREIAS,,JARDIM SÃO PAULO,ATROPELAMENTO DE PESSOA,0,0,0,0,1,0,1,0,0,0,1,Longo da via,Bom,Não existe,Perfeito estado,Seca,Perfeito estado,Outros,,,,Faixa seccionada,Canteiro central,
2021-03-20 00:00:00,08:02:00,COM VÍTIMA,FINALIZADA,ROSARINHO,AV SANTOS DUMONT,616,RUA DR JOSE MARIA,"GALERIA D, BEL",ROSARINHO,98,SUBURBIO,COLISÃO TRASEIRA,2,0,0,0,0,0,0,0,0,1,0,Cruzamento,Chuvoso,Sem defeito,Perfeito estado,,Perfeito estado,Faixa de pedestre,Outras,,Única,Faixa seccionada,,
2021-03-20 00:00:00,14:01:00,SEM VÍTIMA,FINALIZADA,IMBIRIBEIRA,AV MARECHAL MASCARENHAS DE MORAES,2777,,EM FRENTE AO GMAG ESTOFADOS,IMBIRIBEIRA,,,COLISÃO TRASEIRA,2,0,0,0,0,0,0,0,0,0,0,,,,,,,,,,,,,
2021-03-20 00:00:00,15:12:00,COM VÍTIMA,FINALIZADA,DOIS UNIDOS,AV HILDEBRANDO DE VASCONCELOS,863,,EM FRENTE AO NUMERAL 863,DOIS UNIDOS,,SUBURBIO,ATROPELAMENTO DE PESSOA,0,1,0,0,1,0,0,0,0,1,0,Longo da via,Bom,Não existe,Não existente,Seca,Perfeito estado,Não existe,Não há placas,,Dupla,Faixa seccionada,,
2021-03-20 00:00:00,16:18:00,COM VÍTIMA,FINALIZADA,SAN MARTIN,AV ENGENHEIRO ABDIAS DE CARVALHO,,,LADO OPOSTO AO COMPAZ DA ABDIAS.,SAN MARTIN,688,CIDADE,COLISÃO LATERAL,1,1,0,0,0,0,0,0,0,1,0,Longo da via,Bom,Sem defeito,Perfeito estado,Seca,Perfeito estado,Faixa de retenção,Não há placas,60 km/h,Única,Faixa contínua,,
2021-03-20 00:00:00,18:17:00,COM VÍTIMA,FINALIZADA,BOA VIAGEM,AV BOA VIAGEM,3962,RUA RIBEIRO DE BRITO,"PRÓX A MR NORDESTE. EDF. QUEEN MARY""",BOA VIAGEM,,CIDADE,COLISÃO TRASEIRA,1,1,0,0,0,0,0,0,0,1,0,Longo da via,Bom,Não existe,Perfeito estado,Seca,Perfeito estado,Não existe,Outras,,Única,Faixa seccionada,,
2021-03-20 00:00:00,19:00:00,COM VÍTIMA,CANCELADA,MADALENA,TUNEL DA ABOLICAO,,,DENTRO DO TUNEL DA ABOLIÇÃO,MADALENA,,,COLISÃO LATERAL,1,1,0,0,0,0,0,0,0,1,0,,,,,,,,,,,,,
2021-03-21 00:00:00,19:18:00,SEM VÍTIMA,CANCELADA,COHAB,AV SANTA FE,505,,E/F A LANCHONETE MEC BURGUER E LANCHONETE CARIOCA,COHAB,,,CHOQUE,1,0,0,0,0,0,0,0,0,0,0,,,,,,,,,,,,,
2021-03-21 00:00:00,21:39:40,COM VÍTIMA,CANCELADA,CAXANGÁ,AV CAXANGA,3942,,"E/F AO BIG BOMPREÇO, SNT CAMARAGIBE / PRÓX AO BANCO ITAU/BRADESCO",CAXANGÁ,,,COLISÃO LATERAL,0,2,0,0,0,0,0,0,0,2,0,,,,,,,,,,,,,
2021-03-22 00:00:00,07:32:00,COM VÍTIMA,FINALIZADA,MADALENA,RUA GOMES TABORDA,,RUA DES ADOLFO CIRIACO,AO LADO DO BAILE PERFUMADO. AO LADO DO SINDICOMBUSTÍVEL PERNAMBUCO,MADALENA,,,COLISÃO LATERAL,1,1,0,0,0,0,0,0,0,1,0,Cruzamento,Bom,Não existe,Perfeito estado,Seca,Perfeito estado,Não existe,Não há placas,30 km/h,Dupla,Faixa seccionada,,
2021-03-22 00:00:00,08:49:00,COM VÍTIMA,FINALIZADA,SANTO AMARO,AV JOAO DE BARROS,2790,AV GOVERNADOR AGAMENON MAGALHAES,EM FRENTE A ESTETICA CLINICAL CENTER,SANTO AMARO,,SUBURBIO,ATROPELAMENTO DE PESSOA,0,0,0,0,1,1,0,0,0,1,0,Longo da via,Bom,Sem defeito,Perfeito estado,Seca,Perfeito estado,Faixa de retenção,"Placas ""Pare""",,Única,Canteiro central,,
2021-03-22 00:00:00,09:30:00,COM VÍTIMA,FINALIZADA,IBURA,RUA JORNALISTA EDSON REGIS,456,,APOS A  ANTIGA FABRICA DA FREVO. KS PARTICIPAÇÕES.,IBURA,,CIDADE,COLISÃO LATERAL,1,1,0,0,0,0,0,0,0,1,0,Longo da via,Bom,Não existe,Perfeito estado,Seca,Perfeito estado,Não existe,R-6a,,Dupla,Faixa seccionada,,
2021-03-22 00:00:00,10:09:00,SEM VÍTIMA,FINALIZADA,ÁGUA FRIA,EST VELHA DE AGUA FRIA,1242,,,ÁGUA FRIA,,SUBURBIO,,1,0,0,0,0,0,0,1,0,0,0,Longo da via,Bom,Não existe,Perfeito estado,Seca,Perfeito estado,Não existe,Outras,30 km/h,Única,Outros,,
2021-03-22 00:00:00,11:32:00,COM VÍTIMA,FINALIZADA,JORDÃO,AV MARIA IRENE,1542,,EDF JAIME RAMALHO,JORDÃO,,SUBURBIO,COLISÃO TRANSVERSAL,1,1,0,0,0,0,0,0,0,2,0,Cruzamento,Bom,Não existe,Não existente,Seca,Perfeito estado,Não existe,Não há placas,,Dupla,Não existe,,
2021-03-22 00:00:00,13:07:00,SEM VÍTIMA,FINALIZADA,MADALENA,AV BEIRA RIO,243,,PRÓX À ILHA DO RETIRO,MADALENA,,,CHOQUE,0,0,0,0,0,0,1,0,0,0,0,,,,,,,,,,,,,
2021-03-22 00:00:00,15:05:00,COM VÍTIMA,FINALIZADA,HIPÓDROMO,RUA CARLOS FERNANDES,264,RUA FONSECA OLIVEIRA,PROX A DELEGACIA 13° BPM,HIPÓDROMO,,,COLISÃO LATERAL,1,1,0,1,0,0,0,0,0,1,0,Cruzamento,Bom,Não existe,Perfeito estado,Seca,Perfeito estado,Outros,"Placas ""Pare""",,Dupla,Faixa contínua,,
2021-03-22 00:00:00,17:33:00,VÍTIMA FATAL,FINALIZADA,ARRUDA,RUA DAS MOCAS,827,RUA DA REGENERACAO,CRUZAMENTO DO SEMÁFORO,ARRUDA,472,,COLISÃO TRANSVERSAL,0,2,0,0,0,0,0,0,0,1,1,Cruzamento,Bom,Sem defeito,Perfeito estado,Seca,Perfeito estado,Faixa de pedestre,Outras,,Dupla,Faixa seccionada,,
2021-03-22 00:00:00,18:40:00,COM VÍTIMA,CANCELADA,CORDEIRO,AV CAXANGA,2379,,"EM FRENTE A PADARIA REPUBLICA DO PÃO, EM FRENTE A PIAUTO VEÍCULOS",CORDEIRO,,CIDADE,COLISÃO COM CICLISTA,1,0,0,1,0,0,0,0,0,1,0,,,,,,,,,,,,,
2021-03-22 00:00:00,19:35:00,COM VÍTIMA,FINALIZADA,PINA,RUA MANOEL DE BRITO,,AV REPUBLICA ARABE UNIDA,NA ENTRADA DO TÚNEL DO SHOPPING RIO MAR,PINA,659,,COLISÃO LATERAL,1,1,0,0,0,0,0,0,0,1,0,Cruzamento,Bom,Sem defeito,Perfeito estado,Seca,Perfeito estado,,R-6a,,Única,Faixa contínua,,
2021-03-23 00:00:00,05:05:00,COM VÍTIMA,CANCELADA,ESPINHEIRO,RUA DO ESPINHEIRO,,RUA QUARENTA E OITO,NO CRUZAMENTO COM A RUA QUARENTA E OITO,ESPINHEIRO,,,COLISÃO TRANSVERSAL,1,0,0,0,0,1,0,0,0,1,0,,,,,,,,,,,,,
2021-03-23 00:00:00,07:18:00,SEM VÍTIMA,FINALIZADA,AFOGADOS,RUA NICOLAU PEREIRA,,,"SOB O PONTILHÃO DO METRÔ "" ESTAÇÃO"" AFOGADOS",AFOGADOS,,SUBURBIO,,0,0,0,0,0,0,1,0,1,0,0,Longo da via,Bom,,Perfeito estado,Seca,Perfeito estado,,R-15,,Única,,,
2021-03-23 00:00:00,07:43:00,COM VÍTIMA,FINALIZADA,TORRE,AV BEIRA RIO,,RUA CONDE DE IRAJA,,TORRE,630,,QUEDA,0,0,0,1,0,0,0,0,0,1,0,,,,,,,,,,,,,
2021-03-23 00:00:00,16:15:00,COM VÍTIMA,FINALIZADA,TORRE,RUA SOUZA BANDEIRA,463,RUA DIANOPOLIS,PORTO DE COMBUSTÍVEL BR,TORRE,317,CIDADE,COLISÃO LATERAL,1,1,0,0,0,0,0,0,0,1,0,Longo da via,Bom,Sem defeito,Perfeito estado,Seca,Perfeito estado,Não existe,Não há placas,,Dupla,Faixa contínua,,
2021-03-23 00:00:00,20:19:00,COM VÍTIMA,FINALIZADA,SANTO AMARO,RUA DOS PALMARES,441,RUA DO POMBAL,E/F AO CENTRO DE SAÚDE WALDEMAR DE OLIVEIRA,SANTO AMARO,,CIDADE,COLISÃO FRONTAL,1,1,0,0,0,0,0,0,0,1,0,Cruzamento,Chuvoso,Não existe,Perfeito estado,Molhada,Perfeito estado,Não existe,Não há placas,50 km/h,Dupla,Canteiro central,,
2021-03-23 00:00:00,20:48:00,COM VÍTIMA,FINALIZADA,IBURA,AV PRESIDENTE DUTRA,,VIADUTO TANCREDO NEVES,"NA ENTRADA QUE DA ACESSO AO  VIADUTO TRANC NEVES, SNT BV / PRÓX AO SAL E BRAZA  / E/F A SUDENE",IBURA,,,COLISÃO LATERAL,1,1,0,0,0,0,0,0,0,1,0,Viaduto,Bom,Não existe,Perfeito estado,Seca,Perfeito estado,Não existe,Não há placas,60 km/h,Dupla,Faixa contínua,Faixa seccionada,Canteiro central
2021-03-23 00:00:00,20:56:00,SEM VÍTIMA,FINALIZADA,CABANGA,VIADUTO CAPITAO TEMUDO,,,"POR CIMA DO VIADUTO, SNT CENTRO-BV",CABANGA,,,COLISÃO TRASEIRA,2,0,0,0,0,0,0,0,0,0,0,,,,,,,,,,,,,
2021-03-24 00:00:00,08:18:00,COM VÍTIMA,FINALIZADA,BOA VIAGEM,RUA BALTAZAR PASSOS,,RUA VISCONDE DE JEQUITINHONHA,,BOA VIAGEM,154,SUBURBIO,COLISÃO TRANSVERSAL,1,1,0,0,0,0,0,0,0,1,0,Cruzamento,Chuvoso,Intermitente,Perfeito estado,Molhada,Perfeito estado,Faixa de pedestre,Outras,60 km/h,Única,,,
2021-03-24 00:00:00,09:35:00,SEM VÍTIMA,FINALIZADA,BOA VIAGEM,RUA VISCONDE DE JEQUITINHONHA,,RUA PADRE LEANDRO CAMELO,,BOA VIAGEM,,,COLISÃO TRASEIRA,2,0,0,0,0,0,0,1,0,0,0,Longo da via,Chuvoso,Não existe,Incompleta,Molhada,Perfeito estado,Não existe,Não há placas,,Única,Faixa seccionada,,
2021-03-24 00:00:00,11:27:00,COM VÍTIMA,FINALIZADA,ILHA DO RETIRO,RUA PADRE TEOFILO TWORZ,,RUA COSME VIANA,EM FRENTE A PRAÇA COSME VIANA/LADO OPOSTO A TUPÃ,ILHA DO RETIRO,,CIDADE,COLISÃO TRANSVERSAL,1,1,0,0,0,0,0,0,0,1,0,Cruzamento,Bom,Não existe,Incompleta,Seca,Perfeito estado,Não existe,Outras,40 km/h,Dupla,Canteiro central,,
2021-03-24 00:00:00,11:31:00,COM VÍTIMA,FINALIZADA,IPSEP,RUA JEAN EMILE FAVRE,744,RUA POTENGI,EM FRENTE AO ESTACIONAMENTO DA FBV,IPSEP,564,SUBURBIO,COLISÃO TRANSVERSAL,1,1,0,0,0,0,0,0,0,1,0,Cruzamento,Chuvoso,Sem defeito,Perfeito estado,Seca,Perfeito estado,Faixa de pedestre,Outras,,Dupla,Faixa contínua,,
2021-03-24 00:00:00,17:21:00,COM VÍTIMA,FINALIZADA,CASA AMARELA,AV NORTE,5600,,EM FRENTE AO CAPP DA AVENIDA NORTE,CASA AMARELA,676,SUBURBIO,COLISÃO LATERAL,1,1,0,0,0,0,0,0,0,1,0,Longo da via,Chuvoso,Sem defeito,Perfeito estado,Molhada,,Faixa de pedestre,Não há placas,,Dupla,,Canteiro central,
2021-03-25 00:00:00,07:07:00,COM VÍTIMA,FINALIZADA,CASA AMARELA,RUA PADRE LEMOS,391,AV PEDRO ALLAIN,EM FRENTE AO SUPERMERCADO CANELA,CASA AMARELA,,,COLISÃO LATERAL,0,1,0,0,0,1,0,0,0,1,0,Cruzamento,Bom,Não existe,Perfeito estado,Seca,Perfeito estado,Faixa de pedestre,R-6a,,Dupla,Não existe,,
2021-03-25 00:00:00,14:18:00,COM VÍTIMA,FINALIZADA,FUNDÃO,RUA DO MACHADO,862,RUA MANOEL SILVA,NA RUA DOS IRRESPONSÁVEIS,FUNDÃO,,SUBURBIO,COLISÃO LATERAL,1,1,0,0,0,0,0,0,0,1,0,Cruzamento,Bom,Não existe,Perfeito estado,Seca,Perfeito estado,Faixa de pedestre,Não há placas,30 km/h,Dupla,Faixa seccionada,,
2021-03-25 00:00:00,15:54:00,COM VÍTIMA,FINALIZADA,GRAÇAS,RUA QUARENTA E OITO,,RUA CONS PORTELA,FARMACIA PAGUE MENOS,GRAÇAS,11,CIDADE,COLISÃO TRANSVERSAL,1,1,0,0,0,0,0,0,0,2,0,Cruzamento,Bom,Com defeito,Incompleta,Seca,Perfeito estado,Faixa de pedestre,Não há placas,30 km/h,Única,Faixa seccionada,,
2021-03-25 00:00:00,18:12:00,COM VÍTIMA,FINALIZADA,PINA,AV ANTONIO DE GOES,,,PROXIMO AO JCPM,PINA,,CIDADE,COLISÃO LATERAL,1,1,0,0,0,0,0,0,0,2,0,Longo da via,Bom,Não existe,Perfeito estado,Seca,Perfeito estado,Não existe,Não há placas,60 km/h,Única,Faixa seccionada,Canteiro central,
2021-03-26 00:00:00,09:37:00,SEM VÍTIMA,FINALIZADA,SANTO AMARO,RUA DOIS DE JULHO,392,AV CRUZ CABUGA,,SANTO AMARO,,,,1,0,0,0,0,0,0,1,0,0,0,Longo da via,Bom,Não existe,Perfeito estado,Seca,Perfeito estado,Outros,Outras,30 km/h,Dupla,Não existe,,
2021-03-26 00:00:00,11:32:00,COM VÍTIMA,FINALIZADA,IBURA,RUA RIO XINGU,,AV DOIS RIOS,EM FRENTE AO POSTO BR,IBURA,351,SUBURBIO,COLISÃO TRANSVERSAL,1,1,0,0,0,0,0,0,0,1,0,Cruzamento,Bom,Sem defeito,Perfeito estado,Seca,Perfeito estado,Faixa de pedestre,Não há placas,,Dupla,,,
2021-03-26 00:00:00,11:50:00,COM VÍTIMA,FINALIZADA,BOA VIAGEM,RUA PROFESSOR JOSE BRANDAO,410,RUA FRANCISCO DA CUNHA,EM FRENTE  AO EMPRESARIAL MASTER,BOA VIAGEM,,SUBURBIO,COLISÃO TRANSVERSAL,2,0,0,0,0,0,0,0,0,1,0,Cruzamento,Bom,Não existe,Perfeito estado,Seca,Perfeito estado,Faixa de retenção,"Placas ""Pare""",,Única,Faixa seccionada,,
2021-03-26 00:00:00,14:57:00,COM VÍTIMA,FINALIZADA,AFOGADOS,RUA COSME VIANA,245,RUA TRES DE AGOSTO,PRÓX AO HOTEL EROS,AFOGADOS,525,SUBURBIO,COLISÃO TRANSVERSAL,1,1,0,0,0,0,0,0,0,1,0,Cruzamento,Bom,Sem defeito,Perfeito estado,Seca,Perfeito estado,Faixa de pedestre,Outras,40 km/h,Única,Faixa contínua,Faixa seccionada,
2021-03-27 00:00:00,03:20:00,COM VÍTIMA,FINALIZADA,ESPINHEIRO,AV CONS ROSA E SILVA,767,RUA ANTENOR NAVARRO,EM FRENTE AO PONTO DO AÇAI,ESPINHEIRO,522,SUBURBIO,COLISÃO TRANSVERSAL,1,1,0,0,0,0,0,0,0,1,0,Cruzamento,Bom,Sem defeito,Perfeito estado,Seca,Perfeito estado,Faixa de pedestre,"Placas ""Pare""",40 km/h,Única,Faixa seccionada,,
2021-03-27 00:00:00,15:17:00,COM VÍTIMA,CANCELADA,JIQUIÁ,AV DR JOSE RUFINO,,RUA MORAIS E SILVA,PROX AO VIADUTO DA AV RECIFE  S/T AFOGADOS,JIQUIÁ,,,COLISÃO FRONTAL,1,1,0,0,0,0,0,0,0,1,0,,,,,,,,,,,,,
2021-03-27 00:00:00,17:00:00,COM VÍTIMA,FINALIZADA,TEJIPIÓ,AV DR JOSE RUFINO,441,RUA IGUACU,NO SEMAFORO  285 SENTIDO JABOATAO. EM FRENTE A PADARIA PONTO DO TRIGO / FÁBRICA DA PADARIA.,TEJIPIÓ,285,SUBURBIO,COLISÃO COM CICLISTA,1,0,0,1,0,0,0,0,0,1,0,Longo da via,Bom,Sem defeito,Perfeito estado,Seca,Mal iluminada,Faixa de pedestre,Outras,50 km/h,Dupla,Faixa contínua,,
2021-03-27 00:00:00,20:11:00,COM VÍTIMA,FINALIZADA,CASA AMARELA,EST DAS UBAIAS,20,RUA CONS NABUCO,E/F AO POSTO BR E PRÓX AO BOMPREÇO // SEMÁFORO 655,CASA AMARELA,655,SUBURBIO,COLISÃO TRANSVERSAL,1,1,0,0,0,0,0,0,0,1,0,Cruzamento,Bom,Sem defeito,Perfeito estado,Seca,Perfeito estado,Faixa de pedestre,,,Dupla,Faixa contínua,,
2021-03-27 00:00:00,21:16:40,COM VÍTIMA,FINALIZADA,CAMPO GRANDE,EST DE BELEM,1217,RUA ODORICO MENDES,ENTRE A EXTRA FARMA E DROGASIL / E/F AO COLÉGIO JESUS CRUCIFICADO,CAMPO GRANDE,26,,COLISÃO TRASEIRA,1,1,0,0,0,0,0,0,0,1,0,Longo da via,Chuvoso,Sem defeito,Perfeito estado,Molhada,Perfeito estado,Faixa de pedestre,,,Dupla,Faixa contínua,,
2021-03-28 00:00:00,06:15:00,COM VÍTIMA,FINALIZADA,PINA,AVENIDA CELSO FURTADO (VIA MANGUE),,,LADO  OPOSTO AO AERO CLUBE,PINA,,SUBURBIO,CHOQUE,0,1,0,0,0,0,0,0,0,1,0,Longo da via,Bom,Não existe,,,,Não existe,R-6a,,Dupla,,,
2021-03-28 00:00:00,14:41:00,COM VÍTIMA,FINALIZADA,DERBY,AV GOVERNADOR AGAMENON MAGALHAES,,RUA HENRIQUE DIAS,NO CRUZAMENTO EM BAIXO DO SEMAFORO 068,DERBY,68,BOA VIAGEM,COLISÃO TRANSVERSAL,1,1,0,0,0,0,0,0,0,1,0,Cruzamento,Bom,Sem defeito,Perfeito estado,Seca,Perfeito estado,Faixa de pedestre,Outras,60 km/h,,Faixa contínua,Faixa seccionada,Canteiro central
2021-03-28 00:00:00,15:36:00,COM VÍTIMA,FINALIZADA,SANTO AMARO,AV GOVERNADOR AGAMENON MAGALHAES,1101,AV JOAO DE BARROS,PRÓX AO POSTO BR - QUITANDARIA (AV. JOAO DE BARROS),SANTO AMARO,,CIDADE,COLISÃO LATERAL,1,1,0,0,0,0,0,0,0,1,0,Esquina,Bom,Não existe,Perfeito estado,Seca,Perfeito estado,Não existe,Outras,,Única,Faixa seccionada,,
2021-03-28 00:00:00,17:22:00,COM VÍTIMA,FINALIZADA,BOA VIAGEM,AV CONSELHEIRO AGUIAR,4784,RUA RIBEIRO DE BRITO,PXB4D39 X PGW4036,BOA VIAGEM,147,,COLISÃO LATERAL,2,0,0,0,0,0,0,0,0,3,0,Cruzamento,Bom,Sem defeito,Perfeito estado,Seca,Perfeito estado,Faixa de pedestre,Não há placas,,Única,Faixa seccionada,,
2021-03-28 00:00:00,19:43:00,COM VÍTIMA,FINALIZADA,BONGI,RUA PROFESSOR CELESTIN MALZAC,42,,EM FRENTE A FACULDADE NOVA ROMA,BONGI,,CIDADE,COLISÃO TRANSVERSAL,1,1,0,0,0,0,0,0,0,1,0,Longo da via,Bom,Não existe,Incompleta,Seca,,Não existe,Não há placas,,Dupla,Não existe,,
2021-03-29 00:00:00,09:24:00,COM VÍTIMA,FINALIZADA,MONTEIRO,RUA DE APIPUCOS,117,RUA DOM MALAN,,MONTEIRO,,SUBURBIO,COLISÃO TRANSVERSAL,1,1,0,0,0,0,0,0,0,1,0,Longo da via,Bom,Não existe,Perfeito estado,Seca,Perfeito estado,Não existe,R-6a,,Dupla,Faixa contínua,,
2021-03-29 00:00:00,09:47:00,COM VÍTIMA,FINALIZADA,VÁRZEA,RUA ACADEMICO HELIO RAMOS,304,,"PROX. A UNIVER. FEDERAL, JUNTO A GRADE",VÁRZEA,,SUBURBIO,COLISÃO TRASEIRA,1,1,0,0,0,0,0,0,0,1,0,Longo da via,Bom,Sem defeito,Perfeito estado,Seca,Perfeito estado,Não existe,Não há placas,30 km/h,,Faixa seccionada,,
2021-03-29 00:00:00,11:55:00,COM VÍTIMA,FINALIZADA,SANTO AMARO,AV VISCONDE DE SUASSUNA,,RUA DO HOSPICIO,ESQUINA COM O CENTRO CULTURAL ROSSINI ALVES COUTO,SANTO AMARO,32,CIDADE,COLISÃO LATERAL,1,0,1,0,0,0,0,0,0,1,0,Cruzamento,Bom,Sem defeito,Perfeito estado,Seca,Perfeito estado,Faixa de pedestre,Não há placas,40 km/h,Dupla,Não existe,,
2021-03-29 00:00:00,13:33:00,COM VÍTIMA,CANCELADA,BEBERIBE,AV BEBERIBE,4215,,,BEBERIBE,,,COLISÃO FRONTAL,1,1,0,0,0,0,0,0,0,1,0,,,,,,,,,,,,,
2021-03-29 00:00:00,17:04:00,COM VÍTIMA,FINALIZADA,CORDEIRO,RUA DR MIGUEL VIEIRA FERREIRA,1625,RUA IPINIRAS,PROX A ANTIGA RUA DA LAMA S/T  SUDENE   NO SEMAFORO 566,CORDEIRO,,SUBURBIO,COLISÃO TRANSVERSAL,1,1,0,0,0,0,0,0,0,1,0,Esquina,Bom,Não existe,Não existente,Seca,Perfeito estado,,,,Dupla,Não existe,,
2021-03-29 00:00:00,19:54:00,COM VÍTIMA,CANCELADA,ILHA DO LEITE,AV GOVERNADOR AGAMENON MAGALHAES,4575,,E/F AO EMPRESARIAL NASSAU (VIA LOCAL) // SENTIDO OLINDA,ILHA DO LEITE,69,,ENGAVETAMENTO,4,0,0,0,0,0,0,0,0,3,0,,,,,,,,,,,,,
2021-03-29 00:00:00,22:34:40,SEM VÍTIMA,FINALIZADA,MADALENA,AV BEIRA RIO,,RUA JOSE OSORIO,COM A RUA JOSÉ OSORIO,MADALENA,327,,COLISÃO TRASEIRA,1,0,0,0,0,0,0,1,0,0,0,,,,,,,,,,,,,
2021-03-30 00:00:00,05:13:00,COM VÍTIMA,FINALIZADA,IPUTINGA,AV CAXANGA,,RUA MANOEL JOAQUIM DE ALMEIDA,LADO OPOSTO AO BIG BOMPREÇO,IPUTINGA,533,CIDADE,COLISÃO COM CICLISTA,0,1,0,1,0,0,0,0,0,1,0,Cruzamento,Chuvoso,Sem defeito,Perfeito estado,Molhada,Perfeito estado,Faixa de pedestre,Outras,,Única,Outros,,
2021-03-30 00:00:00,08:06:00,COM VÍTIMA,FINALIZADA,IMBIRIBEIRA,AV MARECHAL MASCARENHAS DE MORAES,,,EM FRENTE A FACULDADE PERNAMBUCANA DE SAUDE,IMBIRIBEIRA,530,CIDADE,COLISÃO TRASEIRA,1,1,0,0,0,0,0,0,0,1,0,Longo da via,Nublado,Sem defeito,Perfeito estado,Molhada,Perfeito estado,Faixa de pedestre,Outras,,Única,Faixa seccionada,Canteiro central,
2021-03-30 00:00:00,12:40:00,COM VÍTIMA,FINALIZADA,BOA VIAGEM,RUA VISCONDE DE JEQUITINHONHA,1656,,,BOA VIAGEM,158,SUBURBIO,ATROPELAMENTO DE PESSOA,0,1,0,0,1,0,0,0,0,1,0,Longo da via,Bom,Sem defeito,Perfeito estado,Seca,Perfeito estado,Faixa de pedestre,Outras,60 km/h,Única,Faixa seccionada,,
2021-03-30 00:00:00,18:13:00,COM VÍTIMA,FINALIZADA,IMBIRIBEIRA,AV SUL,,,POR TRÁS DA LOJA GRILHO  / PRÓX  A ESTAÇÃO IMBIRIBEIRA,IMBIRIBEIRA,,SUBURBIO,ATROPELAMENTO DE PESSOA,1,0,0,0,1,0,0,0,0,1,0,Longo da via,Bom,Não existe,Perfeito estado,Seca,Perfeito estado,Não existe,Não há placas,30 km/h,Dupla,Não existe,,