data,hora,natureza,situacao,bairro,endereco,numero,detalhe_endereco_acidente,complemento,bairro_cruzamento,num_semaforo,sentido_via,tipo,auto,moto,ciclom,ciclista,pedestre,onibus,caminhao,viatura,outros,vitimas,vitimasfatais,acidente_verificado,tempo_clima,situacao_semaforo,sinalizacao,condicao_via,conservacao_via,ponto_controle,situacao_placa,velocidade_max_via,mao_direcao,divisao_via1,divisao_via2,divisao_via3
2021-05-03 00:00:00,08:38:00,COM VÍTIMA,FINALIZADA,IMBIRIBEIRA,RUA ARQUITETO LUIZ NUNES,,RUA MIS JOEL CARLSON,"NA ESQUINA DO ATACAREJO ,NOVO TEMPO",IMBIRIBEIRA,633,CIDADE,ATROPELAMENTO DE PESSOA,1,0,0,0,1,0,0,0,0,1,0,Cruzamento,Chuvoso,Sem defeito,Perfeito estado,Molhada,Perfeito estado,Faixa de pedestre,Não há placas,70 km/h,Dupla,Faixa contínua,,
2021-05-03 00:00:00,14:59:00,COM VÍTIMA,FINALIZADA,TORRÕES,AV INACIO MONTEIRO,842,RUA DR MIGUEL VIEIRA FERREIRA,PROX A FARMACIA DROGARIA CORDEIRO,TORRÕES,566,,COLISÃO LATERAL,1,1,0,0,0,0,0,0,0,1,0,Cruzamento,Bom,Com defeito,Perfeito estado,Seca,Perfeito estado,Faixa de pedestre,Não há placas,30 km/h,Dupla,,,
2021-05-03 00:00:00,15:49:00,COM VÍTIMA,FINALIZADA,SÃO JOSÉ,AV DANTAS BARRETO,,RUA DO PEIXOTO,SOB O SEMÁFORO DE N. 181,SÃO JOSÉ,181,SUBURBIO,COLISÃO LATERAL,0,1,0,0,0,1,0,0,0,1,0,Cruzamento,Bom,Sem defeito,Perfeito estado,Seca,Perfeito estado,Faixa de pedestre,Não há placas,,Dupla,Faixa contínua,Faixa seccionada,
2021-05-03 00:00:00,16:51:00,COM VÍTIMA,FINALIZADA,DOIS IRMÃOS,RUA DOIS IRMAOS,112,,PROX AO LAFEPE,DOIS IRMÃOS,189,SUBURBIO,COLISÃO LATERAL,1,1,0,0,0,0,0,0,0,1,0,Longo da via,Bom,Sem defeito,Perfeito estado,Seca,Perfeito estado,Faixa de pedestre,Outras,,Dupla,Faixa contínua,Faixa seccionada,
2021-05-03 00:00:00,18:05:00,SEM VÍTIMA,FINALIZADA,BOA VISTA,AV GOVERNADOR AGAMENON MAGALHAES,,,PROX. AO AMERICANO BATISTA,BOA VISTA,37,,COLISÃO TRASEIRA,3,0,0,0,0,0,0,0,0,0,0,,,,,,,,,,,,,
2021-05-03 00:00:00,18:18:00,COM VÍTIMA,FINALIZADA,SÃO JOSÉ,C SANTA RITA,,,EM FRENTE A GERMAN E AS TORRES GEMEAS,SÃO JOSÉ,76,CIDADE,,0,1,0,0,0,0,0,0,0,2,0,Longo da via,Bom,Não existe,Perfeito estado,Seca,Perfeito estado,Não existe,Não há placas,60 km/h,Dupla,Canteiro central,,
2021-05-03 00:00:00,18:37:00,COM VÍTIMA,FINALIZADA,IMBIRIBEIRA,RUA ANTONIO FALCAO,100,RUA JACY,EM FRENTE AO POSTO YPIRANGA / APÓS O PADEIRÃO,IMBIRIBEIRA,,SUBURBIO,COLISÃO LATERAL,1,1,0,0,0,0,0,0,0,2,0,Longo da via,Bom,Sem defeito,Perfeito estado,Seca,Perfeito estado,Faixa de pedestre,"Placas ""Pare""",,Única,Faixa seccionada,,
2021-05-03 00:00:00,21:50:40,COM VÍTIMA,FINALIZADA,AFOGADOS,RUA SAO MIGUEL,1357,,EM FRENTE  AO BODE DO NÔ,AFOGADOS,,CIDADE,COLISÃO FRONTAL,1,1,0,0,0,0,0,0,0,1,0,Longo da via,Chuvoso,Não existe,Perfeito estado,Molhada,Perfeito estado,Não existe,Não há placas,,Dupla,Faixa seccionada,,
2021-05-04 00:00:00,08:22:00,COM VÍTIMA,FINALIZADA,SANTO AMARO,AV NORTE,1184,,E/F A IGREJA SÃO SEBASTIÃO,SANTO AMARO,,SUBURBIO,COLISÃO LATERAL,0,0,0,0,0,0,0,0,0,1,0,Longo da via,Chuvoso,Sem defeito,Perfeito estado,Molhada,Perfeito estado,Não existe,Outras,,Dupla,Canteiro central,,
2021-05-04 00:00:00,08:39:00,COM VÍTIMA,FINALIZADA,BOA VIAGEM,RUA COPACABANA,,RUA COPACABANA,PROX. AO TERMINAL DE SETUBAL E AO LADO DO COLEGIO FERNANDO MOTTA,BOA VIAGEM,,CIDADE,COLISÃO TRASEIRA,2,0,0,0,0,0,0,0,0,1,0,Cruzamento,Chuvoso,Não existe,Incompleta,Molhada,Perfeito estado,Não existe,Outras,,Dupla,Faixa contínua,Faixa seccionada,
2021-05-04 00:00:00,12:28:00,COM VÍTIMA,FINALIZADA,CABANGA,AV SUL,1374,AV SUL,EM FRENTE A INDUSTRIA PORTELA,CABANGA,260,SUBURBIO,COLISÃO FRONTAL,0,1,0,0,0,1,0,0,0,1,0,Cruzamento,Chuvoso,Sem defeito,Perfeito estado,Molhada,Perfeito estado,Não existe,Não há placas,,Dupla,Blocos,,
2021-05-04 00:00:00,13:35:00,COM VÍTIMA,FINALIZADA,CORDEIRO,RUA GOMES TABORDA,,RUA DES ADOLFO CIRIACO,EM FRENTE A SINDI COMBUSTIVEIS E PROXIMO AO ANTIGO CLUBE PERFUMADO,CORDEIRO,,CIDADE,COLISÃO LATERAL,1,1,0,0,0,0,0,0,0,1,0,Longo da via,Bom,Não existe,Não existente,Seca,Perfeito estado,Não existe,Não há placas,60 km/h,Dupla,Faixa seccionada,,
2021-05-04 00:00:00,14:34:00,SEM VÍTIMA,CANCELADA,CASA AMARELA,RUA CONS NABUCO,571,,EM FRENTE AO STUDIO TAISA,CASA AMARELA,,,COLISÃO LATERAL,2,0,0,0,0,0,0,0,0,0,0,,,,,,,,,,,,,
2021-05-04 00:00:00,17:11:00,COM VÍTIMA,FINALIZADA,CASA FORTE,EST DO ENCANAMENTO,454,RUA DO MARQUES,,CASA FORTE,,SUBURBIO,COLISÃO TRANSVERSAL,1,1,0,0,0,0,0,0,0,1,0,Longo da via,Nublado,Não existe,Perfeito estado,Seca,Perfeito estado,Faixa de pedestre,Outras,30 km/h,Dupla,Faixa seccionada,,
2021-05-04 00:00:00,20:59:40,SEM VÍTIMA,CANCELADA,CAXANGÁ,AV CAXANGA,,,"E;F A ACADEMIA REF / PRÓX AO HOSPITAL SANTA TEREZINHA E POSTO SHELL,. SNT CAMARAGIBE",CAXANGÁ,,,COLISÃO TRASEIRA,2,0,0,0,0,0,0,0,0,0,0,,,,,,,,,,,,,
2021-05-05 00:00:00,08:27:00,COM VÍTIMA,FINALIZADA,SANTO AMARO,AV CRUZ CABUGA,981,,EM FRENTE AO COLEGIO  SIGISNANDO FERREIRA,SANTO AMARO,,CIDADE,COLISÃO TRASEIRA,1,1,0,0,0,0,0,0,0,2,0,Longo da via,Bom,Não existe,Perfeito estado,Seca,Perfeito estado,Não existe,Não há placas,,Dupla,Faixa contínua,,
2021-05-05 00:00:00,11:58:00,COM VÍTIMA,FINALIZADA,CIDADE UNIVERSITÁRIA,RUA PROFESSOR ANTONIO COELHO,,RUA MARECHAL MANOEL LUIS OSORIO,EM FRENTE AO COLEGIO PONTUAL,CIDADE UNIVERSITÁRIA,,,COLISÃO LATERAL,1,1,0,0,0,0,0,0,0,1,0,,,,,,,,,,,,,
2021-05-05 00:00:00,13:46:00,COM VÍTIMA,FINALIZADA,CABANGA,RUA COMANDANTE ANTONIO MANHAES DE MATTOS,,,AO LADO DA COMPESA,CABANGA,,CIDADE,COLISÃO FRONTAL,1,1,0,0,0,0,0,0,0,1,0,Cruzamento,Bom,Não existe,,Seca,Perfeito estado,Não existe,Não há placas,,Dupla,Não existe,,
2021-05-05 00:00:00,14:48:00,COM VÍTIMA,FINALIZADA,SANTO AMARO,AV GOVERNADOR AGAMENON MAGALHAES,,,PRÓX SHOPPING TACARUNA /  PRÓX AO VDO ENG ROBERTO PEREIRA DE CARVALHO,SANTO AMARO,,OLINDA,COLISÃO TRASEIRA,1,1,0,0,0,1,0,0,0,1,0,,,,,,,,,,,,,
2021-05-06 00:00:00,05:15:00,COM VÍTIMA,FINALIZADA,CAXANGÁ,AV CAXANGA,,,EM FRENTE AO BOI E BRASA,CAXANGÁ,,SUBURBIO,COLISÃO FRONTAL,1,2,0,0,0,0,0,0,0,3,0,Longo da via,Bom,Sem defeito,Perfeito estado,Seca,Perfeito estado,Não existe,Não há placas,,Dupla,Canteiro central,,
2021-05-06 00:00:00,09:19:00,COM VÍTIMA,FINALIZADA,ENCRUZILHADA,RUA CASTRO ALVES,112,RUA JOSE DE SA CARNEIRO,EN FRENTE A CAIXA DA ENCRUZILHADA,ENCRUZILHADA,666,SUBURBIO,ATROPELAMENTO DE PESSOA,1,0,0,0,1,0,0,0,0,1,0,Esquina,Bom,Sem defeito,Perfeito estado,Seca,Perfeito estado,Outros,Não há placas,30 km/h,Única,Faixa seccionada,,
2021-05-06 00:00:00,12:48:00,COM VÍTIMA,CANCELADA,CORDEIRO,AV MAURICIO DE NASSAU,261,,E/F A PADARIA  ATLANTICA  S/T  SUB,CORDEIRO,,,COLISÃO FRONTAL,2,1,0,0,0,0,0,0,0,1,0,,,,,,,,,,,,,
2021-05-06 00:00:00,14:46:00,COM VÍTIMA,FINALIZADA,SANTO AMARO,AV CRUZ CABUGA,1200,RUA LEAO TREZE,E/F AO HOSPITAL DA MARINHA S/T CID,SANTO AMARO,,CIDADE,COLISÃO LATERAL,1,1,0,0,0,0,0,0,0,1,0,Longo da via,Bom,Não existe,Perfeito estado,Seca,Perfeito estado,Não existe,R-6a,,Dupla,Faixa seccionada,,
2021-05-06 00:00:00,18:52:00,COM VÍTIMA,FINALIZADA,CASA AMARELA,RUA CASA AMARELA,,RUA SANTA IZABEL,E/F A PRACA JOTA LEAL ( E/F AO COLEGIO DOM VITA),CASA AMARELA,,SUBURBIO,COLISÃO COM CICLISTA,1,0,0,1,0,0,0,0,0,1,0,Cruzamento,Bom,Não existe,Perfeito estado,Seca,Perfeito estado,Não existe,R-6a,30 km/h,Dupla,Não existe,,
2021-05-06 00:00:00,20:12:00,COM VÍTIMA,FINALIZADA,BOA VIAGEM,RUA VISCONDE DE JEQUITINHONHA,,RUA DR VICENTE GOMES,E/F A LOCALIZA,BOA VIAGEM,433,SUBURBIO,COLISÃO COM CICLISTA,1,0,0,1,0,0,0,0,0,1,0,Cruzamento,Bom,Sem defeito,Perfeito estado,Seca,Perfeito estado,Faixa de pedestre,Não há placas,,Única,,,
2021-05-06 00:00:00,20:33:00,COM VÍTIMA,FINALIZADA,IMBIRIBEIRA,AV MARECHAL MASCARENHAS DE MORAES,,RUA JORNALISTA CLEOFHAS DE OLIVEIRA,E/F AO GERALDÃO / SEMÁFORO 290,IMBIRIBEIRA,240,SUBURBIO,COLISÃO LATERAL,1,1,0,0,0,0,0,0,0,1,0,Longo da via,Bom,Sem defeito,Perfeito estado,Seca,Perfeito estado,Faixa de pedestre,Não há placas,,Única,Faixa contínua,,
2021-05-06 00:00:00,20:39:40,SEM VÍTIMA,FINALIZADA,BOA VIAGEM,RUA PROFESSOR JOSE BRANDAO,,RUA DR PEDRO DE MELLO CAHU,POR TRÁS DO COLÉGIO BV,BOA VIAGEM,,,COLISÃO LATERAL,2,0,0,0,0,0,0,0,0,0,0,,,,,,,,,,,,,
2021-05-07 00:00:00,09:12:00,COM VÍTIMA,FINALIZADA,SANTO AMARO,AV GOVERNADOR AGAMENON MAGALHAES,,,EM FRENTE A UPE,SANTO AMARO,,,COLISÃO TRASEIRA,1,1,0,0,0,0,0,0,0,1,0,,,,,,,,,,,,,
2021-05-07 00:00:00,11:05:00,COM VÍTIMA,FINALIZADA,IBURA,AV RECIFE,2670,,LADO OPOSTO AO N. 2670 SENTIDO BR101 - BOA VIAGEM,IBURA,16,,COLISÃO TRANSVERSAL,1,1,0,0,0,0,0,0,0,1,0,Longo da via,Bom,Sem defeito,Perfeito estado,Seca,Perfeito estado,Agente,,60 km/h,Dupla,Faixa seccionada,Canteiro central,
2021-05-07 00:00:00,14:04:00,COM VÍTIMA,FINALIZADA,IMBIRIBEIRA,AV MARECHAL MASCARENHAS DE MORAES,,PRC MINISTRO SALGADO FILHO,EM FRENTE AO AEROPORTO / EM BAIXO DA PASSARELA,IMBIRIBEIRA,570,,COLISÃO TRASEIRA,1,1,0,0,0,0,0,0,0,1,0,,,,,,,,,,,,,
2021-05-07 00:00:00,14:37:00,COM VÍTIMA,FINALIZADA,ESPINHEIRO,AV GOVERNADOR AGAMENON MAGALHAES,2805,,EM FRENTE AO CIRCULO MILITAR SENTIDO OLINDA,ESPINHEIRO,,CIDADE,COLISÃO LATERAL,1,1,0,0,0,0,0,0,0,1,0,Longo da via,Bom,Não existe,Perfeito estado,Seca,Perfeito estado,Faixa de retenção,Não há placas,,Dupla,Canteiro central,Canal,
2021-05-07 00:00:00,19:08:00,COM VÍTIMA,FINALIZADA,IMBIRIBEIRA,AV RECIFE,,,"NA SUB, DO VIADULTO TANCREDO NEVES , SENTIDO BOA VIAGEM",IMBIRIBEIRA,,,COLISÃO COM CICLISTA,1,0,0,1,0,0,0,0,0,1,0,Longo da via,Bom,Não existe,Perfeito estado,Seca,Perfeito estado,Não existe,Não há placas,60 km/h,Única,Canteiro central,,
2021-05-07 00:00:00,20:56:40,COM VÍTIMA,CANCELADA,ESTÂNCIA,AV RECIFE,,,EM FRENTE AO ATACADÃO (ANTIGO MAKRO),ESTÂNCIA,,,ENGAVETAMENTO,3,1,0,0,0,0,0,0,0,1,0,,,,,,,,,,,,,
2021-05-08 00:00:00,06:42:00,COM VÍTIMA,FINALIZADA,TORRE,RUA REAL DA TORRE,1201,RUA CONDE DE IRAJA,E/F AO MERCADO EXTRABOM,TORRE,106,SUBURBIO,COLISÃO FRONTAL,1,1,0,0,0,0,0,0,0,2,0,Cruzamento,Chuvoso,Sem defeito,Perfeito estado,Molhada,Perfeito estado,Faixa de pedestre,Não há placas,,Única,Faixa seccionada,,
2021-05-08 00:00:00,07:13:00,COM VÍTIMA,FINALIZADA,SÃO JOSÉ,AV SUL,488,RUA PADRE JOSE DE SA LEITAO,SEMAFORO 509,SÃO JOSÉ,509,CIDADE,COLISÃO TRASEIRA,1,1,0,0,0,0,0,0,0,1,0,Cruzamento,Bom,Sem defeito,Perfeito estado,Molhada,Perfeito estado,Faixa de pedestre,R-4a,,Única,,,
2021-05-08 00:00:00,08:53:00,COM VÍTIMA,FINALIZADA,IMBIRIBEIRA,AV MARECHAL MASCARENHAS DE MORAES,3175,,AO LADO DA FERREICA COSTA,IMBIRIBEIRA,385,CIDADE,COLISÃO TRASEIRA,1,1,0,0,0,0,0,0,0,1,0,Longo da via,Chuvoso,Sem defeito,Perfeito estado,Molhada,Perfeito estado,Não existe,Não há placas,,Dupla,Faixa contínua,,
2021-05-08 00:00:00,13:04:00,COM VÍTIMA,FINALIZADA,BARRO,AV DR JOSE RUFINO,1807,,EM FRENTE A IGREJA MUNDIAL DE JESUS CRISTO,BARRO,,SUBURBIO,COLISÃO LATERAL,1,1,0,0,0,0,0,0,0,1,0,Longo da via,Bom,Não existe,Perfeito estado,Seca,Perfeito estado,Não existe,Não há placas,60 km/h,Dupla,Faixa contínua,,
2021-05-08 00:00:00,13:40:00,COM VÍTIMA,FINALIZADA,TOTÓ,AV LIBERDADE,2,,E/F AO CEMITERIO  PARQUE DAS FLORES,TOTÓ,,CIDADE,ATROPELAMENTO DE PESSOA,1,0,0,0,1,0,0,0,0,1,0,Longo da via,Bom,Não existe,Perfeito estado,Seca,Perfeito estado,Não existe,Não há placas,,Dupla,Faixa contínua,,
2021-05-08 00:00:00,14:48:00,COM VÍTIMA,FINALIZADA,CIDADE UNIVERSITÁRIA,RUA EMILIANO BRAGA,777,RUA PROFESSOR ANTONIO COELHO,EM FRENTE A INTEGRAÇÃO DA CIDADE UNIVERSITARIA,CIDADE UNIVERSITÁRIA,,SUBURBIO,COLISÃO LATERAL,1,1,0,0,0,0,0,0,0,1,0,Cruzamento,Bom,Não existe,Perfeito estado,Seca,Perfeito estado,Faixa de pedestre,"Placas ""Pare""",40 km/h,,Faixa seccionada,,
2021-05-09 00:00:00,14:56:00,SEM VÍTIMA,CANCELADA,BOA VIAGEM,RUA DOM JOSE LOPES,,,EM FRENTE AO BAR E RESTAURANTE CANGAÇO,BOA VIAGEM,,,COLISÃO TRASEIRA,2,0,0,0,0,0,0,0,0,0,0,,,,,,,,,,,,,
2021-05-09 00:00:00,15:02:00,COM VÍTIMA,FINALIZADA,AFOGADOS,RUA NICOLAU PEREIRA,,,EM BAIXO DO SEMAFORO 242 / PROX AO ARMAZEM CORAL,AFOGADOS,242,,COLISÃO LATERAL,1,1,0,0,0,0,0,0,0,1,0,,,,,,,,,,,,,
2021-05-09 00:00:00,21:57:40,SEM VÍTIMA,CANCELADA,BOA VIAGEM,AV BOA VIAGEM,4224,RUA ANTONIO FALCAO,PRÓX AO HOTEL VILA RICA,BOA VIAGEM,,,CHOQUE,1,0,0,0,0,0,0,0,0,0,0,,,,,,,,,,,,,
2021-05-10 00:00:00,09:53:00,COM VÍTIMA,FINALIZADA,MACAXEIRA,AV NORTE,,,APÓS O PARQUE DA MACAXEIRA,MACAXEIRA,296,SUBURBIO,COLISÃO TRASEIRA,1,1,0,0,0,0,0,0,0,1,0,Longo da via,Chuvoso,Sem defeito,Perfeito estado,Molhada,Perfeito estado,Faixa de pedestre,Outras,,Dupla,Canteiro central,,
2021-05-10 00:00:00,12:16:00,COM VÍTIMA,FINALIZADA,BOA VIAGEM,AV CONSELHEIRO AGUIAR,,RUA ANTONIO FALCAO,RUA ANTONIO FALCAO,BOA VIAGEM,,,COLISÃO FRONTAL,1,1,0,0,0,0,0,0,0,1,0,,,,,,,,,,,,,
2021-05-10 00:00:00,12:31:00,COM VÍTIMA,FINALIZADA,IBURA,RUA DR BENIGNO JORDAO DE VASCONCELOS,385,,NA LAGOA ENCANTADA NA SUBIDA DA UR2,IBURA,,,COLISÃO LATERAL,1,1,0,0,0,0,0,0,0,1,0,,,,,,,,,,,,,
2021-05-10 00:00:00,13:43:00,COM VÍTIMA,FINALIZADA,TAMARINEIRA,RUA GOMES COUTINHO,218,,PROX AO SUPERMERCADO EXTRA,TAMARINEIRA,,,COLISÃO TRASEIRA,0,1,0,0,0,0,1,0,0,1,0,,,,,,,,,,,,,
2021-05-11 00:00:00,10:14:00,COM VÍTIMA,FINALIZADA,VASCO DA GAMA,RUA VASCO DA GAMA,64,RUA PROFESSOR RUI DA SILVEIRA CASTRO,EM FRENTE A FARMACIA DA SAÚDE,VASCO DA GAMA,,,COLISÃO FRONTAL,1,1,0,0,0,0,0,0,0,1,0,,,,,,,,,,,,,
2021-05-11 00:00:00,13:33:00,COM VÍTIMA,FINALIZADA,CASA AMARELA,AV NORTE,4766,,EM FRENTE AO ARMAZÉM CORAL,CASA AMARELA,,,COLISÃO COM CICLISTA,0,0,0,1,0,1,0,0,0,1,0,,,,,,,,,,,,,
2021-05-11 00:00:00,17:41:00,COM VÍTIMA,FINALIZADA,SANTO AMARO,AV GOVERNADOR AGAMENON MAGALHAES,,,EM FRENTE AO TACARUNA/ SENTIDO RECIFE,SANTO AMARO,,CIDADE,COLISÃO LATERAL,2,1,0,0,0,0,0,0,0,1,0,,,,,,,,,,,,,
2021-05-11 00:00:00,18:07:00,SEM VÍTIMA,FINALIZADA,MADALENA,AV VISCONDE DE ALBUQUERQUE,,,EM FRENTE AO MADALENA CENTER,MADALENA,,,COLISÃO TRANSVERSAL,1,0,0,0,0,0,0,0,1,0,0,,,,,,,,,,,,,
2021-05-11 00:00:00,18:35:00,COM VÍTIMA,FINALIZADA,SÃO JOSÉ,AV SUL,1562,,EM FRENTE A COMPANHIA MOTO PEÇAS E SERVIÇOS,SÃO JOSÉ,,,COLISÃO LATERAL,0,2,0,0,0,0,0,0,0,1,0,,,,,,,,,,,,,
2021-05-11 00:00:00,18:50:00,COM VÍTIMA,FINALIZADA,CASA FORTE,RUA DE APIPUCOS,264,,,CASA FORTE,,,ATROPELAMENTO DE ANIMAL,0,0,0,0,0,0,0,0,0,1,0,,,,,,,,,,,,,
2021-05-11 00:00:00,18:53:00,SEM VÍTIMA,CANCELADA,ILHA DO LEITE,RUA JOSE DE ALENCAR,,RUA VISCONDE DE GOIANA,PRÓX A UNIMED RECIFE 3,ILHA DO LEITE,,,COLISÃO FRONTAL,2,0,0,0,0,0,0,0,0,0,0,,,,,,,,,,,,,
2021-05-12 00:00:00,11:35:00,COM VÍTIMA,FINALIZADA,CASA AMARELA,RUA PADRE LEMOS,785,,EM FRENTE AO POSTO PETROBRÁS,CASA AMARELA,,,COLISÃO FRONTAL,1,1,0,0,0,0,0,0,0,1,0,Longo da via,Bom,Sem defeito,Incompleta,Seca,Perfeito estado,Não existe,R-6a,30 km/h,Dupla,Não existe,,
2021-05-12 00:00:00,12:07:00,COM VÍTIMA,FINALIZADA,AFOGADOS,RUA VINTE E UM DE ABRIL,949,,EM FRENTE A FABRICA DO CAFE PETINHO,AFOGADOS,,SUBURBIO,COLISÃO FRONTAL,0,2,0,0,0,0,0,0,0,1,0,Longo da via,Bom,Não existe,Não existente,Seca,Perfeito estado,Não existe,Não há placas,60 km/h,Dupla,Não existe,,
2021-05-12 00:00:00,13:59:00,COM VÍTIMA,FINALIZADA,PINA,PTE GOVERNADOR PAULO GUERRA,,,SENTIDO BOA VIAGEM,PINA,,SUBURBIO,,1,1,0,0,0,0,0,0,0,1,0,Longo da via,Bom,Não existe,Perfeito estado,Seca,Perfeito estado,Não existe,Não há placas,,Única,Faixa seccionada,,
2021-05-12 00:00:00,15:17:00,COM VÍTIMA,FINALIZADA,SÃO JOSÉ,RUA IMPERIAL,,,PROX. AO POSTO BR,SÃO JOSÉ,,,COLISÃO LATERAL,0,2,0,0,0,0,0,0,0,1,0,,,,,,,,,,,,,
2021-05-12 00:00:00,15:56:00,COM VÍTIMA,CANCELADA,SAN MARTIN,AV JOAO CABRAL DE MELO NETO,35,,PROX A GRAFICA ALENCAR S/T SUB  VT  20 NO LOCAL,SAN MARTIN,,,COLISÃO COM CICLISTA,0,1,0,0,0,0,0,0,0,1,0,,,,,,,,,,,,,
2021-05-12 00:00:00,17:58:00,COM VÍTIMA,FINALIZADA,BOA VISTA,RUA DA AURORA,,,PONTE DE FERRO ( PONTE BOA VISTA),BOA VISTA,,SUBURBIO,ATROPELAMENTO DE PESSOA,0,1,0,0,1,0,0,0,0,1,0,Longo da via,Bom,Sem defeito,Perfeito estado,Seca,Perfeito estado,Não existe,R-6a,60 km/h,Única,Faixa seccionada,,
2021-05-13 00:00:00,01:36:00,SEM VÍTIMA,FINALIZADA,SANTO AMARO,AV GOVERNADOR AGAMENON MAGALHAES,,,PISTA LOCAL DA AV GOV AGAMENOM MAGALHÃES - E/F À ACADEMIA DA CIDADE - PROXIMO À UPE - SENTIDO OLINDA,SANTO AMARO,,,CHOQUE,1,0,0,0,0,0,0,0,0,0,0,,,,,,,,,,,,,
2021-05-13 00:00:00,15:41:00,SEM VÍTIMA,FINALIZADA,BOA VISTA,RUA BISPO CARDOSO AYRES,,RUA DO PRINCIPE,MONITORAMENTO EM PONTO DE ALAGAMENTO,BOA VISTA,,,ALAGAMENTO,0,0,0,0,0,0,0,0,0,0,0,,,,,,,,,,,,,
2021-05-13 00:00:00,16:07:00,SEM VÍTIMA,FINALIZADA,BOA VISTA,RUA BISPO CARDOSO AYRES,,RUA DO PRINCIPE,MONITORAMENTO EM PONTO DE ALAGAMENTO,BOA VISTA,,,ALAGAMENTO,0,0,0,0,0,0,0,0,0,0,0,,,,,,,,,,,,,
2021-05-13 00:00:00,17:04:00,SEM VÍTIMA,CANCELADA,BOA VISTA,RUA BISPO CARDOSO AYRES,,RUA DO PRINCIPE,MONITORAMENTO EM PONTO DE ALAGAMENTO,BOA VISTA,,,ALAGAMENTO,0,0,0,0,0,0,0,0,0,0,0,,,,,,,,,,,,,
2021-05-14 00:00:00,18:00:00,COM VÍTIMA,FINALIZADA,PRADO,RUA SANTA EDWIRGES,,AV ENGENHEIRO ABDIAS DE CARVALHO,SEMÁFORO 354,PRADO,354,CIDADE,COLISÃO LATERAL,1,1,0,0,0,0,0,0,0,1,0,Cruzamento,Chuvoso,Com defeito,Perfeito estado,Molhada,Perfeito estado,Faixa de pedestre,Outras,,Única,Não existe,,
2021-05-14 00:00:00,19:12:00,SEM VÍTIMA,FINALIZADA,BOMBA DO HEMETÉRIO,RUA BOMBA DO HEMETERIO,405[,,E/F A fUNERARIA BOMBA DO HEMETEIRO E CONSULTÓRIOS MÉDICOS,BOMBA DO HEMETÉRIO,,,COLISÃO LATERAL,0,0,0,0,0,0,0,0,0,0,0,,,,,,,,,,,,,
2021-05-14 00:00:00,19:36:00,SEM VÍTIMA,EVADIU-SE,CASA AMARELA,AV NORTE,,,SEMÁFORO  643 / E/F AO POSTO BR E PRÓX AO SESC,CASA AMARELA,,,COLISÃO FRONTAL,2,0,0,0,0,0,0,0,0,0,0,,,,,,,,,,,,,
2021-05-15 00:00:00,11:09:00,COM VÍTIMA,FINALIZADA,BOA VIAGEM,RUA JOAQUIM BANDEIRA,,RUA SARGENTO SILVINO DE MACEDO,HOTEL PRAIA SUL,BOA VIAGEM,,,COLISÃO TRANSVERSAL,1,1,0,0,0,0,0,0,0,1,0,,,,,,,,,,,,,
2021-05-15 00:00:00,13:00:00,COM VÍTIMA,FINALIZADA,ÁGUA FRIA,RUA MANOEL SILVA,233,,PRÓX AO EMPÓRIO DA CERVEJA,ÁGUA FRIA,,,COLISÃO LATERAL,2,0,0,0,0,0,0,0,0,1,0,,,,,,,,,,,,,
2021-05-15 00:00:00,14:03:00,COM VÍTIMA,FINALIZADA,CAXANGÁ,AV CAXANGA,,,PRÓX À UPA,CAXANGÁ,,CIDADE,COLISÃO TRASEIRA,1,1,0,0,0,0,0,0,0,1,0,Longo da via,Bom,Sem defeito,Perfeito estado,Seca,Perfeito estado,Não existe,Não há placas,,Dupla,Canteiro central,,
2021-05-15 00:00:00,14:35:00,COM VÍTIMA,FINALIZADA,CAMPO GRANDE,EST DE BELEM,1099,,ASSEMBLEIA DE DEUS,CAMPO GRANDE,,CIDADE,COLISÃO TRASEIRA,0,1,0,0,0,1,0,0,0,1,0,Longo da via,Bom,Não existe,Perfeito estado,Seca,Perfeito estado,Não existe,Outras,,Dupla,Faixa contínua,Faixa seccionada,
2021-05-15 00:00:00,15:13:00,COM VÍTIMA,FINALIZADA,IBURA,AV RECIFE,2240,,EM FRENTE AO PERNAMBUCO GÁS,IBURA,,CIDADE,COLISÃO TRASEIRA,1,1,0,0,0,0,0,0,0,1,0,Longo da via,Bom,Sem defeito,Perfeito estado,Seca,Perfeito estado,Outros,Outras,60 km/h,Dupla,Canteiro central,,
2021-05-15 00:00:00,15:28:00,COM VÍTIMA,FINALIZADA,PONTO DE PARADA,RUA COUTO MAGALHAES,176,,PRÓX à PADARIA DO ÍNDIO,PONTO DE PARADA,,SUBURBIO,COLISÃO TRASEIRA,2,0,0,0,0,0,0,0,0,3,0,Longo da via,Bom,Não existe,Não existente,Seca,Perfeito estado,Não existe,Não há placas,,Dupla,Não existe,,
2021-05-15 00:00:00,15:40:00,COM VÍTIMA,FINALIZADA,SANTO AMARO,AV CRUZ CABUGA,,,EM FRENTE À IGREJA UNIVERSAL,SANTO AMARO,,CIDADE,COLISÃO COM CICLISTA,1,0,0,1,0,0,0,0,0,1,0,Longo da via,Bom,Não existe,Perfeito estado,Seca,Perfeito estado,Outros,Não há placas,,Dupla,Faixa seccionada,,