data,hora,natureza,situacao,bairro,endereco,numero,detalhe_endereco_acidente,complemento,bairro_cruzamento,num_semaforo,sentido_via,tipo,auto,moto,ciclom,ciclista,pedestre,onibus,caminhao,viatura,outros,vitimas,vitimasfatais,acidente_verificado,tempo_clima,situacao_semaforo,sinalizacao,condicao_via,conservacao_via,ponto_controle,situacao_placa,velocidade_max_via,mao_direcao,divisao_via1,divisao_via2,divisao_via3
2021-05-15 00:00:00,15:45:00,COM VÍTIMA,FINALIZADA,BOA VIAGEM,RUA DOS NAVEGANTES,1979,RUA MARIA CAROLINA,,BOA VIAGEM,,SUBURBIO,COLISÃO LATERAL,1,1,0,0,0,0,0,0,0,1,0,Cruzamento,Bom,Não existe,Perfeito estado,Seca,Perfeito estado,Não existe,Não há placas,,Única,Não existe,,
2021-05-15 00:00:00,19:06:00,SEM VÍTIMA,FINALIZADA,BOA VIAGEM,RUA TENENTE JOAO CICERO,,RUA MINISTRO NELSON HUNGRIA,,BOA VIAGEM,,CIDADE,COLISÃO TRANSVERSAL,3,0,0,0,0,0,0,0,0,0,0,Cruzamento,Bom,Não existe,Incompleta,Seca,Perfeito estado,Não existe,"Placas ""Pare""",,Única,Não existe,,
2021-05-15 00:00:00,21:46:40,SEM VÍTIMA,FINALIZADA,TORREÃO,RUA OTHON PARAISO,,RUA DJALMA FARIAS,,TORREÃO,,,COLISÃO FRONTAL,2,0,0,0,0,0,0,0,0,0,0,,,,,,,,,,,,,
2021-05-16 00:00:00,07:35:00,SEM VÍTIMA,CANCELADA,IMBIRIBEIRA,AV MARECHAL MASCARENHAS DE MORAES,,,"EMFRENTE AO POSTO IPIRANGA,AO LADO DACAIXA ECONOMICA, SENT. CIDADE",IMBIRIBEIRA,,,COLISÃO LATERAL,3,0,0,0,0,0,0,0,0,0,0,,,,,,,,,,,,,
2021-05-16 00:00:00,07:41:00,COM VÍTIMA,FINALIZADA,BOA VIAGEM,AV ENGENHEIRO DOMINGOS FERREIRA,1340,RUA FELIX DE BRITO E MELO,POR TRAS DO CARREFOUR,BOA VIAGEM,545,SUBURBIO,CAPOTAMENTO,2,0,0,0,0,0,0,0,0,1,0,Cruzamento,Bom,Sem defeito,Perfeito estado,Seca,Perfeito estado,Faixa de pedestre,R-6a,,Única,Canteiro central,,
2021-05-16 00:00:00,17:27:00,COM VÍTIMA,FINALIZADA,BOA VIAGEM,AV ENGENHEIRO DOMINGOS FERREIRA,,RUA FELIX DE BRITO E MELO,RUA FELIX BRITO DE MELO,BOA VIAGEM,545,SUBURBIO,COLISÃO LATERAL,1,1,0,0,0,0,0,0,0,1,0,Cruzamento,Bom,Sem defeito,Perfeito estado,Seca,Perfeito estado,Faixa de pedestre,,60 km/h,Única,Faixa contínua,,
2021-05-16 00:00:00,19:10:00,COM VÍTIMA,FINALIZADA,TORRE,RUA JOSE BONIFACIO,,RUA MARCOS ANDRE,CRUZAMENTO C/A RUA MARCOS ANDRÉ - PRÓXIMO AO CARREFOUR,TORRE,,CIDADE,COLISÃO COM CICLISTA,1,1,0,0,0,0,0,0,0,1,0,Longo da via,Bom,Sem defeito,Perfeito estado,Seca,Perfeito estado,Não existe,R-6a,40 km/h,Dupla,Canteiro central,,
2021-05-16 00:00:00,19:09:00,COM VÍTIMA,FINALIZADA,MADALENA,AV BEIRA RIO,,RUA JOSE OSORIO,SEMÁFORO 387,MADALENA,387,CIDADE,COLISÃO COM CICLISTA,1,0,0,1,0,0,0,0,0,1,0,Cruzamento,Bom,Sem defeito,Perfeito estado,Seca,Perfeito estado,Faixa de pedestre,R-6a,,Única,,,
2021-05-16 00:00:00,19:13:00,COM VÍTIMA,FINALIZADA,SANTO AMARO,AV GOVERNADOR AGAMENON MAGALHAES,,RUA DR LEOPOLDO LINS,CRUZAMENTO C/A RUA LEOPOLDO LINS - SENTIDO OLINDA - PROXIMO À CAIXA ECONOMICA,SANTO AMARO,78,SUBURBIO,CHOQUE,1,1,0,0,0,0,0,0,0,1,0,Longo da via,Bom,Sem defeito,Perfeito estado,Seca,Perfeito estado,Faixa de pedestre,Outras,60 km/h,Única,Faixa seccionada,,
2021-05-17 00:00:00,07:07:00,COM VÍTIMA,FINALIZADA,IPUTINGA,AV CAXANGA,3367,,EM FRENTE  AO BIG BOMPREÇO,IPUTINGA,533,SUBURBIO,COLISÃO LATERAL,1,1,0,0,0,0,0,0,0,1,0,Longo da via,Bom,Sem defeito,Perfeito estado,Seca,Perfeito estado,Agente,Não há placas,60 km/h,Única,Faixa seccionada,,
2021-05-17 00:00:00,09:17:00,SEM VÍTIMA,FINALIZADA,CASA AMARELA,RUA PAULA BATISTA,202,RUA XAVANTES,CASA ESPÍRITA LAR DE MARIA,CASA AMARELA,,CIDADE,COLISÃO TRANSVERSAL,1,0,0,0,0,0,0,1,0,0,0,Cruzamento,Bom,Não existe,Incompleta,Seca,Perfeito estado,Faixa de retenção,Outras,,Dupla,Faixa seccionada,,
2021-05-17 00:00:00,10:09:00,COM VÍTIMA,FINALIZADA,BOMBA DO HEMETÉRIO,RUA BOMBA DO HEMETERIO,,,PRÓX AO POSTO DE COMBUSTÍVEL NORTE BRAS,BOMBA DO HEMETÉRIO,,SUBURBIO,COLISÃO TRASEIRA,1,1,0,0,0,0,0,0,0,2,0,Rotatória,Bom,Não existe,Perfeito estado,Seca,Perfeito estado,Faixa de pedestre,Não há placas,30 km/h,Dupla,Faixa seccionada,,
2021-05-17 00:00:00,11:32:00,COM VÍTIMA,FINALIZADA,IMBIRIBEIRA,RUA JORGE DE LIMA,479,RUA JORGE DE LIMA,EM FRENTE AO GALETINHO DO MATUTO,IMBIRIBEIRA,402,SUBURBIO,COLISÃO LATERAL,0,2,0,0,0,0,0,0,0,1,0,Cruzamento,Bom,Sem defeito,Perfeito estado,Seca,Perfeito estado,Faixa de pedestre,Outras,60 km/h,Única,Faixa contínua,,
2021-05-17 00:00:00,14:56:00,COM VÍTIMA,FINALIZADA,SÃO JOSÉ,AV DANTAS BARRETO,,,PRÓX À PRAÇA SERGIO LORÊTO,SÃO JOSÉ,,CIDADE,ATROPELAMENTO DE PESSOA,1,0,0,0,1,0,0,0,0,1,0,Longo da via,Bom,Sem defeito,Perfeito estado,Seca,Perfeito estado,Faixa de pedestre,Não há placas,,Dupla,Faixa contínua,,
2021-05-17 00:00:00,19:12:00,SEM VÍTIMA,CANCELADA,MANGABEIRA,RUA DA MANGABEIRA,281,,PROX. DO CLUB DA MANGABEIRA,MANGABEIRA,,,COLISÃO LATERAL,2,0,0,0,0,0,0,0,0,0,0,,,,,,,,,,,,,
2021-05-17 00:00:00,19:22:00,COM VÍTIMA,CANCELADA,COQUEIRAL,RUA ANANIAS CATANHO,39,,CASA,COQUEIRAL,,,ATROPELAMENTO DE PESSOA,0,1,0,0,1,0,0,0,0,1,0,,,,,,,,,,,,,
2021-05-17 00:00:00,19:52:00,COM VÍTIMA,FINALIZADA,SANTO AMARO,AV NORTE,,AV CRUZ CABUGA,NA ALÇA DE ACESSO A AV. CRUZ CABUGÁ,SANTO AMARO,34,CIDADE,COLISÃO TRASEIRA,1,1,0,0,0,0,0,0,0,1,0,Longo da via,Bom,Não existe,Perfeito estado,Seca,Perfeito estado,Faixa de pedestre,"Placas ""Dê a preferência""",,Única,Não existe,,
2021-05-18 00:00:00,07:54:00,COM VÍTIMA,FINALIZADA,AREIAS,AV RECIFE,,,EMFRENTE AO HIPER DE AREIAS. SENTIDO BOA VIAGEM,AREIAS,,,COLISÃO LATERAL,0,2,0,0,0,0,0,0,0,1,0,Longo da via,Bom,Não existe,Perfeito estado,Seca,Perfeito estado,Não existe,Outras,,Dupla,Canteiro central,,
2021-05-18 00:00:00,09:44:00,COM VÍTIMA,FINALIZADA,ILHA DO LEITE,RUA FRANCISCO ALVES,325,,EMPREASRIAL MULTIMED ILHA CENTER,ILHA DO LEITE,,SUBURBIO,COLISÃO LATERAL,1,1,0,0,0,0,0,0,0,1,0,Longo da via,Bom,Não existe,Perfeito estado,Seca,Perfeito estado,Outros,"Placas ""Dê a preferência""",,Dupla,Faixa contínua,,
2021-05-18 00:00:00,12:48:00,COM VÍTIMA,FINALIZADA,TORRE,RUA CONDE DE IRAJA,691,RUA REAL DA TORRE,AO LADO EXTRA E/F A ESCOLA GERAÇAO  ATIVA,TORRE,,SUBURBIO,COLISÃO LATERAL,1,1,0,0,0,0,0,0,0,1,0,Longo da via,Bom,Não existe,Perfeito estado,Seca,Perfeito estado,Não existe,Não há placas,60 km/h,Única,Faixa seccionada,,
2021-05-18 00:00:00,13:29:00,COM VÍTIMA,FINALIZADA,ESPINHEIRO,RUA QUARENTA E OITO,873,RUA CARNEIRO VILELA,EM FRENTE A GALERIA QUARENTA E OITO,ESPINHEIRO,,CIDADE,COLISÃO TRANSVERSAL,1,1,0,0,0,0,0,0,0,1,0,Longo da via,Bom,Não existe,Perfeito estado,Seca,Perfeito estado,Faixa de pedestre,Não há placas,40 km/h,Única,Faixa seccionada,,
2021-05-18 00:00:00,15:03:00,COM VÍTIMA,FINALIZADA,SANTO AMARO,RUA TRES DE MAIO,9144,RUA FREI CASSIMIRO,PROX ANTIGA CTTU E/F A BORRACHARIA MODESTO,SANTO AMARO,,SUBURBIO,COLISÃO LATERAL,1,0,0,0,0,0,0,0,0,1,0,Cruzamento,Bom,Não existe,Ilegível,Seca,Mal iluminada,Não existe,Não há placas,,Dupla,Não existe,,
2021-05-18 00:00:00,17:32:00,COM VÍTIMA,FINALIZADA,BOA VISTA,RUA DOM BOSCO,,,LADO OPOSTO A FARMACIA DROGASIL,BOA VISTA,,SUBURBIO,CHOQUE,1,0,0,0,0,0,0,0,0,1,0,Longo da via,Bom,Sem defeito,Perfeito estado,Seca,Perfeito estado,Outros,Outras,40 km/h,Única,Faixa seccionada,,
2021-05-18 00:00:00,17:42:00,COM VÍTIMA,FINALIZADA,BOA VISTA,AV GOVERNADOR AGAMENON MAGALHAES,,AV GOVERNADOR AGAMENON MAGALHAES,EM FRENTE AO HOSPITAL MENORIAL SÃO JOSE,BOA VISTA,,CIDADE,COLISÃO TRASEIRA,0,0,0,0,0,2,0,0,0,1,0,Longo da via,Bom,Sem defeito,Perfeito estado,Seca,Perfeito estado,Não existe,Não há placas,60 km/h,Dupla,Canteiro central,,
2021-05-18 00:00:00,17:55:00,COM VÍTIMA,FINALIZADA,ESPINHEIRO,AV NORTE,,RUA MARQUES DO PARANA,LADO OPOSTO A PRAÇA DA PICANHA,ESPINHEIRO,376,CIDADE,CAPOTAMENTO,1,0,0,0,0,0,0,0,0,1,0,Cruzamento,Bom,Sem defeito,Perfeito estado,Seca,Perfeito estado,Faixa de pedestre,Outras,60 km/h,Dupla,Canteiro central,,
2021-05-18 00:00:00,18:11:00,COM VÍTIMA,FINALIZADA,BOA VIAGEM,AV BOA VIAGEM,826,,,BOA VIAGEM,,CIDADE,COLISÃO TRANSVERSAL,1,1,0,0,0,0,0,0,0,1,0,Longo da via,Bom,Não existe,Perfeito estado,Seca,Perfeito estado,Não existe,Não há placas,,Única,Faixa seccionada,,
2021-05-19 00:00:00,07:17:00,COM VÍTIMA,FINALIZADA,MADALENA,AV BEIRA RIO,771,,EM FRENTE AO EDF BEIRA RIO,MADALENA,,,COLISÃO COM CICLISTA,1,0,0,1,0,0,0,0,0,1,0,Longo da via,Bom,Sem defeito,Perfeito estado,Seca,Perfeito estado,Não existe,Não há placas,,Dupla,Faixa seccionada,,
2021-05-19 00:00:00,08:16:00,COM VÍTIMA,FINALIZADA,CAXANGÁ,AV CAXANGA,,,EM  FRENTE A EXPOSIÇAO DE ANIMAIS /  SENT CAMARAGIBE /,CAXANGÁ,,,COLISÃO TRASEIRA,1,1,0,0,0,0,0,0,0,1,0,Longo da via,Bom,Não existe,Perfeito estado,Seca,Perfeito estado,Não existe,R-6a,,Dupla,Faixa contínua,Faixa seccionada,Canteiro central
2021-05-19 00:00:00,09:11:00,COM VÍTIMA,FINALIZADA,BOA VISTA,RUA JOSE DE ALENCAR,,RUA BARAO DE SAO BORJA,EM FRENTE AO HOTEL BOA VISTA,BOA VISTA,,,COLISÃO LATERAL,2,0,0,0,0,0,0,0,0,1,0,,,,,,,,,,,,,
2021-05-19 00:00:00,17:35:00,COM VÍTIMA,FINALIZADA,SANTO AMARO,AV VISCONDE DE SUASSUNA,,PRQ TREZE DE MAIO,COLÉGIO IEP,SANTO AMARO,,,COLISÃO LATERAL,0,1,0,0,0,0,0,1,0,1,0,Cruzamento,Bom,Sem defeito,Perfeito estado,Seca,Perfeito estado,Faixa de pedestre,Outras,,Dupla,Faixa seccionada,,
2021-05-19 00:00:00,19:05:00,COM VÍTIMA,FINALIZADA,CORDEIRO,AV CAXANGA,,AV GENERAL SAN MARTIN,PRÓX AO HOSPITAL GETÚLIO VARGAS,CORDEIRO,,CIDADE,COLISÃO LATERAL,1,1,0,0,0,0,0,0,0,1,0,Longo da via,Bom,Sem defeito,Perfeito estado,Seca,Perfeito estado,Não existe,Não há placas,,Dupla,Canteiro central,,
2021-05-20 00:00:00,08:21:00,COM VÍTIMA,FINALIZADA,IPUTINGA,AV CAXANGA,4360,RUA PROFESSOR CHAVES BATISTA,LADO OPOSTO AO HOSPITAL SANTA TEREZINHA,IPUTINGA,230,CIDADE,COLISÃO COM CICLISTA,0,0,0,1,0,0,0,0,0,1,0,Cruzamento,Bom,Sem defeito,Perfeito estado,Seca,Perfeito estado,Faixa de pedestre,Outras,,Dupla,Canteiro central,,
2021-05-20 00:00:00,12:08:00,COM VÍTIMA,FINALIZADA,TEJIPIÓ,RUA FALCAO DE LACERDA,112,,PROXIMO A OFICINA LIDER,TEJIPIÓ,,SUBURBIO,COLISÃO LATERAL,1,1,0,0,0,0,0,0,0,1,0,Longo da via,Bom,Não existe,Ilegível,Seca,Perfeito estado,Não existe,Não há placas,40 km/h,Dupla,Faixa contínua,,
2021-05-20 00:00:00,13:58:00,COM VÍTIMA,FINALIZADA,CORDEIRO,RUA CLAUDIO BROTHERHOOD,571,RUA RIO CAPIBARIBE,,CORDEIRO,,CIDADE,COLISÃO FRONTAL,1,1,0,0,0,0,0,0,0,1,0,Cruzamento,Bom,Não existe,Não existente,Seca,Perfeito estado,Não existe,Não há placas,40 km/h,Dupla,Faixa seccionada,,
2021-05-20 00:00:00,15:07:00,COM VÍTIMA,FINALIZADA,MADALENA,RUA SENADOR FABIO DE BARROS,,,E/F AO EXTRA,MADALENA,,SUBURBIO,COLISÃO FRONTAL,1,1,0,0,0,0,0,0,0,1,0,Longo da via,Bom,Sem defeito,Perfeito estado,Seca,Perfeito estado,Não existe,Não há placas,,Dupla,Faixa contínua,,
2021-05-20 00:00:00,16:24:00,COM VÍTIMA,FINALIZADA,IMBIRIBEIRA,AV ENGENHEIRO ALVES DE SOUZA,,RUA ARQUITETO LUIZ NUNES,EM FRENTE A DROGASIL E A JULIETTO,IMBIRIBEIRA,634,CIDADE,COLISÃO LATERAL,1,1,0,0,0,0,0,0,0,1,0,Cruzamento,Bom,Sem defeito,Ilegível,Seca,Perfeito estado,Faixa de pedestre,"Placas ""Pare""",,Dupla,Faixa seccionada,,
2021-05-20 00:00:00,22:26:40,COM VÍTIMA,FINALIZADA,BOA VIAGEM,AV ENGENHEIRO DOMINGOS FERREIRA,,RUA ERNESTO DE PAULA SANTOS,E/F AO RESTAURANTE CASA DITÁLIA - PISTA DA ESQUERDA,BOA VIAGEM,217,SUBURBIO,COLISÃO TRASEIRA,1,1,0,0,0,0,0,0,0,1,0,Cruzamento,Bom,Sem defeito,Perfeito estado,Seca,Perfeito estado,Faixa de pedestre,R-6a,50 km/h,Única,Canteiro central,,
2021-05-21 00:00:00,05:22:00,SEM VÍTIMA,FINALIZADA,IPUTINGA,AV PROFESSOR JOAQUIM CAVALCANTI,,,PROXIMO DO VIADUTO DA CAXANGÁ,IPUTINGA,,,COLISÃO LATERAL,2,0,0,0,0,0,0,0,0,0,0,,,,,,,,,,,,,
2021-05-21 00:00:00,10:03:00,COM VÍTIMA,FINALIZADA,GRAÇAS,RUA ALBERTO PAIVA,,,POR TRÁS DA PEDRAGON CHEVROLET,GRAÇAS,,SUBURBIO,QUEDA,0,1,0,0,0,0,0,0,0,1,0,Longo da via,Chuvoso,Não existe,Perfeito estado,Oleosa,Perfeito estado,Não existe,Não há placas,40 km/h,Única,Faixa seccionada,,
2021-05-21 00:00:00,10:27:00,COM VÍTIMA,FINALIZADA,IBURA,AV RECIFE,2670,,LOJA DE AUTO,IBURA,,SUBURBIO,COLISÃO TRANSVERSAL,1,1,0,0,0,0,0,0,0,1,0,Longo da via,Bom,Sem defeito,Perfeito estado,Seca,Perfeito estado,Não existe,Não há placas,60 km/h,Dupla,Canteiro central,,
2021-05-21 00:00:00,10:35:00,COM VÍTIMA,FINALIZADA,SANTO ANTÔNIO,AV GUARARAPES,161,,EM FRENTE A CAIXA ECONÔMICA FEDERAL,SANTO ANTÔNIO,,SUBURBIO,ATROPELAMENTO DE PESSOA,0,0,0,0,1,1,0,0,0,1,0,Longo da via,Bom,Não existe,Perfeito estado,Seca,Perfeito estado,Não existe,Não há placas,40 km/h,Dupla,Canteiro central,,
2021-05-21 00:00:00,10:50:00,COM VÍTIMA,DUPLICIDADE,SANTO ANTÔNIO,AV GUARARAPES,,,EM FRENTE A FARMACIA INDEPENDENTE,SANTO ANTÔNIO,,SUBURBIO,ATROPELAMENTO DE PESSOA,0,0,0,0,1,0,0,0,0,1,0,,,,,,,,,,,,,
2021-05-21 00:00:00,12:23:00,COM VÍTIMA,FINALIZADA,SÃO JOSÉ,C SANTA RITA,595,AV ENGENHEIRO JOSE ESTELITA,EM FRENTE AO PIER MARICIO DE NASSAU,SÃO JOSÉ,,SUBURBIO,COLISÃO TRASEIRA,1,1,0,0,0,0,0,0,0,1,0,Longo da via,Bom,Não existe,Perfeito estado,Seca,Perfeito estado,Não existe,Não há placas,60 km/h,Dupla,Canteiro central,,
2021-05-21 00:00:00,13:11:00,COM VÍTIMA,FINALIZADA,BOA VIAGEM,RUA VISCONDE DE JEQUITINHONHA,1900,RUA DES JOAO PAES,EM FRENTE,BOA VIAGEM,,CIDADE,COLISÃO FRONTAL,2,0,0,0,0,0,0,0,0,1,0,Cruzamento,Bom,Não existe,Perfeito estado,Seca,Perfeito estado,Faixa de pedestre,"Placas ""Pare""",,Única,Não existe,,
2021-05-21 00:00:00,14:18:00,COM VÍTIMA,FINALIZADA,BRASÍLIA TEIMOSA,RUA IVONETE FERREIRA DA SILVA,15,,"AO LADO DO HABITACIONAL,EM FRENTE A OFICINA DE BARCOS",BRASÍLIA TEIMOSA,,CIDADE,COLISÃO FRONTAL,1,1,0,0,0,0,0,0,0,1,0,Longo da via,Bom,Não existe,Ilegível,Seca,Mal conservada,Não existe,Não há placas,,Dupla,Faixa contínua,,
2021-05-21 00:00:00,19:17:00,COM VÍTIMA,CANCELADA,BOA VIAGEM,AV CONSELHEIRO AGUIAR,3600,,EM FRENTE A IMORIO FRUTÁRIA/ EDIF. SANTA TEREZA,BOA VIAGEM,,,COLISÃO LATERAL,2,0,0,0,0,0,0,0,0,1,0,,,,,,,,,,,,,
2021-05-21 00:00:00,19:34:00,SEM VÍTIMA,CANCELADA,ARRUDA,AV PROFESSOR JOSE DOS ANJOS,,RUA CONEGO BARATA,PRÓX AO DENOCS,ARRUDA,306,,COLISÃO TRASEIRA,2,0,0,0,0,0,0,0,0,0,0,,,,,,,,,,,,,
2021-05-21 00:00:00,20:54:40,COM VÍTIMA,FINALIZADA,CAMPO GRANDE,RUA CATULO DA PAIXAO CEARENSE,,RUA PROFESSOR FRANCISCO DA TRINDADE,PRÓX A IGREJA A UNIVERSAL,CAMPO GRANDE,,,COLISÃO LATERAL,1,1,0,0,0,0,0,0,0,1,0,,,,,,,,,,,,,
2021-05-22 00:00:00,08:48:00,COM VÍTIMA,FINALIZADA,AFOGADOS,RUA PROFESSOR AUGUSTO WANDERLEY FILHO,25,RUA AUGUSTO CALHEIROS,"ANTES DA PONTE MOTOCOLOMBO, SENT. IMBIRIBEIRA",AFOGADOS,,SUBURBIO,COLISÃO TRASEIRA,1,1,0,0,0,0,0,0,0,1,0,Longo da via,Bom,Sem defeito,Perfeito estado,Seca,Perfeito estado,Não existe,Não há placas,40 km/h,Única,Faixa seccionada,,
2021-05-22 00:00:00,13:49:00,COM VÍTIMA,FINALIZADA,BOA VIAGEM,AV BOA VIAGEM,3610,,APOS O HOTEL INTERNACIONAL PALACE  RECIFE,BOA VIAGEM,,CIDADE,COLISÃO TRASEIRA,1,1,0,0,0,0,0,0,0,1,0,Longo da via,Bom,Não existe,Perfeito estado,Seca,Perfeito estado,Não existe,Não há placas,,Única,Faixa seccionada,,
2021-05-22 00:00:00,19:26:00,COM VÍTIMA,FINALIZADA,SAN MARTIN,AV JOAO CABRAL DE MELO NETO,2702,RUA TENENTE MINDELO,SEMÁFORO 250 - RUA TENENTE MINDELO,SAN MARTIN,250,SUBURBIO,COLISÃO COM CICLISTA,0,1,0,1,0,0,0,0,0,1,0,Cruzamento,Bom,Sem defeito,Perfeito estado,Seca,Perfeito estado,Não existe,Não há placas,,Dupla,Canteiro central,,
2021-05-22 00:00:00,20:42:40,COM VÍTIMA,CANCELADA,ÁGUA FRIA,AV ANIBAL BENEVOLO,,,E/F AO MERCADINHO SUPERBOM E PRÓX AO BELA VISTA,ÁGUA FRIA,,,COLISÃO FRONTAL,0,1,1,0,0,0,0,0,0,3,0,,,,,,,,,,,,,
2021-05-22 00:00:00,21:20:40,SEM VÍTIMA,FINALIZADA,PRADO,RUA GOMES TABORDA,376,RUA QUATRO DE OUTUBRO,,PRADO,,SUBURBIO,,1,1,0,0,0,0,0,0,0,0,0,Longo da via,Bom,Não existe,Não existente,Seca,Mal conservada,,Não há placas,,Dupla,Faixa seccionada,,
2021-05-22 00:00:00,22:17:40,COM VÍTIMA,CANCELADA,IPSEP,RUA JEAN EMILE FAVRE,,,EM FRENTE A DP DO IPSEP,IPSEP,,,COLISÃO LATERAL,0,2,0,0,0,0,0,0,0,1,0,,,,,,,,,,,,,
2021-05-23 00:00:00,13:46:00,COM VÍTIMA,FINALIZADA,BOA VIAGEM,AV ENGENHEIRO DOMINGOS FERREIRA,1990,,PROX AO RESTAURANTE MATCH / PROX AO SUPERMERCADO ZEPELIN,BOA VIAGEM,,SUBURBIO,COLISÃO TRASEIRA,2,0,0,0,0,0,0,0,0,1,0,Longo da via,Bom,Não existe,Perfeito estado,Seca,Perfeito estado,Não existe,Não há placas,60 km/h,Única,Faixa contínua,,
2021-05-24 00:00:00,10:49:00,COM VÍTIMA,FINALIZADA,PINA,AV ENGENHEIRO DOMINGOS FERREIRA,668,,E/F A ART FIBRA SINTETICA,PINA,,SUBURBIO,COLISÃO LATERAL,0,0,0,0,0,0,0,0,0,2,0,Longo da via,Bom,Não existe,Perfeito estado,Seca,Perfeito estado,Não existe,Não há placas,,Única,Faixa seccionada,,
2021-05-24 00:00:00,11:21:00,COM VÍTIMA,FINALIZADA,SANTO AMARO,AV CRUZ CABUGA,,RUA DO HOSPICIO,MPPE,SANTO AMARO,32,,COLISÃO TRASEIRA,1,1,0,0,0,0,0,0,0,1,0,Longo da via,Bom,Sem defeito,Perfeito estado,Seca,Perfeito estado,Faixa de pedestre,Não há placas,,Única,Faixa contínua,,
2021-05-24 00:00:00,12:18:00,COM VÍTIMA,FINALIZADA,AFOGADOS,RUA SAO MIGUEL,1648,RUA ALEXANDRE RODRIGUES FERREIRA,EM FRENTE AO RESTAURANTE CHARQUE NA BRASA,AFOGADOS,,SUBURBIO,COLISÃO LATERAL,1,1,0,0,0,0,0,0,0,1,0,Longo da via,Bom,Não existe,Perfeito estado,Seca,Perfeito estado,Não existe,Não há placas,,Dupla,Faixa seccionada,,
2021-05-24 00:00:00,17:46:00,COM VÍTIMA,FINALIZADA,IMBIRIBEIRA,AV RECIFE,,AV SENADOR ROBERT KENNEDY,SENTIDO AEROPORTO,IMBIRIBEIRA,319,,COLISÃO COM CICLISTA,1,0,0,1,0,0,0,0,0,1,0,Cruzamento,Bom,Sem defeito,Perfeito estado,Seca,Perfeito estado,Faixa de pedestre,R-18,30 km/h,Dupla,Faixa contínua,Canteiro central,Canal
2021-05-25 00:00:00,08:25:00,COM VÍTIMA,FINALIZADA,SÃO JOSÉ,AV DANTAS BARRETO,1186,RUA SAO JOAO,SEMÁFORO 054,SÃO JOSÉ,54,CIDADE,ATROPELAMENTO DE PESSOA,0,1,0,0,1,0,0,0,0,1,0,Cruzamento,Bom,Sem defeito,Perfeito estado,Seca,Perfeito estado,Faixa de pedestre,Não há placas,,Dupla,Faixa contínua,,
2021-05-25 00:00:00,12:09:00,COM VÍTIMA,CANCELADA,GRAÇAS,RUA AMELIA,422,,EM  FRENTE A  CACHEFERIA TRADICAO,GRAÇAS,,,COLISÃO COM CICLISTA,1,0,0,1,0,0,0,0,0,1,0,,,,,,,,,,,,,
2021-05-26 00:00:00,13:47:00,COM VÍTIMA,FINALIZADA,CASA FORTE,AV DEZESSETE DE AGOSTO,675,,EM FRENTE A CAOA CHERY,CASA FORTE,,SUBURBIO,COLISÃO LATERAL,0,2,0,0,0,0,0,0,0,1,0,Longo da via,Bom,Não existe,Perfeito estado,Seca,Perfeito estado,Não existe,Não há placas,40 km/h,Dupla,Faixa seccionada,,
2021-05-26 00:00:00,15:09:00,COM VÍTIMA,FINALIZADA,ROSARINHO,AV NORTE,3110,AV SANTOS DUMONT,LADO OPOSTO A PADARIA ROSARINHO DELICATESSEN,ROSARINHO,81,SUBURBIO,COLISÃO LATERAL,1,1,0,0,0,0,0,0,0,1,0,Longo da via,Bom,Sem defeito,Perfeito estado,Seca,Perfeito estado,Faixa de pedestre,Não há placas,60 km/h,Dupla,Canteiro central,,
2021-05-27 00:00:00,07:51:00,COM VÍTIMA,FINALIZADA,BOA VIAGEM,RUA FELIX DE BRITO E MELO,,,,BOA VIAGEM,,CIDADE,CAPOTAMENTO,2,0,0,0,0,0,0,0,0,1,0,Longo da via,Chuvoso,Não existe,Perfeito estado,Molhada,Perfeito estado,Não existe,Não há placas,60 km/h,Única,Faixa seccionada,,
2021-05-27 00:00:00,08:46:00,COM VÍTIMA,FINALIZADA,CORDEIRO,RUA N S DA SAUDE,202,RUA DR GASTAO DA SILVEIRA,CENTRO VETERIN ARIO DE ESPECIALIDADE PATRICA BARROCA,CORDEIRO,,,COLISÃO TRASEIRA,1,0,0,0,0,0,0,0,0,1,0,Cruzamento,Bom,Não existe,Perfeito estado,Molhada,Perfeito estado,Não existe,Não há placas,40 km/h,Dupla,Faixa contínua,,
2021-05-27 00:00:00,08:58:00,COM VÍTIMA,FINALIZADA,SANTO AMARO,RUA COELHO LEITE,393,RUA COELHO LEITE,EM FRENTE AO GALPAO DA POLICIA,SANTO AMARO,,CIDADE,COLISÃO TRASEIRA,1,1,0,0,0,0,0,0,0,1,0,Cruzamento,Chuvoso,Não existe,Perfeito estado,Molhada,Perfeito estado,Faixa de retenção,Outras,40 km/h,Dupla,Faixa seccionada,,