data,hora,natureza,situacao,bairro,endereco,numero,detalhe_endereco_acidente,complemento,bairro_cruzamento,num_semaforo,sentido_via,tipo,auto,moto,ciclom,ciclista,pedestre,onibus,caminhao,viatura,outros,vitimas,vitimasfatais,acidente_verificado,tempo_clima,situacao_semaforo,sinalizacao,condicao_via,conservacao_via,ponto_controle,situacao_placa,velocidade_max_via,mao_direcao,divisao_via1,divisao_via2,divisao_via3
2021-05-27 00:00:00,09:24:00,COM VÍTIMA,FINALIZADA,CASA FORTE,AV DEZESSETE DE AGOSTO,2133,,AO LADO DO MUSEUN DO HOMEM DO NORDESTE,CASA FORTE,646,CIDADE,COLISÃO LATERAL,1,1,0,0,0,0,0,0,0,1,0,Longo da via,Chuvoso,Sem defeito,Perfeito estado,Molhada,Perfeito estado,Faixa de retenção,Não há placas,60 km/h,Dupla,Faixa contínua,,
2021-05-27 00:00:00,14:22:00,COM VÍTIMA,FINALIZADA,CASA AMARELA,RUA PAULA BATISTA,,RUA XAVANTES,EM FRENTE AO CENTRO ESPÍRITAR MOACYR / PRÓX À PRAÇA DO TRABALHO,CASA AMARELA,,,COLISÃO LATERAL,2,0,0,0,0,0,0,0,0,3,0,Cruzamento,Chuvoso,Não existe,Perfeito estado,Seca,Perfeito estado,Faixa de retenção,"Placas ""Pare""",,Dupla,Faixa seccionada,,
2021-05-27 00:00:00,14:42:00,COM VÍTIMA,FINALIZADA,SANTO AMARO,AV CRUZ CABUGA,659,AV NORTE,ESQUINA COM A CASA DA INDUSTRIA,SANTO AMARO,37,CIDADE,COLISÃO TRANSVERSAL,1,1,0,0,0,0,0,0,0,1,0,Cruzamento,Bom,Sem defeito,Perfeito estado,Seca,Perfeito estado,Agente,Não há placas,,Dupla,Faixa contínua,,
2021-05-27 00:00:00,15:46:00,COM VÍTIMA,FINALIZADA,CORDEIRO,AV CAXANGA,,RUA CLAUDIO BROTHERHOOD,EM FRENTE À EXPOSIÇÃO DE ANIMAIS,CORDEIRO,,CIDADE,COLISÃO LATERAL,1,1,0,0,0,0,0,0,0,2,0,Cruzamento,Bom,Sem defeito,Incompleta,Seca,Perfeito estado,Faixa de pedestre,R-6a,,Dupla,Faixa contínua,Faixa seccionada,
2021-05-27 00:00:00,17:19:00,COM VÍTIMA,FINALIZADA,BOA VIAGEM,AV BOA VIAGEM,2294,,EDIF. MARIA EDICTA,BOA VIAGEM,,CIDADE,COLISÃO LATERAL,1,1,0,0,0,0,0,0,0,1,0,Longo da via,Bom,Sem defeito,Perfeito estado,Seca,Perfeito estado,Não existe,Outras,60 km/h,Única,Faixa contínua,,
2021-05-27 00:00:00,17:43:00,COM VÍTIMA,FINALIZADA,IPSEP,RUA JEAN EMILE FAVRE,1301,,MERCADINHO IGUAÇU,IPSEP,,CIDADE,ATROPELAMENTO DE PESSOA,1,0,0,0,2,0,0,0,0,2,0,Longo da via,Chuvoso,Sem defeito,Perfeito estado,Molhada,Perfeito estado,Não existe,Não há placas,,Dupla,Faixa contínua,,
2021-05-27 00:00:00,19:35:00,COM VÍTIMA,CANCELADA,IPUTINGA,AV CAXANGA,4474,,DROGASIL E BOI E BRASA,IPUTINGA,,,COLISÃO LATERAL,0,2,0,0,0,0,0,0,0,3,0,,,,,,,,,,,,,
2021-05-28 00:00:00,07:45:00,COM VÍTIMA,FINALIZADA,JORDÃO,AV MARIA IRENE,373,,EM FRENTE A CAPELA SÃO JOÃO BATISTA,JORDÃO,,CIDADE,COLISÃO TRASEIRA,1,1,0,0,0,0,0,0,0,1,0,Longo da via,Bom,Não existe,Perfeito estado,Seca,Perfeito estado,Não existe,Não há placas,,Dupla,Faixa contínua,,
2021-05-28 00:00:00,08:43:00,COM VÍTIMA,FINALIZADA,PARNAMIRIM,RUA JOAO TUDE DE MELO,,,SHOPPING PARNAMIRIN,PARNAMIRIM,,SUBURBIO,COLISÃO LATERAL,0,0,0,0,0,0,0,0,0,2,0,Longo da via,Bom,Não existe,Perfeito estado,Seca,Perfeito estado,Faixa de pedestre,Não há placas,,Única,Faixa seccionada,,
2021-05-28 00:00:00,08:59:00,COM VÍTIMA,CANCELADA,DOIS UNIDOS,RUA URIEL DE HOLANDA,,,CAMPO DO CAFÉ,DOIS UNIDOS,,,ATROPELAMENTO DE PESSOA,0,0,0,0,1,0,0,0,0,1,0,,,,,,,,,,,,,
2021-05-28 00:00:00,09:59:00,COM VÍTIMA,FINALIZADA,CAXANGÁ,AV CAXANGA,171,,EM FRENTE A FARMACIA PAGUE MENOS E ESTAÇÃO BRT ABOLIÇÃO SENT. CIDADE,CAXANGÁ,,CIDADE,COLISÃO LATERAL,1,1,0,0,0,0,0,0,0,1,0,Longo da via,Bom,Sem defeito,Perfeito estado,Seca,Perfeito estado,Não existe,Não há placas,60 km/h,Dupla,Canteiro central,,
2021-05-28 00:00:00,16:08:00,COM VÍTIMA,FINALIZADA,DOIS IRMÃOS,RUA DOIS IRMAOS,416,RUA DOIS IRMAOS,SOB VIADUTO DA BR-101,DOIS IRMÃOS,416,CIDADE,COLISÃO TRASEIRA,0,1,0,0,0,1,0,0,0,1,0,Longo da via,Chuvoso,Sem defeito,Perfeito estado,Molhada,Perfeito estado,Faixa de retenção,Não há placas,,Única,Outros,,
2021-05-28 00:00:00,22:38:40,COM VÍTIMA,CANCELADA,TORRE,RUA CONDE DE IRAJA,998,,PROXIMO IGREJA DA TORRE,TORRE,,,COLISÃO LATERAL,0,2,0,0,0,0,0,0,0,2,0,,,,,,,,,,,,,
2021-05-29 00:00:00,09:41:00,COM VÍTIMA,FINALIZADA,BOA VIAGEM,AV BOA VIAGEM,3722,,,BOA VIAGEM,120,CIDADE,COLISÃO TRANSVERSAL,0,1,1,0,0,0,0,0,0,1,0,Longo da via,Bom,Sem defeito,Perfeito estado,Seca,Perfeito estado,Faixa de pedestre,Outras,60 km/h,Única,Faixa contínua,,
2021-05-29 00:00:00,11:08:00,COM VÍTIMA,FINALIZADA,DOIS UNIDOS,AV HILDEBRANDO DE VASCONCELOS,,,EM FRENTE A ESTAÇAO DA CELPE / ENTRADA DE DOIS UNIDOS,DOIS UNIDOS,,,COLISÃO LATERAL,1,1,0,0,0,0,0,0,0,1,0,Cruzamento,Bom,Não existe,Incompleta,Seca,Perfeito estado,Faixa de pedestre,Outras,40 km/h,Dupla,Faixa,,
2021-05-29 00:00:00,13:14:00,COM VÍTIMA,FINALIZADA,TORRE,RUA MARQUES DE MARICA,12,,PRÓX À PRAÇA PROF. BARRETO CAMPELO,TORRE,,SUBURBIO,COLISÃO LATERAL,1,1,0,0,0,0,0,0,0,1,0,Longo da via,Bom,Não existe,Perfeito estado,Seca,Perfeito estado,Não existe,"Placas ""Pare""",,Dupla,Faixa seccionada,,
2021-05-29 00:00:00,14:16:00,SEM VÍTIMA,FINALIZADA,BOA VIAGEM,RUA ANTONIO FALCAO,,,SEMÁFORO 640,BOA VIAGEM,640,,CHOQUE,1,0,0,0,0,0,0,0,0,0,0,,,,,,,,,,,,,
2021-05-30 00:00:00,11:51:00,COM VÍTIMA,FINALIZADA,ESPINHEIRO,RUA DA HORA,,AV JOAO DE BARROS,E/F AO EXTRA,ESPINHEIRO,656,SUBURBIO,COLISÃO FRONTAL,2,0,0,0,0,0,0,0,0,2,0,Cruzamento,Chuvoso,Sem defeito,Perfeito estado,Molhada,Perfeito estado,Faixa de pedestre,Outras,60 km/h,Única,Não existe,,
2021-05-30 00:00:00,15:54:00,COM VÍTIMA,FINALIZADA,CORDEIRO,AV GENERAL SAN MARTIN,,RUA CLOTILDE DE OLIVEIRA,RUA CLOTILDE DE OLIVEIRA,CORDEIRO,185,SUBURBIO,COLISÃO LATERAL,1,1,0,0,0,0,0,0,0,1,0,Longo da via,Bom,Sem defeito,Perfeito estado,Seca,Mal conservada,Faixa de pedestre,Não há placas,,Dupla,Faixa contínua,,
2021-05-30 00:00:00,19:50:00,SEM VÍTIMA,CANCELADA,AREIAS,AV RECIFE,,,"SEMÁFORO 494 - E/F AO RESIDENCIAL IGNEZ ANDREAZZA,  PRÓX AO BIG BOMPREÇO - FAIXA DA ESQUERDA",AREIAS,494,,COLISÃO TRASEIRA,2,0,0,0,0,0,0,0,0,0,0,,,,,,,,,,,,,
2021-05-31 00:00:00,09:08:00,COM VÍTIMA,FINALIZADA,ÁGUA FRIA,AV BEBERIBE,2395,,EM FRENTE AO CONDOMINIO SOBRADO BEBERIBE,ÁGUA FRIA,153,CIDADE,COLISÃO LATERAL,1,1,0,0,0,0,0,0,0,1,0,Longo da via,Bom,Sem defeito,Perfeito estado,Seca,Perfeito estado,Faixa de pedestre,Outras,,Dupla,Faixa contínua,Faixa seccionada,
2021-05-31 00:00:00,13:21:00,COM VÍTIMA,FINALIZADA,CASA AMARELA,AV NORTE,5100,,EM FRENTE AO REI DA PICANHA,CASA AMARELA,,SUBURBIO,COLISÃO COM CICLISTA,0,0,0,1,0,0,1,0,0,1,0,Longo da via,Bom,Sem defeito,Perfeito estado,Seca,Perfeito estado,Não existe,Outras,,Dupla,Faixa seccionada,,
2021-05-31 00:00:00,16:28:00,COM VÍTIMA,FINALIZADA,SANTO ANTÔNIO,PRC DA REPUBLICA,,,ENTRE O PALACIO CAMPO DAS PRINCESA E O TEATRO SANTA ISABEL,SANTO ANTÔNIO,,,COLISÃO COM CICLISTA,1,0,0,1,0,0,0,0,0,1,0,Longo da via,Chuvoso,Não existe,Perfeito estado,Molhada,Perfeito estado,Outros,R-6a,,Única,Outros,,
2021-05-31 00:00:00,17:59:00,COM VÍTIMA,FINALIZADA,BOA VIAGEM,RUA DEZ DE JULHO,481,RUA CAMBOIM,EM FRENTE AO MAISON CRISTAL,BOA VIAGEM,,SUBURBIO,COLISÃO LATERAL,1,1,0,0,0,0,0,0,0,1,0,Cruzamento,Chuvoso,Não existe,Perfeito estado,Molhada,Perfeito estado,Faixa de pedestre,"Placas ""Pare""",30 km/h,Dupla,Faixa seccionada,,
2021-05-31 00:00:00,18:42:00,COM VÍTIMA,FINALIZADA,BEBERIBE,RUA BOLIVAR,,,EM FRENTE AO CAMPO DO ARRUDA/ ARMAZÉM CORAL,BEBERIBE,,CIDADE,COLISÃO LATERAL,1,1,0,0,0,0,0,0,0,1,0,Longo da via,Chuvoso,Não existe,Perfeito estado,Molhada,Perfeito estado,Não existe,Outras,,Dupla,Faixa contínua,,
2021-05-31 00:00:00,19:05:00,COM VÍTIMA,FINALIZADA,IPSEP,AV RECIFE,,RUA JEAN EMILE FAVRE,PRÓXIMO A ENTRADA DA JEAN EMILE FAVRE,IPSEP,,SUBURBIO,CAPOTAMENTO,0,0,0,0,0,0,0,0,0,4,0,Longo da via,Chuvoso,Não existe,Perfeito estado,Molhada,Perfeito estado,,,,Dupla,Faixa seccionada,Canteiro central,
2021-05-31 00:00:00,19:08:00,COM VÍTIMA,FINALIZADA,CAXANGÁ,AV CAXANGA,,,"PROX. A UPA, SENTIDO CIDADE",CAXANGÁ,,CIDADE,COLISÃO TRASEIRA,1,1,0,0,0,0,0,0,0,1,0,Longo da via,Chuvoso,Não existe,Perfeito estado,Molhada,Perfeito estado,Não existe,Não há placas,,Única,Faixa seccionada,,
2021-06-01 00:00:00,08:48:00,COM VÍTIMA,FINALIZADA,IPUTINGA,AV MAURICIO DE NASSAU,57,RUA N S DA SAUDE,,IPUTINGA,88,SUBURBIO,COLISÃO TRANSVERSAL,1,1,0,0,0,0,0,0,0,1,0,Longo da via,Bom,Sem defeito,,Seca,Perfeito estado,Faixa de retenção,R-19,40 km/h,Dupla,Faixa contínua,,
2021-06-01 00:00:00,08:57:00,COM VÍTIMA,FINALIZADA,ARRUDA,RUA DAS MOCAS,309,,ARMAZÉM SÃO JOÃO,ARRUDA,,SUBURBIO,COLISÃO COM CICLISTA,1,0,0,1,0,0,0,0,0,1,0,Longo da via,Bom,Não existe,Perfeito estado,Seca,Perfeito estado,Não existe,"Placas ""Pare""",,Dupla,,,
2021-06-01 00:00:00,11:17:00,COM VÍTIMA,FINALIZADA,BOA VIAGEM,AV ENGENHEIRO DOMINGOS FERREIRA,,,PRÓX. AO EXTRABOM,BOA VIAGEM,,SUBURBIO,COLISÃO LATERAL,2,0,0,0,0,0,0,0,0,1,0,Longo da via,Bom,Sem defeito,Perfeito estado,Seca,Perfeito estado,,Não há placas,,Única,Canteiro central,,
2021-06-01 00:00:00,16:37:00,COM VÍTIMA,FINALIZADA,AFOGADOS,RUA SAO MIGUEL,436,,AO LADO DO POSTO DISLUB ESQUINA COM A GRAN FARMA,AFOGADOS,,SUBURBIO,CHOQUE,0,1,0,0,0,0,0,0,0,1,0,Longo da via,Bom,Não existe,Perfeito estado,Seca,Perfeito estado,Faixa de pedestre,R-4a,,Dupla,Faixa contínua,,
2021-06-02 00:00:00,03:31:00,COM VÍTIMA,FINALIZADA,PINA,AVENIDA CELSO FURTADO (VIA MANGUE),,,"APÓS O SHOPPING RIO MAR, PRÓXIMO AO AERO CLUBE -SENTIDO PIEDADE",PINA,,,TOMBAMENTO,0,1,0,0,0,0,0,0,0,1,0,,,,,,,,,,,,,
2021-06-02 00:00:00,08:33:00,COM VÍTIMA,FINALIZADA,SANTO AMARO,RUA DO POMBAL,,,ATRÁS DA DELEGACIA DA MULHER,SANTO AMARO,,,COLISÃO FRONTAL,0,0,0,0,0,0,0,0,0,1,0,Cruzamento,Bom,Não existe,Perfeito estado,Seca,Perfeito estado,,,,Dupla,Faixa seccionada,,
2021-06-02 00:00:00,10:34:00,SEM VÍTIMA,FINALIZADA,MACAXEIRA,RUA ANA,58,,PROXIMO AO LARGO DE DONA REGINA,MACAXEIRA,,SUBURBIO,COLISÃO TRASEIRA,1,0,0,0,0,0,1,0,0,0,0,,,,,,,,,,,,,
2021-06-02 00:00:00,15:45:00,COM VÍTIMA,FINALIZADA,BOA VISTA,AV CONDE DA BOA VISTA,463,RUA BARAO DA SOLEDADE,EM FRENTE A IGREJA NOSSA SENHORA DA SOLEDADE,BOA VISTA,222,CIDADE,QUEDA,0,1,0,0,0,0,0,0,0,1,0,Longo da via,Bom,Sem defeito,Perfeito estado,Seca,Perfeito estado,Faixa de pedestre,R-6a,40 km/h,Única,,,
2021-06-02 00:00:00,17:59:00,COM VÍTIMA,FINALIZADA,BOA VIAGEM,AVENIDA CELSO FURTADO (VIA MANGUE),,,,BOA VIAGEM,,SUBURBIO,COLISÃO FRONTAL,1,1,0,0,0,0,0,0,0,1,0,Longo da via,Bom,Não existe,Perfeito estado,Seca,Perfeito estado,Não existe,Outras,60 km/h,Dupla,Faixa seccionada,,
2021-06-03 00:00:00,16:21:00,COM VÍTIMA,FINALIZADA,TAMARINEIRA,EST VELHA DE AGUA FRIA,739,RUA JOSE DE VASCONCELOS,DENOCS,TAMARINEIRA,,SUBURBIO,COLISÃO FRONTAL,1,1,0,0,0,0,0,0,0,1,0,Cruzamento,Bom,Não existe,Não existente,Seca,Perfeito estado,Não existe,R-6a,,Dupla,Faixa seccionada,,
2021-06-03 00:00:00,17:13:00,COM VÍTIMA,FINALIZADA,DERBY,AV GOVERNADOR AGAMENON MAGALHAES,,RUA JOAQUIM NABUCO,PROXIMO AO HOSPITAL DA RESTAURAÇÃO SENTIDO BOA VIAGEM,DERBY,174,,COLISÃO LATERAL,1,0,0,0,0,0,1,0,0,1,0,Cruzamento,Bom,Sem defeito,Perfeito estado,Seca,Perfeito estado,Faixa de pedestre,Outras,60 km/h,Dupla,Faixa seccionada,,
2021-06-03 00:00:00,19:23:00,COM VÍTIMA,FINALIZADA,ROSARINHO,RUA REGUEIRA COSTA,,,COM A RUA CAIO PEREIRA,ROSARINHO,,,COLISÃO FRONTAL,1,1,0,0,0,0,0,0,0,1,0,Cruzamento,Bom,Não existe,Perfeito estado,Seca,Perfeito estado,Não existe,Não há placas,,Única,Não existe,,
2021-06-03 00:00:00,19:28:00,COM VÍTIMA,FINALIZADA,CABANGA,VIADUTO CAPITAO TEMUDO,,,SOBRE A AV ENGº JOSE ESTELITA SENTIDO OLINDA,CABANGA,,CIDADE,COLISÃO COM CICLISTA,1,0,0,1,0,0,0,0,0,1,0,Longo da via,Bom,Não existe,Perfeito estado,Seca,Perfeito estado,,Não há placas,60 km/h,Dupla,Outros,,
2021-06-04 00:00:00,00:10:00,SEM VÍTIMA,FINALIZADA,CABANGA,VIADUTO CAPITAO TEMUDO,,,SOBRE O CAIS JOSÉ ESTELITA - SENTIDO OLINDA,CABANGA,,,CHOQUE,1,0,0,0,0,0,0,0,0,0,0,,,,,,,,,,,,,
2021-06-04 00:00:00,00:26:00,COM VÍTIMA,FINALIZADA,BOA VIAGEM,AV CONSELHEIRO AGUIAR,2255,RUA HENRIQUE CAPITULINO,CRUZAMENTO COM A RUA HENRIQUE CAPITULINO - PROXIMO A PIZZA HUT,BOA VIAGEM,143,CIDADE,COLISÃO TRANSVERSAL,2,0,0,0,0,0,0,0,0,2,0,Cruzamento,Bom,Sem defeito,Perfeito estado,Seca,Perfeito estado,Faixa de pedestre,Outras,60 km/h,Única,Faixa contínua,Faixa seccionada,
2021-06-04 00:00:00,07:19:00,SEM VÍTIMA,DUPLICIDADE,IPSEP,AV RECIFE,,,EM FRENTE AO BIG BOMPREÇO,IPSEP,,SUBURBIO,COLISÃO TRANSVERSAL,1,0,0,0,0,0,0,0,0,0,0,,,,,,,,,,,,,
2021-06-04 00:00:00,07:33:00,COM VÍTIMA,FINALIZADA,IPSEP,AV RECIFE,,RUA JEAN EMILE FAVRE,"ACIDENTE, CAPOTAMENTO. COM VÍTIMA NO BAIRRO DO IPSEP. SENTIDO  IBURA / BOA VIAGEM. VÍTIMA SOCORRIDA PELO SAMU",IPSEP,,SUBURBIO,CAPOTAMENTO,0,0,0,0,0,0,0,0,0,1,0,Longo da via,Chuvoso,Não existe,Perfeito estado,Seca,Perfeito estado,Não existe,Não há placas,60 km/h,Dupla,Faixa contínua,Canteiro central,
2021-06-04 00:00:00,10:45:00,COM VÍTIMA,FINALIZADA,PORTO DA MADEIRA,AV CIDADE DE MONTEIRO,12,RUA ARAO BOTLER,ACIDENTE ENTRE MOTO x AUTO COM VÓTIMA SOCORRIDA PELO SAMU. ANTE DO CONJ. JOÃO PAULO II-,PORTO DA MADEIRA,,SUBURBIO,COLISÃO LATERAL,1,1,0,0,0,0,0,0,0,1,0,Cruzamento,Bom,Não existe,Perfeito estado,Seca,Perfeito estado,Não existe,Não há placas,30 km/h,Dupla,Faixa contínua,,
2021-06-04 00:00:00,13:08:00,COM VÍTIMA,FINALIZADA,TORRE,RUA JOSE BONIFACIO,944,,AO LADO DO ATACADO DOS PRESENTES,TORRE,,SUBURBIO,COLISÃO LATERAL,0,1,0,0,0,0,1,0,0,1,0,Longo da via,Bom,Não existe,Perfeito estado,Seca,Perfeito estado,Não existe,Outras,40 km/h,Única,Faixa seccionada,,
2021-06-04 00:00:00,14:53:00,SEM VÍTIMA,FINALIZADA,ARRUDA,RUA JOAO LIBERATO,310,RUA SAO BENTO,CHOQUE CAMINHÃO COM POSTE. FIAÇÃO NO LOCAL CELPE JÁ ACIONADA,ARRUDA,,SUBURBIO,CHOQUE,0,0,0,0,0,0,1,0,0,0,0,,,,,,,,,,,,,
2021-06-04 00:00:00,17:03:00,SEM VÍTIMA,FINALIZADA,DOIS IRMÃOS,RUA DOIS IRMAOS,,,AO LADO DO MOTEL SENZALA,DOIS IRMÃOS,,,COLISÃO FRONTAL,0,0,0,0,0,1,1,0,0,0,0,,,,,,,,,,,,,
2021-06-04 00:00:00,19:05:00,COM VÍTIMA,CANCELADA,ROSARINHO,AV SANTOS DUMONT,,RUA AMARO COUTINHO,AUTO E MOTO,ROSARINHO,,,COLISÃO FRONTAL,1,1,0,0,0,0,0,0,0,1,0,,,,,,,,,,,,,
2021-06-04 00:00:00,20:46:00,SEM VÍTIMA,FINALIZADA,GRAÇAS,AV CONS ROSA E SILVA,,,PRAÇA DO ENTRONCAMENTO,GRAÇAS,,SUBURBIO,CHOQUE,0,0,0,0,0,0,0,0,0,0,0,,,,,,,,,,,,,
2021-06-04 00:00:00,23:20:40,SEM VÍTIMA,FINALIZADA,DERBY,AV GOVERNADOR AGAMENON MAGALHAES,,RUA DR BANDEIRA FILHO,,DERBY,173,SUBURBIO,COLISÃO TRANSVERSAL,1,0,0,0,0,0,0,1,0,0,0,Cruzamento,Bom,Sem defeito,Perfeito estado,Seca,Perfeito estado,Faixa de pedestre,Não há placas,60 km/h,Dupla,Canteiro central,,
2021-06-05 00:00:00,07:38:00,COM VÍTIMA,FINALIZADA,CABANGA,AV GOVERNADOR AGAMENON MAGALHAES,,,"ENFRENTE AO CABANGA, SENTIDO CAP. TEMUDO",CABANGA,,,COLISÃO LATERAL,1,1,0,0,0,0,0,0,0,1,0,Longo da via,Bom,Não existe,Perfeito estado,Seca,Perfeito estado,Outros,Não há placas,60 km/h,Dupla,Outros,,
2021-06-05 00:00:00,10:53:00,SEM VÍTIMA,FINALIZADA,DOIS UNIDOS,AV HILDEBRANDO DE VASCONCELOS,2598,,PRAÇA DO COMAR - TERMINAL DE ÔNIBUS DE DOIS UNIDOS,DOIS UNIDOS,,,,0,0,0,0,0,1,0,1,0,0,0,Longo da via,Bom,Não existe,,Seca,Perfeito estado,Não existe,R-4a,,Dupla,Não existe,,
2021-06-05 00:00:00,14:15:00,COM VÍTIMA,CANCELADA,BOA VIAGEM,RUA AGENOR LOPES,,RUA RIBEIRO DE BRITO,E/F AO POSTO BR,BOA VIAGEM,,,ATROPELAMENTO DE PESSOA,1,0,0,0,1,0,0,0,0,1,0,,,,,,,,,,,,,
2021-06-05 00:00:00,16:06:00,COM VÍTIMA,FINALIZADA,AREIAS,AV DR JOSE RUFINO,955,,PROX HONDA MOTOS,AREIAS,,SUBURBIO,COLISÃO LATERAL,1,1,0,0,0,0,0,0,0,1,0,Longo da via,Bom,Não existe,Perfeito estado,Seca,Perfeito estado,Não existe,,50 km/h,,Faixa contínua,,
2021-06-05 00:00:00,17:20:00,COM VÍTIMA,FINALIZADA,AFOGADOS,EST DOS REMEDIOS,1561,RUA TABAIARES,,AFOGADOS,,,CHOQUE,1,0,0,0,0,0,0,0,0,3,0,Longo da via,Chuvoso,Sem defeito,Perfeito estado,Seca,Perfeito estado,Não existe,Não há placas,,Única,Faixa seccionada,,
2021-06-05 00:00:00,18:40:00,COM VÍTIMA,FINALIZADA,SÃO JOSÉ,TRV DO RAPOSO,,,"NA DESCIDA DA PONTE / PRÓX AO METRO, SNT RUA IMPERIAL",SÃO JOSÉ,,SUBURBIO,COLISÃO LATERAL,1,1,0,0,0,0,0,0,0,1,0,Viaduto,Chuvoso,Não existe,Não existente,Molhada,Mal iluminada,Não existe,Não há placas,,Dupla,Não existe,,
2021-06-06 00:00:00,09:04:00,COM VÍTIMA,FINALIZADA,TORREÃO,AV NORTE,,RUA MARQUES DO PARANA,LADO OPOSTO A CHURRASCARIA LEITÃO,TORREÃO,56,CIDADE,QUEDA,0,1,0,0,0,0,0,0,0,1,0,Esquina,Chuvoso,Sem defeito,Perfeito estado,Molhada,Perfeito estado,Faixa de pedestre,R-6a,,Dupla,Faixa seccionada,Canteiro central,
2021-06-06 00:00:00,12:16:00,SEM VÍTIMA,CANCELADA,MACAXEIRA,AV NORTE,,,E/F AO PARQUE ESTADUAL DA MACAXEIRA,MACAXEIRA,,,COLISÃO TRASEIRA,1,0,0,0,0,0,1,0,0,0,0,,,,,,,,,,,,,
2021-06-06 00:00:00,13:18:00,COM VÍTIMA,FINALIZADA,CABANGA,PTE JOSE DE BARROS LIMA,,,"EM CIMA DO VIADUTO, SENTIDO OLINDA",CABANGA,,,COLISÃO TRASEIRA,2,0,0,0,0,0,0,0,0,1,0,Viaduto,Bom,Não existe,Perfeito estado,Seca,Perfeito estado,Não existe,Não há placas,,Dupla,Faixa seccionada,,
2021-06-06 00:00:00,15:26:00,COM VÍTIMA,FINALIZADA,ILHA DO LEITE,RUA FRANCISCO ALVES,,AV FREI MATIAS TEVES,EM FRENTE AO HOPE,ILHA DO LEITE,490,,COLISÃO LATERAL,2,0,0,0,0,0,0,0,0,1,0,,,,,,,,,,,,,
2021-06-06 00:00:00,15:44:00,COM VÍTIMA,FINALIZADA,PINA,AV ANTONIO DE GOES,,RUA MANOEL DE BRITO,SAÍDA DO TÚNEL DO RIO MAR,PINA,,,COLISÃO COM CICLISTA,1,0,0,1,0,0,0,0,0,1,0,,,,,,,,,,,,,
2021-06-06 00:00:00,18:06:00,COM VÍTIMA,FINALIZADA,GRAÇAS,AV CONS ROSA E SILVA,,RUA ANTENOR NAVARRO,PONTO DO AÇAI E DROGASIL,GRAÇAS,522,SUBURBIO,COLISÃO LATERAL,1,1,0,0,0,0,0,0,0,1,0,Cruzamento,Bom,Sem defeito,Perfeito estado,Seca,Perfeito estado,Faixa de retenção,Não há placas,,Única,Não existe,,
2021-06-06 00:00:00,20:48:00,COM VÍTIMA,FINALIZADA,NOVA DESCOBERTA,AV VEREADOR OTACILIO AZEVEDO,972,,E/F A ASSEMBLEIA DE DEUS,NOVA DESCOBERTA,,SUBURBIO,COLISÃO FRONTAL,0,2,0,0,0,0,0,0,0,2,0,Longo da via,Bom,Não existe,Incompleta,Seca,,,,,Dupla,Não existe,,
2021-06-07 00:00:00,07:22:00,SEM VÍTIMA,FINALIZADA,ENCRUZILHADA,RUA CASTRO ALVES,,,CAIXA ECONOMICA,ENCRUZILHADA,,,OUTROS APOIOS,0,0,0,0,0,0,0,0,0,0,0,,,,,,,,,,,,,
2021-06-07 00:00:00,08:47:00,COM VÍTIMA,FINALIZADA,TEJIPIÓ,AV DR JOSE RUFINO,2984,,EM FRENTE AO EDF CASA SOLAN,TEJIPIÓ,,SUBURBIO,COLISÃO FRONTAL,1,1,0,0,0,0,0,0,0,1,0,Longo da via,Chuvoso,Não existe,Perfeito estado,Seca,Perfeito estado,Não existe,Outras,,Dupla,Faixa contínua,,
2021-06-08 00:00:00,09:02:00,COM VÍTIMA,FINALIZADA,SANTO ANTÔNIO,RUA DO SOL,,,EM FRENTE AO POSTO BO19343,SANTO ANTÔNIO,,CIDADE,QUEDA,0,1,0,0,0,0,0,0,0,1,0,Longo da via,Bom,Não existe,Perfeito estado,Oleosa,Perfeito estado,Não existe,Outras,40 km/h,Única,Faixa seccionada,,
2021-06-08 00:00:00,10:13:00,COM VÍTIMA,FINALIZADA,DERBY,AV GOVERNADOR AGAMENON MAGALHAES,,,EM FRENTE AO HOSPITAL DA RESTAURAÇÃO SENT. BOA VIAGEM,DERBY,650,,COLISÃO LATERAL,1,1,0,0,0,0,0,0,0,1,0,Longo da via,Chuvoso,Sem defeito,Perfeito estado,Seca,Perfeito estado,Faixa de pedestre,Não há placas,60 km/h,Única,Faixa contínua,,
2021-06-08 00:00:00,11:46:00,COM VÍTIMA,FINALIZADA,PRADO,RUA CARLOS GOMES,,,E/F AO BAILE PERFUMADO,PRADO,,,COLISÃO LATERAL,1,1,0,0,0,0,0,0,0,1,0,,,,,,,,,,,,,
2021-06-08 00:00:00,12:51:00,COM VÍTIMA,FINALIZADA,TEJIPIÓ,RUA DO SANCHO,225,,PRÓX AO RESIDENCIAL BOSQUE DAS PALMEIRAS / SALÃO DAS TESTEMUNHAS DE JEOVÁ,TEJIPIÓ,,,COLISÃO LATERAL,0,1,0,0,0,1,0,0,0,2,0,Longo da via,Chuvoso,Não existe,Não existente,Molhada,Mal conservada,Não existe,Não há placas,,Dupla,Não existe,,
2021-06-08 00:00:00,16:59:00,SEM VÍTIMA,FINALIZADA,IMBIRIBEIRA,RUA JOAQUIM BANDEIRA,203,,PROXIMO A GEOVANE SOM,IMBIRIBEIRA,,,CHOQUE,1,1,0,0,0,0,0,0,0,0,0,,,,,,,,,,,,,