data,hora,natureza,situacao,bairro,endereco,numero,detalhe_endereco_acidente,complemento,bairro_cruzamento,num_semaforo,sentido_via,tipo,auto,moto,ciclom,ciclista,pedestre,onibus,caminhao,viatura,outros,vitimas,vitimasfatais,acidente_verificado,tempo_clima,situacao_semaforo,sinalizacao,condicao_via,conservacao_via,ponto_controle,situacao_placa,velocidade_max_via,mao_direcao,divisao_via1,divisao_via2,divisao_via3
2021-06-08 00:00:00,17:24:00,COM VÍTIMA,FINALIZADA,JIQUIÁ,RUA SAO MIGUEL,1985,,NA RUA DA FABRICA DA IOLANDA,JIQUIÁ,,CIDADE,COLISÃO FRONTAL,0,2,0,0,0,0,0,0,0,1,0,Longo da via,Chuvoso,Sem defeito,Incompleta,Molhada,Perfeito estado,Não existe,Outras,40 km/h,Dupla,Faixa contínua,,
2021-06-08 00:00:00,19:09:00,COM VÍTIMA,FINALIZADA,IPSEP,RUA SAO NICOLAU,,RUA PROFESSOR JOSE VICENTE,E/F A FARMACIA BOM CONSELHO,IPSEP,,CIDADE,COLISÃO LATERAL,1,1,0,0,0,0,0,0,0,1,0,Cruzamento,Bom,Não existe,Não existente,Seca,Mal conservada,Não existe,Não há placas,,Única,Não existe,,
2021-06-08 00:00:00,20:42:00,COM VÍTIMA,FINALIZADA,SÃO JOSÉ,AV DANTAS BARRETO,,RUA DO PEIXOTO,"PRÓX AO METRO, SNT METRO / SEMÁFORO 181",SÃO JOSÉ,181,SUBURBIO,COLISÃO LATERAL,1,1,0,0,0,0,0,0,0,1,0,Cruzamento,Bom,Sem defeito,Perfeito estado,Seca,Perfeito estado,Não existe,Não há placas,,Dupla,Faixa contínua,,
2021-06-08 00:00:00,21:40:40,COM VÍTIMA,FINALIZADA,BOA VIAGEM,VIADUTO TANCREDO NEVES,,,AO LADO DO ATACADAO,BOA VIAGEM,,SUBURBIO,COLISÃO LATERAL,1,1,0,0,0,0,0,0,0,1,0,Viaduto,Chuvoso,Não existe,Perfeito estado,Seca,Perfeito estado,Não existe,Não há placas,,Dupla,Faixa seccionada,Canteiro central,
2021-06-09 00:00:00,10:20:00,COM VÍTIMA,FINALIZADA,PINA,RUA MANOEL DE BRITO,207,,APÓS O 19º. EM FRENTE AO CALDINHO DO NENÊ,PINA,,,COLISÃO LATERAL,1,1,0,0,0,0,0,0,0,1,0,Longo da via,Chuvoso,Sem defeito,Perfeito estado,Molhada,Perfeito estado,Não existe,Não há placas,60 km/h,Única,Faixa contínua,,
2021-06-09 00:00:00,13:47:00,COM VÍTIMA,FINALIZADA,MUSTARDINHA,RUA VINTE E UM DE ABRIL,2219,,AO LADO DO TERMINAL DA MUSTARDINHA,MUSTARDINHA,,SUBURBIO,COLISÃO LATERAL,1,1,0,0,0,0,0,0,0,1,0,Longo da via,Bom,Sem defeito,Perfeito estado,Seca,Perfeito estado,Não existe,Não há placas,,Dupla,Não existe,,
2021-06-09 00:00:00,18:27:00,COM VÍTIMA,CANCELADA,BARRO,RUA PADRE NOBREGA,179,,E/F A QUADRA DO  CANÁRIO,BARRO,,,COLISÃO LATERAL,2,0,0,0,0,0,0,0,0,1,0,,,,,,,,,,,,,
2021-06-10 00:00:00,12:50:00,COM VÍTIMA,FINALIZADA,PAISSANDU,AV GOVERNADOR AGAMENON MAGALHAES,4760,,EM FRENTE AO HOSPITAL PORTUGUES/ SENTIDO BOA VIAGEM,PAISSANDU,350,SUBURBIO,ATROPELAMENTO DE PESSOA,0,0,0,0,1,1,0,0,0,1,0,Longo da via,Bom,Sem defeito,Perfeito estado,Seca,Perfeito estado,Faixa de pedestre,Não há placas,60 km/h,Dupla,Faixa seccionada,,
2021-06-10 00:00:00,15:48:00,COM VÍTIMA,FINALIZADA,AFOGADOS,RUA VINTE E UM DE ABRIL,1009,,E/F AO CAFE PETINHO,AFOGADOS,,,COLISÃO LATERAL,0,2,0,0,0,0,0,0,0,1,0,Longo da via,Bom,Não existe,Incompleta,Seca,Perfeito estado,Não existe,Outras,40 km/h,Dupla,Faixa contínua,,
2021-06-11 00:00:00,06:22:00,COM VÍTIMA,FINALIZADA,BOA VIAGEM,AV ENGENHEIRO DOMINGOS FERREIRA,,RUA FELIX DE BRITO E MELO,E/F A EXTRAFARMA,BOA VIAGEM,545,SUBURBIO,COLISÃO TRANSVERSAL,2,0,0,0,0,0,0,0,0,1,0,Cruzamento,Chuvoso,Sem defeito,Perfeito estado,Molhada,Perfeito estado,Faixa de pedestre,Outras,60 km/h,Única,Canteiro central,,
2021-06-11 00:00:00,09:15:00,COM VÍTIMA,FINALIZADA,JOANA BEZERRA,RUA DOM PAULO II,50,,LADO OPOSTO AO FORUM DES. RODOLFO AURELIANO,JOANA BEZERRA,,SUBURBIO,COLISÃO COM CICLISTA,1,0,0,1,0,0,0,0,0,1,0,Longo da via,Bom,Não existe,Perfeito estado,Seca,Perfeito estado,Não existe,Não há placas,60 km/h,Dupla,Canteiro central,,
2021-06-11 00:00:00,09:18:00,COM VÍTIMA,FINALIZADA,ESTÂNCIA,AV DR JOSE RUFINO,446,,EM FRENTE A PANIFICADORA FITIENTE,ESTÂNCIA,,CIDADE,COLISÃO LATERAL,1,1,0,0,0,0,0,0,0,1,0,Longo da via,Bom,Não existe,Perfeito estado,Seca,Perfeito estado,Não existe,R-6a,50 km/h,Dupla,Faixa contínua,,
2021-06-11 00:00:00,12:36:00,COM VÍTIMA,FINALIZADA,CORDEIRO,AV INACIO MONTEIRO,341,,PROXIMO AO COLEGIO ALBERT SABIN,CORDEIRO,,DUPLO,COLISÃO LATERAL,1,1,0,0,0,0,0,0,0,1,0,Cruzamento,Bom,Não existe,Perfeito estado,Seca,Perfeito estado,Não existe,Não há placas,,Dupla,Faixa seccionada,,
2021-06-11 00:00:00,12:38:00,COM VÍTIMA,FINALIZADA,JORDÃO,RUA BOANERGES PEREIRA,12,,PRÓX À DROGARIA RECIFE,JORDÃO,,SUBURBIO,CAPOTAMENTO,2,0,0,0,0,0,0,0,0,1,0,Longo da via,Bom,Não existe,Não existente,Seca,Perfeito estado,Não existe,Não há placas,,Dupla,Não existe,,
2021-06-11 00:00:00,12:56:00,COM VÍTIMA,FINALIZADA,BOA VIAGEM,VIADUTO TANCREDO NEVES,,,EM CIMA DO VIADUTO/ SENTIDO BOA VIAGEM,BOA VIAGEM,,BOA VIAGEM,COLISÃO TRASEIRA,1,1,0,0,0,0,0,0,0,1,0,Longo da via,Bom,Não existe,Perfeito estado,Seca,Perfeito estado,Não existe,Não há placas,60 km/h,Única,Não existe,,
2021-06-11 00:00:00,20:28:00,COM VÍTIMA,FINALIZADA,IPSEP,AV RECIFE,,RUA JEAN EMILE FAVRE,"SEMÁFORO 247, SNT BV",IPSEP,,BOA VIAGEM,COLISÃO LATERAL,0,2,0,0,0,0,0,0,0,1,0,Longo da via,Bom,Sem defeito,Perfeito estado,Seca,Perfeito estado,Não existe,Não há placas,60 km/h,Dupla,Faixa seccionada,Canteiro central,
2021-06-11 00:00:00,20:43:40,COM VÍTIMA,CANCELADA,CASA FORTE,AV DEZESSETE DE AGOSTO,2450,,PRÓX AO  GUAIAMUM BAR E RESTAURANTE,CASA FORTE,,,COLISÃO TRASEIRA,1,1,0,0,0,0,0,0,0,1,0,,,,,,,,,,,,,
2021-06-12 00:00:00,03:22:00,COM VÍTIMA,FINALIZADA,JORDÃO,AV MARIA IRENE,1542,,EDF. MARIA IRENE,JORDÃO,,CIDADE,COLISÃO FRONTAL,1,1,0,0,0,0,0,0,0,2,0,Longo da via,Bom,Não existe,Não existente,Seca,Perfeito estado,Não existe,Não há placas,,Dupla,Canteiro central,,
2021-06-12 00:00:00,07:48:00,COM VÍTIMA,FINALIZADA,SANTO AMARO,RUA DOS CASADOS,1597,PRC GENERAL CARLOS PINTO,AO LADO DA PRAÇA GENERAL CARLOS PINTO,SANTO AMARO,202,CIDADE,COLISÃO LATERAL,1,1,0,0,0,0,0,0,0,1,0,Esquina,Bom,Sem defeito,,Seca,Perfeito estado,Não existe,R-6a,,Dupla,Não existe,,
2021-06-12 00:00:00,09:37:00,SEM VÍTIMA,FINALIZADA,NOVA DESCOBERTA,RUA JOSE REBOUCAS,113,,PROX. AO TERMINAL DO BREJO // BIFURCAÇÃO COM A RUA NICOLINO MIRANDA,NOVA DESCOBERTA,,SUBURBIO,COLISÃO FRONTAL,0,2,0,0,0,0,0,0,0,0,0,Longo da via,Bom,Não existe,Não existente,Seca,Perfeito estado,Não existe,Não há placas,,Dupla,Não existe,,
2021-06-12 00:00:00,10:06:00,COM VÍTIMA,FINALIZADA,CASA AMARELA,AV NORTE,4341,,"PROX. AO SESC, SENT. CIDADE",CASA AMARELA,364,CIDADE,COLISÃO TRASEIRA,0,2,0,0,0,0,0,0,0,1,0,Cruzamento,Bom,Sem defeito,Perfeito estado,Seca,Perfeito estado,Faixa de pedestre,Outras,,Dupla,Faixa seccionada,,
2021-06-12 00:00:00,10:57:00,COM VÍTIMA,FINALIZADA,AFOGADOS,RUA COSME VIANA,1281,RUA PADRE TEOFILO TWORZ,E/F A LOJA TUPAN,AFOGADOS,,SUBURBIO,COLISÃO LATERAL,3,1,0,0,0,0,0,0,0,1,0,Cruzamento,Bom,Sem defeito,Perfeito estado,Seca,Perfeito estado,Outros,Não há placas,,Única,Canteiro central,,
2021-06-12 00:00:00,12:00:00,COM VÍTIMA,FINALIZADA,BOA VIAGEM,AV BOA VIAGEM,5600,,PROX. AO PARK HOTEL,BOA VIAGEM,,CIDADE,COLISÃO TRASEIRA,1,1,0,0,0,0,0,0,0,1,0,Longo da via,Bom,Sem defeito,Perfeito estado,Seca,Perfeito estado,Não existe,Não há placas,,Única,Faixa contínua,Faixa seccionada,
2021-06-12 00:00:00,12:34:00,COM VÍTIMA,FINALIZADA,ARRUDA,AV BEBERIBE,1253,,AO LADO DO ARMAZÉM CORAL,ARRUDA,,SUBURBIO,COLISÃO LATERAL,1,0,0,0,0,0,0,0,0,1,0,Cruzamento,Bom,Não existe,Incompleta,Seca,Perfeito estado,Não existe,Não há placas,,Dupla,,,
2021-06-12 00:00:00,12:41:00,SEM VÍTIMA,CANCELADA,IMBIRIBEIRA,RUA CAFESOPOLIS,22,,POR TRÁS DO FORUN PEQUENAS CAUSAS,IMBIRIBEIRA,,,COLISÃO TRASEIRA,2,0,0,0,0,0,0,0,0,0,0,,,,,,,,,,,,,
2021-06-12 00:00:00,13:33:00,COM VÍTIMA,FINALIZADA,TORRE,RUA REAL DA TORRE,,,SOBRE A PONTE DA TORRE,TORRE,,,COLISÃO LATERAL,1,1,0,0,0,0,0,0,0,1,0,Longo da via,Bom,Não existe,Não existente,Seca,Perfeito estado,Não existe,Outras,,Única,Faixa seccionada,,
2021-06-12 00:00:00,13:54:00,SEM VÍTIMA,FINALIZADA,CIDADE UNIVERSITÁRIA,RUA GENERAL POLIDORO,100,,PRÓX À REEF ACADEMIA,CIDADE UNIVERSITÁRIA,,,COLISÃO LATERAL,1,1,0,0,0,0,0,0,0,0,0,,,,,,,,,,,,,
2021-06-12 00:00:00,14:33:00,SEM VÍTIMA,CANCELADA,COHAB,RUA DR BENIGNO JORDAO DE VASCONCELOS,206,,AO LADO CANAL/ESCOLA LAGOA ENCANTADA,COHAB,,,COLISÃO LATERAL,0,2,0,0,0,0,0,0,0,0,0,,,,,,,,,,,,,
2021-06-12 00:00:00,21:00:40,COM VÍTIMA,FINALIZADA,BARRO,AV DR JOSE RUFINO,2001,,E/F AO CONVENTO DO BARRO,BARRO,,SUBURBIO,COLISÃO FRONTAL,1,1,0,0,0,0,0,0,0,1,0,Longo da via,Bom,Não existe,Perfeito estado,Seca,Perfeito estado,Não existe,R-6a,60 km/h,Dupla,Faixa contínua,,
2021-06-12 00:00:00,21:10:40,COM VÍTIMA,FINALIZADA,AFOGADOS,RUA DA PAZ,,,EM FRENTE A POLICLINICA AGAMENON MAGALHAES,AFOGADOS,,SUBURBIO,COLISÃO COM CICLISTA,1,0,0,1,0,0,0,0,0,1,0,Longo da via,Bom,Não existe,Perfeito estado,Seca,Perfeito estado,Não existe,Outras,,Única,Faixa seccionada,,
2021-06-13 00:00:00,06:15:00,COM VÍTIMA,FINALIZADA,BRASÍLIA TEIMOSA,RUA COMENDADOR MORAES,262,,AO LADO DO JC PM,BRASÍLIA TEIMOSA,,SUBURBIO,QUEDA,0,0,1,0,0,0,0,0,0,2,0,Longo da via,Bom,Não existe,Perfeito estado,Seca,Perfeito estado,Não existe,Outras,,Única,Faixa seccionada,,
2021-06-13 00:00:00,10:18:00,COM VÍTIMA,FINALIZADA,IPSEP,RUA JEAN EMILE FAVRE,890,RUA BLUMENAU,,IPSEP,101,SUBURBIO,COLISÃO LATERAL,1,1,0,0,0,0,0,0,0,1,0,Cruzamento,Bom,Sem defeito,Perfeito estado,Seca,Perfeito estado,Faixa de pedestre,R-6a,,Dupla,Faixa contínua,,
2021-06-13 00:00:00,19:11:00,COM VÍTIMA,FINALIZADA,BONGI,EST DO BONGI,,,PROX A DELEGACIA DA POLICIA CIVIL,BONGI,,CIDADE,COLISÃO COM CICLISTA,0,1,0,1,0,0,0,0,0,1,0,Longo da via,Bom,Não existe,Perfeito estado,Seca,Perfeito estado,,Não há placas,30 km/h,Dupla,Faixa contínua,,
2021-06-13 00:00:00,20:20:00,COM VÍTIMA,FINALIZADA,CAMPO GRANDE,AV GOVERNADOR AGAMENON MAGALHAES,,,PROX AO POSTO DISLUB,CAMPO GRANDE,,OLINDA,COLISÃO LATERAL,1,1,0,0,0,0,0,0,0,1,0,,,,,,,,,,,,,
2021-06-13 00:00:00,21:25:40,COM VÍTIMA,FINALIZADA,BONGI,RUA PADRE TEOFILO TWORZ,,RUA CARLOS GOMES,NO CRUZAMNETO MESMO,BONGI,,SUBURBIO,COLISÃO FRONTAL,1,1,0,0,0,0,0,0,0,1,0,Cruzamento,Bom,Não existe,Perfeito estado,Seca,Perfeito estado,Não existe,"Placas ""Pare""",,Única,Faixa seccionada,,
2021-06-14 00:00:00,07:01:00,COM VÍTIMA,FINALIZADA,BAIRRO DO RECIFE,AV MILITAR,550,,EM FRENTE O POSTO BR E PROX. DA PREFEITURA,BAIRRO DO RECIFE,,,COLISÃO LATERAL,0,1,0,0,0,1,0,0,0,1,0,,,,,,,,,,,,,
2021-06-14 00:00:00,11:52:00,SEM VÍTIMA,FINALIZADA,TEJIPIÓ,AV PADRE IBIAPINA,,,AO LADO DO POSTE Nº B 088968,TEJIPIÓ,,SUBURBIO,COLISÃO TRASEIRA,2,0,0,0,0,0,0,0,0,0,0,Longo da via,Bom,Não existe,Não existente,Seca,Perfeito estado,Não existe,Não há placas,60 km/h,Dupla,Não existe,,
2021-06-14 00:00:00,11:55:00,COM VÍTIMA,FINALIZADA,BEBERIBE,AV BEBERIBE,3677,RUA DALVA DE OLIVEIRA,,BEBERIBE,575,,COLISÃO LATERAL,1,1,0,0,0,0,0,0,0,1,0,Cruzamento,Chuvoso,Sem defeito,Perfeito estado,Molhada,Perfeito estado,Faixa de pedestre,Outras,60 km/h,Dupla,Faixa contínua,,
2021-06-14 00:00:00,14:22:00,COM VÍTIMA,FINALIZADA,DERBY,PRC DO DERBY,177,,EM FRENTE AO LABORATÓRIO MARCELO MAGALHÃES,DERBY,,CIDADE,ATROPELAMENTO DE PESSOA,1,0,0,0,1,0,0,0,0,1,0,Longo da via,Bom,Não existe,Perfeito estado,Seca,Perfeito estado,Não existe,Outras,,Única,Faixa seccionada,,
2021-06-14 00:00:00,17:04:00,COM VÍTIMA,CANCELADA,CASA AMARELA,RUA DES MOTTA JUNIOR,,,E/F A ESCOLA ESTADUAL CARLOS DE LIMA CAVALCANTI,CASA AMARELA,,,COLISÃO LATERAL,1,1,0,0,0,0,0,0,0,1,0,,,,,,,,,,,,,
2021-06-14 00:00:00,19:36:00,COM VÍTIMA,FINALIZADA,MADALENA,RUA JOSE OSORIO,9727,,PRÓX A AUTO NORDESTE E MULTI MARCAS,MADALENA,,CIDADE,COLISÃO FRONTAL,1,1,0,0,0,0,0,0,0,1,0,Longo da via,Chuvoso,Não existe,Perfeito estado,Molhada,Perfeito estado,Não existe,Não há placas,,Dupla,Faixa contínua,,
2021-06-14 00:00:00,20:33:40,COM VÍTIMA,FINALIZADA,BOA VISTA,AV CONDE DA BOA VISTA,233,,LOGO APÓS O CRUZAMENTO COM A RUA GERVÁSIO PIRES,BOA VISTA,,SUBURBIO,COLISÃO FRONTAL,0,1,0,0,0,0,0,0,0,1,0,Longo da via,Chuvoso,Não existe,Perfeito estado,Molhada,Perfeito estado,Não existe,Outras,,Única,Faixa seccionada,,
2021-06-15 00:00:00,11:05:00,COM VÍTIMA,FINALIZADA,BEBERIBE,AV BEBERIBE,1796,RUA ZEFERINO AGRA,AO LADO OFICINA SAO MARCOS,BEBERIBE,,CIDADE,COLISÃO FRONTAL,1,1,0,0,0,0,0,0,0,1,0,Longo da via,Bom,Não existe,Perfeito estado,Seca,Perfeito estado,Faixa de pedestre,Não há placas,60 km/h,Dupla,Faixa contínua,,
2021-06-15 00:00:00,11:07:00,COM VÍTIMA,FINALIZADA,CAMPO GRANDE,AV PROFESSOR JOSE DOS ANJOS,36,,"SENT. OLINDA, EM FRENTE AO SUPERMERCADO BOA FEIRA",CAMPO GRANDE,,,COLISÃO TRASEIRA,1,1,0,0,0,0,0,0,0,1,0,Longo da via,Bom,Não existe,Perfeito estado,Seca,Perfeito estado,Não existe,Não há placas,,Única,Faixa seccionada,,
2021-06-15 00:00:00,11:14:00,COM VÍTIMA,FINALIZADA,SAN MARTIN,RUA CLOTILDE DE OLIVEIRA,,,PROX. DO GERTULIO VARGAS,SAN MARTIN,,CIDADE,COLISÃO FRONTAL,1,1,0,0,0,0,0,0,0,1,0,Cruzamento,Bom,Sem defeito,Ilegível,Seca,Mal conservada,Faixa de pedestre,R-6a,,Dupla,Faixa contínua,,
2021-06-15 00:00:00,12:17:00,COM VÍTIMA,FINALIZADA,BOA VIAGEM,RUA BALTAZAR PASSOS,,RUA ALMIRANTE BATISTA LEAO,AO LADO DO COLEGIO MADRE DE DEUS  E/F AO BAR DO LUIZ,BOA VIAGEM,,,COLISÃO LATERAL,1,1,0,0,0,0,0,0,0,1,0,Cruzamento,Bom,Não existe,Incompleta,Seca,Perfeito estado,Não existe,"Placas ""Pare""",,Única,Faixa seccionada,,
2021-06-15 00:00:00,13:36:00,COM VÍTIMA,FINALIZADA,ESPINHEIRO,RUA DA HORA,628,,APÓS O BRADESCO,ESPINHEIRO,,,COLISÃO COM CICLISTA,1,0,0,1,0,0,0,0,0,1,0,Longo da via,Bom,Não existe,Perfeito estado,Seca,Perfeito estado,Outros,Não há placas,,Única,Não existe,,
2021-06-15 00:00:00,15:32:00,COM VÍTIMA,CANCELADA,CASA AMARELA,AV DR EURICO CHAVES,957,,PRÓX À PADARIA MANDACARU,CASA AMARELA,,,COLISÃO LATERAL,2,1,0,0,0,0,0,0,0,1,0,,,,,,,,,,,,,
2021-06-15 00:00:00,16:22:00,COM VÍTIMA,FINALIZADA,MACAXEIRA,RUA TEREZA CARNEIRO,115,,PROXIMO A QUITANDA DO DINHO,MACAXEIRA,,SUBURBIO,COLISÃO LATERAL,0,1,0,0,0,0,0,1,0,2,0,Longo da via,Chuvoso,Não existe,Não existente,Molhada,Mal conservada,Não existe,Não há placas,,Dupla,Não existe,,
2021-06-15 00:00:00,18:28:00,SEM VÍTIMA,CANCELADA,BEBERIBE,RUA URIEL DE HOLANDA,160,,ENTRADA DE DOIS UNIDOS. APÓS A PRAÇA DA CONVENÇÃO,BEBERIBE,,,APOIO COMPESA,0,0,0,0,0,0,0,0,0,0,0,,,,,,,,,,,,,
2021-06-16 00:00:00,12:38:00,COM VÍTIMA,FINALIZADA,BOA VIAGEM,RUA DEZ DE JULHO,481,RUA CAMBOIM,AO LADO DA MAISON CHRISTAL RECEPÇÕES,BOA VIAGEM,,CIDADE,COLISÃO LATERAL,1,1,0,0,0,0,0,0,0,1,0,Cruzamento,Bom,Não existe,Perfeito estado,Seca,Perfeito estado,Faixa de pedestre,"Placas ""Pare""",30 km/h,Única,Faixa contínua,Faixa seccionada,
2021-06-16 00:00:00,15:45:00,COM VÍTIMA,FINALIZADA,ENCRUZILHADA,RUA CASTRO ALVES,767,,PRÓX À CHURRASCARIA LEITÃO,ENCRUZILHADA,377,SUBURBIO,COLISÃO LATERAL,1,1,0,0,0,0,0,0,0,1,0,Longo da via,Bom,Sem defeito,Perfeito estado,Seca,Perfeito estado,Faixa de pedestre,Outras,,Única,Faixa contínua,Faixa seccionada,
2021-06-16 00:00:00,16:10:00,COM VÍTIMA,FINALIZADA,BEBERIBE,PRC DA CONVENCAO,4592,,E/F AIGREJA BATISTA  E O MAGAZINE LUIZA,BEBERIBE,,SUBURBIO,ATROPELAMENTO DE PESSOA,0,1,0,0,1,0,0,0,0,2,0,Longo da via,Bom,Sem defeito,Perfeito estado,Seca,Perfeito estado,Outros,Não há placas,,Dupla,Faixa contínua,Faixa seccionada,
2021-06-16 00:00:00,17:59:00,COM VÍTIMA,FINALIZADA,AREIAS,AV DR JOSE RUFINO,,,E/F AO CT DA HONDA,AREIAS,,SUBURBIO,COLISÃO FRONTAL,0,2,0,0,0,0,0,0,0,1,0,Longo da via,Bom,Não existe,Perfeito estado,Seca,Perfeito estado,Não existe,Não há placas,,Dupla,Faixa contínua,,
2021-06-17 00:00:00,18:38:00,SEM VÍTIMA,FINALIZADA,MADALENA,AV BEIRA RIO,591,,E/F AO EDF SOBRADO DO CAPIBARIBE,MADALENA,,,COLISÃO LATERAL,3,0,0,0,0,0,0,0,0,0,0,,,,,,,,,,,,,
2021-06-17 00:00:00,19:07:00,COM VÍTIMA,FINALIZADA,SANTO AMARO,AV MARIO MELO,,AV CRUZ CABUGA,SEMÁFORO 171 / SNT SUB-CID,SANTO AMARO,171,CIDADE,COLISÃO FRONTAL,0,1,0,0,0,1,0,0,0,1,0,Cruzamento,Bom,Sem defeito,Perfeito estado,Seca,Perfeito estado,Outros,R-4a,,Dupla,Faixa contínua,,
2021-06-17 00:00:00,19:24:00,COM VÍTIMA,FINALIZADA,VÁRZEA,RUA ENGENHEIRO VASCONCELOS BITTENCOURT,330,RUA ABATIA,E/F A PRC DO CAXITO,VÁRZEA,,SUBURBIO,ATROPELAMENTO DE PESSOA,0,1,0,0,1,0,0,0,0,1,0,Longo da via,Bom,Não existe,Não existente,Seca,Perfeito estado,Não existe,Não há placas,30 km/h,Dupla,Não existe,,
2021-06-17 00:00:00,20:41:40,SEM VÍTIMA,FINALIZADA,BOA VIAGEM,RUA CORONEL ANIZIO RODRIGUES COELHO,678,,E/F AO EDF CASTELO DE VAN GOGH / PRÓX A IGREJA NOSSA SENHORA DE FATIMA,BOA VIAGEM,,,ENGAVETAMENTO,3,0,0,0,0,0,0,0,0,0,0,,,,,,,,,,,,,
2021-06-17 00:00:00,21:00:40,COM VÍTIMA,FINALIZADA,BOA VIAGEM,RUA GENERAL SALGADO,820,RUA COSMORAMA,NO CRUZAMENTO MESMO,BOA VIAGEM,,SUBURBIO,COLISÃO LATERAL,1,1,0,0,0,0,0,0,0,1,0,Cruzamento,Chuvoso,Não existe,Perfeito estado,Molhada,Perfeito estado,Não existe,"Placas ""Pare""",40 km/h,Dupla,,,
2021-06-17 00:00:00,21:01:40,SEM VÍTIMA,FINALIZADA,ARRUDA,RUA DO MACHADO,886,,PRÓX AO EMPORIO DA CERVEJA,ARRUDA,,,COLISÃO LATERAL,1,0,0,0,0,0,0,1,0,0,0,,,,,,,,,,,,,
2021-06-18 00:00:00,03:37:00,SEM VÍTIMA,FINALIZADA,SANTO AMARO,AV GOVERNADOR AGAMENON MAGALHAES,,,"POSTO BR, SENTIDO OLINDA",SANTO AMARO,378,,CHOQUE,1,0,0,0,0,0,0,0,0,0,0,,,,,,,,,,,,,
2021-06-18 00:00:00,19:11:00,SEM VÍTIMA,CANCELADA,JARDIM SÃO PAULO,RUA LEANDRO BARRETO,385,,E/F A PÁDARIA SABORES DA PRAÇA,JARDIM SÃO PAULO,,,COLISÃO TRASEIRA,2,0,0,0,0,0,0,0,0,0,0,,,,,,,,,,,,,
2021-06-19 00:00:00,08:23:00,COM VÍTIMA,FINALIZADA,CORDEIRO,AV CAXANGA,2900,,SUPERMERCADO EXTRA,CORDEIRO,,SUBURBIO,CHOQUE,0,1,0,0,0,0,0,0,0,1,0,Longo da via,Chuvoso,Não existe,Perfeito estado,Molhada,Perfeito estado,Não existe,Não há placas,,Dupla,Canteiro central,,
2021-06-19 00:00:00,08:50:00,COM VÍTIMA,CANCELADA,MADALENA,RUA JOSE OSORIO,877,,EM FRENTE A LOJA SEU CARANGO,MADALENA,,,COLISÃO TRASEIRA,1,1,0,0,0,0,0,0,0,1,0,,,,,,,,,,,,,
2021-06-19 00:00:00,13:17:00,COM VÍTIMA,FINALIZADA,CAMPO GRANDE,AV CORREIA DE BRITO,,,EM FRENTE A CONSTRUTORA PLINIO CAVALCANTI,CAMPO GRANDE,,SUBURBIO,COLISÃO FRONTAL,1,1,0,0,0,0,0,0,0,1,0,Longo da via,Bom,Não existe,Não existente,Seca,Perfeito estado,Não existe,Não há placas,,Dupla,Não existe,,
2021-06-19 00:00:00,16:33:00,SEM VÍTIMA,FINALIZADA,IPSEP,AV RECIFE,,,LADO OPOSTO AO POSTO DE COMBUSTIVEIS FEDERAL,IPSEP,,SUBURBIO,CAPOTAMENTO,1,0,0,0,0,0,0,0,0,0,0,Longo da via,Chuvoso,Não existe,Perfeito estado,Molhada,Perfeito estado,Não existe,Não há placas,,Dupla,Faixa contínua,Faixa seccionada,Canteiro central
2021-06-19 00:00:00,17:09:00,COM VÍTIMA,FINALIZADA,SÃO JOSÉ,RUA IMPERIAL,,RUA BOM SUCESSO,APOS O COLEGIO JOAQUIM NABUCO  VT  01  ESTA NO LOCAL AGUARDANDO A VT 22,SÃO JOSÉ,,AFOGADOS,COLISÃO LATERAL,1,1,0,0,0,0,0,0,0,1,0,Cruzamento,Chuvoso,Não existe,Incompleta,Molhada,Perfeito estado,Não existe,Outras,40 km/h,Única,Não existe,,
2021-06-19 00:00:00,17:49:00,SEM VÍTIMA,FINALIZADA,BAIRRO DO RECIFE,AV RIO BRANCO,,,APOS A POLICIA FEDERAL,BAIRRO DO RECIFE,19,,,1,0,0,0,0,0,0,1,0,0,0,Longo da via,Bom,Sem defeito,Perfeito estado,Molhada,Perfeito estado,Faixa de pedestre,R-6c,,Dupla,Faixa contínua,Faixa seccionada,
2021-06-19 00:00:00,21:06:40,SEM VÍTIMA,CANCELADA,IPUTINGA,EST DO BARBALHO,1365,,EM FRENTE A GRANJA DE BIRA,IPUTINGA,,,COLISÃO LATERAL,4,0,0,0,0,0,0,0,0,0,0,,,,,,,,,,,,,