data,hora,natureza,situacao,bairro,endereco,numero,detalhe_endereco_acidente,complemento,bairro_cruzamento,num_semaforo,sentido_via,tipo,auto,moto,ciclom,ciclista,pedestre,onibus,caminhao,viatura,outros,vitimas,vitimasfatais,acidente_verificado,tempo_clima,situacao_semaforo,sinalizacao,condicao_via,conservacao_via,ponto_controle,situacao_placa,velocidade_max_via,mao_direcao,divisao_via1,divisao_via2,divisao_via3
2021-07-04 00:00:00,10:38:00,COM VÍTIMA,FINALIZADA,PARNAMIRIM,AV FLOR DE SANTANA,223,RUA DO MARQUES,PROX. EDF. TORONTO,PARNAMIRIM,,,COLISÃO LATERAL,1,1,0,0,0,0,0,0,0,1,0,Cruzamento,Bom,Não existe,Incompleta,Seca,Mal conservada,Faixa de pedestre,"Placas ""Pare""",30 km/h,Dupla,Não existe,,
2021-07-04 00:00:00,16:12:00,COM VÍTIMA,FINALIZADA,ESPINHEIRO,RUA QUARENTA E OITO,,RUA CONS PORTELA,FARMÁCIA PAGUE MENOS,ESPINHEIRO,11,CIDADE,COLISÃO LATERAL,1,1,0,0,0,0,0,0,0,2,0,Cruzamento,Bom,Sem defeito,Perfeito estado,Seca,Perfeito estado,Faixa de pedestre,R-6a,,Única,Faixa contínua,,
2021-07-04 00:00:00,20:58:00,SEM VÍTIMA,CANCELADA,DOIS IRMÃOS,RUA MANUEL DE MEDEIROS,,,E/F A FACULDADE RURAL,DOIS IRMÃOS,0,,QUEDA,0,1,0,0,0,0,0,0,0,0,0,,,,,,,,,,,,,
2021-07-04 00:00:00,22:39:40,COM VÍTIMA,FINALIZADA,GRAÇAS,AV CONS ROSA E SILVA,471,RUA BRUNO MAIA,ESQUINA COM HOSPITAL DOS SERVIDORES[,GRAÇAS,,SUBURBIO,COLISÃO TRASEIRA,1,1,0,0,0,0,0,0,0,1,0,Longo da via,Bom,Não existe,Perfeito estado,Seca,Perfeito estado,,Outras,,Única,Faixa seccionada,,
2021-07-05 00:00:00,06:56:00,COM VÍTIMA,FINALIZADA,IBURA,AV DOM HELDER CAMARA,351,,E/F ARMAZÉM FAMA,IBURA,,CIDADE,QUEDA,0,1,0,0,0,0,0,0,0,1,0,Longo da via,Bom,Não existe,Perfeito estado,Seca,Perfeito estado,Não existe,Não há placas,,Dupla,Canteiro central,,
2021-07-05 00:00:00,07:11:00,COM VÍTIMA,FINALIZADA,PINA,AV CONSELHEIRO AGUIAR,523,RUA PEREIRA DA COSTA,LUCK VIAGENS,PINA,140,CIDADE,QUEDA,0,1,0,0,0,0,0,0,0,1,0,Longo da via,Bom,Sem defeito,Perfeito estado,Seca,Perfeito estado,Faixa de pedestre,Outras,,Única,Faixa contínua,Faixa seccionada,
2021-07-05 00:00:00,08:17:00,COM VÍTIMA,FINALIZADA,SAN MARTIN,AV CONSUL VILARES FRAGOSO,,RUA COMENDADOR FRANCO FERREIRA,AO LADO DA CAVALARIA,SAN MARTIN,,SUBURBIO,COLISÃO TRANSVERSAL,1,1,0,0,0,0,0,0,0,1,0,Cruzamento,Bom,Não existe,Incompleta,Seca,Perfeito estado,Não existe,R-6a,,Dupla,Faixa contínua,,
2021-07-05 00:00:00,09:32:00,COM VÍTIMA,FINALIZADA,ESPINHEIRO,AV GOVERNADOR AGAMENON MAGALHAES,2764,RUA BUENOS AYRES,M FRENTE AO EDF ANTONIO DE ALBUQUERQUE GALVAO,ESPINHEIRO,78,SUBURBIO,COLISÃO TRASEIRA,2,0,0,0,0,0,0,0,0,1,0,Longo da via,Bom,Sem defeito,Perfeito estado,Seca,Perfeito estado,Faixa de pedestre,,60 km/h,Dupla,Faixa contínua,,
2021-07-05 00:00:00,10:03:00,COM VÍTIMA,FINALIZADA,CASA AMARELA,AV NORTE,,AV PROFESSOR JOSE DOS ANJOS,EM FRENTE AO SESC,CASA AMARELA,364,SUBURBIO,COLISÃO TRASEIRA,1,1,0,0,0,0,0,0,0,1,0,Cruzamento,Bom,Sem defeito,Perfeito estado,Seca,Perfeito estado,,Outras,,Dupla,Não existe,,
2021-07-05 00:00:00,11:14:00,SEM VÍTIMA,FINALIZADA,DERBY,AV GOVERNADOR AGAMENON MAGALHAES,,,,DERBY,417,BOA VIAGEM,COLISÃO LATERAL,1,1,0,0,0,0,0,0,0,0,0,Longo da via,Bom,Sem defeito,Perfeito estado,Seca,Perfeito estado,Faixa de pedestre,Outras,60 km/h,Dupla,Canteiro central,,
2021-07-05 00:00:00,14:49:00,COM VÍTIMA,FINALIZADA,MACAXEIRA,AV DA RECUPERACAO,,,PRÓX AO T.I. MACAXEIRA,MACAXEIRA,,SUBURBIO,COLISÃO FRONTAL,0,2,0,0,0,0,0,0,0,2,0,Longo da via,Bom,Não existe,Perfeito estado,Seca,Perfeito estado,Não existe,Não há placas,,Dupla,Faixa seccionada,,
2021-07-05 00:00:00,16:22:00,COM VÍTIMA,FINALIZADA,MONTEIRO,AV DR EURICO CHAVES,341,,E/F AO BAR PARADA OBRIGATORIA,MONTEIRO,,CIDADE,COLISÃO TRASEIRA,0,2,0,0,0,0,0,0,0,1,0,Longo da via,Bom,Não existe,Perfeito estado,Seca,Perfeito estado,Não existe,,30 km/h,Dupla,Faixa seccionada,,
2021-07-05 00:00:00,22:03:40,COM VÍTIMA,FINALIZADA,CASA AMARELA,AV NORTE,6246,,NA SUBIDA DO VASCO / E/F AO POSTO BR,CASA AMARELA,66,CIDADE,ATROPELAMENTO DE PESSOA,0,1,0,0,1,0,0,0,0,2,0,Longo da via,Chuvoso,Sem defeito,Perfeito estado,Molhada,Perfeito estado,Faixa de pedestre,Outras,60 km/h,Dupla,Faixa seccionada,,
2021-07-06 00:00:00,12:26:00,COM VÍTIMA,FINALIZADA,SÃO JOSÉ,VIADUTO CAPITAO TEMUDO,,,EM CIMA DO VIADUTO/ SENTIDO CIDADE,SÃO JOSÉ,,CIDADE,COLISÃO TRASEIRA,1,1,0,0,0,0,0,0,0,1,0,Viaduto,Bom,Não existe,Perfeito estado,Seca,Perfeito estado,Outros,Não há placas,,Dupla,Canteiro central,,
2021-07-06 00:00:00,13:34:00,COM VÍTIMA,FINALIZADA,SÃO JOSÉ,AV ENGENHEIRO JOSE ESTELITA,,,EM FRENTE AO EDF. MIRANTE DO CAIS,SÃO JOSÉ,,CIDADE,COLISÃO TRASEIRA,1,1,0,0,0,0,0,0,0,1,0,Longo da via,Bom,Não existe,Incompleta,Seca,Perfeito estado,Não existe,Não há placas,60 km/h,Única,Faixa seccionada,,
2021-07-06 00:00:00,14:16:00,COM VÍTIMA,FINALIZADA,CASA FORTE,AV DEZESSETE DE AGOSTO,,,CENTRO MÉDICO SEN. ERMÍRIO DE MORAES,CASA FORTE,251,SUBURBIO,COLISÃO TRANSVERSAL,2,0,0,0,0,0,0,0,0,1,0,Longo da via,Bom,Sem defeito,Perfeito estado,Seca,Perfeito estado,Faixa de pedestre,Outras,,Dupla,Faixa contínua,,
2021-07-06 00:00:00,14:52:00,COM VÍTIMA,FINALIZADA,MADALENA,RUA ARLINDO GOUVEIA,39,RUA BENFICA,EM FRENTE AO CLUBE INTERNACIONAL,MADALENA,620,CIDADE,COLISÃO TRANSVERSAL,1,1,0,0,0,0,0,0,0,1,0,Cruzamento,Bom,Sem defeito,Perfeito estado,Seca,Perfeito estado,Faixa de pedestre,Não há placas,,Dupla,Faixa seccionada,,
2021-07-06 00:00:00,18:19:00,COM VÍTIMA,FINALIZADA,SANTO AMARO,RUA FREI CASSIMIRO,,,E/F A ANTIGA CTTU,SANTO AMARO,,SUBURBIO,CHOQUE,1,1,0,0,0,0,0,0,0,1,0,Longo da via,Bom,Não existe,Não existente,Seca,Perfeito estado,Não existe,Não há placas,,Dupla,Não existe,,
2021-07-06 00:00:00,18:24:00,COM VÍTIMA,CANCELADA,TEJIPIÓ,AV DR JOSE RUFINO,498,,"E/F A PRAÇA DO PACHECO , SNT JABOATÃO",TEJIPIÓ,,,COLISÃO LATERAL,1,1,0,0,0,0,0,0,0,1,0,,,,,,,,,,,,,
2021-07-07 00:00:00,11:25:00,COM VÍTIMA,FINALIZADA,BOA VIAGEM,AV ENGENHEIRO DOMINGOS FERREIRA,883,,EM FRENTE À J CARLOS MÓVEIS,BOA VIAGEM,,SUBURBIO,COLISÃO LATERAL,2,0,0,0,0,0,0,0,0,1,0,Longo da via,Bom,Sem defeito,Perfeito estado,Seca,Perfeito estado,,,60 km/h,Única,Faixa seccionada,,
2021-07-07 00:00:00,14:18:00,SEM VÍTIMA,FINALIZADA,SANTO ANTÔNIO,C SANTA RITA,,,APÓS O SEMÁFORO Nº 076,SANTO ANTÔNIO,,SUBURBIO,,1,0,0,0,0,0,0,0,0,0,0,Longo da via,Bom,Sem defeito,Perfeito estado,Seca,Mal conservada,Faixa de retenção,Outras,,Dupla,Canteiro central,,
2021-07-07 00:00:00,14:29:00,SEM VÍTIMA,FINALIZADA,PINA,RUA TOME GIBSON,,AVENIDA CELSO FURTADO (VIA MANGUE),,PINA,,,,1,1,0,0,0,0,0,0,0,0,0,,Bom,Não existe,Perfeito estado,Seca,Perfeito estado,Faixa de pedestre,Não há placas,,Dupla,Faixa seccionada,,
2021-07-07 00:00:00,15:26:00,SEM VÍTIMA,FINALIZADA,VÁRZEA,AV CAXANGA,5612,RUA RODRIGUES FERREIRA,LADO OPOSTO À IGREJA ASSEMBLEIA DE DEUS,VÁRZEA,232,CIDADE,,0,0,0,0,0,0,1,1,0,0,0,Longo da via,Bom,Sem defeito,Perfeito estado,Seca,Perfeito estado,Faixa de pedestre,R-6a,60 km/h,Dupla,Canteiro central,,
2021-07-07 00:00:00,16:05:00,COM VÍTIMA,FINALIZADA,BOA VIAGEM,AV BOA VIAGEM,2846,,E/F A PADARIA BOA VIAGEM,BOA VIAGEM,548,,COLISÃO TRASEIRA,1,1,0,0,0,0,0,0,0,1,0,Longo da via,Bom,Sem defeito,Perfeito estado,Seca,Perfeito estado,,,,Única,Faixa seccionada,,
2021-07-08 00:00:00,12:14:00,COM VÍTIMA,FINALIZADA,BOA VIAGEM,AVENIDA CELSO FURTADO (VIA MANGUE),,,FINAL DA VIA MANGUE/ PROXIMO AO SHOPPING RECIFE/ SENTIDO AEROPORTO,BOA VIAGEM,,,COLISÃO TRASEIRA,1,1,0,0,0,0,0,0,0,1,0,,,,,,,,,,,,,
2021-07-08 00:00:00,16:12:00,COM VÍTIMA,FINALIZADA,SAN MARTIN,AV ENGENHEIRO ABDIAS DE CARVALHO,893,,SOB O SEMÁFORO 422 / CTTU,SAN MARTIN,422,SUBURBIO,COLISÃO FRONTAL,0,2,0,0,0,0,0,0,0,1,0,Cruzamento,Bom,Sem defeito,Perfeito estado,Seca,Perfeito estado,Outros,Não há placas,60 km/h,Dupla,Canteiro central,,
2021-07-08 00:00:00,16:47:00,COM VÍTIMA,CANCELADA,IPSEP,AV RECIFE,3069,,EM FRENTE A ALINHAUTO/ SENTIDO AEROPORTO,IPSEP,,,COLISÃO TRASEIRA,1,1,0,0,0,0,0,0,0,1,0,,,,,,,,,,,,,
2021-07-08 00:00:00,18:09:00,COM VÍTIMA,FINALIZADA,MADALENA,RUA BENFICA,,,E/F AO MUSEU DA ABOLIÇAO,MADALENA,257,SUBURBIO,ATROPELAMENTO DE PESSOA,0,0,0,0,1,1,0,0,0,1,0,Longo da via,Bom,Sem defeito,Perfeito estado,Seca,Perfeito estado,Faixa de pedestre,Outras,,Dupla,Faixa contínua,,
2021-07-08 00:00:00,19:14:00,COM VÍTIMA,FINALIZADA,FUNDÃO,AV BEBERIBE,2491,RUA CORRENTES,PROX A PIZZARIA DO GEMEOS,FUNDÃO,,SUBURBIO,COLISÃO LATERAL,1,1,0,0,0,0,0,0,0,1,0,Cruzamento,Bom,Não existe,Não existente,Seca,Perfeito estado,Não existe,Não há placas,60 km/h,Dupla,Faixa seccionada,,
2021-07-08 00:00:00,20:12:00,COM VÍTIMA,FINALIZADA,IBURA,AV RIO LARGO,1704,,E/F AO SUPERMECADO PROABE ALIMENTOS,IBURA,512,DUPLO,COLISÃO LATERAL,1,1,0,0,0,0,0,0,0,1,0,Longo da via,Bom,Sem defeito,Perfeito estado,Seca,Perfeito estado,Faixa de pedestre,Não há placas,,Dupla,Não existe,,
2021-07-09 00:00:00,07:21:00,COM VÍTIMA,FINALIZADA,IMBIRIBEIRA,AV GENERAL MAC ARTHUR,,RUA SARGENTO SILVINO DE MACEDO,PROX. AO POSTO DE GASOLINA BR,IMBIRIBEIRA,640,SUBURBIO,COLISÃO COM CICLISTA,1,0,0,1,0,0,0,0,0,1,0,Esquina,Bom,Sem defeito,Perfeito estado,Seca,Perfeito estado,Faixa de pedestre,R-6a,40 km/h,Única,Faixa seccionada,,
2021-07-09 00:00:00,11:39:00,SEM VÍTIMA,FINALIZADA,SAN MARTIN,AV GENERAL SAN MARTIN,,,"PROX. AO COMPAZ, EM FRENTE OS CORREIOS",SAN MARTIN,,,COLISÃO LATERAL,2,0,0,0,0,0,0,0,0,0,0,,,,,,,,,,,,,
2021-07-09 00:00:00,12:09:00,COM VÍTIMA,FINALIZADA,BOA VIAGEM,AV ENGENHEIRO DOMINGOS FERREIRA,,RUA ARTUR MUNIZ,EM FRENTE AO EXTRA,BOA VIAGEM,380,SUBURBIO,COLISÃO LATERAL,1,1,0,0,0,0,0,0,0,1,0,Cruzamento,Bom,Sem defeito,Perfeito estado,Seca,Perfeito estado,Faixa de pedestre,R-6a,,Dupla,Canteiro central,,
2021-07-01 00:00:00,13:26:00,COM VÍTIMA,FINALIZADA,GRAÇAS,AV GOVERNADOR AGAMENON MAGALHAES,,,APOS O SEMÁFORO 173,GRAÇAS,173,BOA VIAGEM,QUEDA,0,1,0,0,0,0,0,0,0,1,0,Longo da via,Nublado,Sem defeito,Perfeito estado,Seca,Perfeito estado,,Não há placas,60 km/h,Dupla,Canal,,
2021-07-09 00:00:00,15:58:00,COM VÍTIMA,FINALIZADA,ARRUDA,AV PROFESSOR JOSE DOS ANJOS,1029,EST VELHA DE AGUA FRIA,NO SEMÁFORO 306/ SENTIDO AV. NORTE,ARRUDA,306,,COLISÃO LATERAL,0,2,0,0,0,0,0,0,0,2,0,Cruzamento,Bom,Sem defeito,Perfeito estado,Seca,Perfeito estado,Faixa de pedestre,R-6a,,Dupla,Canteiro central,,
2021-07-09 00:00:00,16:50:00,COM VÍTIMA,FINALIZADA,MADALENA,AV VISCONDE DE ALBUQUERQUE,400,RUA LOPES DE CARVALHO,EM FRENTE AO SERASA E A VALIDE,MADALENA,,SUBURBIO,COLISÃO LATERAL,1,1,0,0,0,0,0,0,0,1,0,Cruzamento,Bom,Não existe,,Seca,Perfeito estado,Não existe,Não há placas,60 km/h,Única,Não existe,,
2021-07-09 00:00:00,21:16:40,VÍTIMA FATAL,FINALIZADA,IMBIRIBEIRA,AV MARECHAL MASCARENHAS DE MORAES,,,EM FRENTE A LOCALIZA RENT A CAR,IMBIRIBEIRA,,SUBURBIO,ATROPELAMENTO DE PESSOA,0,0,0,0,1,1,0,0,0,0,1,Outros,Bom,Sem defeito,Perfeito estado,Seca,Perfeito estado,Não existe,Não há placas,50 km/h,Dupla,Canteiro central,,
2021-07-10 00:00:00,06:33:00,COM VÍTIMA,FINALIZADA,ESPINHEIRO,AV GOVERNADOR AGAMENON MAGALHAES,2860,,E/F AO  EDF. MARIA CLARA (VIA LOCAL) // SENTIDO BOA VIAGEM,ESPINHEIRO,,,COLISÃO LATERAL,1,1,0,0,0,0,0,0,0,1,0,Longo da via,Chuvoso,Não existe,Perfeito estado,Molhada,Perfeito estado,Não existe,Outras,60 km/h,Dupla,Faixa seccionada,Canteiro central,Canal
2021-07-10 00:00:00,07:56:00,COM VÍTIMA,FINALIZADA,BOA VISTA,RUA DOM BOSCO,,,EM FRENTE AO QUARTEL DA RADIO PATRULHA,BOA VISTA,,SUBURBIO,COLISÃO LATERAL,1,1,0,0,0,0,0,0,0,1,0,Longo da via,Bom,Não existe,Perfeito estado,Seca,Perfeito estado,Não existe,Não há placas,,Única,Faixa seccionada,,
2021-07-10 00:00:00,10:59:00,COM VÍTIMA,FINALIZADA,BOA VIAGEM,RUA RIBEIRO DE BRITO,40,,APOS A FACULDADE UNINASASAU // SENT. AV RECIFE,BOA VIAGEM,,SUBURBIO,COLISÃO LATERAL,0,1,0,0,0,1,0,0,0,1,0,Longo da via,Bom,Não existe,Perfeito estado,Seca,Perfeito estado,Não existe,Não há placas,,Única,Faixa seccionada,,
2021-07-10 00:00:00,11:45:00,COM VÍTIMA,FINALIZADA,IPUTINGA,RUA SAO MATEUS,365,RUA DR VIRGINIO MARQUES,E/F AO COLÉGIO SÃO DOMINGOS,IPUTINGA,,SUL,COLISÃO LATERAL,1,1,0,0,0,0,0,0,0,1,0,Cruzamento,Bom,Não existe,Perfeito estado,Seca,Perfeito estado,Não existe,Não há placas,40 km/h,Dupla,Não existe,,
2021-07-10 00:00:00,15:12:00,COM VÍTIMA,FINALIZADA,BOA VISTA,AV CONDE DA BOA VISTA,,RUA GERVASIO PIRES,EM FRENTE À LOJA RENNER,BOA VISTA,24,SUBURBIO,COLISÃO COM CICLISTA,0,0,0,1,0,1,0,0,0,1,0,Longo da via,Bom,Não existe,Perfeito estado,Seca,Perfeito estado,Não existe,Não há placas,40 km/h,Única,Faixa seccionada,,
2021-07-10 00:00:00,15:45:00,COM VÍTIMA,FINALIZADA,VASCO DA GAMA,AV VEREADOR OTACILIO AZEVEDO,877,,NA ENTRADA DO CORREGO DO CAROA,VASCO DA GAMA,877,CIDADE,COLISÃO FRONTAL,2,0,0,0,0,0,0,0,0,2,0,Longo da via,Chuvoso,Não existe,Não existente,Molhada,Perfeito estado,Outros,Outras,,Dupla,Faixa seccionada,,
2021-07-10 00:00:00,17:42:00,COM VÍTIMA,FINALIZADA,CORDEIRO,AV CAXANGA,1985,,EM FRENTE AO CERPRO,CORDEIRO,,CIDADE,COLISÃO FRONTAL,2,0,0,0,0,0,0,0,0,1,0,Longo da via,Bom,Não existe,Perfeito estado,Seca,Perfeito estado,Não existe,Não há placas,60 km/h,Única,Canteiro central,,
2021-07-11 00:00:00,10:49:00,COM VÍTIMA,FINALIZADA,BOA VIAGEM,AV BOA VIAGEM,5354,RUA VERDES MARES,EM FRENTE 5354,BOA VIAGEM,,CIDADE,COLISÃO TRASEIRA,2,0,0,0,0,0,0,0,0,2,0,Longo da via,Bom,Não existe,Perfeito estado,Seca,Perfeito estado,Faixa de pedestre,R-6a,60 km/h,Única,Faixa seccionada,,
2021-07-11 00:00:00,20:19:00,COM VÍTIMA,FINALIZADA,CASA FORTE,EST DO ENCANAMENTO,,,COM A RUA MARECHAL RONDON,CASA FORTE,,CIDADE,COLISÃO COM CICLISTA,1,0,0,1,0,0,0,0,0,1,0,Cruzamento,Chuvoso,Não existe,Perfeito estado,Molhada,Perfeito estado,Não existe,Não há placas,,Dupla,Não existe,,
2021-07-11 00:00:00,20:31:40,COM VÍTIMA,FINALIZADA,ARRUDA,AV BEBERIBE,1478,,PROX AO CANAL DA CONSTRUÇÃO  / EM FRENTE A ANTIGA EMPRESA SP,ARRUDA,,SUBURBIO,CHOQUE,0,1,0,0,0,0,0,0,0,1,0,Longo da via,Chuvoso,Não existe,Perfeito estado,Molhada,Mal conservada,,Não há placas,40 km/h,Dupla,Faixa contínua,,
2021-07-11 00:00:00,22:09:40,COM VÍTIMA,FINALIZADA,SÃO JOSÉ,RUA DA CONCORDIA,874,RUA DO PEIXOTO,SEMAFORO 182 / EM FRENTE AO EDF CAMPO FRIO,SÃO JOSÉ,182,CIDADE,COLISÃO LATERAL,1,0,0,0,0,1,0,0,0,1,0,Cruzamento,Bom,Intermitente,Perfeito estado,Seca,Perfeito estado,Outros,Outras,,Única,Não existe,,
2021-07-12 00:00:00,06:12:00,COM VÍTIMA,FINALIZADA,CAXANGÁ,AV CAXANGA,40,RUA RIBEIRO PESSOA,EM FRENTE UPA,CAXANGÁ,281,SUBURBIO,COLISÃO LATERAL,2,0,0,0,0,0,0,0,0,2,0,Cruzamento,Bom,Sem defeito,Perfeito estado,Molhada,Perfeito estado,Faixa de pedestre,Não há placas,,Dupla,Faixa contínua,Faixa seccionada,
2021-07-12 00:00:00,06:47:00,COM VÍTIMA,DUPLICIDADE,IPUTINGA,AV CAXANGA,,RUA RIBEIRO PESSOA,E/F A UPA DA CAXANGÁ,IPUTINGA,,,COLISÃO LATERAL,2,0,0,0,0,0,0,0,0,1,0,,,,,,,,,,,,,
2021-07-12 00:00:00,07:24:00,COM VÍTIMA,FINALIZADA,CAXANGÁ,AV CAXANGA,,,"EM FRENTE A FIAT ITALIANA, SENTIDO CAMARAGIBE",CAXANGÁ,,SUBURBIO,COLISÃO COM CICLISTA,1,0,0,1,0,1,0,0,0,1,0,Longo da via,Bom,Não existe,Incompleta,Molhada,Perfeito estado,Não existe,R-6a,,Dupla,Faixa contínua,Faixa seccionada,
2021-07-12 00:00:00,08:16:00,SEM VÍTIMA,FINALIZADA,BOA VISTA,RUA JOAO FERNANDES VIEIRA,,,EM FRENTE AO POSTE H 042956,BOA VISTA,,CIDADE,COLISÃO TRASEIRA,1,1,0,0,0,0,0,0,0,0,0,Longo da via,Bom,Não existe,Perfeito estado,Seca,Perfeito estado,Faixa de pedestre,Não há placas,,Única,Faixa contínua,Faixa seccionada,
2021-07-12 00:00:00,09:12:00,COM VÍTIMA,CANCELADA,MADALENA,RUA COMENDADOR BENTO AGUIAR,,,EM FRENTE A FARMACIA PAGUE MENOS,MADALENA,,,COLISÃO LATERAL,1,1,0,0,0,0,0,0,0,1,0,,,,,,,,,,,,,
2021-07-12 00:00:00,10:12:00,COM VÍTIMA,FINALIZADA,DERBY,AV GOVERNADOR AGAMENON MAGALHAES,,,ATROPELAMENTO,DERBY,,SUBURBIO,ATROPELAMENTO DE PESSOA,1,0,0,0,1,0,0,0,0,1,0,Longo da via,Chuvoso,Sem defeito,Perfeito estado,Molhada,Perfeito estado,Não existe,Não há placas,60 km/h,Única,Faixa seccionada,,
2021-07-12 00:00:00,10:56:00,COM VÍTIMA,FINALIZADA,ESTÂNCIA,AV RECIFE,5001,,EM FRENTE AO ANTIGO MAKRO,ESTÂNCIA,621,SUBURBIO,COLISÃO TRASEIRA,1,1,0,0,0,0,0,0,0,1,0,Longo da via,Bom,Sem defeito,Perfeito estado,Seca,Perfeito estado,Faixa de pedestre,Não há placas,60 km/h,Dupla,,,
2021-07-12 00:00:00,12:13:00,COM VÍTIMA,FINALIZADA,BEBERIBE,RUA DALVA DE OLIVEIRA,,,PROX A AMBEV  E/F A IGREJA BATISTA DO VALE,BEBERIBE,,SUBURBIO,COLISÃO COM CICLISTA,1,0,0,1,0,0,0,0,0,1,0,Cruzamento,Bom,Não existe,Não existente,Seca,Perfeito estado,Não existe,"Placas ""Dê a preferência""",,Dupla,Não existe,,
2021-07-12 00:00:00,14:00:00,SEM VÍTIMA,FINALIZADA,BOA VIAGEM,AV BOA VIAGEM,4660,,PRÓX À PRACINHA DE BOA VIAGEM / EDIFÍCIO BAÍA DE VIGO,BOA VIAGEM,,,COLISÃO LATERAL,2,0,0,0,0,0,0,0,0,0,0,,,,,,,,,,,,,
2021-07-12 00:00:00,18:35:00,COM VÍTIMA,FINALIZADA,VÁRZEA,AV AFONSO OLINDENSE,700,,PROX AO COLISEU,VÁRZEA,,SUBURBIO,COLISÃO LATERAL,1,1,0,0,0,0,0,0,0,1,0,Longo da via,Bom,Não existe,Perfeito estado,Seca,Perfeito estado,Outros,Não há placas,40 km/h,Dupla,Faixa contínua,,
2021-07-12 00:00:00,22:07:40,COM VÍTIMA,FINALIZADA,CAXANGÁ,AV JOAQUIM RIBEIRO,1282,,PROX A PURE GELO,CAXANGÁ,,SUBURBIO,COLISÃO TRASEIRA,0,1,0,0,0,0,1,0,0,1,0,Longo da via,Bom,Não existe,Perfeito estado,Seca,Perfeito estado,Não existe,Não há placas,,Dupla,Faixa contínua,Faixa seccionada,Canteiro central
2021-07-13 00:00:00,07:57:00,COM VÍTIMA,FINALIZADA,TORRE,RUA MARQUES DE MARICA,236,RUA SOUZA BANDEIRA,EDF. VIVENDA DOS GIRASSOIS,TORRE,317,,COLISÃO LATERAL,1,1,0,0,0,0,0,0,0,1,0,Cruzamento,Bom,Sem defeito,Perfeito estado,Seca,Perfeito estado,Faixa de pedestre,R-6a,,Dupla,Faixa contínua,Faixa seccionada,
2021-07-13 00:00:00,10:34:00,COM VÍTIMA,FINALIZADA,BOA VIAGEM,AV CONSELHEIRO AGUIAR,1991,,EM FRENTE A PADARIA AUGUSTA,BOA VIAGEM,,CIDADE,COLISÃO TRASEIRA,1,0,0,0,0,1,0,0,0,1,0,Longo da via,Bom,Sem defeito,Perfeito estado,Seca,Perfeito estado,Outros,Não há placas,60 km/h,Única,Faixa contínua,,
2021-07-13 00:00:00,11:02:00,COM VÍTIMA,CANCELADA,BOA VIAGEM,AV BOA VIAGEM,,,EM FRENTE AO CASTELINHO,BOA VIAGEM,,,COLISÃO FRONTAL,1,1,0,0,0,0,0,0,0,2,0,,,,,,,,,,,,,
2021-07-13 00:00:00,18:59:00,COM VÍTIMA,FINALIZADA,ENCRUZILHADA,RUA DR FERNANDO ALLAIN,25,RUA MARQUES DO PARANA,E/F AO MARTELINHO DE OURO,ENCRUZILHADA,,CIDADE,COLISÃO FRONTAL,2,0,0,0,0,0,0,0,0,1,0,Cruzamento,Bom,Não existe,Perfeito estado,Seca,Perfeito estado,Faixa de retenção,"Placas ""Pare""",,Única,,,
2021-07-13 00:00:00,20:13:00,SEM VÍTIMA,FINALIZADA,VASCO DA GAMA,RUA ASSUNCAO,115,,PROX AO TEATRO LOBATINHO,VASCO DA GAMA,,,CHOQUE,0,0,0,0,0,0,0,0,0,0,0,,,,,,,,,,,,,
2021-07-14 00:00:00,01:10:00,SEM VÍTIMA,CANCELADA,ESTÂNCIA,AV RECIFE,,,"EM FRENTE AO ATACADÃO,SENTIDO AEROPORTO",ESTÂNCIA,,,CHOQUE,0,0,0,0,0,0,0,0,0,0,0,,,,,,,,,,,,,
2021-07-14 00:00:00,11:40:00,COM VÍTIMA,FINALIZADA,HIPÓDROMO,EST DE BELEM,836,RUA PRUDENTE DE MORAES,ESQUINA DO POSTO TOTAL,HIPÓDROMO,94,,COLISÃO FRONTAL,0,1,0,0,0,1,0,0,0,1,0,Cruzamento,Bom,Sem defeito,Perfeito estado,Seca,Perfeito estado,Faixa de pedestre,Outras,30 km/h,Dupla,Faixa contínua,,
2021-07-14 00:00:00,11:56:00,SEM VÍTIMA,FINALIZADA,CAMPO GRANDE,RUA NOGUEIRA LIMA,85,,EM FRENTE A ESCOLA EMBAIXADOR GILBERTO AMADO,CAMPO GRANDE,,,,2,0,0,0,0,0,0,0,0,0,0,Longo da via,Bom,Não existe,Perfeito estado,Seca,Perfeito estado,Não existe,Não há placas,,Dupla,Não existe,,