data,hora,natureza,situacao,bairro,endereco,numero,detalhe_endereco_acidente,complemento,bairro_cruzamento,num_semaforo,sentido_via,tipo,auto,moto,ciclom,ciclista,pedestre,onibus,caminhao,viatura,outros,vitimas,vitimasfatais,acidente_verificado,tempo_clima,situacao_semaforo,sinalizacao,condicao_via,conservacao_via,ponto_controle,situacao_placa,velocidade_max_via,mao_direcao,divisao_via1,divisao_via2,divisao_via3
2021-07-25 00:00:00,08:21:00,COM VÍTIMA,FINALIZADA,DOIS UNIDOS,AV HILDEBRANDO DE VASCONCELOS,512,,COMPESA,DOIS UNIDOS,512,SUBURBIO,COLISÃO FRONTAL,0,2,0,0,0,0,0,0,0,2,0,Longo da via,Bom,,Perfeito estado,Molhada,Perfeito estado,Não existe,Não há placas,40 km/h,Dupla,Faixa seccionada,,
2021-07-25 00:00:00,17:58:00,COM VÍTIMA,FINALIZADA,AFOGADOS,RUA NICOLAU PEREIRA,,RUA NICOLAU PEREIRA,E/F A POLICLINICA DE AFOGADOS,AFOGADOS,,,QUEDA,0,1,0,0,0,0,0,0,0,1,0,Longo da via,Chuvoso,Não existe,Perfeito estado,Molhada,Perfeito estado,Não existe,Não há placas,40 km/h,Única,Faixa seccionada,,
2021-07-25 00:00:00,19:29:00,SEM VÍTIMA,FINALIZADA,PINA,AV ENGENHEIRO DOMINGOS FERREIRA,256,,E/F AO MUNDO PET / PRÓX AO HOTEL IBIS,PINA,,,COLISÃO LATERAL,2,0,0,0,0,0,0,0,0,0,0,,,,,,,,,,,,,
2021-07-25 00:00:00,20:55:40,COM VÍTIMA,FINALIZADA,NOVA DESCOBERTA,AV VEREADOR OTACILIO AZEVEDO,1076,,E/F AO ANTIGO CLUBE DA FAZENDA / PRÓX A UPA,NOVA DESCOBERTA,,SUBURBIO,COLISÃO TRASEIRA,0,2,0,0,0,0,0,0,0,1,0,Longo da via,Chuvoso,Não existe,Ilegível,Molhada,Perfeito estado,Não existe,Não há placas,,Dupla,Faixa seccionada,,
2021-07-26 00:00:00,08:29:00,COM VÍTIMA,FINALIZADA,CORDEIRO,AV PROFESSOR ESTEVAO FRANCISCO DA COSTA,412,,AO LADO 412,CORDEIRO,280,,COLISÃO LATERAL,1,1,0,0,0,0,0,0,0,1,0,Cruzamento,Bom,Sem defeito,Perfeito estado,Seca,Perfeito estado,Faixa de pedestre,Não há placas,,Dupla,Canteiro central,,
2021-07-26 00:00:00,10:42:00,COM VÍTIMA,FINALIZADA,ENCRUZILHADA,AV BEBERIBE,740,,"AO LADO DA DISNOVE, EM FRENTE AO ARMAZEM MADCUNHA",ENCRUZILHADA,,SUBURBIO,COLISÃO FRONTAL,1,2,0,0,0,0,0,0,0,1,0,Longo da via,Bom,Não existe,Perfeito estado,Seca,Perfeito estado,Não existe,Outras,,Dupla,Faixa contínua,,
2021-07-26 00:00:00,14:52:00,COM VÍTIMA,FINALIZADA,SANTO AMARO,AV GOVERNADOR AGAMENON MAGALHAES,,,UPINHA,SANTO AMARO,,CIDADE,CHOQUE,1,0,0,0,0,0,0,0,0,3,0,Longo da via,Bom,Não existe,Perfeito estado,Seca,Perfeito estado,Outros,Outras,,Dupla,Faixa contínua,,
2021-07-26 00:00:00,16:22:00,SEM VÍTIMA,FINALIZADA,IMBIRIBEIRA,AV MARECHAL MASCARENHAS DE MORAES,1854,,EM FRENTE AO POSTO PETROBRAS,IMBIRIBEIRA,,SUBURBIO,,1,0,0,0,0,0,0,1,0,0,0,Longo da via,Bom,Sem defeito,Perfeito estado,Seca,Perfeito estado,Não existe,Outras,60 km/h,Única,Faixa seccionada,,
2021-07-26 00:00:00,20:46:00,COM VÍTIMA,FINALIZADA,CAXANGÁ,AV CAXANGA,,RUA SAO MATEUS,SEMÁFORO 229,CAXANGÁ,229,SUBURBIO,COLISÃO FRONTAL,1,1,0,0,0,0,0,0,0,1,0,Cruzamento,Chuvoso,Sem defeito,Perfeito estado,Molhada,Perfeito estado,Faixa de pedestre,Não há placas,,Dupla,Faixa contínua,Canteiro central,
2021-07-26 00:00:00,20:53:40,COM VÍTIMA,FINALIZADA,PORTO DA MADEIRA,RUA DALVA DE OLIVEIRA,,RUA NOVA ESPERANCA,RUA VILA  ESPERANÇA/ E/F A IGREJA BATISTA DO VALE,PORTO DA MADEIRA,,SUBURBIO,COLISÃO LATERAL,1,1,0,0,0,0,0,0,0,1,0,Cruzamento,Bom,Não existe,Perfeito estado,Molhada,Perfeito estado,Faixa de pedestre,"Placas ""Pare""",,Dupla,Faixa seccionada,,
2021-07-27 00:00:00,12:24:00,SEM VÍTIMA,CANCELADA,SANTO AMARO,RUA DOS PALMARES,,,E/F A EMERGENCIA DO PROCAP,SANTO AMARO,,,COLISÃO LATERAL,1,0,0,0,0,0,0,1,0,0,0,,,,,,,,,,,,,
2021-07-27 00:00:00,12:24:00,COM VÍTIMA,FINALIZADA,SANTO AMARO,AV VISCONDE DE SUASSUNA,797,,LADO OPOSTO A AUDIOCLÍNICA,SANTO AMARO,,SUBURBIO,COLISÃO LATERAL,1,0,0,0,0,0,0,0,1,1,0,Longo da via,Bom,Não existe,Perfeito estado,Seca,Perfeito estado,Não existe,R-6a,40 km/h,Única,Faixa seccionada,,
2021-07-26 00:00:00,09:25:00,COM VÍTIMA,FINALIZADA,BOA VISTA,AV GOVERNADOR AGAMENON MAGALHAES,,,PISTA CENTRAL EM FRENTE À FARMÁCIA DROGASIL,BOA VISTA,,BOA VIAGEM,COLISÃO TRASEIRA,1,2,0,0,0,0,0,0,0,2,0,Longo da via,Bom,Não existe,Perfeito estado,Seca,Perfeito estado,Outros,Outras,60 km/h,Dupla,Canteiro central,,
2021-07-27 00:00:00,15:03:00,COM VÍTIMA,FINALIZADA,BREJO DE BEBERIBE,AV VEREADOR OTACILIO AZEVEDO,200,RUA PINDAI,E/F AO COLEGIO ROTARY DE NOVA DESCOBERTA,BREJO DE BEBERIBE,,,COLISÃO LATERAL,1,1,0,0,0,0,0,0,0,1,0,Esquina,Bom,Não existe,Ilegível,Seca,Perfeito estado,Não existe,R-6a,,Dupla,Não existe,,
2021-07-27 00:00:00,16:29:00,COM VÍTIMA,FINALIZADA,AFLITOS,AV NORTE,,RUA GUIMARAES PEIXOTO,EM FRENTE À LOJA RAINHA REVESTE,AFLITOS,96,,COLISÃO LATERAL,1,1,0,0,0,0,0,0,0,1,0,Cruzamento,Bom,Sem defeito,Perfeito estado,Seca,Perfeito estado,Agente,Outras,,Dupla,Canteiro central,,
2021-07-27 00:00:00,16:53:00,SEM VÍTIMA,FINALIZADA,BOA VIAGEM,RUA BARAO DE SOUZA LEAO,698,RUA PADRE LUIZ MARQUES TEIXEIRA,,BOA VIAGEM,,,,1,0,0,0,0,0,0,1,0,0,0,Cruzamento,Bom,Não existe,Perfeito estado,Seca,Perfeito estado,Faixa de pedestre,Não há placas,,Única,Faixa seccionada,,
2021-07-28 00:00:00,09:47:00,COM VÍTIMA,FINALIZADA,CASA FORTE,AV DEZESSETE DE AGOSTO,1008,,EM FRENTE A CONFEITARIA CASA FORTE,CASA FORTE,,SUBURBIO,COLISÃO LATERAL,2,2,0,0,0,0,0,0,0,1,0,Longo da via,Bom,Sem defeito,Perfeito estado,Seca,Perfeito estado,Faixa de pedestre,R-6a,,Dupla,Faixa contínua,Faixa seccionada,
2021-07-28 00:00:00,10:03:00,COM VÍTIMA,FINALIZADA,CASA AMARELA,AV NORTE,2459,,AO LADO DO CONSULTÓRIOS ODONTO- MÉDICOS COSTA SILVA,CASA AMARELA,43,CIDADE,ATROPELAMENTO DE PESSOA,0,1,0,0,1,0,0,0,0,1,0,Longo da via,Bom,Sem defeito,Perfeito estado,Seca,Perfeito estado,Faixa de pedestre,Outras,60 km/h,Dupla,Faixa seccionada,,
2021-07-28 00:00:00,11:26:00,COM VÍTIMA,CANCELADA,PARNAMIRIM,AV FLOR DE SANTANA,263,,EM FRENTE AO EDF JOSUE PAIVA,PARNAMIRIM,,,COLISÃO TRASEIRA,1,1,0,0,0,0,0,0,0,1,0,,,,,,,,,,,,,
2021-07-28 00:00:00,15:36:00,COM VÍTIMA,FINALIZADA,BOA VIAGEM,RUA JOAO CARDOSO AIRES,1005,RUA CAMBOIM,EM FRENTE AO RESTAURANTE DO BAMBAM,BOA VIAGEM,,SUBURBIO,COLISÃO FRONTAL,1,1,0,0,0,0,0,0,0,1,0,Cruzamento,Bom,Não existe,Perfeito estado,Seca,Perfeito estado,Faixa de retenção,"Placas ""Pare""",30 km/h,Dupla,Faixa contínua,,
2021-07-28 00:00:00,18:11:00,COM VÍTIMA,FINALIZADA,NOVA DESCOBERTA,RUA NOVA DESCOBERTA,211,,EM FRENTE AO N° 211,NOVA DESCOBERTA,,SUBURBIO,ATROPELAMENTO DE PESSOA,1,0,0,0,1,0,0,0,0,1,0,Longo da via,Bom,Não existe,Incompleta,Seca,Mal iluminada,Não existe,Não há placas,,Dupla,Faixa seccionada,,
2021-07-29 00:00:00,02:03:00,COM VÍTIMA,FINALIZADA,BOA VISTA,AV GOVERNADOR AGAMENON MAGALHAES,,RUA JOAO FERNANDES VIEIRA,AO LADO DO COLÉGIO AMERICANO BATISTA,BOA VISTA,37,SUBURBIO,CAPOTAMENTO,1,0,0,0,0,0,0,0,0,1,0,Longo da via,Bom,Sem defeito,Perfeito estado,Seca,Perfeito estado,Faixa de retenção,Não há placas,,Dupla,Não existe,,
2021-07-29 00:00:00,07:47:00,COM VÍTIMA,FINALIZADA,GRAÇAS,RUA SIMAO MENDES,,RUA DO FUTURO,AO LADO PARQUE DA JAQUEIRA,GRAÇAS,,,COLISÃO LATERAL,1,1,0,0,0,0,0,0,0,1,0,Esquina,Bom,Não existe,Incompleta,Seca,Perfeito estado,Faixa de pedestre,,40 km/h,Dupla,Faixa seccionada,,
2021-07-29 00:00:00,17:13:00,COM VÍTIMA,FINALIZADA,SANTO AMARO,AV CRUZ CABUGA,525,,AO LADO DA ESTAÇÃO BRT ARARIPINA,SANTO AMARO,,CIDADE,ATROPELAMENTO DE PESSOA,0,1,0,0,1,0,0,0,0,1,0,Longo da via,Bom,Não existe,Perfeito estado,Seca,Perfeito estado,Não existe,Não há placas,,Dupla,Faixa contínua,,
2021-07-29 00:00:00,20:50:00,SEM VÍTIMA,CANCELADA,CASA FORTE,PRC DE CASA FORTE,,,PROX A IGREJA DE CASA FORTE,CASA FORTE,,,COLISÃO LATERAL,1,1,0,0,0,0,0,0,0,0,0,,,,,,,,,,,,,
2021-07-30 00:00:00,07:38:00,COM VÍTIMA,FINALIZADA,CASA AMARELA,AV NORTE,12,,LADO OPOSTO AO ARMAZÉM CORAL,CASA AMARELA,,SUBURBIO,QUEDA,0,1,0,0,0,0,0,0,0,1,0,Longo da via,Bom,Sem defeito,Perfeito estado,Seca,Perfeito estado,Outros,Outras,,Dupla,Faixa seccionada,,
2021-07-30 00:00:00,10:58:00,COM VÍTIMA,FINALIZADA,DERBY,AV GOVERNADOR AGAMENON MAGALHAES,2291,,E/F AO HOSPITAL MEMORIAL SÃO JOSÉ (SENTIDO OLINDA),DERBY,,OLINDA,COLISÃO LATERAL,1,1,0,0,0,0,0,0,0,1,0,Longo da via,Bom,Não existe,Perfeito estado,Seca,Perfeito estado,Não existe,Não há placas,,Única,Faixa seccionada,Canteiro central,
2021-07-30 00:00:00,11:19:00,SEM VÍTIMA,FINALIZADA,IMBIRIBEIRA,AV GENERAL MAC ARTHUR,1111,,APÓS O RESTAURANTE BAIÃO DE DOIS,IMBIRIBEIRA,673,SUBURBIO,CHOQUE,1,0,0,0,0,0,0,0,0,0,0,Longo da via,Bom,Sem defeito,Perfeito estado,Seca,Perfeito estado,Faixa de pedestre,Outras,,Única,Faixa seccionada,,
2021-07-30 00:00:00,11:34:00,COM VÍTIMA,FINALIZADA,ARRUDA,RUA SAO BENTO,89,,EM FRENTE A JF RAÇÕES,ARRUDA,,,COLISÃO TRASEIRA,1,1,0,0,0,0,0,0,0,1,0,,,,,,,,,,,,,
2021-07-30 00:00:00,12:41:00,COM VÍTIMA,FINALIZADA,TEJIPIÓ,AV LIBERDADE,110,,E/F AO CONDOMINIO VILA JARDIM,TEJIPIÓ,,CIDADE,COLISÃO LATERAL,1,1,0,0,0,0,0,0,0,1,0,Longo da via,Bom,Não existe,Incompleta,Seca,Mal conservada,Não existe,Não há placas,,Dupla,Não existe,,
2021-07-30 00:00:00,16:52:00,COM VÍTIMA,FINALIZADA,SANTO AMARO,AV CRUZ CABUGA,,,EM FRENTE AO HOSPITAL DO CANCER/ SENTIDO OLINDA,SANTO AMARO,202,SUBURBIO,ATROPELAMENTO DE PESSOA,0,1,0,0,1,0,0,0,0,1,0,Longo da via,Bom,Sem defeito,Perfeito estado,Seca,Perfeito estado,Faixa de pedestre,Não há placas,60 km/h,Dupla,Canteiro central,,
2021-07-30 00:00:00,18:22:00,SEM VÍTIMA,FINALIZADA,BOA VIAGEM,AV CONSELHEIRO AGUIAR,138,,E/ F AO SO CALDINHO,BOA VIAGEM,,,COLISÃO LATERAL,1,0,0,0,0,1,0,0,0,0,0,,,,,,,,,,,,,
2021-07-30 00:00:00,18:53:00,SEM VÍTIMA,FINALIZADA,,RUA VALE DO CARIRI,10,,EM FRENTE AO Nº 10,,,SUBURBIO,COLISÃO TRASEIRA,1,0,0,0,0,0,0,1,0,0,0,Longo da via,Bom,Não existe,Não existente,Seca,Perfeito estado,Não existe,,,Dupla,Não existe,,
2021-07-30 00:00:00,19:27:00,SEM VÍTIMA,FINALIZADA,BOA VISTA,RUA DO RIACHUELO,325,,E/F AO EDFC EBANO,BOA VISTA,,,COLISÃO LATERAL,1,0,0,0,0,0,0,0,0,0,0,,,,,,,,,,,,,
2021-07-30 00:00:00,21:07:40,SEM VÍTIMA,FINALIZADA,ARRUDA,AV PROFESSOR JOSE DOS ANJOS,,,AO LADO DO ESTADIO DO ARRUDA SEMÁFORO 131,ARRUDA,131,SUBURBIO,COLISÃO TRASEIRA,1,0,0,0,0,0,0,1,0,0,0,Longo da via,Chuvoso,Sem defeito,Perfeito estado,Molhada,Perfeito estado,Faixa de pedestre,Outras,,Única,Faixa contínua,,
2021-07-31 00:00:00,03:48:00,COM VÍTIMA,FINALIZADA,IMBIRIBEIRA,AV MARECHAL MASCARENHAS DE MORAES,,AV GENERAL MAC ARTHUR,,IMBIRIBEIRA,225,CIDADE,COLISÃO TRANSVERSAL,0,1,0,0,0,0,1,0,0,1,0,Cruzamento,Bom,Sem defeito,Perfeito estado,Molhada,Perfeito estado,Faixa de pedestre,Não há placas,,Dupla,Faixa contínua,Canteiro central,
2021-07-31 00:00:00,07:36:00,COM VÍTIMA,FINALIZADA,CASA AMARELA,AV NORTE,,,EM FRENTE A UPINHA,CASA AMARELA,,CIDADE,ATROPELAMENTO DE PESSOA,0,1,0,0,1,0,0,0,0,2,0,Longo da via,Bom,Não existe,Incompleta,Seca,Perfeito estado,Não existe,,,Única,Faixa seccionada,,
2021-07-31 00:00:00,09:14:00,COM VÍTIMA,FINALIZADA,CAXANGÁ,AV CAXANGA,5335,,EM FRENTE AO GOLF CLUBE,CAXANGÁ,,CIDADE,COLISÃO FRONTAL,0,2,0,0,0,0,0,0,0,1,0,Longo da via,Chuvoso,Não existe,Perfeito estado,Molhada,Perfeito estado,,,,,,,
2021-07-31 00:00:00,14:30:00,COM VÍTIMA,FINALIZADA,GRAÇAS,AV GOVERNADOR AGAMENON MAGALHAES,,RUA DR BANDEIRA FILHO,EM FRENTE AO MCDONALD'S,GRAÇAS,173,BOA VIAGEM,COLISÃO LATERAL,1,1,0,0,0,0,0,0,0,1,0,Cruzamento,Bom,Sem defeito,Perfeito estado,Seca,Perfeito estado,Faixa de pedestre,R-6a,60 km/h,Única,Faixa seccionada,,
2021-07-31 00:00:00,15:39:00,COM VÍTIMA,FINALIZADA,IMBIRIBEIRA,AV MARECHAL MASCARENHAS DE MORAES,2967,,EM FRENTE A FERREIRA COSTA,IMBIRIBEIRA,386,CIDADE,COLISÃO LATERAL,1,1,0,0,0,0,0,0,0,1,0,Longo da via,Bom,Sem defeito,Perfeito estado,Seca,Perfeito estado,Faixa de pedestre,R-6a,,Dupla,Canteiro central,,
2021-07-31 00:00:00,16:24:00,COM VÍTIMA,FINALIZADA,CAMPO GRANDE,RUA PROFESSOR FRANCISCO DA TRINDADE,113,,RUA RESIDENCIAL SEM ESTABELECIMENTOS PARA REFERENCIAS,CAMPO GRANDE,,CIDADE,COLISÃO TRASEIRA,2,0,0,0,0,0,0,0,0,1,0,Longo da via,Bom,,Perfeito estado,Seca,Perfeito estado,,,,,,,
2021-07-31 00:00:00,20:19:00,COM VÍTIMA,FINALIZADA,ALTO JOSÉ BONIFÁCIO,RUA ALTO JOSE BONIFACIO,1079,,PROX A IGREJA BATISTA DA FILADELFIA,ALTO JOSÉ BONIFÁCIO,,SUBURBIO,COLISÃO FRONTAL,1,2,0,0,0,0,0,0,0,3,0,Longo da via,Bom,Não existe,Não existente,Seca,Perfeito estado,Não existe,Não há placas,,Dupla,Faixa seccionada,,
2021-07-31 00:00:00,20:41:00,SEM VÍTIMA,CANCELADA,ÁGUA FRIA,RUA LADEIRA DE PEDRA,1043,,PROX AO CLUBE SETE DE SETEMBRO,ÁGUA FRIA,,,COLISÃO TRASEIRA,1,1,0,0,0,0,0,0,0,0,0,,,,,,,,,,,,,
2021-08-01 00:00:00,05:43:00,SEM VÍTIMA,FINALIZADA,PINA,AVENIDA CELSO FURTADO (VIA MANGUE),,,"PRÓXIMO AO EXTRA, SENTIDO PIEDADE",PINA,,,CHOQUE,1,0,0,0,0,0,0,0,0,0,0,,,,,,,,,,,,,
2021-08-01 00:00:00,15:11:00,COM VÍTIMA,FINALIZADA,MADALENA,AV CAXANGA,1221,,EM FRENTE À DROGASIL,MADALENA,236,CIDADE,COLISÃO LATERAL,0,2,0,0,0,0,0,0,0,2,0,Cruzamento,Bom,Sem defeito,Perfeito estado,Seca,Perfeito estado,Faixa de pedestre,,,Dupla,Faixa seccionada,Canteiro central,
2021-08-01 00:00:00,18:00:00,COM VÍTIMA,FINALIZADA,VÁRZEA,AV BARAO DE BONITO,702,RUA ENGENHEIRO VASCONCELOS BITTENCOURT,E/F A PANIFICADORA SEMPRE VIVA,VÁRZEA,,SUBURBIO,COLISÃO LATERAL,1,1,0,0,0,0,0,0,0,1,0,Cruzamento,Chuvoso,Não existe,Ilegível,Molhada,Mal conservada,Faixa de retenção,"Placas ""Pare""",,Dupla,Não existe,,
2021-08-01 00:00:00,18:18:00,COM VÍTIMA,CANCELADA,ILHA DO RETIRO,AV ENGENHEIRO ABDIAS DE CARVALHO,,,AO LADO DO CAMPO DO SPORT,ILHA DO RETIRO,,,COLISÃO LATERAL,1,1,0,0,0,0,0,0,0,1,0,,,,,,,,,,,,,
2021-08-02 00:00:00,09:48:00,COM VÍTIMA,FINALIZADA,CASA FORTE,AV DEZESSETE DE AGOSTO,1869,,EM FRENTE AO COLÉGIO MOTIVO,CASA FORTE,,CIDADE,COLISÃO LATERAL,1,1,0,0,0,0,0,0,0,1,0,Longo da via,Chuvoso,Sem defeito,Perfeito estado,Molhada,Perfeito estado,Faixa de pedestre,R-6a,,Dupla,Faixa contínua,,
2021-08-02 00:00:00,10:52:00,SEM VÍTIMA,FINALIZADA,ENCRUZILHADA,RUA PROFESSOR JERONIMO GUEIROS,,RUA DONA ELVIRA,,ENCRUZILHADA,,SUBURBIO,,2,0,0,0,0,0,0,0,0,0,0,Cruzamento,Chuvoso,Não existe,Não existente,Molhada,Perfeito estado,Não existe,Não há placas,,Dupla,Não existe,,
2021-08-02 00:00:00,10:52:00,COM VÍTIMA,FINALIZADA,CAMPO GRANDE,RUA SAO CAETANO,290,RUA PROFESSOR FRANCISCO DA TRINDADE,CRUZAMENTO DOS VIAS,CAMPO GRANDE,,SUBURBIO,COLISÃO LATERAL,0,1,0,0,0,0,1,0,0,1,0,Cruzamento,Chuvoso,Não existe,Incompleta,Molhada,Perfeito estado,Não existe,Não há placas,,Dupla,Não existe,,
2021-08-02 00:00:00,13:22:00,SEM VÍTIMA,FINALIZADA,ILHA DO RETIRO,RUA SPORT CLUBE DO RECIFE,,,LADO OPOSTO A LOJA OFICIAL DO SPORT CLUB DO RECIFE,ILHA DO RETIRO,367,SUBURBIO,COLISÃO TRASEIRA,1,0,0,0,0,0,1,0,0,0,0,Longo da via,Bom,Sem defeito,Perfeito estado,Seca,Perfeito estado,Faixa de pedestre,Não há placas,60 km/h,Única,Canteiro central,,
2021-08-02 00:00:00,17:54:00,COM VÍTIMA,FINALIZADA,PINA,PTE GOVERNADOR PAULO GUERRA,,,NO MEIO DA PONTE,PINA,,SUBURBIO,COLISÃO LATERAL,3,0,0,0,0,0,0,0,0,1,0,Longo da via,Chuvoso,Não existe,Perfeito estado,Molhada,Perfeito estado,Não existe,Não há placas,60 km/h,Única,Faixa seccionada,,
2021-08-02 00:00:00,20:00:00,COM VÍTIMA,FINALIZADA,BOA VIAGEM,RUA DEZ DE JULHO,210,RUA CAMBOIM,,BOA VIAGEM,,SUBURBIO,COLISÃO FRONTAL,2,0,0,0,0,0,0,0,0,2,0,Cruzamento,Chuvoso,Não existe,Perfeito estado,Molhada,Perfeito estado,Faixa de pedestre,"Placas ""Pare""",,Única,Faixa seccionada,,
2021-08-02 00:00:00,20:53:00,SEM VÍTIMA,FINALIZADA,BOA VIAGEM,AV BOA VIAGEM,,,E/F A PADARIA BOA VIAGEM,BOA VIAGEM,,,COLISÃO TRANSVERSAL,1,1,0,0,0,0,0,0,0,0,0,,,,,,,,,,,,,
2021-08-03 00:00:00,01:15:00,COM VÍTIMA,CANCELADA,ALTO JOSÉ DO PINHO,RUA VALERIANO LOBO,264,,DESCIDA DO ONIBUS DO ALTO JOSÉ DO PINHO,ALTO JOSÉ DO PINHO,,,COLISÃO TRASEIRA,1,2,0,0,0,0,0,0,0,1,0,,,,,,,,,,,,,
2021-08-03 00:00:00,07:58:00,COM VÍTIMA,FINALIZADA,SANTO AMARO,AV GOVERNADOR AGAMENON MAGALHAES,,,EM FRENTE A FIORE / SENTIDO OLINDA,SANTO AMARO,465,OLINDA,COLISÃO LATERAL,1,1,0,0,0,0,0,0,0,1,0,Longo da via,Chuvoso,Sem defeito,Perfeito estado,Molhada,Perfeito estado,Faixa de pedestre,Não há placas,60 km/h,Dupla,Canteiro central,,
2021-08-03 00:00:00,08:53:00,SEM VÍTIMA,FINALIZADA,APIPUCOS,RUA DOIS IRMAOS,,,,APIPUCOS,,,COLISÃO LATERAL,0,0,0,0,0,0,0,0,0,0,0,,,,,,,,,,,,,
2021-08-03 00:00:00,08:57:00,COM VÍTIMA,FINALIZADA,DOIS IRMÃOS,AV DEZESSETE DE AGOSTO,,,11° BATALHÃO DA PMPE,DOIS IRMÃOS,,CIDADE,QUEDA,0,1,0,0,0,0,0,0,0,1,0,Cruzamento,Chuvoso,Sem defeito,Perfeito estado,Oleosa,Perfeito estado,Não existe,Outras,,Dupla,Faixa contínua,,
2021-08-03 00:00:00,11:33:00,SEM VÍTIMA,FINALIZADA,DOIS IRMÃOS,RUA DOIS IRMAOS,,,EM FRENTE  AESCOLA DE REF.  PROF. CANDIDO DUARTE,DOIS IRMÃOS,,CIDADE,,1,0,0,0,0,0,1,0,0,0,0,Longo da via,Chuvoso,Não existe,Perfeito estado,Molhada,Perfeito estado,Não existe,Não há placas,,Dupla,Faixa contínua,,
2021-08-03 00:00:00,17:23:00,SEM VÍTIMA,FINALIZADA,CASA FORTE,PRC JORNALISTA FRANCISCO PESSOA DE QUEIROZ JR,23,,BIG BOMPREÇO CASA FORTE,CASA FORTE,,,MONITORAMENTO,0,0,0,0,0,0,0,0,0,0,0,,,,,,,,,,,,,
2021-08-03 00:00:00,12:43:00,SEM VÍTIMA,FINALIZADA,DOIS IRMÃOS,RUA MANUEL DE MEDEIROS,,,UFRPE,DOIS IRMÃOS,,,MONITORAMENTO,0,0,0,0,0,0,0,0,0,0,0,,,,,,,,,,,,,
2021-08-03 00:00:00,13:23:00,COM VÍTIMA,FINALIZADA,JAQUEIRA,RUA DO FUTURO,1309,,EM FRENTE AO VERAFRUT,JAQUEIRA,,SUBURBIO,COLISÃO LATERAL,1,1,0,0,0,0,0,0,0,1,0,Longo da via,Bom,Não existe,Perfeito estado,Seca,Perfeito estado,Não existe,Não há placas,,Única,Faixa seccionada,,
2021-08-03 00:00:00,10:00:00,SEM VÍTIMA,DUPLICIDADE,DOIS IRMÃOS,RUA DOIS IRMAOS,,,EM FRENTE A ESCOLA ESTADUAL PROF CÃNDIDO DUARTE,DOIS IRMÃOS,,,COLISÃO LATERAL,1,0,0,0,0,0,1,0,0,0,0,,,,,,,,,,,,,
2021-08-03 00:00:00,16:19:00,COM VÍTIMA,FINALIZADA,ESPINHEIRO,RUA BARAO DE ITAMARACA,123,,EM FRENTE AO CONSULTORIOS INTEGRADOS,ESPINHEIRO,,SUBURBIO,COLISÃO TRASEIRA,1,1,0,0,0,0,0,0,0,1,0,Longo da via,Bom,Não existe,Perfeito estado,Seca,Perfeito estado,Outros,R-6a,,Dupla,Faixa contínua,Faixa seccionada,
2021-08-03 00:00:00,16:49:00,COM VÍTIMA,FINALIZADA,AFOGADOS,RUA COSME VIANA,,RUA PADRE TEOFILO TWORZ,LADO OPOSTO A TUPAN,AFOGADOS,,SUBURBIO,COLISÃO FRONTAL,1,1,0,0,0,0,0,0,0,2,0,Cruzamento,Bom,Não existe,Não existente,Seca,Perfeito estado,Não existe,Não há placas,,Única,Não existe,,
2021-08-03 00:00:00,19:44:00,COM VÍTIMA,CANCELADA,IMBIRIBEIRA,VIADUTO TANCREDO NEVES,,,NA DESCIDA DO VIADUTO,IMBIRIBEIRA,,,COLISÃO LATERAL,1,1,0,0,0,0,0,0,0,1,0,,,,,,,,,,,,,
2021-08-04 00:00:00,10:25:00,SEM VÍTIMA,FINALIZADA,AREIAS,AV RECIFE,,,EM FRENTE AO BIG BOMPREÇO,AREIAS,,SUBURBIO,,0,0,0,0,0,0,1,1,0,0,0,Longo da via,Chuvoso,Sem defeito,Perfeito estado,Molhada,Perfeito estado,Faixa de retenção,Não há placas,,Única,Faixa seccionada,,
2021-08-04 00:00:00,16:57:00,COM VÍTIMA,FINALIZADA,ESPINHEIRO,RUA CONS PORTELA,665,AV JOAO DE BARROS,PROX AO CHINA 48,ESPINHEIRO,,SUBURBIO,COLISÃO LATERAL,1,1,0,0,0,0,0,0,0,1,0,Cruzamento,Chuvoso,Não existe,Perfeito estado,Molhada,Perfeito estado,Não existe,R-6a,,Única,Faixa seccionada,,
2021-08-04 00:00:00,18:15:00,COM VÍTIMA,FINALIZADA,JOANA BEZERRA,RUA DOM PAULO II,,,SOBRE O VIADUTO,JOANA BEZERRA,,SUBURBIO,QUEDA,0,1,0,0,0,0,0,0,0,1,0,Viaduto,Chuvoso,Não existe,Perfeito estado,Molhada,Perfeito estado,Não existe,Não há placas,,Única,Faixa seccionada,,
2021-08-05 00:00:00,00:03:00,COM VÍTIMA,FINALIZADA,DERBY,AV GOVERNADOR AGAMENON MAGALHAES,,,SEMAFORO N° 75,DERBY,75,CIDADE,COLISÃO TRANSVERSAL,0,0,0,0,0,0,0,0,0,1,0,Cruzamento,Chuvoso,Sem defeito,Perfeito estado,Molhada,Perfeito estado,Faixa de pedestre,Outras,60 km/h,Dupla,Canal,,