data,hora,natureza,situacao,bairro,endereco,numero,detalhe_endereco_acidente,complemento,bairro_cruzamento,num_semaforo,sentido_via,tipo,auto,moto,ciclom,ciclista,pedestre,onibus,caminhao,viatura,outros,vitimas,vitimasfatais,acidente_verificado,tempo_clima,situacao_semaforo,sinalizacao,condicao_via,conservacao_via,ponto_controle,situacao_placa,velocidade_max_via,mao_direcao,divisao_via1,divisao_via2,divisao_via3
2021-08-05 00:00:00,06:34:00,COM VÍTIMA,FINALIZADA,PINA,AV HERCULANO BANDEIRA,855,RUA NOGUEIRA DE SOUZA,,PINA,657,SUBURBIO,COLISÃO TRASEIRA,1,1,0,0,0,0,0,0,0,1,0,Cruzamento,Chuvoso,Sem defeito,Perfeito estado,Molhada,Perfeito estado,Faixa de pedestre,Não há placas,,Única,Faixa seccionada,,
2021-08-05 00:00:00,07:59:00,COM VÍTIMA,FINALIZADA,ZUMBI,AV CAXANGA,773,,E/F A ESTAÇÃO BRT ZUMBI,ZUMBI,273,CIDADE,ATROPELAMENTO DE PESSOA,0,1,0,0,1,0,0,0,0,2,0,Longo da via,Chuvoso,Sem defeito,Perfeito estado,Molhada,,Faixa de pedestre,Não há placas,,Dupla,Canteiro central,,
2021-08-05 00:00:00,08:03:00,COM VÍTIMA,FINALIZADA,IBURA,AV DOIS RIOS,,RUA PINTOR AGENOR DE ALBUQUERQUE CESAR,,IBURA,561,SUBURBIO,COLISÃO COM CICLISTA,0,1,0,1,0,0,0,0,0,2,0,,,,,,,,,,,,,
2021-08-05 00:00:00,08:49:00,SEM VÍTIMA,FINALIZADA,IPSEP,RUA HELIO BRANDAO,169,RUA ADERBAL DE MELO,,IPSEP,,SUBURBIO,COLISÃO TRANSVERSAL,3,0,0,0,0,0,0,0,0,0,0,Cruzamento,Chuvoso,Não existe,Perfeito estado,Molhada,Perfeito estado,Não existe,"Placas ""Pare""",,Dupla,Não existe,,
2021-08-05 00:00:00,09:35:00,COM VÍTIMA,FINALIZADA,SANTO ANTÔNIO,RUA IMPERADOR PEDRO SEGUNDO,221,,EM FRENTE AO PREDIO DA OAB,SANTO ANTÔNIO,,CIDADE,QUEDA,0,1,0,0,0,0,0,0,0,1,0,Longo da via,Chuvoso,Não existe,Não existente,Molhada,Perfeito estado,Não existe,Não há placas,,Única,Faixa seccionada,,
2021-08-05 00:00:00,09:49:00,COM VÍTIMA,FINALIZADA,VÁRZEA,AV AFONSO OLINDENSE,,,EM FRENTE A SECRETARIA DE EDUCAÇÃO,VÁRZEA,,SUBURBIO,,1,1,0,0,0,0,0,0,0,1,0,Longo da via,Chuvoso,Não existe,Incompleta,Molhada,Perfeito estado,Não existe,Não há placas,40 km/h,Dupla,Faixa seccionada,,
2021-08-05 00:00:00,12:22:00,COM VÍTIMA,FINALIZADA,HIPÓDROMO,RUA MEM DE SA,254,,AO LADO DA COCA COLA,HIPÓDROMO,495,SUBURBIO,COLISÃO LATERAL,1,1,0,0,0,0,0,0,0,1,0,Cruzamento,Chuvoso,Sem defeito,Perfeito estado,Molhada,Perfeito estado,Não existe,Não há placas,,Dupla,Faixa seccionada,,
2021-08-05 00:00:00,14:55:00,COM VÍTIMA,FINALIZADA,DOIS IRMÃOS,RUA MANUEL DE MEDEIROS,,,POSTE BO14915,DOIS IRMÃOS,,CIDADE,COLISÃO LATERAL,1,1,0,0,0,0,0,0,0,1,0,Longo da via,Bom,Não existe,Não existente,Seca,Mal conservada,Não existe,Não há placas,,Dupla,Não existe,,
2021-08-05 00:00:00,15:42:00,COM VÍTIMA,FINALIZADA,BOA VIAGEM,AV ENGENHEIRO DOMINGOS FERREIRA,,RUA ARISTIDES MUNIZ,DIOLDSER DEPILAÇOES A LASER,BOA VIAGEM,,SUBURBIO,COLISÃO LATERAL,2,1,0,0,0,0,0,0,0,1,0,Longo da via,Bom,Não existe,,Seca,Perfeito estado,Não existe,Não há placas,,Única,Faixa seccionada,,
2021-08-05 00:00:00,20:15:00,COM VÍTIMA,FINALIZADA,CASA AMARELA,AV NORTE MIGUEL ARRAES DE ALENCAR,5071,,EM FRENTE A ANTIGA CASA DA BIKE NORTE,CASA AMARELA,677,CIDADE,COLISÃO LATERAL,1,1,0,0,0,0,0,0,0,1,0,Longo da via,Chuvoso,Sem defeito,Perfeito estado,Molhada,Perfeito estado,Outros,Outras,,Única,Faixa seccionada,,
2021-08-05 00:00:00,20:33:40,VÍTIMA FATAL,FINALIZADA,VASCO DA GAMA,RUA VASCO DA GAMA,1158,,EM FRENTE AO N° 1134,VASCO DA GAMA,,SUBURBIO,COLISÃO COM CICLISTA,0,0,0,1,0,1,0,0,0,0,1,Longo da via,Chuvoso,Não existe,Incompleta,Molhada,Mal conservada,Não existe,Não há placas,,Dupla,Não existe,,
2021-08-06 00:00:00,06:42:00,COM VÍTIMA,FINALIZADA,GRAÇAS,RUA BRUNO MAIA,,RUA JOAO RAMOS,OPOSTO AO STUDIO PORTAL DAS GRAÇAS,GRAÇAS,,CIDADE,COLISÃO TRANSVERSAL,0,1,0,0,0,0,0,1,0,2,0,Cruzamento,Bom,Não existe,Perfeito estado,Seca,Perfeito estado,Faixa de pedestre,"Placas ""Pare""",,Única,Não existe,,
2021-08-06 00:00:00,06:59:00,COM VÍTIMA,FINALIZADA,IMBIRIBEIRA,AV MARECHAL MASCARENHAS DE MORAES,,,EM FRENTE A IMBIRIBEIRA DISEL,IMBIRIBEIRA,,,QUEDA,0,1,0,0,0,0,0,0,0,1,0,,,,,,,,,,,,,
2021-08-06 00:00:00,09:21:00,COM VÍTIMA,FINALIZADA,IPSEP,AV RAIMUNDO DINIZ,124,,PRAÇA DA SUDENE,IPSEP,,SUBURBIO,COLISÃO LATERAL,1,0,0,0,0,1,0,0,0,1,0,Longo da via,Bom,Não existe,Perfeito estado,Seca,Perfeito estado,Não existe,Não há placas,60 km/h,Dupla,Faixa seccionada,,
2021-08-06 00:00:00,18:24:00,COM VÍTIMA,FINALIZADA,AREIAS,AV TAPAJOS,294,RUA IBIMIRIM,E/F AO HORTIFRUTI PRIMAS,AREIAS,,CIDADE,COLISÃO FRONTAL,1,1,0,0,0,0,0,0,0,1,0,Cruzamento,Bom,Não existe,Não existente,Seca,Perfeito estado,Não existe,Não há placas,,Dupla,Não existe,,
2021-08-06 00:00:00,20:47:00,COM VÍTIMA,FINALIZADA,BOA VIAGEM,AV ENGENHEIRO DOMINGOS FERREIRA,1818,,EM FRENTE CERPE,BOA VIAGEM,,SUBURBIO,COLISÃO TRASEIRA,1,1,0,0,0,0,0,0,0,1,0,Longo da via,Bom,Sem defeito,Perfeito estado,Seca,Perfeito estado,Faixa de pedestre,Outras,,Única,Canteiro central,,
2021-08-07 00:00:00,01:33:00,COM VÍTIMA,FINALIZADA,AFOGADOS,EST DOS REMEDIOS,,RUA SAO MIGUEL,PRÓXIMO A IGREJA DO LARGO DA PAZ,AFOGADOS,,SUBURBIO,COLISÃO TRANSVERSAL,2,0,0,0,0,0,0,0,0,2,0,Cruzamento,Chuvoso,Sem defeito,Perfeito estado,Molhada,Perfeito estado,Não existe,Não há placas,,Única,Faixa seccionada,,
2021-08-07 00:00:00,05:45:00,COM VÍTIMA,FINALIZADA,MADALENA,RUA JOSE BONIFACIO,,,RESTAURANTE  JOÃO DA CARNE DO SOL,MADALENA,,SUBURBIO,CHOQUE,1,0,0,0,0,0,0,0,0,1,0,Longo da via,Bom,Não existe,Perfeito estado,Seca,Perfeito estado,Não existe,R-6a,,Única,Faixa seccionada,,
2021-08-07 00:00:00,08:25:00,COM VÍTIMA,FINALIZADA,TORRE,AV BEIRA RIO,108,RUA CONDE DE IRAJA,PROX. A PONTE DA TORRE,TORRE,630,SUBURBIO,COLISÃO FRONTAL,2,0,0,0,0,0,0,0,0,1,0,Cruzamento,Bom,Sem defeito,Perfeito estado,Seca,Perfeito estado,Outros,Outras,,Única,Faixa seccionada,,
2021-08-07 00:00:00,10:17:00,COM VÍTIMA,FINALIZADA,BOA VIAGEM,AV BOA VIAGEM,1320,,PROXIMO AO QUIOSQUE N° 08,BOA VIAGEM,,SUBURBIO,COLISÃO LATERAL,2,1,0,0,0,0,0,0,0,1,0,Longo da via,Bom,Não existe,Perfeito estado,Seca,Perfeito estado,Não existe,Outras,,Dupla,Faixa seccionada,,
2021-08-07 00:00:00,14:42:00,OUTROS,FINALIZADA,SANTO AMARO,AV CRUZ CABUGA,,,PROXIMO A VICE GOVERNADORIA,SANTO AMARO,,CIDADE,OUTROS,1,0,0,0,0,0,0,0,0,0,0,,,,,,,,,,,,,
2021-08-08 00:00:00,06:39:00,SEM VÍTIMA,FINALIZADA,,,,,,,,,,0,0,0,0,0,0,0,0,0,0,0,,,,,,,,,,,,,
2021-08-07 00:00:00,15:49:00,COM VÍTIMA,FINALIZADA,MUSTARDINHA,AV MANOEL GONCALVES DA LUZ,8601,RUA TEJUCUPAPO,ENFRENTE A PRAÇA DO ABC,MUSTARDINHA,,,COLISÃO TRASEIRA,1,1,0,0,0,0,0,0,0,1,0,Longo da via,Bom,Não existe,Perfeito estado,Seca,Perfeito estado,Faixa de pedestre,Outras,,Dupla,Faixa seccionada,,
2021-08-07 00:00:00,17:13:00,COM VÍTIMA,FINALIZADA,VÁRZEA,RUA GASTAO VIDIGAL,429,RUA DIAS D'AVILA,AO DO HOTEL COSTA AZUL,VÁRZEA,,SUBURBIO,COLISÃO LATERAL,1,1,0,0,0,0,0,0,0,1,0,Cruzamento,Chuvoso,Não existe,Incompleta,Molhada,Perfeito estado,Não existe,Não há placas,,Dupla,Não existe,,
2021-08-07 00:00:00,18:39:00,COM VÍTIMA,CANCELADA,PARNAMIRIM,RUA JOAO TUDE DE MELO,,,E/F AO GUAIAMUM GIGANTE,PARNAMIRIM,,,COLISÃO LATERAL,1,1,0,0,0,0,0,0,0,1,0,,,,,,,,,,,,,
2021-08-08 00:00:00,11:00:00,COM VÍTIMA,FINALIZADA,IMBIRIBEIRA,AV MARECHAL MASCARENHAS DE MORAES,4561,,EM FRENTE A UNIDAS,IMBIRIBEIRA,,CIDADE,COLISÃO LATERAL,1,1,0,0,0,0,0,0,0,1,0,Longo da via,Bom,Sem defeito,Perfeito estado,Seca,Perfeito estado,,Não há placas,,Dupla,Canteiro central,,
2021-08-08 00:00:00,19:58:00,SEM VÍTIMA,FINALIZADA,JARDIM SÃO PAULO,RUA NOSSA SENHORA DE FATIMA,245,,,JARDIM SÃO PAULO,,SUBURBIO,,2,0,1,0,0,0,0,0,0,0,0,Longo da via,Bom,Não existe,Não existente,Seca,Perfeito estado,Não existe,Não há placas,,Dupla,Não existe,,
2021-08-08 00:00:00,20:58:40,COM VÍTIMA,FINALIZADA,BOA VIAGEM,RUA JOAO CARDOSO AIRES,579,RUA ALMIRANTE BATISTA LEAO,E/F AO PARQUE DA PIZZA,BOA VIAGEM,,SUBURBIO,COLISÃO TRASEIRA,1,1,0,0,0,0,0,0,0,1,0,Cruzamento,Bom,Não existe,Incompleta,Seca,Mal iluminada,Faixa de retenção,"Placas ""Pare""",30 km/h,Única,,,
2021-08-09 00:00:00,00:05:00,COM VÍTIMA,FINALIZADA,IPUTINGA,AV CAXANGA,4210,AV LUIZ DE LACERDA,EM FRENTE A CHEVROLET,IPUTINGA,,SUBURBIO,COLISÃO LATERAL,1,1,0,0,0,0,0,0,0,1,0,Longo da via,Chuvoso,Sem defeito,Perfeito estado,Molhada,Perfeito estado,Não existe,Não há placas,60 km/h,Única,Faixa seccionada,,
2021-08-09 00:00:00,01:17:00,COM VÍTIMA,FINALIZADA,MADALENA,AV VISCONDE DE ALBUQUERQUE,270,RUA JOSE OSORIO,EM FRENTE A EXTRA FARMA,MADALENA,50,SUBURBIO,COLISÃO FRONTAL,2,0,0,0,0,0,0,0,0,1,0,Cruzamento,Chuvoso,Sem defeito,Perfeito estado,Molhada,Perfeito estado,Não existe,Não há placas,60 km/h,Única,Faixa seccionada,,
2021-08-09 00:00:00,07:25:00,COM VÍTIMA,FINALIZADA,SANTO AMARO,AV GOVERNADOR AGAMENON MAGALHAES,,,SOBRE VIADUTO DA INDEPENDENCIA,SANTO AMARO,,CIDADE,COLISÃO TRASEIRA,1,1,0,0,0,0,0,0,0,1,0,Viaduto,Bom,Sem defeito,Perfeito estado,Seca,Perfeito estado,Faixa de pedestre,Outras,60 km/h,Única,Faixa contínua,,
2021-08-09 00:00:00,08:48:00,COM VÍTIMA,FINALIZADA,CORDEIRO,RUA GOMES TABORDA,1645,RUA FIRMINO DE BARROS,EM FRENTE A POWER CAR BATERIAS,CORDEIRO,,,COLISÃO LATERAL,1,1,0,0,0,0,0,0,0,1,0,Cruzamento,Chuvoso,Não existe,,Molhada,Perfeito estado,Não existe,Não há placas,40 km/h,Dupla,Faixa seccionada,,
2021-08-09 00:00:00,09:07:00,COM VÍTIMA,FINALIZADA,IMBIRIBEIRA,AV MARECHAL MASCARENHAS DE MORAES,820,,E/F A RECIFE RADIADORES,IMBIRIBEIRA,,SUBURBIO,COLISÃO TRASEIRA,2,0,0,0,0,0,0,0,0,1,0,,,,,,,,,,,,,
2021-08-09 00:00:00,09:28:00,COM VÍTIMA,FINALIZADA,BOA VIAGEM,AV CONSELHEIRO AGUIAR,810,RUA ATLANTICO,RESTAURANTE JOHNY GASTROBAR,BOA VIAGEM,,CIDADE,COLISÃO FRONTAL,1,1,0,0,0,0,0,0,0,1,0,Cruzamento,Chuvoso,Não existe,Perfeito estado,Molhada,Perfeito estado,Faixa de pedestre,"Placas ""Pare""",,Única,Faixa seccionada,,
2021-08-09 00:00:00,11:09:00,COM VÍTIMA,FINALIZADA,AREIAS,AV RECIFE,,,LADO OPOSTO AO ARMAZÉM CORAL ACHAQUI M° 726,AREIAS,,,QUEDA,0,1,0,0,0,0,0,0,0,1,0,Longo da via,Chuvoso,Não existe,Perfeito estado,Molhada,Perfeito estado,Não existe,Não há placas,,Dupla,Canteiro central,,
2021-08-09 00:00:00,13:05:00,COM VÍTIMA,FINALIZADA,IPUTINGA,AV MAURICIO DE NASSAU,86,,LA MELIO MODA FEMININA,IPUTINGA,109,CIDADE,COLISÃO COM CICLISTA,1,0,0,1,0,0,0,0,0,1,0,Longo da via,Chuvoso,Sem defeito,Perfeito estado,Molhada,Perfeito estado,Faixa de pedestre,Outras,,Dupla,Faixa contínua,Faixa seccionada,
2021-08-09 00:00:00,14:45:00,COM VÍTIMA,FINALIZADA,ARRUDA,AV BEBERIBE,548,,E/F AO LOJÃO DO PETRÓLEO,ARRUDA,,SUBURBIO,COLISÃO COM CICLISTA,0,1,0,1,0,0,0,0,0,3,0,Longo da via,Chuvoso,Sem defeito,Perfeito estado,Molhada,Perfeito estado,Não existe,Outras,,Dupla,Faixa contínua,,
2021-08-09 00:00:00,17:27:00,COM VÍTIMA,FINALIZADA,SANTO ANTÔNIO,AV N S DO CARMO,50,,LADO OPOSTO A CASA PIO,SANTO ANTÔNIO,,SUBURBIO,ATROPELAMENTO DE PESSOA,0,0,0,0,1,1,0,0,0,1,0,Longo da via,Chuvoso,Sem defeito,Perfeito estado,Molhada,Perfeito estado,Não existe,Outras,,Dupla,Outros,,
2021-08-10 00:00:00,00:02:00,COM VÍTIMA,FINALIZADA,SAN MARTIN,AV ENGENHEIRO ABDIAS DE CARVALHO,,,LADO OPOSTO A UPA,SAN MARTIN,,CIDADE,QUEDA,0,1,0,0,0,0,0,1,0,1,0,Longo da via,Chuvoso,Sem defeito,Incompleta,Molhada,Mal iluminada,Não existe,Não há placas,60 km/h,Dupla,Canteiro central,,
2021-08-10 00:00:00,06:49:00,SEM VÍTIMA,FINALIZADA,VÁRZEA,AV CAXANGA,5759,,LADO OPOSTO AO TERMINAL INTEGRADO DA CAXANGÁ,VÁRZEA,262,CIDADE,COLISÃO TRASEIRA,3,0,0,0,0,0,0,0,0,0,0,Longo da via,Chuvoso,Sem defeito,Perfeito estado,Molhada,Perfeito estado,Agente,,,Única,Faixa contínua,,
2021-08-10 00:00:00,07:17:00,COM VÍTIMA,FINALIZADA,BOA VIAGEM,RUA VISCONDE DE JEQUITINHONHA,1656,,EM FRENTE AO POSTO SHELL,BOA VIAGEM,,SUBURBIO,COLISÃO TRASEIRA,0,0,0,0,0,2,0,0,0,1,0,Longo da via,Chuvoso,Sem defeito,Perfeito estado,Molhada,Perfeito estado,Não existe,Não há placas,60 km/h,Única,Faixa seccionada,,
2021-08-10 00:00:00,11:35:00,COM VÍTIMA,CANCELADA,SANTO AMARO,AV JOAO DE BARROS,,,PRÓX AO CONSERVATÓRIO PERNAMBUCANO DE MÚSICA,SANTO AMARO,198,,COLISÃO COM CICLISTA,1,0,0,1,0,0,0,0,0,1,0,,,,,,,,,,,,,
2021-08-10 00:00:00,12:16:00,COM VÍTIMA,FINALIZADA,BOA VISTA,RUA DO HOSPICIO,,,E/F A CAMERA DOS VEREADORES,BOA VISTA,31,CIDADE,COLISÃO LATERAL,1,1,0,0,0,0,0,0,0,1,0,Cruzamento,Chuvoso,Sem defeito,Incompleta,Molhada,Perfeito estado,Agente,Outras,,Dupla,Faixa contínua,,
2021-08-10 00:00:00,17:02:00,COM VÍTIMA,FINALIZADA,BOA VIAGEM,RUA BALTAZAR PASSOS,,RUA VISCONDE DE JEQUITINHONHA,,BOA VIAGEM,154,,COLISÃO LATERAL,1,1,0,0,0,0,0,0,0,1,0,Cruzamento,Bom,Sem defeito,Perfeito estado,Seca,Perfeito estado,Faixa de pedestre,R-25d,,Dupla,Faixa contínua,,
2021-08-10 00:00:00,18:36:00,VÍTIMA FATAL,FINALIZADA,ENCRUZILHADA,EST DE BELEM,175,RUA DONA JULIETA,EM FRENTE A IGREJA CATÓLICA DE BELÉM E EDF JULIO ll,ENCRUZILHADA,,CIDADE,COLISÃO TRANSVERSAL,1,1,0,0,0,0,0,0,0,0,1,Cruzamento,Bom,Não existe,Perfeito estado,Seca,Perfeito estado,Não existe,R-6a,,Dupla,Faixa contínua,Faixa seccionada,
2021-08-10 00:00:00,19:54:00,SEM VÍTIMA,CANCELADA,ILHA DO LEITE,RUA FRANCISCO ALVES,,,E/F AO HOSPITAL HOPE,ILHA DO LEITE,,,COLISÃO LATERAL,1,0,0,0,0,1,0,0,0,0,0,,,,,,,,,,,,,
2021-08-11 00:00:00,08:09:00,VÍTIMA FATAL,FINALIZADA,MADALENA,AV JOSE GONCALVES DE MEDEIROS,138,RUA COMENDADOR BENTO AGUIAR,APOIO NO LOCAL  ACIDENTE COM VITIMA FATAL,MADALENA,353,SUBURBIO,CHOQUE,1,0,0,0,0,0,0,0,0,0,1,Longo da via,Chuvoso,,,Molhada,Perfeito estado,Não existe,R-6a,,Dupla,Faixa contínua,,
2021-08-12 00:00:00,07:24:00,COM VÍTIMA,FINALIZADA,AFOGADOS,RUA VINTE E UM DE ABRIL,968,RUA DR ALBERTO MOREIRA,EM FRENTE A FABRICA CAFE PETINHO,AFOGADOS,,SUBURBIO,COLISÃO LATERAL,1,1,0,0,0,0,0,0,0,1,0,Longo da via,Chuvoso,Não existe,Não existente,Molhada,,Não existe,Não há placas,,Dupla,Não existe,,
2021-08-12 00:00:00,07:25:00,COM VÍTIMA,FINALIZADA,DERBY,AV GOVERNADOR AGAMENON MAGALHAES,,,EM FRENTE AO HOSP. DA RESTAURAÇÃO,DERBY,,BOA VIAGEM,COLISÃO COM CICLISTA,0,0,0,1,0,1,0,0,0,1,0,Longo da via,Chuvoso,Sem defeito,,Molhada,Mal conservada,Faixa de pedestre,,60 km/h,Dupla,Canteiro central,,
2021-08-12 00:00:00,09:32:00,COM VÍTIMA,FINALIZADA,TORRE,RUA MARQUES DE MARICA,147,,EM FRENTE AO CONDOMINIO ENGENHO DA TORRE,TORRE,,,COLISÃO LATERAL,1,1,0,0,0,0,0,0,0,1,0,Longo da via,Chuvoso,Não existe,Perfeito estado,Molhada,Perfeito estado,Não existe,Não há placas,30 km/h,Dupla,Faixa seccionada,,
2021-08-12 00:00:00,09:36:00,COM VÍTIMA,FINALIZADA,IMBIRIBEIRA,RUA PINTOR LULA CARDOSO AYRES,4779,RUA JOSE LINS DO REGO,"APOS O POSTO SHELL, PRIMEIRA ENTRADA NA RUA DE CARGA E DESCARGA DO AEROPORTO",IMBIRIBEIRA,,SUBURBIO,COLISÃO FRONTAL,1,1,0,0,0,0,0,0,0,1,0,Cruzamento,Bom,Não existe,Não existente,Seca,Perfeito estado,Não existe,Não há placas,60 km/h,Dupla,,,
2021-08-12 00:00:00,09:38:00,COM VÍTIMA,FINALIZADA,CASA FORTE,AV DEZESSETE DE AGOSTO,2187,,EM FRENTE AO MUSEU  HOMEM DO NORDESTE /,CASA FORTE,,CIDADE,COLISÃO TRASEIRA,1,1,0,0,0,0,1,0,0,1,0,Longo da via,Bom,Não existe,Perfeito estado,Seca,Perfeito estado,Não existe,R-6a,60 km/h,Dupla,Faixa contínua,,
2021-08-12 00:00:00,11:45:00,COM VÍTIMA,FINALIZADA,BOA VIAGEM,RUA RIBEIRO DE BRITO,972,RUA DOS NAVEGANTES,AO LADO DO EDF. HOLLIDAY,BOA VIAGEM,,,COLISÃO LATERAL,1,1,0,0,0,0,0,0,0,1,0,Cruzamento,Bom,Não existe,Perfeito estado,Seca,Perfeito estado,Faixa de retenção,Não há placas,60 km/h,Única,Não existe,,
2021-08-12 00:00:00,13:21:00,COM VÍTIMA,FINALIZADA,ILHA DO RETIRO,RUA JOAO ELISIO RAMOS,140,RUA DR JOAO MARQUES,PRAÇA PABS BARRETO,ILHA DO RETIRO,,SUBURBIO,COLISÃO LATERAL,1,1,0,0,0,0,0,0,0,1,0,Cruzamento,Bom,Não existe,Incompleta,Seca,Perfeito estado,Não existe,R-6a,,Dupla,Faixa seccionada,,
2021-08-13 00:00:00,10:04:00,SEM VÍTIMA,FINALIZADA,DOIS IRMÃOS,RUA DOIS IRMAOS,,,AO LADO DO MOTEL SENZALA,DOIS IRMÃOS,,,CHOQUE,1,0,0,0,0,0,0,0,0,0,0,,,,,,,,,,,,,
2021-08-13 00:00:00,12:43:00,COM VÍTIMA,FINALIZADA,MADALENA,RUA BENFICA,,RUA JOAO IVO DA SILVA,E/F A O MUSEU DA ABOLIÇAO  PROX  AO BRADESCO PRIME,MADALENA,257,CIDADE,COLISÃO FRONTAL,2,0,0,0,0,0,0,0,0,1,0,Cruzamento,Bom,Sem defeito,Perfeito estado,Seca,Perfeito estado,Outros,Não há placas,,Dupla,Faixa contínua,,
2021-08-13 00:00:00,12:51:00,SEM VÍTIMA,FINALIZADA,DERBY,AV GOVERNADOR AGAMENON MAGALHAES,,,EM FRENTE A EMERGENCIA CLÍNICA DO HOSPITAL DA RESTAURAÇÃO,DERBY,,SUBURBIO,,2,0,0,0,0,0,0,0,0,0,0,Longo da via,Bom,Não existe,Perfeito estado,Seca,Perfeito estado,Não existe,Não há placas,60 km/h,Única,Faixa seccionada,,
2021-08-13 00:00:00,14:50:00,COM VÍTIMA,FINALIZADA,SANTO AMARO,AV NORTE MIGUEL ARRAES DE ALENCAR,,AV CRUZ CABUGA,PROX AO CEMITERIO DOS INGLESES,SANTO AMARO,34,CIDADE,COLISÃO TRASEIRA,1,1,0,0,0,0,0,0,0,2,0,Longo da via,Bom,Sem defeito,Perfeito estado,Seca,Perfeito estado,Faixa de pedestre,Outras,,Única,Não existe,,
2021-08-13 00:00:00,14:59:00,SEM VÍTIMA,FINALIZADA,BOA VIAGEM,RUA ANTONIO LUMACK DO MONTE,,,FERREIRA COSTA,BOA VIAGEM,,SUBURBIO,,0,0,0,0,0,0,0,0,0,0,0,,,,,,,,,,,,,
2021-08-13 00:00:00,16:42:00,COM VÍTIMA,FINALIZADA,CORDEIRO,EST DO FORTE DO ARRAIAL N. DO B. JESUS,477,RUA EURICO DE SOUZA LEAO,E/F ACADEMIA  CIA FIT,CORDEIRO,,AV CAXANGA,COLISÃO LATERAL,1,1,0,0,0,0,0,0,0,1,0,Cruzamento,Bom,Não existe,Perfeito estado,Seca,,Não existe,Não há placas,,Dupla,Não existe,,
2021-08-13 00:00:00,19:07:00,COM VÍTIMA,FINALIZADA,SANTO ANTÔNIO,AV SUL,,,E/F AO POSTO BR,SANTO ANTÔNIO,311,CIDADE,COLISÃO COM CICLISTA,0,1,0,1,0,0,0,0,0,1,0,Longo da via,Bom,Sem defeito,Perfeito estado,Seca,Perfeito estado,Não existe,Não há placas,,Dupla,Não existe,,
2021-08-13 00:00:00,20:21:00,SEM VÍTIMA,FINALIZADA,IPSEP,RUA ITAJAI,,RUA JAMAICA,,IPSEP,,SUBURBIO,COLISÃO TRANSVERSAL,2,0,0,0,0,0,0,0,0,0,0,Cruzamento,Bom,Não existe,Perfeito estado,Seca,Perfeito estado,Faixa de pedestre,Outras,40 km/h,Única,Faixa contínua,,
2021-08-13 00:00:00,22:36:40,SEM VÍTIMA,FINALIZADA,SANTO AMARO,AV CRUZ CABUGA,,,EM FRENTE AO SHOPPING TACARUNA,SANTO AMARO,,SUBURBIO,COLISÃO LATERAL,0,1,0,0,0,0,1,0,0,0,0,,,,,,,,,,,,,
2021-08-14 00:00:00,09:18:00,COM VÍTIMA,FINALIZADA,SANTO ANTÔNIO,AV MARTINS DE BARROS,,,EM FRENTE AO BANCO SANTANDER,SANTO ANTÔNIO,,SUBURBIO,COLISÃO TRANSVERSAL,1,1,0,0,0,0,0,0,0,1,0,Longo da via,Bom,Não existe,Perfeito estado,Seca,Perfeito estado,,,,,,,
2021-08-14 00:00:00,15:57:00,COM VÍTIMA,FINALIZADA,IPUTINGA,RUA SAO MATEUS,,,EM FRENTE A CENTRAL DE DISTRIBUIÇÃO DOS CORREIOS,IPUTINGA,,CIDADE,COLISÃO LATERAL,1,1,0,0,0,0,0,0,0,1,0,Longo da via,Bom,Não existe,Perfeito estado,Seca,Perfeito estado,Não existe,Não há placas,,Dupla,Não existe,,
2021-08-14 00:00:00,22:29:40,SEM VÍTIMA,FINALIZADA,ESPINHEIRO,AV JOAO DE BARROS,1187,,POSTO BR E LOMBADA ELETRÔNICA,ESPINHEIRO,,SUBURBIO,CHOQUE,2,0,0,0,0,0,0,0,0,0,0,Longo da via,Chuvoso,Não existe,Perfeito estado,Molhada,Perfeito estado,Não existe,Outras,,Única,Faixa seccionada,,
2021-08-15 00:00:00,15:45:00,COM VÍTIMA,FINALIZADA,IPUTINGA,AV MAURICIO DE NASSAU,,,DEPOIS DO GOE,IPUTINGA,,SUBURBIO,CHOQUE,0,1,0,0,0,0,0,0,0,1,0,Longo da via,Bom,Não existe,Perfeito estado,Seca,Perfeito estado,Não existe,Outras,,Dupla,Faixa contínua,,
2021-08-15 00:00:00,17:06:00,COM VÍTIMA,CANCELADA,PRADO,AV ENGENHEIRO ABDIAS DE CARVALHO,1009,,PROX. AO CORREIOS,PRADO,,,COLISÃO FRONTAL,3,0,0,0,0,0,0,0,0,2,0,,,,,,,,,,,,,
2021-08-15 00:00:00,18:15:00,COM VÍTIMA,FINALIZADA,CASA AMARELA,AV NORTE MIGUEL ARRAES DE ALENCAR,678,,EM FRENTE A PASSARELA,CASA AMARELA,,,COLISÃO LATERAL,1,1,0,0,0,0,0,0,0,1,0,Longo da via,Bom,Não existe,Perfeito estado,Seca,Perfeito estado,Não existe,Não há placas,60 km/h,Dupla,,,