data,hora,natureza,situacao,bairro,endereco,numero,detalhe_endereco_acidente,complemento,bairro_cruzamento,num_semaforo,sentido_via,tipo,auto,moto,ciclom,ciclista,pedestre,onibus,caminhao,viatura,outros,vitimas,vitimasfatais,acidente_verificado,tempo_clima,situacao_semaforo,sinalizacao,condicao_via,conservacao_via,ponto_controle,situacao_placa,velocidade_max_via,mao_direcao,divisao_via1,divisao_via2,divisao_via3
2021-08-10 00:00:00,18:20:00,COM VÍTIMA,FINALIZADA,DOIS UNIDOS,RUA DIVISOPOLIS,40,,ESCOLA MUNICIPAL ALTO DO MARACANÃ,DOIS UNIDOS,,CIDADE,ATROPELAMENTO DE PESSOA,0,1,0,0,1,0,0,0,0,1,0,Longo da via,Bom,Não existe,Não existente,Seca,Mal iluminada,Não existe,Não há placas,30 km/h,Dupla,Não existe,,
2021-08-24 00:00:00,15:56:00,COM VÍTIMA,FINALIZADA,TAMARINEIRA,EST VELHA DE AGUA FRIA,,AV PROFESSOR JOSE DOS ANJOS,SOBE O SEMAFORO 306,TAMARINEIRA,306,SUBURBIO,QUEDA,0,1,0,0,0,0,0,0,0,1,0,Cruzamento,Bom,Sem defeito,Perfeito estado,Seca,Perfeito estado,Faixa de pedestre,,,Dupla,Canteiro central,,
2021-08-24 00:00:00,16:00:00,COM VÍTIMA,FINALIZADA,AFOGADOS,RUA SAO MIGUEL,1516,RUA JOVELINO SELVA,EM FRENTE AO CENTRO AUTOMOTIVO ABC,AFOGADOS,,CIDADE,COLISÃO LATERAL,2,1,0,0,0,0,0,0,0,1,0,Longo da via,Bom,Não existe,Perfeito estado,Seca,Perfeito estado,Não existe,Não há placas,,Dupla,Faixa,,
2021-08-24 00:00:00,18:57:00,COM VÍTIMA,FINALIZADA,IBURA,AV DOIS RIOS,550,RUA RIO NEGRO,E/F A IGREJA  EL SHADAY,IBURA,,CIDADE,COLISÃO LATERAL,0,2,0,0,0,0,0,0,0,2,0,Cruzamento,Bom,Não existe,Perfeito estado,Seca,Perfeito estado,Não existe,Não há placas,60 km/h,Dupla,Faixa contínua,Faixa seccionada,
2021-08-24 00:00:00,18:57:00,SEM VÍTIMA,FINALIZADA,IBURA,AV DOIS RIOS,984,RUA RIO BRIGIDA,EM FRENTE A FARMÁCIA INDEPENDENTE,IBURA,,SUBURBIO,COLISÃO TRASEIRA,1,1,0,0,0,0,0,0,0,0,0,Longo da via,Bom,Não existe,Perfeito estado,Seca,Perfeito estado,Não existe,Não há placas,,Dupla,Faixa contínua,,
2021-08-24 00:00:00,20:50:00,COM VÍTIMA,FINALIZADA,ESPINHEIRO,RUA DO ESPINHEIRO,223,RUA SANTO ELIAS,PRÓX A MASCATE LIVRARIA E ANTIGO POSTO IPIRANGA,ESPINHEIRO,,SUBURBIO,COLISÃO COM CICLISTA,1,0,0,1,0,0,0,0,0,1,0,Longo da via,Bom,Não existe,Perfeito estado,Seca,Perfeito estado,Faixa de pedestre,"Placas ""Pare""",,Dupla,,,
2021-08-24 00:00:00,21:15:40,COM VÍTIMA,FINALIZADA,IPUTINGA,RUA SAO MATEUS,653,,ACADEMIA L.FIT,IPUTINGA,,SUBURBIO,COLISÃO FRONTAL,0,2,0,0,0,0,0,0,0,1,0,Longo da via,Bom,Não existe,Perfeito estado,Seca,Perfeito estado,Não existe,Outras,,Dupla,Não existe,,
2021-08-25 00:00:00,00:23:00,COM VÍTIMA,CANCELADA,BARRO,AV DR JOSE RUFINO,2561,,PROXIMO AO MOTEL OLIMPICOS,BARRO,,,COLISÃO LATERAL,1,1,0,0,0,0,0,0,0,1,0,,,,,,,,,,,,,
2021-08-25 00:00:00,11:42:00,COM VÍTIMA,FINALIZADA,AFOGADOS,EST DOS REMEDIOS,1918,,EM FRENTE A AGATA VEICULOS,AFOGADOS,,SUBURBIO,COLISÃO LATERAL,2,1,0,0,0,0,0,0,0,1,0,Longo da via,Bom,Não existe,Perfeito estado,Seca,Perfeito estado,Não existe,Não há placas,,Única,Faixa seccionada,,
2021-08-25 00:00:00,13:22:00,COM VÍTIMA,FINALIZADA,IBURA,RUA JORNALISTA EDSON REGIS,849,AV DOIS RIOS,ESQUINA COM A AUTO MECÂNICA BASTOS,IBURA,518,SUBURBIO,COLISÃO LATERAL,1,1,0,0,0,0,0,0,0,1,0,Longo da via,Bom,Sem defeito,Perfeito estado,Seca,Perfeito estado,Faixa de pedestre,Outras,,Dupla,Não existe,,
2021-08-25 00:00:00,16:00:00,SEM VÍTIMA,FINALIZADA,SANTO AMARO,AV MARIO MELO,,RUA DA FUNDICAO,EM FRENTE AO POSTE H 024676,SANTO AMARO,,SUBURBIO,COLISÃO TRANSVERSAL,1,0,0,0,0,0,0,1,0,0,0,Cruzamento,Bom,Não existe,Perfeito estado,Seca,Perfeito estado,Faixa de pedestre,Outras,,Dupla,Canteiro central,,
2021-08-25 00:00:00,18:59:00,COM VÍTIMA,FINALIZADA,CASA AMARELA,AV NORTE MIGUEL ARRAES DE ALENCAR,4772,,LADO OPOSTO AO ARMAZÉM CORAL,CASA AMARELA,,SUBURBIO,COLISÃO TRASEIRA,1,1,0,0,0,0,0,0,0,1,0,Longo da via,Bom,Não existe,Incompleta,Seca,Mal conservada,Não existe,Outras,,Dupla,Canteiro central,,
2021-08-26 00:00:00,08:44:00,COM VÍTIMA,FINALIZADA,AFOGADOS,RUA COSME VIANA,128,RUA JOSE DA BOMBA,PRÓXIMO A BLUECAR AUTO SERVICE,AFOGADOS,,SUBURBIO,COLISÃO LATERAL,1,1,0,0,0,0,0,0,0,1,0,Longo da via,Bom,Sem defeito,Perfeito estado,Seca,Perfeito estado,Não existe,Não há placas,60 km/h,Única,Não existe,,
2021-08-26 00:00:00,09:12:00,COM VÍTIMA,FINALIZADA,IBURA,RUA RIO XINGU,924,,EM FRENTE AO N° 924,IBURA,,SUBURBIO,COLISÃO FRONTAL,1,1,0,0,0,0,0,0,0,1,0,Longo da via,Bom,Não existe,Perfeito estado,Seca,Perfeito estado,Não existe,R-6a,30 km/h,Dupla,Faixa seccionada,,
2021-08-26 00:00:00,10:24:00,COM VÍTIMA,FINALIZADA,PORTO DA MADEIRA,RUA DALVA DE OLIVEIRA,257,RUA RIO BEBERIBE,E/F A IGREJA BATISTA,PORTO DA MADEIRA,,CIDADE,COLISÃO FRONTAL,0,1,0,0,0,0,1,0,0,1,0,Cruzamento,Bom,Não existe,Perfeito estado,Seca,Perfeito estado,Faixa de pedestre,Outras,,Dupla,Não existe,,
2021-08-26 00:00:00,13:04:00,COM VÍTIMA,FINALIZADA,JARDIM SÃO PAULO,RUA LEANDRO BARRETO,93,RUA LEOBINA PEREIRA,EM FRENTE A PIZZARIA E RESTAURANTE DOS GÊMEOS,JARDIM SÃO PAULO,,SUBURBIO,COLISÃO LATERAL,1,1,0,0,0,0,0,0,0,1,0,Longo da via,Bom,Não existe,Não existente,Seca,Perfeito estado,Não existe,Não há placas,,Dupla,Não existe,,
2021-08-26 00:00:00,13:48:00,COM VÍTIMA,FINALIZADA,CAXANGÁ,AV CAXANGA,,,SOBRE A PONTE MARECHAL CASTELO BRANCO,CAXANGÁ,568,CIDADE,COLISÃO TRASEIRA,1,1,0,0,0,0,0,0,0,1,0,Ponte,Bom,Sem defeito,Perfeito estado,Seca,Perfeito estado,,R-32,,Dupla,Faixa seccionada,Canteiro central,
2021-08-26 00:00:00,15:04:00,COM VÍTIMA,FINALIZADA,BOA VIAGEM,AV MARECHAL JUAREZ TAVORA,462,,EM FRETE A CONSTRUTORA SANTO ANTONIO,BOA VIAGEM,,SUBURBIO,COLISÃO TRASEIRA,0,1,0,0,0,0,1,0,0,1,0,Longo da via,Bom,Não existe,Perfeito estado,Seca,Perfeito estado,Não existe,R-19,40 km/h,Dupla,Canal,,
2021-08-26 00:00:00,16:21:00,COM VÍTIMA,FINALIZADA,SANTO ANTÔNIO,PTE PRINCESA IZABEL,,RUA DO SOL,EM FRENTE AO TEATRO PRINCESA IZABEL,SANTO ANTÔNIO,,,QUEDA,0,1,0,0,0,0,0,0,0,1,0,Esquina,Bom,Não existe,Perfeito estado,Seca,Perfeito estado,Não existe,Outras,,Única,Não existe,,
2021-08-27 00:00:00,08:00:00,COM VÍTIMA,FINALIZADA,ENCRUZILHADA,AV NORTE MIGUEL ARRAES DE ALENCAR,2483,,LADO OPOSTO AO T2 AUTOS,ENCRUZILHADA,,CIDADE,ATROPELAMENTO DE PESSOA,0,1,0,0,1,0,0,0,0,2,0,Longo da via,Bom,Não existe,Perfeito estado,Seca,Mal conservada,Outros,Outras,,Dupla,Faixa seccionada,Canteiro central,
2021-08-27 00:00:00,09:12:00,COM VÍTIMA,CANCELADA,DERBY,,,,EM FRENTE O COLÉGIO MILITAR,DERBY,,,COLISÃO TRANSVERSAL,2,0,0,0,0,0,0,0,0,1,0,,,,,,,,,,,,,
2021-08-27 00:00:00,12:37:00,COM VÍTIMA,FINALIZADA,DOIS IRMÃOS,RUA DOIS IRMAOS,,,EM FRENTE AO VIADUTO DA BR 101,DOIS IRMÃOS,416,CIDADE,CHOQUE,0,1,0,0,0,0,0,0,0,1,0,Outros,Bom,Com defeito,Perfeito estado,Seca,Perfeito estado,Faixa de retenção,Não há placas,,Dupla,Faixa seccionada,,
2021-08-27 00:00:00,14:41:00,SEM VÍTIMA,FINALIZADA,ILHA DO RETIRO,RUA SPORT CLUBE DO RECIFE,,,SOB SEM. 355,ILHA DO RETIRO,355,CIDADE,,1,0,0,0,0,0,0,1,0,0,0,Longo da via,Bom,Sem defeito,Perfeito estado,Seca,Perfeito estado,Não existe,Não há placas,60 km/h,Dupla,Canteiro central,,
2021-08-27 00:00:00,15:22:00,COM VÍTIMA,FINALIZADA,IMBIRIBEIRA,AV MARECHAL MASCARENHAS DE MORAES,,,EM FRENTE A FACULDADE UNIVERSO,IMBIRIBEIRA,501,SUBURBIO,COLISÃO TRASEIRA,2,0,0,0,0,0,0,0,0,1,0,Longo da via,Bom,Sem defeito,Perfeito estado,Seca,Perfeito estado,Faixa de pedestre,Não há placas,,Dupla,Canteiro central,,
2021-08-27 00:00:00,19:49:00,VÍTIMA FATAL,FINALIZADA,SANTO AMARO,RUA DOS PALMARES,,RUA DO POMBAL,PRÓX AO COMANDO DA GUARDA,SANTO AMARO,,SUBURBIO,COLISÃO COM CICLISTA,0,1,0,1,0,0,0,0,0,1,1,Cruzamento,Bom,Não existe,Perfeito estado,Seca,Perfeito estado,Faixa de pedestre,Não há placas,,Única,Faixa seccionada,Canteiro central,
2021-08-28 00:00:00,08:16:00,COM VÍTIMA,FINALIZADA,IPSEP,RUA POTENGY,,RUA JEAN EMILE FAVRE,EM FRENTE A FARMÁCIA DIARIMENTE,IPSEP,564,CIDADE,COLISÃO TRANSVERSAL,1,1,0,0,0,0,0,0,0,1,0,Longo da via,Bom,Sem defeito,Perfeito estado,Seca,Perfeito estado,Não existe,,40 km/h,Única,Faixa seccionada,,
2021-08-28 00:00:00,08:46:00,COM VÍTIMA,FINALIZADA,PRADO,RUA PADRE TEOFILO TWORZ,,RUA SANTA EDWIRGES,EM FRENTE A IGREJA PRESBITERIANA DO CORDEIRO,PRADO,,CIDADE,COLISÃO LATERAL,1,1,0,0,0,0,0,0,0,1,0,Cruzamento,Bom,Não existe,,Seca,Perfeito estado,Faixa de pedestre,Não há placas,,,,,
2021-08-28 00:00:00,18:57:00,SEM VÍTIMA,CANCELADA,DOIS IRMÃOS,RUA DOIS IRMAOS,,,EM BAIXO DO VIADUTO DA BR 101,DOIS IRMÃOS,,,COLISÃO LATERAL,2,0,0,0,0,0,0,0,0,0,0,,,,,,,,,,,,,
2021-08-28 00:00:00,20:56:00,VÍTIMA FATAL,FINALIZADA,APIPUCOS,RUA DE APIPUCOS,1210,,E/F AO BATALHAO PMPE 11,APIPUCOS,248,SUBURBIO,CHOQUE,0,1,0,0,0,0,0,0,0,0,1,Longo da via,Bom,Sem defeito,Ilegível,Seca,Mal conservada,Faixa de pedestre,Outras,,Dupla,Faixa contínua,,
2021-08-29 00:00:00,19:00:00,COM VÍTIMA,FINALIZADA,BOA VIAGEM,AV BOA VIAGEM,,,PRIMEIRO JARDIM,BOA VIAGEM,,CIDADE,COLISÃO TRASEIRA,1,1,0,0,0,0,0,0,0,2,0,Longo da via,Bom,Não existe,Perfeito estado,Seca,Perfeito estado,,Não há placas,,Única,Faixa seccionada,,
2021-08-29 00:00:00,19:42:00,SEM VÍTIMA,FINALIZADA,BOA VIAGEM,AV BOA VIAGEM,5576,,EM FRENTE AO HOTEL GOLDEN PARK,BOA VIAGEM,,CIDADE,COLISÃO TRASEIRA,2,0,0,0,0,0,0,0,0,0,0,Longo da via,Bom,Não existe,Perfeito estado,Seca,Perfeito estado,Não existe,,,Única,Faixa seccionada,,
2021-08-30 00:00:00,12:58:00,COM VÍTIMA,FINALIZADA,CAXANGÁ,RUA MINISTRO JOAO ALBERTO,366,RUA ALCIDES CODECEIRA,PRÓX AO ATACADÃO.,CAXANGÁ,,SUBURBIO,CAPOTAMENTO,1,0,0,0,0,0,0,0,0,1,0,Longo da via,Bom,Não existe,Perfeito estado,Seca,Perfeito estado,Não existe,Não há placas,40 km/h,Dupla,Faixa seccionada,,
2021-08-30 00:00:00,14:08:00,COM VÍTIMA,FINALIZADA,GRAÇAS,RUA JOAQUIM NABUCO,,,LADO OPOSTO AO N°92,GRAÇAS,,SUBURBIO,COLISÃO TRASEIRA,1,1,0,0,0,0,0,0,0,1,0,Longo da via,Bom,Não existe,Perfeito estado,Seca,Perfeito estado,Faixa de pedestre,R-6a,40 km/h,Única,Faixa seccionada,,
2021-08-30 00:00:00,15:10:00,COM VÍTIMA,FINALIZADA,BOA VISTA,RUA GERVASIO PIRES,356,,EDIFICIO CAROLENA,BOA VISTA,24,SUBURBIO,ATROPELAMENTO DE PESSOA,0,0,0,0,1,0,1,0,0,1,0,Longo da via,Bom,Sem defeito,Perfeito estado,Seca,Perfeito estado,Faixa de pedestre,R-6a,,Única,Faixa seccionada,,
2021-08-30 00:00:00,15:39:00,COM VÍTIMA,FINALIZADA,MADALENA,RUA RICARDO SALAZAR,336,,EM FRENTE AO EDIFÍCIO DESEMBARGADOR,MADALENA,,SUBURBIO,CHOQUE,1,0,0,0,0,0,0,0,0,1,0,Longo da via,Bom,Não existe,Incompleta,Seca,Perfeito estado,Não existe,Não há placas,,Única,Canal,,
2021-08-30 00:00:00,17:26:00,COM VÍTIMA,FINALIZADA,PINA,AV ENGENHEIRO DOMINGOS FERREIRA,40,,LADO OPOSTO AO N° 40,PINA,,SUBURBIO,ATROPELAMENTO DE PESSOA,0,1,0,0,2,0,0,0,0,3,0,Longo da via,Bom,Não existe,Perfeito estado,Seca,Perfeito estado,Não existe,Não há placas,60 km/h,Única,Faixa seccionada,,
2021-08-30 00:00:00,17:36:00,COM VÍTIMA,FINALIZADA,VÁRZEA,RUA EMILIANO BRAGA,157,RUA PROFESSOR ANTONIO COELHO,TERMINAL DE ONIBUS DA CDU,VÁRZEA,,SUBURBIO,COLISÃO LATERAL,0,2,0,0,0,0,0,0,0,1,0,Cruzamento,Bom,Não existe,Perfeito estado,Seca,Perfeito estado,Não existe,"Placas ""Pare""",40 km/h,Única,Faixa contínua,,
2021-08-30 00:00:00,17:57:00,COM VÍTIMA,FINALIZADA,SÃO JOSÉ,AV N S DO CARMO,40,,EM FRENTE AO IMPERIO DAS CAPAS E A LUCIANA NOIVAS,SÃO JOSÉ,,CIDADE,COLISÃO COM CICLISTA,0,1,0,1,0,0,0,0,0,1,0,Longo da via,Bom,Sem defeito,Perfeito estado,Seca,Perfeito estado,Não existe,Outras,40 km/h,Dupla,Faixa contínua,,
2021-08-30 00:00:00,20:12:00,COM VÍTIMA,FINALIZADA,MACAXEIRA,AV NORTE MIGUEL ARRAES DE ALENCAR,,,E/F AO ANTIGO TERMINAL DA MACAXEIRA,MACAXEIRA,296,SUBURBIO,COLISÃO LATERAL,0,2,0,0,0,0,0,0,0,3,0,,,,,,,,,,,,,
2021-08-31 00:00:00,10:08:00,COM VÍTIMA,FINALIZADA,SANTO AMARO,AV CRUZ CABUGA,767,,NA FRENTE DA CASA DA INDUSTRIA,SANTO AMARO,234,SUBURBIO,ATROPELAMENTO DE PESSOA,0,1,0,0,1,0,0,0,0,1,0,Longo da via,Bom,Sem defeito,Perfeito estado,Seca,Perfeito estado,Agente,Não há placas,60 km/h,Dupla,Faixa contínua,,
2021-08-31 00:00:00,10:15:00,COM VÍTIMA,FINALIZADA,IPUTINGA,AV CAXANGA,2811,,E/F AO RESTAURANTE MASSARELA,IPUTINGA,,CIDADE,COLISÃO LATERAL,1,1,0,0,0,0,0,0,0,1,0,Longo da via,Bom,Não existe,Perfeito estado,Seca,Perfeito estado,Não existe,Não há placas,,Dupla,Canteiro central,,
2021-08-31 00:00:00,11:54:00,COM VÍTIMA,CANCELADA,ARRUDA,RUA RAMIZ GALVAO,260,RUA JOAO LIBERATO,PRÓX À IGREJA DE CRISTO COMUNIDADE NO ARRUDA - ICCA,ARRUDA,,,COLISÃO LATERAL,1,0,0,0,0,0,1,0,0,1,0,,,,,,,,,,,,,
2021-08-31 00:00:00,14:49:00,COM VÍTIMA,FINALIZADA,PRADO,RUA GOMES TABORDA,767,RUA FIDELIS MOLITERNO,EM FRENTE AO LÉO CHOPP PRADO,PRADO,,CIDADE,COLISÃO LATERAL,1,1,0,0,0,0,0,0,0,1,0,Cruzamento,Bom,Não existe,Ilegível,Seca,Perfeito estado,Não existe,Outras,40 km/h,Dupla,Faixa seccionada,,
2021-08-31 00:00:00,15:13:00,SEM VÍTIMA,FINALIZADA,PINA,RUA COMENDADOR MORAES,,,POSTO DE POLICIAMENTO 19º BPMPE,PINA,,SUBURBIO,,0,1,0,0,0,0,0,1,0,0,0,Longo da via,Bom,Não existe,Perfeito estado,Seca,Perfeito estado,Faixa de pedestre,Não há placas,60 km/h,Única,Não existe,,
2021-08-31 00:00:00,15:30:00,COM VÍTIMA,FINALIZADA,MADALENA,RUA REAL DA TORRE,682,,EM FRENTE AO LOJA DO CONDOMÍNIO,MADALENA,,CIDADE,COLISÃO LATERAL,1,1,0,0,0,0,0,0,0,1,0,Longo da via,Bom,Não existe,Perfeito estado,Seca,Perfeito estado,Não existe,Não há placas,,Única,Faixa seccionada,,
2021-08-31 00:00:00,19:30:00,SEM VÍTIMA,FINALIZADA,SANTO AMARO,RUA DOS PALMARES,,,SEMÁFORO 526,SANTO AMARO,526,SUBURBIO,COLISÃO TRASEIRA,2,0,0,0,0,0,0,0,0,0,0,Longo da via,Chuvoso,Sem defeito,Perfeito estado,Molhada,Perfeito estado,Faixa de pedestre,,,Única,,,
2021-09-01 00:00:00,09:28:00,COM VÍTIMA,FINALIZADA,HIPÓDROMO,EST DE BELEM,611,,PROX  A CASA DO BOLO,HIPÓDROMO,,SUBURBIO,QUEDA,0,0,0,0,0,0,0,0,0,1,0,Longo da via,Bom,Não existe,Perfeito estado,Seca,Perfeito estado,Não existe,Outras,50 km/h,Dupla,Faixa seccionada,,
2021-09-01 00:00:00,09:28:00,COM VÍTIMA,FINALIZADA,TOTÓ,AV LIBERDADE,,,AO LADO DA OFICINA FERREIRA MOTO PEÇAS,TOTÓ,,SUBURBIO,COLISÃO LATERAL,1,1,0,0,0,0,0,0,0,1,0,Longo da via,Bom,Não existe,Perfeito estado,Seca,Perfeito estado,Faixa de pedestre,Outras,30 km/h,Dupla,Faixa contínua,,
2021-09-01 00:00:00,09:32:00,SEM VÍTIMA,FINALIZADA,SÃO JOSÉ,C SANTA RITA,,,COLISÃO  COM VEICULO OFICIAL,SÃO JOSÉ,,,COLISÃO LATERAL,0,0,0,0,0,0,0,1,0,0,0,,,,,,,,,,,,,
2021-09-01 00:00:00,10:14:00,COM VÍTIMA,FINALIZADA,MADALENA,AV BEIRA RIO,302,,EM FRENTE AO EDF. VILA BEIRA RIO,MADALENA,,CIDADE,COLISÃO LATERAL,1,1,0,0,0,0,0,0,0,1,0,Longo da via,Bom,Não existe,Incompleta,Seca,Perfeito estado,,Não há placas,,,,,
2021-09-01 00:00:00,14:37:00,COM VÍTIMA,FINALIZADA,PRADO,AV ENGENHEIRO ABDIAS DE CARVALHO,50,RUA SANTA EDWIRGES,BOSCH CAR SERVICE,PRADO,354,CIDADE,COLISÃO TRASEIRA,1,1,0,0,0,0,0,0,0,1,0,Longo da via,Bom,Sem defeito,Perfeito estado,Seca,Perfeito estado,Não existe,Não há placas,,Única,Faixa contínua,,
2021-09-01 00:00:00,15:16:00,COM VÍTIMA,CANCELADA,BOA VIAGEM,RUA JOAO CARDOSO AIRES,971,,E/F AO RESTAURANTE DO BAMBAM GRILL,BOA VIAGEM,,,COLISÃO FRONTAL,1,1,0,0,0,0,0,0,0,1,0,,,,,,,,,,,,,
2021-09-01 00:00:00,15:33:00,COM VÍTIMA,FINALIZADA,VASCO DA GAMA,RUA ALTO NOVO MUNDO,42,RUA VASCO DA GAMA,RUA EM FRENTE AO MERCADINHO LAYS,VASCO DA GAMA,,SUBURBIO,COLISÃO LATERAL,1,1,0,0,0,0,0,0,0,1,0,Longo da via,Bom,Não existe,Não existente,Seca,Perfeito estado,Não existe,Não há placas,30 km/h,Dupla,Não existe,,
2021-09-01 00:00:00,16:22:00,SEM VÍTIMA,FINALIZADA,CORDEIRO,AV GENERAL SAN MARTIN,1083,,EM FRENTE AOS CORREIOS,CORDEIRO,,CIDADE,,1,0,0,0,0,0,0,0,2,0,0,Longo da via,Bom,Não existe,Ilegível,Seca,Perfeito estado,Não existe,Não há placas,,Dupla,Faixa contínua,,
2021-09-01 00:00:00,17:06:00,COM VÍTIMA,FINALIZADA,BOA VIAGEM,RUA PADRE CARAPUCEIRO,,,EM FRENTE A LOJA CEA,BOA VIAGEM,,,COLISÃO TRASEIRA,2,0,0,0,0,0,0,0,0,1,0,Longo da via,Bom,Não existe,Perfeito estado,Seca,Perfeito estado,Não existe,"Placas ""Pare""",,Única,Não existe,,
2021-09-01 00:00:00,18:41:00,COM VÍTIMA,FINALIZADA,IPSEP,RUA ALVARO MOREYRA,237,AV RAIMUNDO DINIZ,PRÓX A DELEGACIA DO IPSEP E ESCOLA LAURO DINIZ,IPSEP,,CIDADE,COLISÃO LATERAL,1,1,0,0,0,0,0,0,0,1,0,Cruzamento,Bom,Não existe,Perfeito estado,Seca,Perfeito estado,Não existe,Outras,,Dupla,Faixa seccionada,,
2021-09-02 00:00:00,08:33:00,COM VÍTIMA,FINALIZADA,SÃO JOSÉ,VDO PAPA JOAO PAULO II,,,AÇAI DA DESCIDA DO VIADUTO,SÃO JOSÉ,,BOA VIAGEM,COLISÃO COM CICLISTA,0,0,0,1,0,0,0,0,0,1,0,Longo da via,Bom,Não existe,Perfeito estado,Seca,Perfeito estado,Não existe,Não há placas,60 km/h,Única,Faixa seccionada,,
2021-09-02 00:00:00,08:54:00,COM VÍTIMA,FINALIZADA,PAISSANDU,AV GOVERNADOR AGAMENON MAGALHAES,318,,EM FRENTE AO N° 4318,PAISSANDU,69,BOA VIAGEM,ATROPELAMENTO DE PESSOA,0,1,0,0,2,0,0,0,0,2,0,Longo da via,Bom,Sem defeito,Perfeito estado,Seca,Perfeito estado,Agente,Não há placas,60 km/h,Dupla,Canteiro central,,
2021-09-02 00:00:00,09:38:00,COM VÍTIMA,DUPLICIDADE,PAISSANDU,AV GOVERNADOR AGAMENON MAGALHAES,,,"EM FRENTE O EMPRESARIAL RENATO DIAS, SENTIDO JOANA BEZERRA",PAISSANDU,,SUBURBIO,ATROPELAMENTO DE PESSOA,0,1,0,0,2,0,0,0,0,2,0,,,,,,,,,,,,,
2021-09-02 00:00:00,10:14:00,COM VÍTIMA,FINALIZADA,JIQUIÁ,AV DR JOSE RUFINO,2015,,POSTO DE COMBUSTÍVEL PETROISA,JIQUIÁ,,SUBURBIO,COLISÃO TRASEIRA,0,1,0,0,0,0,1,0,0,1,0,Longo da via,Bom,Não existe,Perfeito estado,Seca,Perfeito estado,Não existe,Não há placas,,Dupla,Não existe,,
2021-09-02 00:00:00,15:22:00,COM VÍTIMA,FINALIZADA,PINA,PRC GOVERNADOR PAULO GUERRA,,,S/T  CID E/F AO IATE CLUBE DO RECIFE  NA DESCIDA DA PONTE DO PINA,PINA,,CIDADE,COLISÃO TRASEIRA,0,2,0,0,0,0,0,0,0,2,0,Outros,Bom,Não existe,Perfeito estado,Seca,Perfeito estado,Não existe,Outras,60 km/h,Única,Faixa seccionada,,
2021-09-03 00:00:00,08:21:00,COM VÍTIMA,FINALIZADA,IPSEP,AV RECIFE,3033,,LADO OPOSTO AO N° 3033,IPSEP,,CIDADE,COLISÃO TRASEIRA,1,1,0,0,0,0,0,0,0,1,0,Longo da via,Bom,Não existe,Perfeito estado,Seca,Perfeito estado,,,,,,,
2021-09-03 00:00:00,12:29:00,COM VÍTIMA,FINALIZADA,TORRE,AV PROFESSOR ESTEVAO FRANCISCO DA COSTA,325,RUA 10 DE NOVEMBRO,NO SEMÁFORO 280,TORRE,280,,COLISÃO FRONTAL,1,1,0,0,0,0,0,0,0,1,0,Cruzamento,Bom,Sem defeito,Perfeito estado,Seca,Perfeito estado,Faixa de pedestre,Outras,,Única,,,
2021-09-03 00:00:00,12:31:00,SEM VÍTIMA,FINALIZADA,BOA VIAGEM,AV ANTONIO TORRES GALVAO,,AV ANTONIO TORRES GALVAO,PROXIMO A FORD,BOA VIAGEM,,,COLISÃO TRASEIRA,0,0,0,0,0,0,0,0,0,0,0,,,,,,,,,,,,,
2021-09-03 00:00:00,12:36:00,COM VÍTIMA,FINALIZADA,TAMARINEIRA,RUA JUNDIA,,,AO LADO DA FERREIRA COSTA,TAMARINEIRA,,SUBURBIO,COLISÃO LATERAL,0,2,0,0,0,0,0,0,0,2,0,Longo da via,Bom,Não existe,Perfeito estado,Seca,Perfeito estado,Não existe,Não há placas,30 km/h,Dupla,Faixa seccionada,,
2021-09-03 00:00:00,14:18:00,COM VÍTIMA,FINALIZADA,MADALENA,AV BEIRA RIO,1059,,EM FRENTE AO EDIFICIO IARUGA,MADALENA,,CIDADE,COLISÃO LATERAL,1,1,0,0,0,0,0,0,0,1,0,Longo da via,Bom,Sem defeito,Perfeito estado,Seca,Perfeito estado,Não existe,,,Dupla,Faixa contínua,,
2021-09-03 00:00:00,15:02:00,COM VÍTIMA,FINALIZADA,IPUTINGA,AV MAURICIO DE NASSAU,434,RUA ENGENHEIRO MOACYR PARAHYBA,AUTO FILME,IPUTINGA,,,COLISÃO LATERAL,1,1,0,0,0,0,0,0,0,1,0,Longo da via,Bom,,Perfeito estado,Seca,Perfeito estado,Não existe,Não há placas,,Dupla,Faixa contínua,,
2021-09-03 00:00:00,16:08:00,COM VÍTIMA,FINALIZADA,MADALENA,RUA REAL DA TORRE,159,RUA QUINZE DE NOVEMBRO,NA ENTRADA DO TÚNEL DA ABOLIÇÃO,MADALENA,,SUBURBIO,CHOQUE,1,0,0,0,0,0,0,0,0,1,0,Longo da via,Bom,Sem defeito,Perfeito estado,Seca,Perfeito estado,Faixa de pedestre,Não há placas,60 km/h,Única,Faixa seccionada,,