data,hora,natureza,situacao,bairro,endereco,numero,detalhe_endereco_acidente,complemento,bairro_cruzamento,num_semaforo,sentido_via,tipo,auto,moto,ciclom,ciclista,pedestre,onibus,caminhao,viatura,outros,vitimas,vitimasfatais,acidente_verificado,tempo_clima,situacao_semaforo,sinalizacao,condicao_via,conservacao_via,ponto_controle,situacao_placa,velocidade_max_via,mao_direcao,divisao_via1,divisao_via2,divisao_via3
2021-09-03 00:00:00,19:21:00,COM VÍTIMA,FINALIZADA,PINA,PTE GOVERNADOR PAULO GUERRA,,,PROX A ENTRADA DO RIO MAR,PINA,,SUBURBIO,COLISÃO FRONTAL,1,1,0,0,0,0,0,0,0,1,0,Viaduto,Bom,Não existe,Perfeito estado,Seca,Perfeito estado,Não existe,Outras,,Única,Faixa seccionada,,
2021-09-04 00:00:00,13:40:00,COM VÍTIMA,FINALIZADA,IMBIRIBEIRA,AV MARECHAL MASCARENHAS DE MORAES,3963,,ENFRENTE A TUPAN,IMBIRIBEIRA,,CIDADE,COLISÃO LATERAL,1,1,0,0,0,0,0,0,0,1,0,Longo da via,Bom,Sem defeito,Perfeito estado,Seca,Perfeito estado,Não existe,Outras,60 km/h,Única,Faixa contínua,,
2021-09-04 00:00:00,17:26:00,COM VÍTIMA,FINALIZADA,CASA AMARELA,RUA VISCONDE DE TAUNAY,91,RUA XAVANTES,POR TRAS DO SUPERMERCADO CANELA DE CASA AMARELA,CASA AMARELA,,,COLISÃO LATERAL,1,1,0,0,0,0,0,0,0,1,0,Longo da via,Bom,Não existe,Perfeito estado,Seca,Perfeito estado,Faixa de retenção,"Placas ""Pare""",,Dupla,Não existe,,
2021-09-05 00:00:00,09:33:00,COM VÍTIMA,FINALIZADA,IBURA,RUA VALE DO ITAJAI,137,RUA DR OTAVIO DE MORAES VASCONCELOS,EM FRENTE AO NÚMERO 137,IBURA,,DUPLO,COLISÃO LATERAL,1,1,0,0,0,0,0,0,0,1,0,Cruzamento,Chuvoso,Não existe,Não existente,Molhada,Perfeito estado,Não existe,Não há placas,40 km/h,Dupla,Não existe,,
2021-09-05 00:00:00,10:24:00,COM VÍTIMA,FINALIZADA,JARDIM SÃO PAULO,RUA LEANDRO BARRETO,1025,RUA LORENA,PROXIMO A ACADEMIA WM MOV,JARDIM SÃO PAULO,,CIDADE,COLISÃO TRANSVERSAL,1,1,0,0,0,0,0,0,0,1,0,Longo da via,Chuvoso,Não existe,Não existente,Molhada,Mal conservada,Não existe,Não há placas,,Dupla,Não existe,,
2021-09-05 00:00:00,11:49:00,COM VÍTIMA,FINALIZADA,JARDIM SÃO PAULO,RUA LEANDRO BARRETO,1392,,EM FRENTE AO MERCADINHO SUPER BOM,JARDIM SÃO PAULO,507,CIDADE,ATROPELAMENTO DE PESSOA,0,0,0,0,1,1,0,0,0,1,0,Longo da via,Bom,Sem defeito,Incompleta,Seca,,Faixa de pedestre,Não há placas,,Dupla,Não existe,,
2021-09-05 00:00:00,14:11:00,COM VÍTIMA,FINALIZADA,PORTO DA MADEIRA,RUA RIO BEBERIBE,,RUA DALVA DE OLIVEIRA,PROXIMO AO SEST SANAT,PORTO DA MADEIRA,,SUBURBIO,COLISÃO FRONTAL,1,1,0,0,0,0,0,0,0,1,0,Cruzamento,Bom,Não existe,Não existente,Seca,Perfeito estado,Não existe,"Placas ""Pare""",,Dupla,Outros,,
2021-09-05 00:00:00,16:50:00,COM VÍTIMA,FINALIZADA,VÁRZEA,AV CAXANGA,5552,,EM FRENTE A IGREJA BATISTA MISSIONARIA/ SENTIDO CAMARAGIBE,VÁRZEA,,SUBURBIO,COLISÃO LATERAL,1,1,0,0,0,0,0,0,0,1,0,Longo da via,Bom,Sem defeito,Perfeito estado,Seca,Perfeito estado,Não existe,Não há placas,60 km/h,Única,Não existe,,
2021-09-05 00:00:00,23:10:40,COM VÍTIMA,CANCELADA,IPUTINGA,AV MAURICIO DE NASSAU,165,,ENTRE O PARQUE DO CAIARA  E LOMBADA ELETRONICA,IPUTINGA,,,COLISÃO TRASEIRA,1,1,0,0,0,0,0,0,0,1,0,,,,,,,,,,,,,
2021-09-06 00:00:00,06:54:00,COM VÍTIMA,FINALIZADA,MONTEIRO,RUA DE APIPUCOS,685,,RESERVA APIPUCOS,MONTEIRO,,SUBURBIO,COLISÃO TRANSVERSAL,2,1,0,0,0,0,0,0,0,1,0,Longo da via,Bom,Não existe,Perfeito estado,Seca,Perfeito estado,Não existe,Não há placas,60 km/h,Dupla,Faixa contínua,,
2021-09-06 00:00:00,08:24:00,COM VÍTIMA,FINALIZADA,ÁGUA FRIA,AV BEBERIBE,1678,,MERCADO DO ÓLEO,ÁGUA FRIA,,DUPLO,COLISÃO TRANSVERSAL,1,1,0,0,0,0,0,0,0,1,0,Longo da via,Bom,Não existe,Perfeito estado,Seca,Perfeito estado,Outros,Não há placas,,Dupla,Faixa contínua,Faixa seccionada,
2021-09-06 00:00:00,10:42:00,COM VÍTIMA,FINALIZADA,PRADO,AV ENGENHEIRO ABDIAS DE CARVALHO,1771,,EM FRENTE A ESTÁCIO,PRADO,327,CIDADE,COLISÃO TRASEIRA,3,0,0,0,0,0,0,0,0,1,0,Longo da via,Bom,Sem defeito,Incompleta,Seca,Perfeito estado,Faixa de pedestre,Outras,60 km/h,Dupla,Canteiro central,,
2021-09-06 00:00:00,11:43:00,SEM VÍTIMA,CANCELADA,BOA VIAGEM,RUA PADRE BERNADINO PESSOA,,,AO LADO DO RESTAURANTE ILHA DOS NAVEGANTES,BOA VIAGEM,,,COLISÃO LATERAL,2,0,0,0,0,0,0,0,0,0,0,,,,,,,,,,,,,
2021-09-06 00:00:00,16:20:00,COM VÍTIMA,FINALIZADA,DERBY,AV GOVERNADOR AGAMENON MAGALHAES,,RUA JOAQUIM NABUCO,EM FRENTE AO HOSPITAL DA RESTAURAÇÃO,DERBY,,CIDADE,ATROPELAMENTO DE PESSOA,1,0,0,0,1,0,0,0,0,1,0,Longo da via,Bom,Sem defeito,Perfeito estado,Seca,Perfeito estado,Faixa de pedestre,Outras,60 km/h,Dupla,Canal,,
2021-09-06 00:00:00,18:45:00,COM VÍTIMA,CANCELADA,BOA VIAGEM,AV ARMINDO MOURA,525,,E/F A PIZZARIA KAMILA,BOA VIAGEM,,,COLISÃO FRONTAL,1,1,0,0,0,0,0,0,0,1,0,,,,,,,,,,,,,
2021-09-06 00:00:00,19:28:00,COM VÍTIMA,FINALIZADA,ÁGUA FRIA,AV BEBERIBE,2185,,E/F A SELECTA ALIMENTOS,ÁGUA FRIA,187,SUBURBIO,COLISÃO COM CICLISTA,0,0,0,1,0,1,0,0,0,1,0,Cruzamento,Bom,Sem defeito,Perfeito estado,Seca,Perfeito estado,Faixa de pedestre,R-6a,,Dupla,Faixa contínua,,
2021-09-07 00:00:00,13:37:00,COM VÍTIMA,FINALIZADA,SÃO JOSÉ,AV MARTINS DE BARROS,,C SANTA RITA,EM FRENTE AO TERMINAL INTEGRADO CAIS DE SANTA RITA,SÃO JOSÉ,383,CIDADE,COLISÃO COM CICLISTA,1,0,0,1,0,0,0,0,0,1,0,Longo da via,Bom,Sem defeito,Perfeito estado,Seca,Perfeito estado,Faixa de pedestre,Não há placas,,Dupla,Canteiro central,,
2021-09-07 00:00:00,17:26:00,COM VÍTIMA,FINALIZADA,VÁRZEA,AV PROFESSOR ARTUR DE SA,1310,,E/F AO BAR DA KELLY,VÁRZEA,,,COLISÃO LATERAL,1,1,0,0,0,0,0,0,0,1,0,Longo da via,Bom,Não existe,Não existente,Seca,Perfeito estado,Não existe,Não há placas,,Dupla,Faixa,,
2021-09-07 00:00:00,17:59:00,COM VÍTIMA,FINALIZADA,BOA VIAGEM,AV BOA VIAGEM,,,EM FRENTE A PRACINHA DE BOA VIAGEM,BOA VIAGEM,,CIDADE,COLISÃO LATERAL,1,1,0,0,0,0,0,0,0,1,0,Longo da via,Bom,Não existe,Perfeito estado,Seca,Perfeito estado,,,,,,,
2021-09-07 00:00:00,18:18:00,COM VÍTIMA,FINALIZADA,AREIAS,AV RECIFE,16,,LADO OPOSTO AO ATACADÃO,AREIAS,,SUBURBIO,ATROPELAMENTO DE PESSOA,1,0,0,0,1,0,0,0,0,1,0,Longo da via,Bom,Sem defeito,Perfeito estado,Seca,Perfeito estado,Não existe,Não há placas,60 km/h,Dupla,Faixa contínua,Faixa seccionada,Canteiro central
2021-09-07 00:00:00,22:29:40,COM VÍTIMA,FINALIZADA,BOA VIAGEM,AV ENGENHEIRO DOMINGOS FERREIRA,1932,RUA PROFESSOR RUI BATISTA,E/F AO BANCO DO BRADESCO,BOA VIAGEM,,SUBURBIO,COLISÃO TRASEIRA,1,0,0,0,0,1,0,0,0,1,0,Longo da via,Bom,Sem defeito,Perfeito estado,Seca,Perfeito estado,Outros,Outras,,Única,Faixa seccionada,,
2021-09-08 00:00:00,08:58:00,COM VÍTIMA,FINALIZADA,DOIS UNIDOS,AV HILDEBRANDO DE VASCONCELOS,1614,RUA JOAO CAVALCANTI PETRIBU,EM FRENTE AO MERCADINHO DO GALEGO,DOIS UNIDOS,,SUBURBIO,COLISÃO FRONTAL,0,1,0,0,0,1,0,0,0,1,0,Cruzamento,Bom,Não existe,Incompleta,Molhada,Perfeito estado,Não existe,Outras,,Dupla,Não existe,,
2021-09-08 00:00:00,14:28:00,COM VÍTIMA,FINALIZADA,BOA VIAGEM,AV CONSELHEIRO AGUIAR,3150,RUA MAMANGUAPE,AO LADO DA FARMACIA DROGASIL,BOA VIAGEM,,CIDADE,COLISÃO LATERAL,1,1,0,0,0,0,0,0,0,1,0,Cruzamento,Bom,Não existe,Perfeito estado,Seca,Perfeito estado,,"Placas ""Pare""",,Única,Faixa seccionada,,
2021-09-08 00:00:00,17:53:00,COM VÍTIMA,FINALIZADA,BOA VIAGEM,AVENIDA CELSO FURTADO (VIA MANGUE),,,APÓS O SHOPPING RECIFE,BOA VIAGEM,,CIDADE,COLISÃO TRASEIRA,1,1,0,0,0,0,0,0,0,1,0,Longo da via,Bom,Não existe,Perfeito estado,Seca,Perfeito estado,Não existe,Não há placas,,Única,Faixa seccionada,Canteiro central,
2021-09-09 00:00:00,08:19:00,COM VÍTIMA,FINALIZADA,MADALENA,RUA REAL DA TORRE,1448,,EM FRENTE AO EDIFICIO MONT. GEMEVRE,MADALENA,,,COLISÃO LATERAL,1,1,0,0,0,0,0,0,0,1,0,Longo da via,Bom,Não existe,Perfeito estado,Seca,Perfeito estado,Não existe,R-6a,,Única,Não existe,,
2021-09-09 00:00:00,09:00:00,COM VÍTIMA,FINALIZADA,AREIAS,AV RECIFE,157,,"EM FRENTE AO ATACADAO, LUNA RATTAN MÓVEIS",AREIAS,,CIDADE,COLISÃO TRASEIRA,4,0,0,0,0,0,0,0,0,1,0,Longo da via,Bom,Sem defeito,,Seca,Perfeito estado,Faixa de pedestre,Não há placas,,Dupla,Canteiro central,,
2021-09-09 00:00:00,09:41:00,COM VÍTIMA,FINALIZADA,SANTANA,RUA JORGE GOMES DE SA,,,PARQUE SANTANA,SANTANA,,SUBURBIO,COLISÃO TRANSVERSAL,1,1,0,0,0,0,0,0,0,1,0,Longo da via,Bom,Não existe,Incompleta,Seca,Perfeito estado,Não existe,Outras,,Dupla,,,
2021-09-09 00:00:00,10:20:00,COM VÍTIMA,FINALIZADA,BOA VIAGEM,RUA DEZ DE JULHO,210,RUA CAMBOIM,E/F A MAISON CRISTAL,BOA VIAGEM,,LOCAL,COLISÃO LATERAL,1,1,0,0,0,0,0,0,0,1,0,Cruzamento,Bom,Não existe,Perfeito estado,Seca,Perfeito estado,Faixa de pedestre,"Placas ""Pare""",,Dupla,Faixa contínua,,
2021-09-09 00:00:00,11:10:00,SEM VÍTIMA,FINALIZADA,AFOGADOS,RUA MOTOCOLOMBO,203,,EM FRENTE A IGREJA PRESBITERIANA DO LARGO DA PAZ,AFOGADOS,,SUBURBIO,COLISÃO TRASEIRA,2,0,0,0,0,0,0,0,0,0,0,Longo da via,Bom,Não existe,Perfeito estado,Seca,Perfeito estado,Não existe,Não há placas,,Única,Faixa seccionada,,
2021-09-09 00:00:00,11:17:00,COM VÍTIMA,FINALIZADA,PRADO,AV ENGENHEIRO ABDIAS DE CARVALHO,1771,,EM FRENTE A FACULDADE ESTACIO /,PRADO,327,CIDADE,COLISÃO TRASEIRA,1,1,0,0,0,0,0,0,0,1,0,Longo da via,Bom,Sem defeito,Perfeito estado,Seca,,Faixa de pedestre,,,Dupla,Canteiro central,,
2021-09-09 00:00:00,11:42:00,COM VÍTIMA,FINALIZADA,ILHA DO LEITE,PTE JOSE DE BARROS LIMA,,,APÓS O HOSPITAL PORTUGUÊS,ILHA DO LEITE,,SUBURBIO,COLISÃO TRASEIRA,1,1,0,0,0,0,0,0,0,1,0,Longo da via,Bom,Não existe,Incompleta,Seca,Mal conservada,Não existe,Não há placas,60 km/h,Dupla,Canteiro central,,
2021-09-09 00:00:00,12:26:00,COM VÍTIMA,FINALIZADA,MADALENA,RUA DR JOAO COIMBRA,551,RUA REAL DA TORRE,POR TRAS DO MERCADO DA MADALENA,MADALENA,,SUBURBIO,ATROPELAMENTO DE PESSOA,1,0,0,0,1,0,0,0,0,1,0,Longo da via,Bom,Não existe,Perfeito estado,Seca,Perfeito estado,Não existe,Não há placas,,Única,Não existe,,
2021-09-09 00:00:00,13:05:00,SEM VÍTIMA,FINALIZADA,BOA VIAGEM,AV BOA VIAGEM,4070,RUA ERNESTO DE PAULA SANTOS,SECURITY LEADERS ORGANIZAÇÃO DE EVENTOS / GRAND MERCURE BOA VIAGEM.,BOA VIAGEM,113,,COLISÃO TRASEIRA,2,0,0,0,0,0,0,0,0,0,0,,,,,,,,,,,,,
2021-09-09 00:00:00,15:30:00,COM VÍTIMA,FINALIZADA,AFOGADOS,RUA VINTE E UM DE ABRIL,734,,PROXIMO AO CLUBE FERREVIARIO,AFOGADOS,611,SUBURBIO,COLISÃO TRASEIRA,2,0,0,0,0,0,0,0,0,1,0,Longo da via,Bom,Sem defeito,Perfeito estado,Seca,Perfeito estado,Outros,Não há placas,,Dupla,Não existe,,
2021-09-09 00:00:00,17:28:00,COM VÍTIMA,FINALIZADA,VÁRZEA,AV CAXANGA,5478,,LADO OPOSTO AO POSTO IPIRANGA,VÁRZEA,,SUBURBIO,ATROPELAMENTO DE PESSOA,0,0,1,0,1,0,0,0,0,2,0,Longo da via,Bom,Sem defeito,Perfeito estado,Seca,Perfeito estado,Não existe,Não há placas,60 km/h,Dupla,Canteiro central,,
2021-09-09 00:00:00,20:37:40,COM VÍTIMA,FINALIZADA,BOA VIAGEM,AV DOM JOAO VI,,,PRÓX AO BOMPREÇO,BOA VIAGEM,,SUBURBIO,ATROPELAMENTO DE PESSOA,0,0,0,0,1,0,0,0,0,1,0,Longo da via,Bom,Não existe,Perfeito estado,Seca,Perfeito estado,Não existe,Não há placas,60 km/h,Única,Faixa seccionada,,
2021-09-10 00:00:00,06:10:00,COM VÍTIMA,FINALIZADA,PINA,AV ANTONIO DE GOES,,PTE GOVERNADOR PAULO GUERRA,E/F AO DENIT - INICIO DA PONTE DO PINA - SENTIDO DERBY,PINA,,CIDADE,CHOQUE,1,0,0,0,0,0,0,0,0,1,0,Ponte,Bom,Não existe,Perfeito estado,Seca,Perfeito estado,Não existe,Não há placas,60 km/h,Única,Faixa seccionada,,
2021-09-10 00:00:00,09:00:00,COM VÍTIMA,FINALIZADA,CASA AMARELA,AV NORTE MIGUEL ARRAES DE ALENCAR,9515,,ENTRADA DO VASCO DA GAMA,CASA AMARELA,,SUBURBIO,COLISÃO TRASEIRA,0,2,0,0,0,0,0,0,0,2,0,Longo da via,Bom,Sem defeito,Perfeito estado,Seca,Perfeito estado,Não existe,Não há placas,60 km/h,Única,Faixa contínua,,
2021-09-10 00:00:00,09:53:00,COM VÍTIMA,FINALIZADA,MADALENA,RUA MONSENHOR JULIO MARIA,94,,GRUPO DWL,MADALENA,,SUBURBIO,COLISÃO COM CICLISTA,1,0,0,1,0,0,0,0,0,1,0,Cruzamento,Bom,Não existe,Incompleta,Seca,Perfeito estado,Não existe,Não há placas,,Única,,,
2021-09-10 00:00:00,13:29:00,COM VÍTIMA,FINALIZADA,SANTO AMARO,AV CRUZ CABUGA,,,APÓS HOSPITAL SANTA CASA DA MISERICÓRDIA DO RECIFE,SANTO AMARO,344,CIDADE,COLISÃO FRONTAL,2,1,0,0,0,0,0,0,0,1,0,Longo da via,Bom,Sem defeito,Perfeito estado,Seca,Perfeito estado,Não existe,Não há placas,60 km/h,Dupla,Faixa contínua,,
2021-09-10 00:00:00,17:18:00,COM VÍTIMA,FINALIZADA,AREIAS,AV DR JOSE RUFINO,765,,"EM FRENTE A COMUNIDADE BATISTA DA CIDADE/ PROXIMO A HONDA, LADO OPOSTO À ARENA SOCIETY",AREIAS,,SUBURBIO,COLISÃO LATERAL,1,1,0,0,0,0,0,0,0,2,0,Esquina,Bom,Não existe,Não existente,Molhada,Mal conservada,Não existe,Não há placas,,Dupla,Não existe,,
2021-09-10 00:00:00,18:59:00,COM VÍTIMA,FINALIZADA,BOA VIAGEM,AV BOA VIAGEM,,,SEMÁFORO 124,BOA VIAGEM,124,CIDADE,COLISÃO FRONTAL,1,1,0,0,0,0,0,0,0,1,0,Longo da via,Bom,Sem defeito,Perfeito estado,Seca,Perfeito estado,Faixa de pedestre,Não há placas,60 km/h,Única,Faixa seccionada,,
2021-09-11 00:00:00,04:52:00,COM VÍTIMA,CANCELADA,MANGABEIRA,AV NORTE MIGUEL ARRAES DE ALENCAR,,COR DO BARTOLOMEU,,MANGABEIRA,,,QUEDA,1,0,0,0,0,0,0,0,0,1,0,,,,,,,,,,,,,
2021-09-11 00:00:00,10:09:00,COM VÍTIMA,FINALIZADA,BOA VISTA,AV MANOEL BORBA,699,,VITA FRUTAS,BOA VISTA,,SUBURBIO,COLISÃO TRASEIRA,1,1,0,0,0,0,0,0,0,1,0,Longo da via,Bom,Não existe,Perfeito estado,Seca,Perfeito estado,,,40 km/h,Única,Faixa seccionada,,
2021-09-11 00:00:00,10:23:00,COM VÍTIMA,FINALIZADA,AFOGADOS,RUA JOAO IVO DA SILVA,460,RUA PADRE TEOFILO TWORZ,EM FRENTE A TUPAN E A FIORI,AFOGADOS,,SUBURBIO,COLISÃO TRASEIRA,1,1,0,0,0,0,0,0,0,1,0,Longo da via,Bom,Sem defeito,Perfeito estado,Seca,Perfeito estado,Faixa de pedestre,Não há placas,,Única,Canal,,
2021-09-11 00:00:00,14:58:00,COM VÍTIMA,FINALIZADA,DOIS IRMÃOS,RUA RIBEIRO PESSOA,771,RUA DR ANTONIO H DE CASTRO NETO,A FABRICA PINTO FORMOSO,DOIS IRMÃOS,,,COLISÃO TRASEIRA,0,2,0,0,0,0,0,0,0,1,0,Longo da via,Bom,Não existe,Não existente,Seca,Perfeito estado,Não existe,Não há placas,,Dupla,Não existe,,
2021-09-11 00:00:00,22:13:40,COM VÍTIMA,FINALIZADA,ENCRUZILHADA,AV JOAO DE BARROS,,AV NORTE MIGUEL ARRAES DE ALENCAR,SEMÁFORO 43,ENCRUZILHADA,43,CIDADE,CHOQUE,1,0,0,0,0,0,0,0,0,1,0,Longo da via,Bom,Sem defeito,Perfeito estado,Seca,Perfeito estado,Faixa de retenção,Não há placas,,Única,Canteiro central,,
2021-09-12 00:00:00,09:04:00,COM VÍTIMA,FINALIZADA,TORRÕES,RUA ZUMBI DOS PALMARES,770,,EM FRENTE AO N° 770,TORRÕES,,SUBURBIO,COLISÃO FRONTAL,3,0,0,0,0,0,0,0,0,1,0,Longo da via,Bom,Não existe,Incompleta,Seca,,Não existe,R-6a,30 km/h,Dupla,Não existe,,
2021-09-12 00:00:00,09:06:00,COM VÍTIMA,FINALIZADA,BAIRRO DO RECIFE,AV MILITAR,,,LADO OPOSTO AO POSTO BR,BAIRRO DO RECIFE,,,TOMBAMENTO,0,1,0,0,0,0,0,0,0,1,0,Longo da via,Bom,Não existe,Perfeito estado,Seca,Perfeito estado,Não existe,R-6a,,Única,Canteiro central,,
2021-09-12 00:00:00,12:27:00,COM VÍTIMA,FINALIZADA,TAMARINEIRA,AV NORTE MIGUEL ARRAES DE ALENCAR,4785,RUA BEZERROS,EM FRENTE AO ARMAZÉM CORAL,TAMARINEIRA,,CIDADE,COLISÃO TRANSVERSAL,1,1,0,0,0,0,0,0,0,1,0,Esquina,Bom,Não existe,Perfeito estado,Seca,Perfeito estado,Outros,R-6a,,Dupla,Canteiro central,,
2021-09-12 00:00:00,20:52:00,COM VÍTIMA,FINALIZADA,BOA VIAGEM,AV CONSELHEIRO AGUIAR,1739,RUA SOLIDONIO LEITE,PRÓX AO POSTO BR / E/F AO RESTAURANTE NIKKO,BOA VIAGEM,,CIDADE,COLISÃO TRANSVERSAL,1,1,0,0,0,0,0,0,0,2,0,Longo da via,Bom,Não existe,Perfeito estado,Seca,Perfeito estado,Não existe,R-6a,,Única,Faixa seccionada,,
2021-09-12 00:00:00,21:03:40,SEM VÍTIMA,FINALIZADA,CASA AMARELA,AV NORTE MIGUEL ARRAES DE ALENCAR,4913,,,CASA AMARELA,,SUBURBIO,,1,0,0,0,0,0,0,0,0,0,0,Longo da via,Bom,Sem defeito,Perfeito estado,Seca,Perfeito estado,Não existe,Não há placas,60 km/h,Dupla,Canteiro central,,
2021-09-13 00:00:00,08:18:00,COM VÍTIMA,FINALIZADA,MADALENA,AV VISCONDE DE ALBUQUERQUE,101,RUA LOPES DE CARVALHO,PRÓXIMO À MADALENA CENTER,MADALENA,,,CAPOTAMENTO,0,1,0,0,0,0,0,0,0,1,0,Longo da via,Bom,Não existe,Perfeito estado,Seca,Mal conservada,Não existe,Não há placas,,Única,Não existe,,
2021-09-13 00:00:00,10:48:00,COM VÍTIMA,FINALIZADA,AFOGADOS,RUA PADRE TEOFILO TWORZ,,RUA COSME VIANA,,AFOGADOS,499,SUBURBIO,COLISÃO TRANSVERSAL,1,1,0,0,0,0,0,0,0,1,0,Cruzamento,Bom,Não existe,Incompleta,Seca,Perfeito estado,Não existe,Não há placas,,Única,Não existe,,
2021-09-13 00:00:00,16:52:00,COM VÍTIMA,FINALIZADA,COELHOS,AV SUL,1500,,LADO OPOSTO A LOJA PORTELA,COELHOS,260,CIDADE,COLISÃO COM CICLISTA,0,0,0,1,0,1,0,0,0,1,0,Longo da via,Bom,Sem defeito,Perfeito estado,Seca,Perfeito estado,,,,Dupla,Não existe,,
2021-09-13 00:00:00,18:12:00,COM VÍTIMA,FINALIZADA,BOA VIAGEM,RUA MARIA CAROLINA,661,RUA MINISTRO NELSON HUNGRIA,EDF BRISTOL RECIFE HOTEL,BOA VIAGEM,,SUBURBIO,COLISÃO TRASEIRA,0,1,1,0,0,0,0,0,0,2,0,Cruzamento,Bom,Não existe,Perfeito estado,Seca,Perfeito estado,Não existe,Não há placas,60 km/h,Única,Não existe,,
2021-09-13 00:00:00,18:45:00,COM VÍTIMA,FINALIZADA,CABANGA,VIADUTO CAPITAO TEMUDO,,,"POR CIMA DO VIADUTO, SNT OLINDA",CABANGA,,CIDADE,COLISÃO LATERAL,1,1,0,0,0,0,0,0,0,2,0,Longo da via,Bom,Não existe,Perfeito estado,Seca,Perfeito estado,Não existe,Não há placas,60 km/h,Única,Faixa seccionada,,
2021-09-14 00:00:00,10:34:00,SEM VÍTIMA,CANCELADA,,AV RECIFE,,AV JOAO CABRAL DE MELO NETO,,,,,COLISÃO LATERAL,0,0,0,0,0,0,0,0,0,0,0,,,,,,,,,,,,,
2021-09-14 00:00:00,10:47:00,COM VÍTIMA,FINALIZADA,ÁGUA FRIA,AV BEBERIBE,1883,,EM FRENTE A LOJA DOMINANTE MOVEIS,ÁGUA FRIA,,CIDADE,COLISÃO FRONTAL,1,1,0,0,0,0,0,0,0,2,0,Longo da via,Bom,Não existe,Perfeito estado,Seca,Perfeito estado,Não existe,Outras,,Dupla,Faixa contínua,,
2021-09-14 00:00:00,11:15:00,COM VÍTIMA,FINALIZADA,IPUTINGA,AV CAXANGA,4360,RUA PAUL HARRIS,E/F AO HOSPITAL SANTA TEREZINHA,IPUTINGA,,SUBURBIO,COLISÃO TRASEIRA,1,1,0,0,0,0,0,0,0,1,0,Longo da via,Bom,Sem defeito,Perfeito estado,Seca,Perfeito estado,Faixa de pedestre,Não há placas,,Dupla,Canteiro central,,
2021-09-14 00:00:00,17:36:00,COM VÍTIMA,FINALIZADA,CAMPO GRANDE,AV BEBERIBE,247,,PROX AO POSTO SHEL E O SEMAFORO 238  E/F AO ARMAZEM COMERCIAL BECHARA,CAMPO GRANDE,,SUBURBIO,COLISÃO LATERAL,1,1,0,0,0,0,0,0,0,1,0,Longo da via,Bom,Não existe,Perfeito estado,Seca,Perfeito estado,Não existe,R-6a,40 km/h,Dupla,Faixa contínua,,
2021-09-14 00:00:00,19:40:00,COM VÍTIMA,FINALIZADA,DERBY,AV GOVERNADOR AGAMENON MAGALHAES,,,E/F A PRAÇA DO DERBY,DERBY,75,SUBURBIO,ATROPELAMENTO DE PESSOA,1,0,0,0,1,0,0,0,0,1,0,Cruzamento,Bom,Sem defeito,Perfeito estado,Seca,Perfeito estado,Faixa de pedestre,R-6a,60 km/h,Dupla,Canal,,
2021-09-14 00:00:00,23:06:40,COM VÍTIMA,FINALIZADA,BOA VIAGEM,AV ENGENHEIRO DOMINGOS FERREIRA,,RUA FELIX DE BRITO E MELO,CRUZAMENTO,BOA VIAGEM,,SUBURBIO,COLISÃO TRANSVERSAL,0,0,0,0,0,0,0,0,0,2,0,Cruzamento,Bom,Sem defeito,Perfeito estado,Seca,Perfeito estado,Faixa de pedestre,Não há placas,60 km/h,Única,Faixa contínua,,
2021-09-15 00:00:00,07:32:00,COM VÍTIMA,FINALIZADA,BOA VIAGEM,RUA SA E SOUZA,441,RUA BALTAZAR PASSOS,EM FRENTE A CULTURA INGLESA,BOA VIAGEM,,SUBURBIO,COLISÃO TRANSVERSAL,1,1,0,0,0,0,0,0,0,1,0,Cruzamento,Bom,Não existe,Perfeito estado,Seca,Perfeito estado,Faixa de retenção,R-6a,,Dupla,Faixa seccionada,,
2021-09-15 00:00:00,08:20:00,COM VÍTIMA,FINALIZADA,CAXANGÁ,RUA RIBEIRO PESSOA,356,,EM FRENTE A PINTO FORMOSO,CAXANGÁ,,CIDADE,COLISÃO TRASEIRA,1,1,0,0,0,0,0,0,0,1,0,Longo da via,Bom,Não existe,Incompleta,Seca,Perfeito estado,Não existe,Não há placas,,Dupla,Não existe,,