data,hora,natureza,situacao,bairro,endereco,numero,detalhe_endereco_acidente,complemento,bairro_cruzamento,num_semaforo,sentido_via,tipo,auto,moto,ciclom,ciclista,pedestre,onibus,caminhao,viatura,outros,vitimas,vitimasfatais,acidente_verificado,tempo_clima,situacao_semaforo,sinalizacao,condicao_via,conservacao_via,ponto_controle,situacao_placa,velocidade_max_via,mao_direcao,divisao_via1,divisao_via2,divisao_via3
2021-09-15 00:00:00,08:34:00,SEM VÍTIMA,FINALIZADA,ILHA DO RETIRO,RUA DR JOAQUIM DOS SANTOS SOUTO,400,,PRÓXIMO MARIA TERESA COELHO ( EM TEMPO EDIFÍCIO ),ILHA DO RETIRO,,CIDADE,COLISÃO TRASEIRA,1,0,0,0,0,0,0,1,0,0,0,Longo da via,Bom,Não existe,Perfeito estado,Seca,Perfeito estado,Não existe,Não há placas,,Única,Faixa seccionada,,
2021-09-15 00:00:00,08:42:00,SEM VÍTIMA,FINALIZADA,VÁRZEA,AV CAXANGA,5695,,AO LADO DO POSTO IPIRANGA,VÁRZEA,,,,1,0,0,0,0,0,0,1,0,0,0,,Bom,Não existe,Perfeito estado,Seca,Perfeito estado,Não existe,Não há placas,,,Não existe,,
2021-09-15 00:00:00,09:57:00,COM VÍTIMA,FINALIZADA,SÃO JOSÉ,AV SUL,,,"EM FRENTE A PORTELA E A NEXTEL, SENTIDO AFOGADOS",SÃO JOSÉ,,,ATROPELAMENTO DE PESSOA,0,0,0,0,1,1,0,0,0,1,0,,,,,,,,,,,,,
2021-09-15 00:00:00,12:10:00,COM VÍTIMA,FINALIZADA,CORDEIRO,RUA N S DA SAUDE,229,RUA DR GASTAO DA SILVEIRA,SEM ESTABELECIMENTO COMERCIAL PARA REFERENCIAS,CORDEIRO,,,COLISÃO FRONTAL,2,1,0,0,0,0,0,0,0,3,0,Longo da via,Bom,Não existe,Perfeito estado,Seca,Perfeito estado,Não existe,"Placas ""Pare""",40 km/h,Dupla,Faixa contínua,,
2021-09-15 00:00:00,15:34:00,COM VÍTIMA,FINALIZADA,SANTO AMARO,RUA DO POMBAL,,,EM FRENTE AO CEMITÉRIO DE SANTO AMARO,SANTO AMARO,,,COLISÃO FRONTAL,2,0,0,0,0,0,0,0,0,1,0,Longo da via,Bom,Não existe,Perfeito estado,Seca,Perfeito estado,,Não há placas,40 km/h,Dupla,Faixa seccionada,,
2021-09-15 00:00:00,17:01:00,COM VÍTIMA,FINALIZADA,CASA FORTE,AV DEZESSETE DE AGOSTO,296,,E/F AO PET HOME  E  DA LOJA DEMOCRATA,CASA FORTE,,CIDADE,COLISÃO FRONTAL,1,1,0,0,0,0,0,0,0,1,0,Longo da via,Bom,Não existe,Perfeito estado,Seca,Perfeito estado,Não existe,R-6a,,Dupla,Faixa contínua,,
2021-09-15 00:00:00,18:16:00,COM VÍTIMA,FINALIZADA,SANTO AMARO,AV NORTE MIGUEL ARRAES DE ALENCAR,,,"PRÓX A IGREJA SAO SEBASTIAO E E/F THAIS NOVAS, SANT SUB / NA MEDIAÇÃO DO SEMÁFO 097",SANTO AMARO,,SUBURBIO,ATROPELAMENTO DE PESSOA,0,1,0,0,1,0,0,0,0,1,0,Longo da via,Bom,Sem defeito,Perfeito estado,Seca,Perfeito estado,Não existe,Não há placas,60 km/h,Única,Faixa seccionada,,
2021-09-15 00:00:00,18:18:00,COM VÍTIMA,FINALIZADA,IMBIRIBEIRA,RUA ITAJAI,,RUA PAMPULHA,CRUZAMENTO,IMBIRIBEIRA,,IPSEP,COLISÃO TRANSVERSAL,1,1,0,0,0,0,0,0,0,1,0,Cruzamento,Bom,Não existe,Perfeito estado,Seca,Mal iluminada,Não existe,"Placas ""Pare""",,Dupla,Faixa seccionada,,
2021-09-15 00:00:00,18:26:00,COM VÍTIMA,FINALIZADA,TORRE,RUA JOSE BONIFACIO,750,RUA JOSE DE HOLANDA,E/F AO MERCADO PUBLICO DA TORRE,TORRE,601,SUBURBIO,COLISÃO FRONTAL,1,1,0,0,0,0,0,0,0,1,0,Cruzamento,Bom,Sem defeito,Perfeito estado,Seca,Perfeito estado,Não existe,Não há placas,,Única,Faixa contínua,,
2021-09-15 00:00:00,18:46:00,COM VÍTIMA,FINALIZADA,IMBIRIBEIRA,RUA JEAN EMILE FAVRE,144,RUA IZABEL DE SOUZA,PROX AO BRADESCO,IMBIRIBEIRA,,SUBURBIO,COLISÃO TRANSVERSAL,2,0,0,0,0,0,0,0,0,1,0,Cruzamento,Bom,Sem defeito,Perfeito estado,Seca,Perfeito estado,Agente,Outras,,Dupla,Faixa contínua,,
2021-09-16 00:00:00,07:30:00,COM VÍTIMA,FINALIZADA,CIDADE UNIVERSITÁRIA,RUA EMILIANO BRAGA,133,AV PROFESSOR MORAES REGO,EM FRENTE AO TI CDU,CIDADE UNIVERSITÁRIA,,SUBURBIO,COLISÃO TRANSVERSAL,0,1,0,0,0,1,0,0,0,1,0,Longo da via,Bom,Não existe,Perfeito estado,Seca,Perfeito estado,Não existe,R-6a,30 km/h,Única,Faixa seccionada,,
2021-09-16 00:00:00,09:36:00,SEM VÍTIMA,FINALIZADA,AFOGADOS,RUA ESCRITOR ALVARO LINS,176,,EM FRENTE AO CONDOMÍNIO MARIA LUIZA,AFOGADOS,,SUBURBIO,CHOQUE,0,0,0,0,0,0,1,0,0,0,0,Longo da via,Bom,Não existe,Não existente,Seca,Perfeito estado,Não existe,Não há placas,30 km/h,Dupla,Não existe,,
2021-09-16 00:00:00,12:20:00,COM VÍTIMA,FINALIZADA,CORDEIRO,AV MAURICIO DE NASSAU,11,,AO LADO DA CRECHE LUTANDO SE CONQUISTA,CORDEIRO,,CIDADE,COLISÃO TRANSVERSAL,1,1,0,0,0,0,0,0,0,1,0,Longo da via,Bom,Não existe,Perfeito estado,Seca,Perfeito estado,Não existe,Não há placas,,Dupla,,,
2021-09-16 00:00:00,12:42:00,SEM VÍTIMA,CANCELADA,CASA FORTE,RUA LEONARDO BEZERRA CAVALCANTE,,RUA IGARASSU,"COLISÃO ENTRE VEÍCULOS - ENVOLVENDO UM AGENTE DE SEGURANÇA MUNICIPAL, REF EM FRENTE AO BIG BOMPREÇO",CASA FORTE,,SUBURBIO,COLISÃO FRONTAL,0,2,0,0,0,0,0,0,0,0,0,,,,,,,,,,,,,
2021-09-16 00:00:00,13:50:00,SEM VÍTIMA,FINALIZADA,SANTO AMARO,AV DR JAYME DA FONTE,20,,LADO OPOSTO A COMPESA,SANTO AMARO,,CIDADE,COLISÃO TRASEIRA,1,1,0,0,0,0,0,0,0,0,0,Longo da via,Bom,Não existe,Perfeito estado,Seca,Perfeito estado,Não existe,Outras,,Dupla,Faixa seccionada,Canteiro central,
2021-09-16 00:00:00,16:55:00,COM VÍTIMA,FINALIZADA,SANTO AMARO,AV CRUZ CABUGA,684,RUA DOIS DE JULHO,"RUA DA CONTAX APOIO A EQUIPE DE BATEDORES KELVYN  / DIEGO CARVALHO - SITUAÇÃO DE ACIDENTE COM VÍTIMA, NECESSARIO ADEQUA A SINALIZAÇÃO, QUESTÃO DE SEGURANÇA VIÁRIA",SANTO AMARO,,CIDADE,COLISÃO FRONTAL,1,1,0,0,0,0,0,0,0,1,0,Cruzamento,Bom,Não existe,Perfeito estado,Seca,Perfeito estado,Não existe,Não há placas,,Dupla,Faixa contínua,,
2021-09-16 00:00:00,20:18:00,COM VÍTIMA,FINALIZADA,MACAXEIRA,RUA DOLORES SALGADO,,,PROX AO PARQUE DA MACAXEIRA,MACAXEIRA,,SUBURBIO,COLISÃO FRONTAL,1,1,0,0,0,0,0,0,0,1,0,Outros,Bom,Não existe,Não existente,Seca,Mal iluminada,Não existe,Outras,,Dupla,,,
2021-09-16 00:00:00,20:51:40,COM VÍTIMA,FINALIZADA,CAMPINA DO BARRETO,AV POETA VINICIUS DE MORAIS,50,RUA CAMPO REDONDO,PROX A PADARIA CORAÇAO DE MAE,CAMPINA DO BARRETO,,SUBURBIO,COLISÃO TRANSVERSAL,1,1,0,0,0,0,0,0,0,1,0,Esquina,Bom,Não existe,Perfeito estado,Seca,Perfeito estado,Não existe,Não há placas,40 km/h,Dupla,Faixa seccionada,,
2021-09-16 00:00:00,23:10:40,COM VÍTIMA,FINALIZADA,SANTO ANTÔNIO,PTE PRINCESA IZABEL,,,EM FRENTE AO TEATRO SANTA ISABEL,SANTO ANTÔNIO,,CIDADE,CHOQUE,0,0,0,0,0,0,0,1,0,1,0,Longo da via,Bom,Não existe,Perfeito estado,Seca,Perfeito estado,Não existe,Não há placas,,Única,Faixa seccionada,,
2021-09-17 00:00:00,06:49:00,COM VÍTIMA,CANCELADA,IPUTINGA,AV CAXANGA,,,EMBAIXO DO VIADUTO DA CAXANGA,IPUTINGA,,CIDADE,COLISÃO TRASEIRA,1,2,0,0,0,0,0,0,0,1,0,,,,,,,,,,,,,
2021-09-17 00:00:00,07:54:00,COM VÍTIMA,FINALIZADA,BOA VISTA,AV GOVERNADOR AGAMENON MAGALHAES,194,,E/F AO ESTACIONAMENTO SANPARK  (SENT. OLINDA) // VIA LATERAL,BOA VISTA,,OLINDA,COLISÃO FRONTAL,1,1,0,0,0,0,0,0,0,1,0,Longo da via,Bom,Não existe,Perfeito estado,Seca,Perfeito estado,Não existe,Não há placas,60 km/h,Dupla,Canal,,
2021-09-17 00:00:00,08:15:00,COM VÍTIMA,FINALIZADA,IBURA,RUA EXP FRANCISCO VITORIANO,50,,E/F AO MERCADINHO KI ECONOMIA,IBURA,,,COLISÃO FRONTAL,0,2,0,0,0,0,0,0,0,1,0,Longo da via,Bom,Não existe,Incompleta,Seca,Perfeito estado,Não existe,R-6a,,Dupla,Não existe,,
2021-09-17 00:00:00,13:58:00,COM VÍTIMA,FINALIZADA,MADALENA,RUA DR JOSE MARCELINO,153,RUA CARLOS ESTEVAO,RUA RESIDENCIAL,MADALENA,,SUBURBIO,COLISÃO FRONTAL,1,1,0,0,0,0,0,0,0,1,0,Longo da via,Bom,Não existe,Não existente,Seca,Perfeito estado,Não existe,Não há placas,,,Não existe,,
2021-09-17 00:00:00,15:51:00,COM VÍTIMA,FINALIZADA,SANCHO,RUA APRIGIO GUIMARAES,466,,LADO OPOSTO A PADARIA E SUPERMERCADO,SANCHO,,SUBURBIO,COLISÃO LATERAL,0,2,0,0,0,0,0,0,0,1,0,Longo da via,Bom,Não existe,,Seca,Perfeito estado,Não existe,Não há placas,,Dupla,Faixa seccionada,,
2021-09-17 00:00:00,16:13:00,COM VÍTIMA,FINALIZADA,AFOGADOS,EST DOS REMEDIOS,,,DENTRO DO TERMINAL DE AFOGADOS,AFOGADOS,,,ATROPELAMENTO DE PESSOA,0,0,0,0,1,1,0,0,0,1,0,Outros,Bom,Não existe,Perfeito estado,Seca,Perfeito estado,Não existe,Não há placas,,,Não existe,,
2021-09-17 00:00:00,18:23:00,SEM VÍTIMA,FINALIZADA,BAIRRO DO RECIFE,RUA DO BRUM,346,,SINDICATO DOS ESTIVADORES,BAIRRO DO RECIFE,,CIDADE,CHOQUE,2,0,0,0,0,0,0,0,0,0,0,Longo da via,Bom,Não existe,Não existente,Seca,Perfeito estado,Não existe,Outras,,Única,Não existe,,
2021-09-17 00:00:00,20:34:40,COM VÍTIMA,FINALIZADA,TORRÕES,RUA DR FLAVIO FERREIRA DA SILVA MAROJO,,,EM FRENTE A DISTRIBUIDORA CASA DO GRANITO,TORRÕES,,CIDADE,ATROPELAMENTO DE PESSOA,0,1,0,0,1,0,0,0,0,1,0,Longo da via,Bom,Não existe,Ilegível,Seca,Mal iluminada,Não existe,Não há placas,,Única,Não existe,,
2021-09-17 00:00:00,21:58:40,COM VÍTIMA,FINALIZADA,CAMPO GRANDE,RUA JERONIMO VILELA,,EST DE BELEM,EM FRENTE A DROGASIL,CAMPO GRANDE,26,,COLISÃO FRONTAL,1,1,0,0,0,0,0,0,0,1,0,Longo da via,Bom,Sem defeito,Perfeito estado,Seca,Perfeito estado,,,,,,,
2021-09-17 00:00:00,23:16:40,SEM VÍTIMA,FINALIZADA,CAMPO GRANDE,RUA PRUDENTE DE MORAES,200,,PROX AO DEPOSITO DA BRASIL GAS,CAMPO GRANDE,,,CHOQUE,1,0,0,0,0,0,0,0,0,0,0,,,,,,,,,,,,,
2021-09-18 00:00:00,07:02:00,COM VÍTIMA,FINALIZADA,MORRO DA CONCEIÇÃO,AV NORTE MIGUEL ARRAES DE ALENCAR,,,AO LADO DA UPINHA 24H,MORRO DA CONCEIÇÃO,,SUBURBIO,COLISÃO TRASEIRA,0,1,0,0,0,1,0,0,0,1,0,Longo da via,Bom,Não existe,Incompleta,Seca,Perfeito estado,Não existe,Não há placas,,Dupla,Faixa seccionada,Canteiro central,
2021-09-18 00:00:00,08:13:00,SEM VÍTIMA,FINALIZADA,VÁRZEA,RUA GASTAO VIDIGAL,825,,PROX. A MADEIREIRA ESPERANÇA,VÁRZEA,,,COLISÃO LATERAL,2,0,0,0,0,0,0,0,0,0,0,,,,,,,,,,,,,
2021-09-18 00:00:00,08:52:00,COM VÍTIMA,FINALIZADA,BREJO DA GUABIRABA,AV VEREADOR OTACILIO AZEVEDO,4600,,EM FRENTE A CHACARA NORTE,BREJO DA GUABIRABA,,CIDADE,COLISÃO LATERAL,1,1,0,0,0,0,0,0,0,1,0,Longo da via,Bom,Não existe,Incompleta,Seca,Perfeito estado,Não existe,R-6c,,Dupla,Não existe,,
2021-09-18 00:00:00,12:27:00,COM VÍTIMA,FINALIZADA,IPSEP,RUA PAMPULHA,514,RUA IZABEL DE SOUZA,RUA AO LADO DA EUROVIA,IPSEP,450,BOA VIAGEM,COLISÃO TRANSVERSAL,1,2,0,0,0,0,0,0,0,2,0,Cruzamento,Bom,Sem defeito,Perfeito estado,Seca,Perfeito estado,Faixa de pedestre,,,Única,,,
2021-09-18 00:00:00,14:55:00,SEM VÍTIMA,FINALIZADA,BOA VIAGEM,RUA PADRE CARAPUCEIRO,777,,ESTACIONAMENTO E-2 DO SHOPPING RECIFE,BOA VIAGEM,,,COLISÃO TRASEIRA,2,0,0,0,0,0,0,0,0,0,0,,,,,,,,,,,,,
2021-09-18 00:00:00,15:52:00,COM VÍTIMA,FINALIZADA,TORRE,AV BEIRA RIO,1313,,PROX A QUADRA DA PREFEITURA,TORRE,,CIDADE,CAPOTAMENTO,3,0,0,0,0,0,0,0,0,1,0,Longo da via,Bom,Não existe,Perfeito estado,Seca,Perfeito estado,Não existe,Não há placas,,Dupla,Faixa contínua,,
2021-09-18 00:00:00,16:14:00,SEM VÍTIMA,FINALIZADA,VÁRZEA,RUA GENERAL POLIDORO,320,,EM FRENTE AO CONDOMÍNIO RESERVA POLIDORO / UNIT ACADEMIA,VÁRZEA,,,COLISÃO TRASEIRA,1,1,0,0,0,0,0,0,0,0,0,,,,,,,,,,,,,
2021-09-18 00:00:00,16:47:00,COM VÍTIMA,FINALIZADA,SANTO AMARO,AV CRUZ CABUGA,,AV DR JAYME DA FONTE,"ACIDENTE  ATÍPICO, COLISÃO FRONTAL GRAVE ENVOLVENDO ÔNIBUS  / AUTOMÓVEL.  RESULTANDO NO FINAL COM CHOQUE DO ÔNIBUS COM O MURO DO HOSPITAL NAVAL, CAUSANDO GRANDE TRANSTORNO E LENTIDÃO NA VIA.",SANTO AMARO,,AMBOS,COLISÃO FRONTAL,1,0,0,0,0,1,0,0,0,11,0,Longo da via,Bom,Não existe,Perfeito estado,Seca,Perfeito estado,Não existe,Não há placas,60 km/h,Dupla,Faixa contínua,,
2021-09-18 00:00:00,18:08:00,COM VÍTIMA,CANCELADA,IBURA,AV DOIS RIOS,,,E/F A IGREJA DOS MORMONS,IBURA,,,ATROPELAMENTO DE PESSOA,0,1,0,0,1,0,0,0,0,1,0,,,,,,,,,,,,,
2021-09-18 00:00:00,20:43:40,COM VÍTIMA,FINALIZADA,BOA VIAGEM,RUA ERNESTO DE PAULA SANTOS,940,RUA DR JOAO GUILHERME DE P SOBRINHO,E/F A UNIMED,BOA VIAGEM,,CIDADE,COLISÃO TRANSVERSAL,2,0,0,0,0,0,0,0,0,1,0,Cruzamento,Bom,Não existe,Perfeito estado,Seca,Perfeito estado,Faixa de pedestre,Não há placas,40 km/h,Única,Faixa contínua,,
2021-09-19 00:00:00,12:32:00,COM VÍTIMA,FINALIZADA,BOA VIAGEM,RUA ERNESTO DE PAULA SANTOS,,RUA VISCONDE DE JEQUITINHONHA,,BOA VIAGEM,304,,COLISÃO TRANSVERSAL,1,1,0,0,0,0,0,0,0,1,0,Cruzamento,Bom,Sem defeito,Perfeito estado,Seca,Perfeito estado,Faixa de pedestre,R-6a,30 km/h,Única,Faixa contínua,Faixa seccionada,
2021-09-19 00:00:00,13:56:00,COM VÍTIMA,FINALIZADA,IMBIRIBEIRA,AV MARECHAL MASCARENHAS DE MORAES,841,RUA DR VALDIR PESSOA,EM FRENTE A ESTAÇÃO IMBIRIBEIRA/ SENTIDO CIDADE,IMBIRIBEIRA,532,CIDADE,COLISÃO LATERAL,2,1,0,0,0,0,0,0,0,1,0,Cruzamento,Bom,Sem defeito,Perfeito estado,Seca,,Faixa de pedestre,Não há placas,60 km/h,Dupla,Canteiro central,,
2021-09-19 00:00:00,18:10:00,COM VÍTIMA,FINALIZADA,BOA VIAGEM,RUA BALTAZAR PASSOS,,RUA PROFESSOR LINS E SILVA,EM FRENTE AO N° 310,BOA VIAGEM,,SUBURBIO,COLISÃO FRONTAL,2,0,0,0,0,0,0,0,0,1,0,Cruzamento,Bom,Não existe,,Seca,Perfeito estado,Não existe,"Placas ""Pare""",,Única,Não existe,,
2021-09-20 00:00:00,08:18:00,COM VÍTIMA,FINALIZADA,CORDEIRO,AV ENGENHEIRO ABDIAS DE CARVALHO,2929,,COMPAZ,CORDEIRO,,CIDADE,COLISÃO FRONTAL,2,1,0,0,0,0,0,0,0,2,0,Longo da via,Bom,Não existe,Perfeito estado,Seca,Perfeito estado,Não existe,R-6a,60 km/h,Única,Faixa seccionada,,
2021-09-20 00:00:00,10:30:00,COM VÍTIMA,FINALIZADA,AFLITOS,RUA CONS PORTELA,665,RUA CARNEIRO VILELA,OPOSTO AO 665,AFLITOS,,CIDADE,COLISÃO COM CICLISTA,1,0,0,1,0,0,0,0,0,1,0,Cruzamento,Bom,Não existe,Perfeito estado,Seca,Perfeito estado,Faixa de pedestre,R-6a,40 km/h,Única,Faixa seccionada,,
2021-09-20 00:00:00,11:40:00,COM VÍTIMA,FINALIZADA,DERBY,RUA JENER DE SOUZA,,PRC DO DERBY,QUADRA DO QUARTEL DO DERBY,DERBY,40,SUBURBIO,COLISÃO TRANSVERSAL,1,1,0,0,0,0,0,0,0,1,0,Cruzamento,Bom,Sem defeito,Perfeito estado,Seca,Perfeito estado,Faixa de pedestre,,,Dupla,Canteiro central,,
2021-09-20 00:00:00,13:48:00,OUTROS,FINALIZADA,CORDEIRO,RUA MATHUZALEM WANDERLEY,88,AV CAXANGA,"OFICINA  DA LOCADORA, REALIZAR MANUTENÇÃO PREVENTIVA",CORDEIRO,,SUBURBIO,OUTROS,1,0,0,0,0,0,0,0,0,0,0,,,,,,,,,,,,,
2021-09-20 00:00:00,14:35:00,COM VÍTIMA,FINALIZADA,PARNAMIRIM,AV DEZESSETE DE AGOSTO,784,,EM FRENTE AO PARQUE REGIONAL DE MANUTENÇÃO,PARNAMIRIM,,,COLISÃO TRANSVERSAL,1,1,0,0,0,0,0,0,0,2,0,Longo da via,Bom,Não existe,Perfeito estado,Seca,Perfeito estado,Não existe,R-6a,,Dupla,Faixa contínua,,
2021-09-20 00:00:00,18:23:00,COM VÍTIMA,FINALIZADA,PAISSANDU,RUA PAISSANDU,567,,AO LADO DO BRADESCO,PAISSANDU,,CIDADE,ATROPELAMENTO DE PESSOA,1,0,0,0,1,0,0,0,0,1,0,Longo da via,Bom,Não existe,Perfeito estado,Seca,Perfeito estado,Não existe,Outras,,Dupla,Canteiro central,,
2021-09-21 00:00:00,11:05:00,COM VÍTIMA,FINALIZADA,AREIAS,AV RECIFE,5520,,LADO OPOSTO AO 5520- T&F DESIGN GESSO,AREIAS,,SUBURBIO,COLISÃO FRONTAL,0,0,0,0,0,0,0,0,0,1,0,Ponte,Bom,Não existe,Perfeito estado,Seca,Perfeito estado,Não existe,Não há placas,,Dupla,Canteiro central,,
2021-09-21 00:00:00,12:14:00,COM VÍTIMA,FINALIZADA,LINHA DO TIRO,RUA URIEL DE HOLANDA,1096,RUA BARAO DE MURITIBA,EM FRENTE A LAVA JATO,LINHA DO TIRO,,SUBURBIO,COLISÃO FRONTAL,1,1,0,0,0,0,0,0,0,2,0,Esquina,Bom,Não existe,Perfeito estado,Seca,Perfeito estado,Não existe,Outras,,Dupla,Não existe,,
2021-09-21 00:00:00,13:31:00,COM VÍTIMA,FINALIZADA,SANTO AMARO,AV NORTE MIGUEL ARRAES DE ALENCAR,743,RUA TREZE DE MAIO,,SANTO AMARO,36,CIDADE,COLISÃO FRONTAL,0,0,0,0,0,0,0,0,0,1,0,Longo da via,Bom,Sem defeito,Perfeito estado,Seca,Perfeito estado,Faixa de pedestre,Não há placas,60 km/h,Dupla,Canteiro central,,
2021-09-21 00:00:00,14:31:00,SEM VÍTIMA,FINALIZADA,MADALENA,AV JOSE GONCALVES DE MEDEIROS,107,,EM FRENTE AO SUPERMERCADO EXTRA,MADALENA,,,COLISÃO TRANSVERSAL,1,0,0,0,0,1,0,0,0,0,0,Longo da via,Bom,Não existe,Perfeito estado,Seca,Perfeito estado,Não existe,Não há placas,,Dupla,,,
2021-09-21 00:00:00,21:43:40,COM VÍTIMA,FINALIZADA,ENCRUZILHADA,AV BEBERIBE,,,SOB O SEMÁFORO 186,ENCRUZILHADA,186,SUBURBIO,ATROPELAMENTO DE PESSOA,1,0,0,0,1,0,0,0,0,1,0,Longo da via,Bom,Sem defeito,Perfeito estado,Seca,Perfeito estado,Outros,R-6a,,Dupla,Faixa contínua,,
2021-09-21 00:00:00,21:55:40,COM VÍTIMA,FINALIZADA,BOA VIAGEM,AV CONSELHEIRO AGUIAR,1285,,EM FRENTE AO IMÓVEL 1177,BOA VIAGEM,,CIDADE,COLISÃO TRASEIRA,0,1,0,0,0,1,0,0,0,1,0,Longo da via,Bom,Não existe,Perfeito estado,Seca,Perfeito estado,Faixa de pedestre,R-6a,60 km/h,Única,,,
2021-09-22 00:00:00,08:46:00,COM VÍTIMA,FINALIZADA,AFOGADOS,RUA COSME VIANA,,RUA PADRE TEOFILO TWORZ,E/F A TUPAN,AFOGADOS,503,SUBURBIO,COLISÃO TRANSVERSAL,1,1,0,0,0,0,0,0,0,1,0,Cruzamento,Bom,Sem defeito,Incompleta,Seca,Perfeito estado,Faixa de pedestre,Outras,,Única,Faixa contínua,Faixa seccionada,
2021-09-22 00:00:00,12:15:00,COM VÍTIMA,FINALIZADA,CASA AMARELA,AV NORTE MIGUEL ARRAES DE ALENCAR,,,SUPERMERCADO MAIS VOCÊ,CASA AMARELA,95,CIDADE,COLISÃO TRASEIRA,2,1,0,0,0,0,0,0,0,1,0,Longo da via,Bom,Sem defeito,Perfeito estado,Seca,Perfeito estado,Faixa de pedestre,Outras,,Dupla,Faixa seccionada,,
2021-09-22 00:00:00,16:13:00,COM VÍTIMA,FINALIZADA,IPSEP,RUA JEAN EMILE FAVRE,1464,,E/F A DELEGACIA DO IPSEP,IPSEP,70,SUBURBIO,ATROPELAMENTO DE PESSOA,1,0,0,0,2,0,0,0,0,2,0,Cruzamento,Bom,Sem defeito,Perfeito estado,Seca,Perfeito estado,Faixa de pedestre,R-6a,,Dupla,Faixa contínua,,
2021-09-22 00:00:00,20:33:00,COM VÍTIMA,FINALIZADA,BOA VIAGEM,RUA ANTONIO FALCAO,646,,E/F AO BANCO SANTANDER / E/F AO EDF LUZO,BOA VIAGEM,,ÚNICO,CHOQUE,2,0,0,0,0,0,0,0,0,1,0,Longo da via,Bom,Não existe,Perfeito estado,Seca,Perfeito estado,Não existe,Não há placas,,Única,Faixa seccionada,,
2021-09-23 00:00:00,07:44:00,COM VÍTIMA,FINALIZADA,MACAXEIRA,AV NORTE MIGUEL ARRAES DE ALENCAR,,,PRÓXIMO AO TI MACAXEIRA,MACAXEIRA,,SUBURBIO,COLISÃO TRANSVERSAL,1,1,0,0,0,0,0,0,0,1,0,Cruzamento,Bom,Não existe,Perfeito estado,Seca,Perfeito estado,Não existe,Não há placas,60 km/h,,Não existe,,
2021-09-23 00:00:00,10:41:00,SEM VÍTIMA,FINALIZADA,BOA VISTA,AV CONDE DA BOA VISTA,1317,RUA GONCALVES MAIA,EM FRENTE AO POSTO SHELL,BOA VISTA,299,CIDADE,COLISÃO TRASEIRA,1,0,0,0,0,0,0,1,0,0,0,Longo da via,Bom,Sem defeito,Perfeito estado,Seca,Perfeito estado,Faixa de pedestre,Não há placas,,Dupla,Canteiro central,,
2021-09-23 00:00:00,12:50:00,COM VÍTIMA,FINALIZADA,IPSEP,RUA IBIPITUBA,335,RUA FRANCISCO BARRETO,EM FRENTE AO ANTIGO 19º BATAHÃO,IPSEP,,,COLISÃO TRANSVERSAL,1,1,0,0,0,0,0,0,0,1,0,Cruzamento,Bom,Não existe,Não existente,Seca,Perfeito estado,Não existe,Não há placas,,Dupla,Não existe,,
2021-09-23 00:00:00,17:23:00,COM VÍTIMA,FINALIZADA,PAISSANDU,RUA SPORT CLUBE DO RECIFE,,,LADO OPOSTO AO SPORT/ NA DESCIDA DA PONTE/ SENTIDO BR,PAISSANDU,,SUBURBIO,COLISÃO TRASEIRA,1,1,0,0,0,0,0,0,0,1,0,Longo da via,Bom,Sem defeito,Perfeito estado,Seca,Perfeito estado,Agente,R-26,,Dupla,Faixa contínua,,
2021-09-23 00:00:00,17:41:00,COM VÍTIMA,FINALIZADA,ARRUDA,AV BEBERIBE,1664,,E/F AO MERCADÃO DO OLEO S/T  SUB,ARRUDA,,CIDADE,ATROPELAMENTO DE PESSOA,0,1,0,0,1,0,0,0,0,1,0,Longo da via,Bom,Não existe,Perfeito estado,Seca,Perfeito estado,Não existe,Não há placas,,Dupla,Faixa contínua,,
2021-09-23 00:00:00,18:48:00,COM VÍTIMA,FINALIZADA,IMBIRIBEIRA,RUA ARQUITETO LUIZ NUNES,245,,SEMÁFORO 634,IMBIRIBEIRA,634,CIDADE,COLISÃO TRANSVERSAL,1,1,0,0,0,0,0,0,0,1,0,Cruzamento,Bom,Sem defeito,Perfeito estado,Seca,Perfeito estado,Faixa de pedestre,Não há placas,40 km/h,Dupla,,,
2021-09-23 00:00:00,19:35:00,COM VÍTIMA,FINALIZADA,AFOGADOS,RUA SAO MIGUEL,,RUA DA PAZ,LADO DA PRAÇA DA PAZ,AFOGADOS,53,SUBURBIO,CHOQUE,0,0,0,0,0,1,0,0,0,1,0,Cruzamento,Bom,Sem defeito,Perfeito estado,Seca,Perfeito estado,Faixa de pedestre,Outras,,Única,Faixa seccionada,,
2021-09-24 00:00:00,08:25:00,COM VÍTIMA,FINALIZADA,APIPUCOS,RUA DE APIPUCOS,1031,RUA CORONEL JOAO BATISTA DO REGO BARROS,CENTRO MÉDICO DE SAÚDE SÃO JOÃO,APIPUCOS,540,,CHOQUE,1,0,0,0,0,0,0,0,0,1,0,Longo da via,Chuvoso,Sem defeito,Perfeito estado,Molhada,Perfeito estado,Faixa de retenção,Outras,,Dupla,Faixa contínua,,