data,hora,natureza,situacao,bairro,endereco,numero,detalhe_endereco_acidente,complemento,bairro_cruzamento,num_semaforo,sentido_via,tipo,auto,moto,ciclom,ciclista,pedestre,onibus,caminhao,viatura,outros,vitimas,vitimasfatais,acidente_verificado,tempo_clima,situacao_semaforo,sinalizacao,condicao_via,conservacao_via,ponto_controle,situacao_placa,velocidade_max_via,mao_direcao,divisao_via1,divisao_via2,divisao_via3
2020-01-05 00:00:00,19:31:00,SEM VÍTIMA,FINALIZADA,ROSARINHO,AV SANTOS DUMONT,815,,,ROSARINHO,,,COLISÃO TRASEIRA,COLISAO SEM VITIMAS,2,,,,,,,,,0,Longo da via,Bom,Sem defeito,Perfeito estado,Seca,Perfeito estado,Não existe,R-6a,,Única,Não existe,,
2020-01-05 00:00:00,19:35:00,COM VÍTIMA,FINALIZADA,LINHA DO TIRO,RUA PROFESSOR JOSE AMARINO DOS REIS,117,,E/F A ASSEMBLEIA DE DEUS,LINHA DO TIRO,,SUBURBIO,ATROPELAMENTO,ENTRE MOTO E PEDESTRE. C/V,,1,,,1,,,,,1,Longo da via,Bom,Não existe,Não existente,Seca,Perfeito estado,Não existe,Não há placas,,Dupla,Não existe,,
2020-01-05 00:00:00,19:47:00,SEM VÍTIMA,CANCELADA,CÓRREGO DO JENIPAPO,RUA ERUNDINA NEGREIROS DE ARAUJO,582,,PROX AO TERMINAL DO LARGO DO MARACANA,CÓRREGO DO JENIPAPO,,,COLISÃO,COLISAO SEM VITMAS,1,1,,,,,,,,0,,,,,,,,,,,,,
2020-01-05 00:00:00,19:49:00,COM VÍTIMA,FINALIZADA,IBURA,AV DOIS RIOS,,LAD DA COHAB,AO LADO DA POLICLINICA ARNALDO BARROS. LADO OPOSTO AO POSTE B041617.,IBURA,,SUBURBIO,ABALROAMENTO TRANSVERSAL,ENTRE AUTO E MOTO. C/V,1,1,,,,,,,,2,Esquina,Bom,Não existe,Perfeito estado,Seca,Perfeito estado,Não existe,Não há placas,,Dupla,Canteiro central,,
2020-01-05 00:00:00,20:08:00,SEM VÍTIMA,FINALIZADA,TORRÕES,AV ENGENHEIRO ABDIAS DE CARVALHO,51,,EM FRENTE AO PLATO TURBO,TORRÕES,,CIDADE,ABALROAMENTO LONGITUDINAL,COLISAO SEM VITIMAS,1,,,,,,,,2,0,Longo da via,Bom,Não existe,Perfeito estado,Seca,Perfeito estado,Não existe,Não há placas,,Única,Faixa seccionada,,
2020-01-05 00:00:00,22:35:00,COM VÍTIMA,FINALIZADA,CASA FORTE,EST DO ENCANAMENTO,,EST DAS UBAIAS-,NO CRUZAMENTO MESMO,CASA FORTE,593,SUBURBIO,ABALROAMENTO TRANSVERSAL,COLISAO COM VITIMAS,1,1,,,,,,,,1,Cruzamento,Bom,Sem defeito,Perfeito estado,Seca,Perfeito estado,Faixa de pedestre,Outras,,Única,Faixa contínua,,
2020-01-06 00:00:00,06:47:00,SEM VÍTIMA,FINALIZADA,ÁGUA FRIA,AV BEBERIBE,1799,RUA ZEFERINO AGRA,,ÁGUA FRIA,,CIDADE,ABALROAMENTO LONGITUDINAL,S/VITIMA,1,1,,,,,,,,0,Longo da via,Bom,Não existe,Perfeito estado,Seca,Perfeito estado,Faixa de pedestre,R-6a,,Dupla,Faixa contínua,,
2020-01-06 00:00:00,07:00:00,SEM VÍTIMA,FINALIZADA,ILHA DO LEITE,AV GOVERNADOR AGAMENON MAGALHAES,422,RUA HENRIQUE DIAS,SOB A LINHA DE RETENÇÃO DO SEMÁFORO Nº 068,ILHA DO LEITE,68,,COLISÃO TRASEIRA,COLISAO S/ VITIMA. ENTRE DOIS VEICULOS. GM: JOAO VITOR E MAURICIOS SANTOS NO LOCAL,2,,,,,,,,,0,Longo da via,Bom,Sem defeito,Perfeito estado,Seca,Perfeito estado,Agente,Não há placas,60 km/h,Dupla,Faixa seccionada,Canteiro central,
2020-01-06 00:00:00,07:31:00,COM VÍTIMA,FINALIZADA,PRADO,AV ENGENHEIRO ABDIAS DE CARVALHO,,RUA CARLOS GOMES,PRÓXIMO A FARMÁCIA PAGUE MENOS,PRADO,57,CIDADE,COLISÃO COM CICLISTA,AUTO E BICICLETA.,1,,,1,,,,,,1,Esquina,Bom,Sem defeito,Perfeito estado,Seca,Perfeito estado,,Outras,,Única,,,
2020-01-06 00:00:00,08:35:00,SEM VÍTIMA,FINALIZADA,IMBIRIBEIRA,RUA ENGENHEIRO JOSE BRANDAO CAVALCANTE,95,RUA GENERAL GOES MONTEIRO,,IMBIRIBEIRA,,CIDADE,ABALROAMENTO TRANSVERSAL,SEM VITIMAS,2,,,,,,,,,0,Cruzamento,Bom,Não existe,Não existente,Seca,Perfeito estado,Não existe,Não há placas,,Dupla,Não existe,,
2020-01-06 00:00:00,08:54:00,SEM VÍTIMA,CANCELADA,CASA AMARELA,RUA PADRE LEMOS,309,,EM FRENTE A CAIXA ECONOMICA,CASA AMARELA,,,COLISÃO,COLISAO S/ VITIMA ENTRE ONIBUS E CARRO PASSEIO,1,,,,,1,,,,0,,,,,,,,,,,,,
2020-01-06 00:00:00,09:03:00,COM VÍTIMA,FINALIZADA,MANGABEIRA,AV NORTE,4681,RUA RODRIGUES SETE,PROX. TOTAL CAR,MANGABEIRA,,CIDADE,ABALROAMENTO TRANSVERSAL,COLISAO COM VITIMA ENTRE VEICULO E MOTO,1,1,,,,,,,,1,Longo da via,Bom,Sem defeito,Perfeito estado,Seca,Perfeito estado,Outros,Não há placas,,Dupla,Canteiro central,,
2020-01-06 00:00:00,09:30:00,SEM VÍTIMA,FINALIZADA,AREIAS,AV RECIFE,657,,MAKRO,AREIAS,,SUBURBIO,COLISÃO TRASEIRA,SEM VITIMAS,1,,,,,,1,,,0,Longo da via,Bom,,Perfeito estado,Seca,Perfeito estado,Faixa de pedestre,,,Dupla,Canteiro central,,
2020-01-06 00:00:00,10:21:00,SEM VÍTIMA,FINALIZADA,ESPINHEIRO,AV GOVERNADOR AGAMENON MAGALHAES,3158,,EM FRENTE A MEDICAL,ESPINHEIRO,,,CHOQUE VEÍCULO PARADO,DOIS AUTOS,2,,,,,,,,,0,Longo da via,Bom,Não existe,Perfeito estado,Seca,Perfeito estado,Não existe,Não há placas,60 km/h,Dupla,Faixa seccionada,,
2020-01-06 00:00:00,10:21:00,SEM VÍTIMA,FINALIZADA,BOA VISTA,RUA DO HOSPICIO,,,EM FRENTE A LOJAS AMERICANAS,BOA VISTA,,CIDADE,ABALROAMENTO LONGITUDINAL,COLISÃO S/VITIMAS ENTRE UM AUTO E UM ONIBUS,1,,,,,1,,,,0,Longo da via,Bom,Não existe,Perfeito estado,Seca,Perfeito estado,Não existe,Outras,,Única,Não existe,,
2020-01-06 00:00:00,11:15:00,SEM VÍTIMA,FINALIZADA,SAN MARTIN,AV ENGENHEIRO ABDIAS DE CARVALHO,,RUA QUINZE DE MARCO,SEMÁFORO 422,SAN MARTIN,422,CIDADE,COLISÃO TRASEIRA,DOIS AUTOS,2,,,,,,,,,0,Cruzamento,Bom,Sem defeito,Perfeito estado,Seca,Perfeito estado,Faixa de pedestre,Não há placas,,Dupla,Canteiro central,,
2020-01-06 00:00:00,11:49:00,SEM VÍTIMA,FINALIZADA,SANTO AMARO,TRV CRUZ CABUGA,,,AO LADO DO SHOPPING TACARUNA,SANTO AMARO,,CIDADE,ABALROAMENTO LONGITUDINAL,COLISAO S/ VITIMA ENTRE VEICULO E MOTO,1,1,,,,,,,,0,Longo da via,Bom,Não existe,Perfeito estado,Seca,Perfeito estado,Não existe,R-6a,,Única,Não existe,,
2020-01-06 00:00:00,11:53:00,SEM VÍTIMA,FINALIZADA,PAISSANDU,AV GOVERNADOR AGAMENON MAGALHAES,,,LADO OPOSTO AO Nº 4575,PAISSANDU,,,ABALROAMENTO LONGITUDINAL,DOIS AUTOS,2,,,,,,,,,0,Longo da via,Bom,Sem defeito,Perfeito estado,Seca,Perfeito estado,Faixa de pedestre,Outras,60 km/h,Dupla,Canteiro central,,
2020-01-06 00:00:00,12:10:00,SEM VÍTIMA,FINALIZADA,PINA,AV ANTONIO DE GOES,260,,EM FRENTE A LOJA FBA NAUTICA,PINA,,CIDADE,COLISÃO TRASEIRA,COLISAO ENTRE AUTO E MOTO S/V,1,1,,,,,,,,0,Longo da via,Bom,Sem defeito,Perfeito estado,Seca,Perfeito estado,Agente,Não há placas,60 km/h,Única,Faixa contínua,,
2020-01-06 00:00:00,12:47:00,SEM VÍTIMA,FINALIZADA,PINA,AV HERCULANO BANDEIRA,1001,RUA ARQUITETO AUGUSTO REINALDO,EM FRENTE AO ATACADO DA CONTRUÇAO,PINA,660,SUBURBIO,ABALROAMENTO LONGITUDINAL,COLISAO ENTRE,1,,,,,1,,,,0,Cruzamento,Bom,Sem defeito,Perfeito estado,Seca,Perfeito estado,Faixa de pedestre,Não há placas,,Única,,,
2020-01-06 00:00:00,13:00:00,SEM VÍTIMA,FINALIZADA,IMBIRIBEIRA,AV MARECHAL MASCARENHAS DE MORAES,,,,IMBIRIBEIRA,631,CIDADE,COLISÃO TRASEIRA,COLISAO ENTRE AUTO E MOTO S/V,1,1,,,,,,,,0,Cruzamento,Bom,Sem defeito,Perfeito estado,Seca,Perfeito estado,,Outras,60 km/h,Dupla,Canteiro central,,
2020-01-06 00:00:00,13:04:00,SEM VÍTIMA,FINALIZADA,IMBIRIBEIRA,AV MARECHAL MASCARENHAS DE MORAES,6333,,AEROPORTO,IMBIRIBEIRA,625,SUBURBIO,ABALROAMENTO LONGITUDINAL,COLISAO ENTRE DOIS AUTOS S/V,2,,,,,,,,,0,Longo da via,Bom,Sem defeito,Perfeito estado,Seca,Perfeito estado,Faixa de pedestre,Não há placas,,Dupla,Canteiro central,,
2020-01-06 00:00:00,13:14:00,COM VÍTIMA,FINALIZADA,IMBIRIBEIRA,RUA ARQUITETO LUIZ NUNES,1650,,AO LADO DA DROGASIL,IMBIRIBEIRA,,SUBURBIO,ABALROAMENTO LONGITUDINAL,COLISAO COM VITIMA ENTRE VEICULO E MOTO,1,1,,,,,,,,1,Longo da via,Bom,Não existe,Ilegível,Seca,Mal iluminada,Não existe,Outras,,Dupla,Faixa seccionada,,
2020-01-06 00:00:00,13:36:00,SEM VÍTIMA,FINALIZADA,BOA VISTA,RUA DOM BOSCO,,RUA JOAQUIM DE BRITO,,BOA VISTA,,CIDADE,ABALROAMENTO LONGITUDINAL,COLISÃO SEM VITIMA,2,,,,,,,,,0,Cruzamento,Bom,Não existe,Incompleta,Seca,Perfeito estado,,Placas Pare,,,Não existe,,
2020-01-06 00:00:00,13:44:00,COM VÍTIMA,FINALIZADA,PINA,AV REPUBLICA DO LIBANO,,,VIADUTO SHOPPING RIO MAR.,PINA,,SUBURBIO,ABALROAMENTO LONGITUDINAL,COLISAO COM VITIMA ENTRE VEICULO E MOTO,1,1,,,,,,,,1,Longo da via,Bom,Não existe,Perfeito estado,Seca,Perfeito estado,Agente,Não há placas,,Única,Faixa contínua,,
2020-01-06 00:00:00,14:02:00,COM VÍTIMA,FINALIZADA,AREIAS,AV DR JOSE RUFINO,1501,,E/F A IGREJA PRESBITERIANA,AREIAS,44,CIDADE,COLISÃO TRASEIRA,COLISAO ENTRE AUTO E MOTO,1,1,,,,,,,,2,Longo da via,Bom,Sem defeito,Incompleta,Seca,Perfeito estado,Faixa de pedestre,R-6a,,Dupla,Faixa contínua,,
2020-01-06 00:00:00,14:25:00,SEM VÍTIMA,FINALIZADA,SANTO AMARO,AV NORTE,141,RUA VINTE E QUATRO DE AGOSTO,EM FRENTE AO 21º CSM,SANTO AMARO,463,SUBURBIO,ABALROAMENTO LONGITUDINAL,,1,,,,,1,,,,0,Longo da via,Bom,Sem defeito,Perfeito estado,Seca,Perfeito estado,Faixa de retenção,Outras,60 km/h,Dupla,Faixa contínua,Canteiro central,
2020-01-06 00:00:00,14:38:00,SEM VÍTIMA,FINALIZADA,NOVA DESCOBERTA,AV VEREADOR OTACILIO AZEVEDO,,,E/F A ESCOLA ROTARY,NOVA DESCOBERTA,,SUBURBIO,COLISÃO TRASEIRA,COLISAO SEM VITIMAS,1,1,,,,,,,,0,Longo da via,Bom,Não existe,Perfeito estado,Seca,Perfeito estado,Faixa de pedestre,Outras,,Dupla,Faixa contínua,,
2020-01-06 00:00:00,14:46:00,SEM VÍTIMA,FINALIZADA,PINA,RUA CONSUL JOSEPH NOUJAIM,,RUA NOGUEIRA DE SOUZA,,PINA,658,CIDADE,ABALROAMENTO LONGITUDINAL,COLISAO DE DOIS AUTOS SEM VITIMAS,2,,,,,,,,,0,Cruzamento,Bom,Sem defeito,Perfeito estado,Seca,Perfeito estado,Faixa de pedestre,Não há placas,,Única,Faixa seccionada,,
2020-01-06 00:00:00,14:48:00,SEM VÍTIMA,FINALIZADA,BOA VIAGEM,AV ENGENHEIRO DOMINGOS FERREIRA,2640,,POSTO BR,BOA VIAGEM,,SUBURBIO,COLISÃO TRASEIRA,COLISÃO SEM VITIMA,3,,,,,,,,,0,Longo da via,Bom,Não existe,Perfeito estado,Seca,Perfeito estado,Não existe,Não há placas,,Única,Faixa seccionada,,
2020-01-06 00:00:00,14:59:00,SEM VÍTIMA,DUPLICIDADE,PINA,RUA CONSUL JOSEPH NOUJAIM,,,,PINA,658,,COLISÃO,COLISÃO SEM VITIMA,2,,,,,,,,,0,,,,,,,,,,,,,
2020-01-06 00:00:00,15:27:00,SEM VÍTIMA,FINALIZADA,ILHA DO LEITE,RUA GENERAL JOAQUIM INACIO,4481,,AO LADO DO BANCO,ILHA DO LEITE,69,SUBURBIO,COLISÃO TRASEIRA,COLISAO SEM VITIMAS,2,,,,,,,,,0,Longo da via,Bom,Sem defeito,Perfeito estado,Seca,Perfeito estado,Faixa de pedestre,Não há placas,40 km/h,Única,Faixa contínua,,
2020-01-06 00:00:00,17:24:00,SEM VÍTIMA,FINALIZADA,IMBIRIBEIRA,AV MARECHAL MASCARENHAS DE MORAES,2657,,E/F A IMBIRIBEIRA DIESEL,IMBIRIBEIRA,7,CIDADE,COLISÃO TRASEIRA,COLISAO ENTRE ONIBUS E AUTOS S/V,1,,,,,1,,,,0,Longo da via,Bom,Sem defeito,Perfeito estado,Seca,Perfeito estado,Faixa de pedestre,,60 km/h,Única,Canteiro central,,
2020-01-06 00:00:00,17:46:00,SEM VÍTIMA,FINALIZADA,BOA VIAGEM,RUA ANTONIO FALCAO,,RUA MINISTRO NELSON HUNGRIA,PARQUE TRIGO,BOA VIAGEM,,,ABALROAMENTO TRANSVERSAL,COLISÃO COM VITIMA/ AGUARDANDO SAMU NO LOCAL,2,1,,,,,,,,0,Cruzamento,Bom,Não existe,Incompleta,Seca,Perfeito estado,Não existe,Não há placas,60 km/h,Única,Não existe,,
2020-01-06 00:00:00,18:38:00,SEM VÍTIMA,FINALIZADA,ÁGUA FRIA,AV BEBERIBE,2238,,MERCADINHO DOIS IRMÃOS / SOBERANO,ÁGUA FRIA,,SUBURBIO,ABALROAMENTO LONGITUDINAL,COLISAO SEM VITIMAS,1,,,,,1,,,,0,Longo da via,Bom,Não existe,Perfeito estado,Seca,Perfeito estado,Não existe,Não há placas,,Dupla,Faixa contínua,Faixa seccionada,
2020-01-06 00:00:00,18:49:00,SEM VÍTIMA,FINALIZADA,BOA VIAGEM,AV CONSELHEIRO AGUIAR,3572,,LOJA CORTA JACA,BOA VIAGEM,,CIDADE,ABALROAMENTO LONGITUDINAL,ENTRE 2 AUTOS. S/V,2,,,,,,,,,0,Longo da via,Bom,Não existe,Perfeito estado,Seca,Perfeito estado,Não existe,R-6a,60 km/h,Única,Faixa seccionada,,
2020-01-06 00:00:00,18:58:00,COM VÍTIMA,FINALIZADA,SANTO ANTÔNIO,RUA DO SOL,,AV GUARARAPES,CRUZAMENTO C/AV GUARARAPES,SANTO ANTÔNIO,14,SUBURBIO,ATROPELAMENTO,ATROPELAMENTO ENTRE CAMINHONETE E PEDESTRE.,1,,,,2,,,,,2,Cruzamento,Bom,Sem defeito,Perfeito estado,Seca,Perfeito estado,Agente,R-6a,,Única,,,
2020-01-06 00:00:00,19:32:00,SEM VÍTIMA,FINALIZADA,ROSARINHO,AV CONS ROSA E SILVA,1997,,FARMÁCIA PAGUE MENOS,ROSARINHO,,SUBURBIO,ABALROAMENTO TRANSVERSAL,ENTRE AUTO E CAMINHÃO. S/V,1,,,,,,1,,,0,Longo da via,Bom,Não existe,Perfeito estado,Seca,Perfeito estado,Não existe,Não há placas,,Única,Faixa contínua,,
2020-01-06 00:00:00,19:52:00,SEM VÍTIMA,FINALIZADA,IBURA,AV DOIS RIOS,1103,,EM FRENTE AO Nº 1103,IBURA,,,COLISÃO TRASEIRA,COLISAO SEM VITIMAS,2,,,,,,,,,0,Longo da via,Bom,Sem defeito,Perfeito estado,Seca,Mal iluminada,Não existe,Não há placas,,Dupla,Faixa contínua,,
2020-01-06 00:00:00,20:11:00,SEM VÍTIMA,FINALIZADA,BOA VISTA,RUA LUIZ BARBALHO,89,RUA MIGUEL COUTO,EMLURB,BOA VISTA,,CIDADE,ABALROAMENTO LONGITUDINAL,ENTRE 2 AUTOS. S/V,2,,,,,,,,,0,Cruzamento,Bom,Não existe,,Seca,Perfeito estado,Não existe,Não há placas,,Dupla,Não existe,,
2020-01-06 00:00:00,20:28:00,SEM VÍTIMA,FINALIZADA,SANTO ANTÔNIO,C SANTA RITA,,,PRÓXIMO A ENTRADA DO TERMINAL,SANTO ANTÔNIO,76,CIDADE,ABALROAMENTO LONGITUDINAL,ENTRE AUTO E ÔNIBUS. S/V,1,,,,,1,,,,0,Longo da via,Bom,Sem defeito,Perfeito estado,Seca,Perfeito estado,Não existe,Não há placas,,Dupla,Canteiro central,Faixa contínua,
2020-01-07 00:00:00,07:32:00,SEM VÍTIMA,CANCELADA,JARDIM SÃO PAULO,AV SAO PAULO,932,RUA CAPETINGA,200METROS APÓS O CONDOMINIO EL SALVADOR,JARDIM SÃO PAULO,,BR 101,COLISÃO,SEM VITIMAS,2,,,,,,,,,0,,,,,,,,,,,,,
2020-01-07 00:00:00,07:32:00,SEM VÍTIMA,FINALIZADA,DOIS IRMÃOS,RUA DOIS IRMAOS,,AV DA RECUPERACAO,,DOIS IRMÃOS,416,CIDADE,ABALROAMENTO LONGITUDINAL,COLISÃO SEM VITIMAS  GM  ANDRE MANOEL QTH,,2,,,,,,,,0,Cruzamento,Chuvoso,Sem defeito,Perfeito estado,Molhada,Perfeito estado,Não existe,Não há placas,,Dupla,Não existe,,
2020-01-07 00:00:00,08:01:00,SEM VÍTIMA,FINALIZADA,VÁRZEA,AV CAXANGA,,,LADO OPOSTO A UPA ESCRITOR PAULO CAVALCANTI CAXANGÁ,VÁRZEA,281,CIDADE,COLISÃO TRASEIRA,SEM VITIMA. ENTRE TRES VEICULOS. GM: FONTENELE. PONTO FIXO NO LOCAL,3,,,,,,,,,0,Longo da via,Chuvoso,Sem defeito,Perfeito estado,Molhada,Perfeito estado,Agente,Não há placas,60 km/h,Dupla,Faixa seccionada,Canteiro central,
2020-01-07 00:00:00,08:06:00,SEM VÍTIMA,FINALIZADA,ESPINHEIRO,AV CONS ROSA E SILVA,,,EM FRENTE AO HOSPITAL DOS SERVIDORES DO ESTADO - HSE,ESPINHEIRO,309,SUBURBIO,COLISÃO TRASEIRA,SEM VITIMAS,2,,,,,,,,,0,Longo da via,Bom,Sem defeito,Perfeito estado,Seca,Perfeito estado,Faixa de pedestre,,,Única,Faixa seccionada,,
2020-01-07 00:00:00,08:11:00,SEM VÍTIMA,FINALIZADA,GRAÇAS,AV RUI BARBOSA,870,,EM FRENTE AO Nº 870,GRAÇAS,48,CIDADE,COLISÃO TRASEIRA,DOIS AUTOS PONTO FIXO GM PARAISO E LUCAS,2,,,,,,,,,0,Longo da via,Bom,Sem defeito,Perfeito estado,Seca,Perfeito estado,Agente,Outras,,Única,Faixa seccionada,,
2020-01-07 00:00:00,09:23:00,SEM VÍTIMA,FINALIZADA,AFOGADOS,RUA SAO MIGUEL,650,,LADO OP A PORTUGUÊS STO INÁCIO AUTO PEÇAS,AFOGADOS,391,CIDADE,ABALROAMENTO LONGITUDINAL,COLISÃO SEM VITIMAS,1,,,,,1,,,,0,Longo da via,Bom,Sem defeito,Incompleta,Seca,,,Outras,50 km/h,Dupla,,,
2020-01-07 00:00:00,09:25:00,SEM VÍTIMA,CANCELADA,IMBIRIBEIRA,AV MARECHAL MASCARENHAS DE MORAES,,,EM FRENTE AO JUIZADO DE PEQUENAS CAUSAS,IMBIRIBEIRA,,AFOGADOS,COLISÃO,COLISÃO SEM VITIMAS,1,,,,,1,,,,0,,,,,,,,,,,,,
2020-01-07 00:00:00,09:58:00,SEM VÍTIMA,FINALIZADA,IMBIRIBEIRA,AV MARECHAL MASCARENHAS DE MORAES,,RUA JOAQUIM BANDEIRA,CONCESSIONÁRIA MITSUBISH MOTORS,IMBIRIBEIRA,534,SUBURBIO,ABALROAMENTO LONGITUDINAL,COLISAO S/ VITIMA CAMINHAO E ONIBUS,,,,,,1,1,,,0,Cruzamento,Bom,Sem defeito,Perfeito estado,Seca,Perfeito estado,Faixa de pedestre,Não há placas,60 km/h,Dupla,Canteiro central,,
2020-01-07 00:00:00,11:05:00,SEM VÍTIMA,FINALIZADA,AFLITOS,AV CONS ROSA E SILVA,632,,GALERIA MOLDULAR,AFLITOS,,SUBURBIO,COLISÃO TRASEIRA,COLISÃO SEM VITIMAS,2,,,,,,,,,0,Longo da via,Bom,Sem defeito,Perfeito estado,Seca,Perfeito estado,Não existe,R-6a,40 km/h,Única,Faixa contínua,,
2020-01-07 00:00:00,11:20:00,SEM VÍTIMA,FINALIZADA,CAMPO GRANDE,RUA DR MACHADO,353,RUA VOLUNTARIOS DA PATRIA,,CAMPO GRANDE,,,COLISÃO TRASEIRA,COLISÃO SEM VITIMAS,2,,,,,,,,,0,Cruzamento,Bom,Sem defeito,Perfeito estado,Seca,Perfeito estado,Não existe,Placas Pare,,Única,Não existe,,
2020-01-07 00:00:00,11:27:00,COM VÍTIMA,FINALIZADA,IPUTINGA,RUA EMILIANO BRAGA,163,RUA MANOEL JOAQUIM DE ALMEIDA,ED NOVA ESPERANÇA,IPUTINGA,,,ABALROAMENTO TRANSVERSAL,COLISAO COM VITIMA. ENTRE CARRO E MOTO,1,1,,,,,,,,1,Cruzamento,Bom,Não existe,Incompleta,Seca,Perfeito estado,Não existe,Não há placas,,Dupla,Não existe,,
2020-01-07 00:00:00,11:28:00,SEM VÍTIMA,FINALIZADA,ESPINHEIRO,RUA CONS PORTELA,,RUA BARAO DE ITAMARACA,IGREJA MATRIZ DO ESPINHEIRO,ESPINHEIRO,464,CIDADE,ABALROAMENTO LONGITUDINAL,AUTO E CAMINHÃO,1,,,,,,1,,,0,Longo da via,Bom,Sem defeito,Perfeito estado,Seca,Perfeito estado,Faixa de pedestre,R-6a,,Única,Faixa seccionada,,
2020-01-07 00:00:00,11:32:00,SEM VÍTIMA,FINALIZADA,PRADO,AV ENGENHEIRO ABDIAS DE CARVALHO,,,ZERO GRAU / ESTÁCIO CLÍNICA DE PSICOLOGIA,PRADO,327,CIDADE,COLISÃO TRASEIRA,SEM VITIMAS,2,,,,,,,,,0,Longo da via,Bom,Sem defeito,Perfeito estado,Seca,Perfeito estado,Faixa de pedestre,R-6a,60 km/h,Única,Faixa contínua,,
2020-01-07 00:00:00,12:39:00,SEM VÍTIMA,FINALIZADA,TORRE,RUA REAL DA TORRE,1507,RUA VITORIANO PALHARES,EDF. AMADEUS E MOZART,TORRE,,CIDADE,CHOQUE VEÍCULO PARADO,COLISAO ENTRE DOIS AUTOS S/V,2,,,,,,,,,0,,Bom,Não existe,Perfeito estado,Seca,Perfeito estado,Não existe,Não há placas,30 km/h,Única,Não existe,,
2020-01-07 00:00:00,12:53:00,SEM VÍTIMA,FINALIZADA,ESPINHEIRO,RUA DO ESPINHEIRO,222,,EM FRENTE AO HOSPITAL DE ESPINHEIRO,ESPINHEIRO,,SUBURBIO,ABALROAMENTO LONGITUDINAL,COLISAO ENTRE DOIS AUTOS S/V,2,,,,,,,,,0,Longo da via,Bom,Não existe,Não existente,Seca,Perfeito estado,Não existe,Não há placas,,Única,Faixa seccionada,,
2020-01-07 00:00:00,13:21:00,SEM VÍTIMA,FINALIZADA,CIDADE UNIVERSITÁRIA,AV PROFESSOR ARTUR DE SA,1953,,LADO OPOSTO AO CEMITÉRIO DA VÁRZEA,CIDADE UNIVERSITÁRIA,,SUBURBIO,ABALROAMENTO TRANSVERSAL,COLISÃO SEM VITIMAS,1,1,,,,,,,,0,Longo da via,Bom,Não existe,Perfeito estado,Seca,Perfeito estado,Outros,Outras,30 km/h,Dupla,Faixa seccionada,,
2020-01-07 00:00:00,13:24:00,SEM VÍTIMA,FINALIZADA,ESPINHEIRO,RUA ANGUSTURA,358,,CHINA 48,ESPINHEIRO,,CIDADE,ABALROAMENTO TRANSVERSAL,COLISAO ENTRE DOIS AUTOS S/V,2,,,,,,,,,0,Longo da via,Bom,Não existe,Perfeito estado,Seca,Perfeito estado,Não existe,Outras,,Única,Não existe,,
2020-01-07 00:00:00,13:28:00,SEM VÍTIMA,CANCELADA,AREIAS,RUA JOAO TEIXEIRA,440,,EM FRENTE AO MC AÇAI LANCHES,AREIAS,,,COLISÃO,COLISÃO SEM VÍTIMA,1,,,,,,1,,,0,,,,,,,,,,,,,
2020-01-07 00:00:00,13:37:00,SEM VÍTIMA,FINALIZADA,PINA,AV ANTONIO DE GOES,820,,EMPRESARIAL JOPIN,PINA,103,CIDADE,COLISÃO TRASEIRA,COLISÃO S/VITIMAS ENTRE DUAS MOTOS,,2,,,,,,,,0,Cruzamento,Bom,Sem defeito,Perfeito estado,Seca,Perfeito estado,Agente,,60 km/h,Única,Canteiro central,,
2020-01-07 00:00:00,13:57:00,SEM VÍTIMA,FINALIZADA,BAIRRO DO RECIFE,CAIS DO APOLO,,,TRIBUNAL REGIONAL DA 5º REGIÃO,BAIRRO DO RECIFE,454,CIDADE,ABALROAMENTO LONGITUDINAL,COLISÃO SEM VITIMA,1,,,,,,1,,,0,Longo da via,Bom,Sem defeito,Perfeito estado,Seca,Perfeito estado,Faixa de pedestre,R-6a,,Única,Faixa seccionada,,
2020-01-07 00:00:00,14:21:00,SEM VÍTIMA,FINALIZADA,SANTO AMARO,AV NORTE,787,,EVALDO DE ALBUQUERQUE BATERIAS HELIAR,SANTO AMARO,,CIDADE,ABALROAMENTO LONGITUDINAL,COLISÃO SEM VÍTIMA,1,,,,,1,,,,0,Longo da via,Bom,Não existe,Perfeito estado,Seca,Perfeito estado,Outros,Outras,60 km/h,Dupla,Faixa seccionada,Canteiro central,