data,hora,natureza,situacao,bairro,endereco,numero,detalhe_endereco_acidente,complemento,bairro_cruzamento,num_semaforo,sentido_via,tipo,auto,moto,ciclom,ciclista,pedestre,onibus,caminhao,viatura,outros,vitimas,vitimasfatais,acidente_verificado,tempo_clima,situacao_semaforo,sinalizacao,condicao_via,conservacao_via,ponto_controle,situacao_placa,velocidade_max_via,mao_direcao,divisao_via1,divisao_via2,divisao_via3
2020-01-07 00:00:00,14:40:00,SEM VÍTIMA,FINALIZADA,DERBY,AV RUI BARBOSA,,AV GOVERNADOR AGAMENON MAGALHAES,,DERBY,37,CIDADE,ABALROAMENTO LONGITUDINAL,COLISÃO S/VITIMAS ENTRE DOIS AUTOS (GM VIEIRA NUNES E WILAMS OLIVEIRA NO QTH),2,,,,,,,,,0,Cruzamento,Bom,Sem defeito,Perfeito estado,Seca,Perfeito estado,,Outras,40 km/h,Única,Faixa contínua,,
2020-01-07 00:00:00,14:52:00,SEM VÍTIMA,FINALIZADA,IPSEP,RUA POTENGY,512,,,IPSEP,,CIDADE,ABALROAMENTO LONGITUDINAL,COLISÃO SEM VÍTIMA,2,,,,,,,,,0,,Bom,Não existe,Perfeito estado,Seca,Perfeito estado,Não existe,Placas Pare,,Única,Não existe,,
2020-01-07 00:00:00,15:16:00,SEM VÍTIMA,FINALIZADA,AFOGADOS,RUA IMPERIAL,,,CORE,AFOGADOS,87,SUBURBIO,COLISÃO TRASEIRA,COLISAO ENTRE AUTO E CAMINHAO S/V,1,,,,,,1,,,0,Longo da via,Bom,Sem defeito,Perfeito estado,Seca,Perfeito estado,Faixa de pedestre,Outras,,Única,Faixa seccionada,,
2020-01-07 00:00:00,15:15:00,SEM VÍTIMA,FINALIZADA,IPSEP,AV RECIFE,2775,,EM FRENTE A IBEX,IPSEP,,SUBURBIO,ABALROAMENTO LONGITUDINAL,COLISÃO COM DOIS AUTOS E UM DOS AUTO SE CHOCOU COM O POSTE/ SEM VÍTIMA,2,,,,,,,,,0,Longo da via,Bom,Não existe,Perfeito estado,Seca,Perfeito estado,Agente,Não há placas,60 km/h,Dupla,Canteiro central,,
2020-01-07 00:00:00,15:34:00,SEM VÍTIMA,FINALIZADA,,RUA WALDEMAR NERY CARNEIRO MONTEIRO,62,RUA DA CONFRATERNIZACAO,COLÉGIO GESTÃO RECIFE,,,SUBURBIO,COLISÃO FRONTAL,COLISÃO SEM VÍTIMA,2,,,,,,,,,0,Cruzamento,Bom,Não existe,Perfeito estado,Seca,Perfeito estado,Não existe,Não há placas,,Dupla,Não existe,,
2020-01-07 00:00:00,15:35:00,SEM VÍTIMA,FINALIZADA,CORDEIRO,AV ENGENHEIRO ABDIAS DE CARVALHO,,RUA TIJUCAS,DROGARIA DROGA MARIA,CORDEIRO,422,,COLISÃO TRASEIRA,COLISÃO SEM VÍTIMA,2,,,,,,,,,0,Longo da via,Bom,Sem defeito,Perfeito estado,Seca,Perfeito estado,Faixa de pedestre,Não há placas,,Dupla,Canteiro central,,
2020-01-07 00:00:00,15:40:00,SEM VÍTIMA,FINALIZADA,CASA AMARELA,AV PEDRO ALLAIN,81,,EM FRENTE AO EDF EDUARDO CARDOSO,CASA AMARELA,,,ABALROAMENTO LONGITUDINAL,COLISÃO S/VITIMAS ENTRE DOIS AUTOS,2,,,,,,,,,0,Longo da via,Bom,Não existe,Não existente,Seca,Perfeito estado,Não existe,Não há placas,30 km/h,Dupla,Não existe,,
2020-01-07 00:00:00,15:50:00,SEM VÍTIMA,FINALIZADA,CAMPO GRANDE,RUA ODORICO MENDES,597,,EM FRENTE A ULTRAGÁS,CAMPO GRANDE,,SUBURBIO,COLISÃO FRONTAL,COLISÃO SEM VÍTIMA,3,,,,,,,,,0,Longo da via,Bom,Não existe,Perfeito estado,Seca,Perfeito estado,Não existe,R-6a,,Dupla,Faixa seccionada,,
2020-01-07 00:00:00,15:59:00,SEM VÍTIMA,FINALIZADA,JARDIM SÃO PAULO,RUA LORENA,93,RUA BRAGANCA,AO LADO DO Nº 093,JARDIM SÃO PAULO,,,ABALROAMENTO TRANSVERSAL,COLISAO ENTRE DOIS AUTOS S/V,2,,,,,,,,,0,Cruzamento,Bom,Não existe,Incompleta,Seca,Perfeito estado,Não existe,Placas Pare,,Dupla,Não existe,,
2020-01-07 00:00:00,17:37:00,COM VÍTIMA,FINALIZADA,BOA VIAGEM,RUA VISCONDE DE JEQUITINHONHA,652,RUA ERNESTO DE PAULA SANTOS,NO SEMAFORO 304,BOA VIAGEM,304,CIDADE,COLISÃO COM CICLISTA,COLISAO COM CICLISTA,1,,,1,,,,,,1,Cruzamento,Bom,Sem defeito,Perfeito estado,Seca,Perfeito estado,Faixa de pedestre,R-6a,30 km/h,Única,Não existe,,
2020-01-07 00:00:00,18:55:00,SEM VÍTIMA,FINALIZADA,BOA VIAGEM,RUA JOSE DOMINGUES DA SILVA,205,RUA PADRE CABRAL,EDF MONTE CATINE,BOA VIAGEM,,SUBURBIO,ABALROAMENTO TRANSVERSAL,ENTRE AUTO PASSEIO X MOTO COM VÍTIMA,1,1,,,,,,,,0,Cruzamento,Bom,Não existe,Perfeito estado,Seca,Perfeito estado,Faixa de retenção,Placas Pare,,Dupla,Faixa contínua,Faixa seccionada,
2020-01-08 00:00:00,04:11:00,SEM VÍTIMA,FINALIZADA,BOA VISTA,AV CONDE DA BOA VISTA,175,RUA DA AURORA,CINEMA SÃO LUIZ,BOA VISTA,162,CIDADE,ABALROAMENTO TRANSVERSAL,COLISÃO ENTRE DOIS ÔNIBUS S/V,,,,,,2,,,,0,Cruzamento,Bom,Sem defeito,Perfeito estado,Seca,Perfeito estado,Faixa de pedestre,Outras,,Dupla,Canteiro central,,
2020-01-08 00:00:00,07:14:00,COM VÍTIMA,FINALIZADA,IPUTINGA,RUA MAURICIO DE NASSAU,43,,EM FRENTE A IGREJA CONGREGAÇÃO CRISTÃ,IPUTINGA,,CIDADE,COLISÃO TRASEIRA,COLISÃO COM VITIMA A ESPERA  DO SAMU,1,1,,,,,,,,1,Longo da via,Bom,,,Seca,Perfeito estado,,,,Dupla,,,
2020-01-08 00:00:00,08:47:00,SEM VÍTIMA,FINALIZADA,DERBY,PRC DO DERBY,,,LADO OPOSTO AO LABORATÓRIO MARCELO MAGALHÃES,DERBY,,CIDADE,ABALROAMENTO TRANSVERSAL,COLISAO S/ VITIMA. ENTRE DOIS VEICULOS,2,,,,,,,,,0,Longo da via,Bom,Não existe,Perfeito estado,Seca,Perfeito estado,Não existe,Outras,,Dupla,Faixa seccionada,,
2020-01-08 00:00:00,09:38:00,SEM VÍTIMA,FINALIZADA,CASA AMARELA,EST DO ARRAIAL,3720,RUA ANTONIO DE CASTRO,E/F AO EDF. VALDIR PESSOA,CASA AMARELA,,SUBURBIO,ABALROAMENTO LONGITUDINAL,COLISÃO S/VITIMAS ENTRE DOIS AUTOS,2,,,,,,,,,0,Longo da via,Bom,Não existe,Perfeito estado,Seca,Perfeito estado,,,60 km/h,Única,Não existe,,
2020-01-08 00:00:00,10:28:00,COM VÍTIMA,FINALIZADA,COELHOS,RUA DOS COELHOS,123,PTE JOAQUIM CARDOSO,AO LADO DO IMIP,COELHOS,,SUBURBIO,ABALROAMENTO LONGITUDINAL,COM DUAS VITIMAS /SAMU ACIONADO/VT 05 NO QTH,,2,,,,,,,,2,Longo da via,Bom,Não existe,Perfeito estado,Seca,Perfeito estado,Não existe,R-6a,,Dupla,Faixa contínua,,
2020-01-08 00:00:00,10:47:00,SEM VÍTIMA,FINALIZADA,DERBY,PRC DO DERBY,,RUA JENER DE SOUZA,SOB O SEMÁFORO 418,DERBY,,CIDADE,COLISÃO TRASEIRA,SEM VITIMAS,2,,,,,,,,,0,Cruzamento,Bom,Sem defeito,Perfeito estado,Seca,Perfeito estado,Faixa de pedestre,Outras,,Dupla,Blocos,,
2020-01-08 00:00:00,11:07:00,COM VÍTIMA,FINALIZADA,ARRUDA,RUA SAO BENTO,340,EST VELHA DE AGUA FRIA,APÓS O POSTO NORTE BRAZ,ARRUDA,,SUBURBIO,ABALROAMENTO LONGITUDINAL,COLISAO COM VITIMA. ENTRE DUAS MOTOS,,2,,,,,,,,1,Longo da via,Bom,Não existe,Perfeito estado,Seca,Perfeito estado,Não existe,Não há placas,,Única,Faixa seccionada,,
2020-01-08 00:00:00,11:22:00,SEM VÍTIMA,FINALIZADA,TORRE,RUA PADRE ANCHIETA,,RUA JOSE BONIFACIO,AO LADO DO MINUTO PÃO DE AÇUCAR,TORRE,193,CIDADE,ABALROAMENTO LONGITUDINAL,SEM VITIMAS,2,,,,,,,,,0,Cruzamento,Bom,Sem defeito,Perfeito estado,Seca,Perfeito estado,Faixa de pedestre,R-6a,,Única,Faixa seccionada,,
2020-01-08 00:00:00,11:41:00,SEM VÍTIMA,FINALIZADA,ARRUDA,RUA DR RAIMUNDO CAVALCANTI UCHOA,,RUA DESPORTIST WALDIR SANTANA,ESQUINA DAS RUAS,ARRUDA,,,ABALROAMENTO TRANSVERSAL,COLISAO S/ VITIMA. ENTRE DOIS VEICULOS,2,,,,,,,,,0,,Bom,Não existe,Não existente,Seca,Mal conservada,Não existe,Não há placas,,Dupla,Não existe,,
2020-01-08 00:00:00,11:46:00,SEM VÍTIMA,FINALIZADA,BOA VISTA,AV GOVERNADOR AGAMENON MAGALHAES,,,EM FRENTE AO CÍRCULO MILITAR DO RECIFE,BOA VISTA,,,COLISÃO TRASEIRA,COLISAO S/ VITIMA. ENTRE DOIS VEICULOS. GM: JOBSON E RODRIGO NO LOCAL,2,,,,,,,,,0,Longo da via,Bom,Não existe,Perfeito estado,Seca,Perfeito estado,Não existe,Não há placas,60 km/h,Dupla,Canteiro central,,
2020-01-08 00:00:00,12:33:00,SEM VÍTIMA,FINALIZADA,IBURA,AV DOIS RIOS,,RUA PINTOR AGENOR DE ALBUQUERQUE CESAR,,IBURA,561,SUBURBIO,ABALROAMENTO TRANSVERSAL,COLISÃO SEM VÍTIMA,1,,,,,1,,,,0,Cruzamento,Bom,Sem defeito,Perfeito estado,Seca,Perfeito estado,Faixa de pedestre,Não há placas,,Dupla,Faixa contínua,,
2020-01-08 00:00:00,13:21:00,SEM VÍTIMA,FINALIZADA,BAIRRO DO RECIFE,CAIS DO APOLO,925,,AREA INTERNA DO ESTACIONAMENTO DA PCR,BAIRRO DO RECIFE,,,ABALROAMENTO TRANSVERSAL,COLISAO ENTRE DOIS AUTOS S/V,2,,,,,,,,,0,,Bom,Não existe,Não existente,Seca,Perfeito estado,Não existe,Não há placas,,Dupla,Não existe,,
2020-01-08 00:00:00,13:21:00,SEM VÍTIMA,FINALIZADA,ESPINHEIRO,RUA MARQUES DO PARANA,450,RUA GOMES PACHECO,OFICERTA,ESPINHEIRO,,,ABALROAMENTO LONGITUDINAL,ENTRE DOIS AUTOS S/V,2,,,,,,,,,0,Cruzamento,Bom,Não existe,Perfeito estado,Seca,Perfeito estado,Faixa de pedestre,Placas Pare,,Única,Faixa seccionada,,
2020-01-08 00:00:00,13:23:00,SEM VÍTIMA,FINALIZADA,BOA VISTA,RUA DO RIACHUELO,105,RUA DA UNIAO,,BOA VISTA,,CIDADE,COLISÃO TRASEIRA,COLISÃO SEM VÍTIMA,2,,,,,,,,,0,Longo da via,Bom,Não existe,Perfeito estado,Seca,Perfeito estado,Faixa de pedestre,Outras,,Dupla,Faixa seccionada,Canteiro central,
2020-01-08 00:00:00,13:32:00,SEM VÍTIMA,FINALIZADA,COELHOS,RUA DO JARDIM,37,,EM FRENTE AO Nº 37 / SENTIDO ÚNICO,COELHOS,,,COLISÃO TRASEIRA,ENTRE DOIS AUTOS S/V,2,,,,,,,,,0,Longo da via,Bom,Não existe,Não existente,Seca,Mal conservada,Não existe,Não há placas,,Única,Não existe,,
2020-01-08 00:00:00,13:48:00,COM VÍTIMA,FINALIZADA,CORDEIRO,AV CAXANGA,2555,AV INACIO MONTEIRO,PROX AO POSTO SILVA E ARAUJO,CORDEIRO,234,CIDADE,ABALROAMENTO LONGITUDINAL,ENTRE MOTO- AUTO PASSEIO E REBOQUE COM VÍTIMA.,1,1,,,,,,,1,1,Esquina,Bom,Sem defeito,Perfeito estado,Seca,Perfeito estado,Faixa de pedestre,Outras,,Dupla,Faixa contínua,Faixa seccionada,Canteiro central
2020-01-08 00:00:00,14:08:00,SEM VÍTIMA,FINALIZADA,BOA VIAGEM,AV ENGENHEIRO DOMINGOS FERREIRA,236,,CERPE,BOA VIAGEM,380,SUBURBIO,COLISÃO TRASEIRA,ENTRE DOIS AUTOS S/V,2,,,,,,,,,0,Longo da via,Bom,Sem defeito,Perfeito estado,Seca,Perfeito estado,Faixa de pedestre,,60 km/h,Única,Faixa contínua,,
2020-01-08 00:00:00,14:52:00,SEM VÍTIMA,FINALIZADA,AREIAS,AV RECIFE,,,LADO OPOSTO AO BIG BOMPREÇO,AREIAS,,,COLISÃO TRASEIRA,COLISÃO SEM VÍTIMA,2,,,,,,,,,0,Longo da via,Bom,Sem defeito,Perfeito estado,Seca,Perfeito estado,,Outras,,Dupla,Canteiro central,,
2020-01-08 00:00:00,15:15:00,SEM VÍTIMA,FINALIZADA,BOA VIAGEM,RUA RIBEIRO DE BRITO,972,RUA DOS NAVEGANTES,EDIFÍCIO LUIZA RAMOS,BOA VIAGEM,,,ABALROAMENTO TRANSVERSAL,COLISAO ENTRE DOIS AUTOS S/V,2,,,,,,,,,0,Cruzamento,Bom,Não existe,Ilegível,Seca,Perfeito estado,Faixa de retenção,Placas Pare,,Única,Não existe,,
2020-01-08 00:00:00,15:37:00,SEM VÍTIMA,CANCELADA,SANTO AMARO,AV GOVERNADOR AGAMENON MAGALHAES,,,PROX AO SHOPPING TACARUNA S/T OLINDA,SANTO AMARO,,,COLISÃO,COLISAO ENTRE DOIS AUTOS S/V,2,,,,,,,,,0,,,,,,,,,,,,,
2020-01-08 00:00:00,15:43:00,SEM VÍTIMA,FINALIZADA,JORDÃO,RUA BOANERGES PEREIRA,,AV MARIA IRENE,,JORDÃO,,CIDADE,ABALROAMENTO LONGITUDINAL,COLISAO ENTRE DOIS AUTOS S/V,,,,,,,2,,,0,Cruzamento,Bom,Não existe,Perfeito estado,Seca,Perfeito estado,,,,,,,
2020-01-08 00:00:00,15:47:00,COM VÍTIMA,FINALIZADA,SOLEDADE,RUA BARAO DE SAO BORJA,,,E/F AO CENTRO UNIVERSITARIO TIRADENTES,SOLEDADE,,SUBURBIO,ATROPELAMENTO,ATROPELAMENTO COM UMA VITIMA,1,,,,1,,,,,1,Longo da via,Bom,Não existe,Perfeito estado,Seca,Perfeito estado,Não existe,R-6a,,Única,Não existe,,
2020-01-08 00:00:00,15:54:00,SEM VÍTIMA,FINALIZADA,CASA FORTE,AV DEZESSETE DE AGOSTO,,,EM FRENTE A FARMACIA PAGUE MENOS,CASA FORTE,,CIDADE,COLISÃO TRASEIRA,COLISÃO SEM VÍTIMA,2,,,,,,,,,0,Longo da via,Bom,Sem defeito,Perfeito estado,Seca,Perfeito estado,Faixa de pedestre,Outras,,Dupla,Faixa contínua,,
2020-01-08 00:00:00,16:42:00,SEM VÍTIMA,FINALIZADA,VÁRZEA,AV CAXANGA,,,,VÁRZEA,608,CIDADE,COLISÃO TRASEIRA,COLISÃO SEM VÍTIMA,1,,,,,,1,,,0,Longo da via,Bom,Sem defeito,Perfeito estado,Seca,Perfeito estado,Faixa de pedestre,R-6a,,Dupla,Canteiro central,,
2020-01-08 00:00:00,16:59:00,SEM VÍTIMA,FINALIZADA,IMBIRIBEIRA,RUA JOAQUIM BANDEIRA,268,AV SUL,EM FRENTE A MICAELLY PEDROSA,IMBIRIBEIRA,,SUBURBIO,ABALROAMENTO LONGITUDINAL,COLISÃO SEM VÍTIMA,2,,,,,,,,,0,Cruzamento,Bom,Não existe,Perfeito estado,Seca,Perfeito estado,Não existe,Não há placas,,Única,Faixa seccionada,,
2020-01-08 00:00:00,17:18:00,SEM VÍTIMA,FINALIZADA,CASA FORTE,AV DEZESSETE DE AGOSTO,,RUA PIAUI,AO LADO DO CENTRO MÉDICO SEN JOSE ERMIRIO DE MORRES,CASA FORTE,251,CIDADE,CHOQUE OBJETO FIXO,CAMINHÃO CHOCOU-SE COM O SEMÁFORO,,,,,,,1,,,0,,Bom,Sem defeito,Perfeito estado,Seca,Perfeito estado,Faixa de pedestre,R-6a,,Dupla,Faixa seccionada,,
2020-01-08 00:00:00,17:27:00,SEM VÍTIMA,FINALIZADA,BOA VIAGEM,RUA AMALIA BERNARDINO DE SOUZA,286,,POR TRÁS DA FACULDADE MAURICIO DE NASSAU,BOA VIAGEM,,CIDADE,COLISÃO TRASEIRA,ENTRE DOIS AUTOS S/V,2,,,,,,,,,0,Longo da via,Bom,Sem defeito,Perfeito estado,Seca,Perfeito estado,Não existe,Não há placas,,Dupla,Não existe,,
2020-01-08 00:00:00,17:29:00,SEM VÍTIMA,FINALIZADA,AFOGADOS,RUA MOTOCOLOMBO,190,RUA FRANCISCO SILVEIRA,,AFOGADOS,,SUBURBIO,ABALROAMENTO LONGITUDINAL,COLISÃO SEM VÍTIMA,2,,,,,,,,,0,Cruzamento,Bom,Não existe,Não existente,Seca,Perfeito estado,Não existe,Não há placas,,Única,Faixa seccionada,,
2020-01-08 00:00:00,17:46:00,SEM VÍTIMA,FINALIZADA,SANTO ANTÔNIO,PRC DA REPUBLICA,,RUA IMPERADOR PEDRO SEGUNDO,,SANTO ANTÔNIO,278,,ABALROAMENTO TRANSVERSAL,ENTRE ONIBUS X AUTO PASSEIO S/V,1,,,,,1,,,,0,Cruzamento,Bom,Sem defeito,Perfeito estado,Seca,Perfeito estado,,Outras,,Única,Faixa contínua,Faixa seccionada,
2020-01-08 00:00:00,17:58:00,SEM VÍTIMA,FINALIZADA,DERBY,AV GOVERNADOR AGAMENON MAGALHAES,,,AO LADO DO CLUBE PORTUGUÊS,DERBY,173,,COLISÃO TRASEIRA,COLISÃO SEM VÍTIMA,3,,,,,,,,,0,Longo da via,Bom,Sem defeito,Perfeito estado,Seca,Perfeito estado,,Não há placas,60 km/h,Única,Faixa contínua,,
2020-01-08 00:00:00,18:28:00,SEM VÍTIMA,CANCELADA,CAXANGÁ,AV CAXANGA,,,SOBRE PONTE DA CAXANGA/ LADO OPOSTO A INTEGRAÇÃO DA CAXANGA,CAXANGÁ,,,COLISÃO,ENTRE DOIS AUTOS S/V,2,,,,,,,,,0,,,,,,,,,,,,,
2020-01-08 00:00:00,18:37:00,SEM VÍTIMA,FINALIZADA,IPUTINGA,AV LUIZ DE LACERDA,260,RUA PROFESSOR MUSSA HAZIN,EM FRENTE AO COLÉGIO DESAFIO,IPUTINGA,,SUBURBIO,ABALROAMENTO LONGITUDINAL,ENTRE DOIS AUTOS S/V,2,,,,,,,,,0,Longo da via,Bom,Não existe,Perfeito estado,Seca,Perfeito estado,Não existe,R-6a,,Única,Faixa seccionada,,
2020-01-08 00:00:00,19:00:00,SEM VÍTIMA,FINALIZADA,ILHA DO RETIRO,PRC DA BANDEIRA,,,EM FRENTEAO SPORT CLUB DO RECIFE,ILHA DO RETIRO,,CIDADE,ABALROAMENTO LONGITUDINAL,COLISAO SEM VITIMAS,2,,,,,,,,,0,,Bom,Não existe,Perfeito estado,Seca,Perfeito estado,Não existe,R-6a,30 km/h,Única,Não existe,,
2020-01-08 00:00:00,22:39:00,SEM VÍTIMA,FINALIZADA,BOA VIAGEM,RUA BRUNO VELOSO,392,,,BOA VIAGEM,338,SUBURBIO,COLISÃO TRASEIRA,COLISAO SEM VITIMAS,2,,,,,,,,,0,Longo da via,Bom,Sem defeito,Perfeito estado,Seca,Perfeito estado,Faixa de retenção,Outras,,Única,Faixa seccionada,,
2020-01-08 00:00:00,23:26:00,SEM VÍTIMA,FINALIZADA,ESPINHEIRO,AV JOAO DE BARROS,1314,,,ESPINHEIRO,338,SUBURBIO,COLISÃO TRASEIRA,COLISAO SEM VITIMAS,2,,,,,,,,,0,Longo da via,Bom,Intermitente,Perfeito estado,Seca,Perfeito estado,Faixa de pedestre,Não há placas,,Única,Faixa contínua,Faixa seccionada,
2020-01-09 00:00:00,01:24:00,COM VÍTIMA,FINALIZADA,ARRUDA,RUA MEM DE SA,,RUA PROFESSOR JERONIMO GUEIROS,AO LADO DA FÁBRICA COCA-COLA,ARRUDA,495,,ABALROAMENTO TRANSVERSAL,COLISÃO ENTRE DOIS AUTOS- S/V,2,,,,,,,,,1,Cruzamento,Bom,Sem defeito,Perfeito estado,Seca,Perfeito estado,Não existe,Não há placas,30 km/h,Dupla,Não existe,,
2020-01-09 00:00:00,07:14:00,COM VÍTIMA,FINALIZADA,IPSEP,RUA PINTOR ANTONIO ALBUQUERQUE,456,,EM FRENTE AO SMOEPE,IPSEP,,,ACID. DE PERCURSO,ACID. C/V,,1,,,,,,,,1,Longo da via,Chuvoso,Não existe,Perfeito estado,Molhada,Perfeito estado,Não existe,Não há placas,40 km/h,Dupla,Não existe,,
2020-01-09 00:00:00,07:59:00,SEM VÍTIMA,FINALIZADA,IBURA,AV ENGENHO SERRA VERDE,830,,MASTER PIZZA,IBURA,,CIDADE,COLISÃO TRASEIRA,COLISÃO SEM VITIMAS,1,,,,,,,,,0,Longo da via,Chuvoso,Não existe,Incompleta,Molhada,Perfeito estado,Não existe,Não há placas,40 km/h,Única,Não existe,,
2020-01-09 00:00:00,08:03:00,SEM VÍTIMA,FINALIZADA,CASA AMARELA,AV NORTE,5400,,EM FRENTE A ESCOLA MUNICIPAL ROZEMAR DE MACEDO LIMA,CASA AMARELA,,SUBURBIO,COLISÃO TRASEIRA,COLISAO S/ VITIMA. ENTRE DOIS VEICULOS. VT 08 - GM: RONALDO LUIZ E RICARDO NO LOCAL,2,,,,,,,,,0,Longo da via,Chuvoso,Não existe,Perfeito estado,Molhada,Perfeito estado,Não existe,Não há placas,,Dupla,Canteiro central,,
2020-01-09 00:00:00,08:28:00,COM VÍTIMA,FINALIZADA,PINA,AV HERCULANO BANDEIRA,544,,E/F JSA PNEUS,PINA,,SUBURBIO,COLISÃO TRASEIRA,COLISÃO C/VITIMA ENTRE DUAS MOTOS (GMC ADELMO FERREIRA E WEMERSON NO QTH),1,2,,,,,,,,1,Longo da via,Bom,Sem defeito,Perfeito estado,Seca,Perfeito estado,Não existe,Não há placas,60 km/h,Única,Faixa seccionada,,
2020-01-09 00:00:00,08:49:00,COM VÍTIMA,FINALIZADA,SAN MARTIN,AV ENGENHEIRO ABDIAS DE CARVALHO,3010,,AO  LADO  DA CHESF,SAN MARTIN,,CIDADE,COLISÃO TRASEIRA,COLISÃO C/ VITIMA  GM LUANA QTH,1,1,,,,,,,,1,Longo da via,Bom,Não existe,Perfeito estado,Seca,Perfeito estado,Não existe,,,Dupla,Canteiro central,,
2020-01-09 00:00:00,09:06:00,SEM VÍTIMA,CANCELADA,GRAÇAS,RUA ALBERTO PAIVA,114,,EM FRENTE A PRAÇA ELVIRA DE SOUZA,GRAÇAS,,,COLISÃO,DOIS AUTOS,2,,,,,,,,,0,,,,,,,,,,,,,
2020-01-09 00:00:00,09:34:00,SEM VÍTIMA,FINALIZADA,IMBIRIBEIRA,RUA ITACARI,162,RUA ITAJAI,YNOVE DRYWALL,IMBIRIBEIRA,,SUBURBIO,ABALROAMENTO LONGITUDINAL,DOIS AUTOS,2,,,,,,,,,0,Cruzamento,Bom,Não existe,Perfeito estado,Seca,Perfeito estado,Faixa de pedestre,Placas Pare,30 km/h,Única,Faixa seccionada,,
2020-01-09 00:00:00,11:10:00,SEM VÍTIMA,FINALIZADA,AFOGADOS,RUA SAO MIGUEL,,RUA SANTOS ARAUJO,,AFOGADOS,333,SUBURBIO,COLISÃO TRASEIRA,CAMINHÃO E VT-PM,1,,,,,,1,,1,0,Cruzamento,Bom,Sem defeito,Perfeito estado,Seca,Perfeito estado,Faixa de pedestre,Outras,60 km/h,Dupla,Faixa contínua,,
2020-01-09 00:00:00,11:18:00,SEM VÍTIMA,CANCELADA,SOLEDADE,AV JOAO DE BARROS,819,,EM FRENTE AO BANCO SANTANDER,SOLEDADE,,CIDADE,COLISÃO,COLISÃO SEM VITIMAS,2,,,,,,,,,0,,,,,,,,,,,,,
2020-01-09 00:00:00,11:53:00,SEM VÍTIMA,FINALIZADA,CORDEIRO,AV ENGENHEIRO ABDIAS DE CARVALHO,,AV GENERAL SAN MARTIN,SOB O SEMÁFORO Nº 058,CORDEIRO,58,CIDADE,ABALROAMENTO LONGITUDINAL,COLISAO S/ VITIMA ENTRE VEICULO PARTICULAR E UMA VIATURA DA POLICIA.,1,,,,,,,,1,0,Cruzamento,Bom,Sem defeito,Perfeito estado,Seca,Perfeito estado,Faixa de pedestre,Não há placas,,Dupla,Canteiro central,,
2020-01-09 00:00:00,12:19:00,SEM VÍTIMA,FINALIZADA,IPSEP,AV RECIFE,2240,,,IPSEP,,,COLISÃO TRASEIRA,SEM VITIMA,3,,,,,,,,,0,Longo da via,Bom,Sem defeito,Incompleta,Seca,Perfeito estado,Não existe,Outras,60 km/h,Dupla,Canteiro central,,
2020-01-09 00:00:00,12:42:00,SEM VÍTIMA,CANCELADA,CASA AMARELA,RUA VISCONDE DE TAUNAY,286,RUA XAVANTES,E/F A GALERIA,CASA AMARELA,,,COLISÃO,,2,,,,,,,,,0,,,,,,,,,,,,,
2020-01-09 00:00:00,13:25:00,COM VÍTIMA,FINALIZADA,IMBIRIBEIRA,AV MARECHAL MASCARENHAS DE MORAES,4861,,FAC. SAUDE,IMBIRIBEIRA,,CIDADE,COLISÃO TRASEIRA,COLISÃO COM VITIMA...BOMBEIRO NO LOCAL,1,1,,,,,,,,2,Longo da via,Bom,Sem defeito,Perfeito estado,Seca,Perfeito estado,Não existe,Outras,60 km/h,Dupla,Canteiro central,,
2020-01-09 00:00:00,13:56:00,SEM VÍTIMA,FINALIZADA,MADALENA,RUA JOAO IVO DA SILVA,,AV ENGENHEIRO ABDIAS DE CARVALHO,PRÓXIMO DO HABIBS,MADALENA,,,COLISÃO TRASEIRA,COLISÃO SEM VITIMA,1,,,,,,1,,,0,Longo da via,Bom,Sem defeito,Perfeito estado,Seca,Perfeito estado,Agente,Não há placas,,Dupla,Canal,,
2020-01-09 00:00:00,16:12:00,SEM VÍTIMA,FINALIZADA,ESPINHEIRO,RUA CONS PORTELA,,RUA QUARENTA E OITO,FARMÁCIA PAGUE MENOS,ESPINHEIRO,11,CIDADE,ABALROAMENTO LONGITUDINAL,COLISAO ENTRE DOIS AUTOS S/V VT 18 NO LOCAL,2,,,,,,,,,0,Cruzamento,Bom,Sem defeito,Perfeito estado,Seca,Perfeito estado,Faixa de pedestre,R-6a,,Única,Faixa contínua,,
2020-01-09 00:00:00,16:31:00,SEM VÍTIMA,FINALIZADA,TORRE,RUA REAL DA TORRE,1288,,CONSUL ZELIA MACEDO,TORRE,,CIDADE,CHOQUE OBJETO FIXO,CAMINÃO CHOCOU-SE COM UM POSTE DE ILUMINAÇÃO,,,,,,,1,,,0,Longo da via,Bom,Sem defeito,Perfeito estado,Seca,Perfeito estado,Outros,Outras,60 km/h,Única,Faixa seccionada,,