data,hora,natureza,situacao,bairro,endereco,numero,detalhe_endereco_acidente,complemento,bairro_cruzamento,num_semaforo,sentido_via,tipo,auto,moto,ciclom,ciclista,pedestre,onibus,caminhao,viatura,outros,vitimas,vitimasfatais,acidente_verificado,tempo_clima,situacao_semaforo,sinalizacao,condicao_via,conservacao_via,ponto_controle,situacao_placa,velocidade_max_via,mao_direcao,divisao_via1,divisao_via2,divisao_via3
2020-01-09 00:00:00,16:39:00,SEM VÍTIMA,FINALIZADA,TORRE,RUA CONDE DE IRAJA,494,,LENDS CLUB TABULEIRA,TORRE,,SUBURBIO,ABALROAMENTO LONGITUDINAL,COLISAO ENTRE ONIBUS E AUTO S/V,1,,,,,1,,,,0,Longo da via,Bom,Não existe,Perfeito estado,Seca,Perfeito estado,Não existe,R-6a,,Única,Faixa seccionada,,
2020-01-09 00:00:00,17:25:00,SEM VÍTIMA,FINALIZADA,IPSEP,AV RECIFE,,AV DOM HELDER CAMARA,,IPSEP,55,,ABALROAMENTO TRANSVERSAL,COLISÃO SEM VÍTIMA,2,,,,,,,,,0,Cruzamento,Bom,Sem defeito,Perfeito estado,Seca,Perfeito estado,Faixa de pedestre,,60 km/h,Dupla,Faixa contínua,Canteiro central,
2020-01-09 00:00:00,17:30:00,COM VÍTIMA,FINALIZADA,BOA VISTA,AV GOVERNADOR AGAMENON MAGALHAES,,,E/F AO COLEGIO AMERICANO BATISTA NO SEMAFORO 037 S/T OLINDA,BOA VISTA,37,OLINDA,ABALROAMENTO LONGITUDINAL,COLISAO ENTRE DUAS MOTO COM UM VITIMA,,2,,,,,,,,1,Longo da via,Bom,Sem defeito,Perfeito estado,Seca,Perfeito estado,,,60 km/h,Dupla,Canal,,
2020-01-09 00:00:00,17:36:00,SEM VÍTIMA,FINALIZADA,CASA FORTE,AV DEZESSETE DE AGOSTO,1248,RUA JACO VELOSINO,FARMÁCIA DROGASIL,CASA FORTE,,,COLISÃO FRONTAL,COLISÃO SEM VÍTIMA,2,,,,,,,,,0,Longo da via,Bom,Não existe,Perfeito estado,Seca,Perfeito estado,Não existe,Outras,,Dupla,Faixa seccionada,,
2020-01-09 00:00:00,17:43:00,SEM VÍTIMA,FINALIZADA,CAMPO GRANDE,EST DE BELEM,,RUA VOLUNTARIOS DA PATRIA,PRÓXIMO A CHURRASCARIA O JARDIM,CAMPO GRANDE,,SUBURBIO,COLISÃO TRASEIRA,COLISAO ENTRE DOIS AUTOS S/V,2,,,,,,,,,0,,Bom,Não existe,Perfeito estado,Seca,Perfeito estado,Não existe,R-6a,,Dupla,Faixa seccionada,,
2020-01-09 00:00:00,18:11:00,SEM VÍTIMA,FINALIZADA,CASA AMARELA,AV DR EURICO CHAVES,667,,FRENTE IGREJA NOSSA SRA DE LOURDES,CASA AMARELA,,SUBURBIO,COLISÃO TRASEIRA,ENTRE DOIS AUTOS S/V,2,,,,,,,,,0,Longo da via,Bom,Não existe,Perfeito estado,Seca,Perfeito estado,,Outras,,Dupla,Não existe,,
2020-01-09 00:00:00,18:28:00,SEM VÍTIMA,FINALIZADA,SÃO JOSÉ,RUA FLORIANO PEIXOTO,205,,CASA DA CULTURA,SÃO JOSÉ,,SUBURBIO,CHOQUE VEÍCULO PARADO,COLISAO SEM VITINAS,1,,,,,1,,,,0,Longo da via,Bom,Não existe,Perfeito estado,Seca,Perfeito estado,Não existe,Não há placas,,Única,Faixa seccionada,,
2020-01-09 00:00:00,18:34:00,SEM VÍTIMA,FINALIZADA,AREIAS,AV DR JOSE RUFINO,1454,,FARMÁCIA DROGASIL,AREIAS,44,,ABALROAMENTO LONGITUDINAL,CAMINHÃO X AUTO PASSEIO S/V,1,,,,,,1,,,0,Longo da via,Bom,Sem defeito,Perfeito estado,Seca,Perfeito estado,Faixa de pedestre,,60 km/h,Dupla,Faixa seccionada,,
2020-01-09 00:00:00,19:07:00,SEM VÍTIMA,FINALIZADA,IMBIRIBEIRA,AV MARECHAL MASCARENHAS DE MORAES,6211,,POSTE DE ILUMINAÇÃO PÚBLICA B 029297 - PRÓXIMO INFRAERO,IMBIRIBEIRA,,SUBURBIO,COLISÃO TRASEIRA,ENTRE MOTO X AUTO PASSEIO S/V,1,1,,,,,,,,0,Longo da via,Bom,Não existe,Perfeito estado,Seca,Mal conservada,Não existe,Não há placas,,Dupla,Faixa seccionada,Canteiro central,
2020-01-09 00:00:00,19:12:00,COM VÍTIMA,FINALIZADA,ESTÂNCIA,AV RECIFE,5606,,AO LADO DO LABORATORIO CERPE/ PROX A ENTRADA DE SAN MARTINS,ESTÂNCIA,,CEASA,ABALROAMENTO LONGITUDINAL,COLISAO COM VITIMAS,1,1,,,,,,,,1,Longo da via,Bom,Não existe,Perfeito estado,Seca,Perfeito estado,Não existe,Não há placas,60 km/h,Dupla,Canteiro central,,
2020-01-09 00:00:00,20:06:00,COM VÍTIMA,CANCELADA,ÁGUA FRIA,AV BEBERIBE,,RUA DR PEREIRA DA SILVA,E/F A CLINICA OFTALMO30,ÁGUA FRIA,,,COLISÃO,AUTO PASSEIO X MOTO COM VÍTIMA,1,1,,,,,,,,1,,,,,,,,,,,,,
2020-01-09 00:00:00,20:34:00,COM VÍTIMA,FINALIZADA,AFOGADOS,RUA SAO MIGUEL,,EST DOS REMEDIOS,PROX A FARMACIA DO TRABALHADOR,AFOGADOS,,SUBURBIO,CHOQUE OBJETO FIXO,MOTO X AUTO PASSEIO COM VÍTIMA,,1,,,,,,,,1,Longo da via,Bom,Sem defeito,Perfeito estado,Seca,Perfeito estado,Não existe,Não há placas,,Dupla,Faixa contínua,,
2020-01-09 00:00:00,20:57:00,SEM VÍTIMA,FINALIZADA,BOA VIAGEM,RUA FRANCISCO DA CUNHA,187,RUA PROFESSOR EDUARDO WANDERLEY FILHO,EDIFÍCIO PUERTO VALENCIA,BOA VIAGEM,,,ABALROAMENTO TRANSVERSAL,COLISAO SEM VITIMAS,2,,,,,,,,,0,Cruzamento,Bom,,Perfeito estado,Seca,Perfeito estado,Faixa de retenção,Placas Pare,,Única,,,
2020-01-09 00:00:00,21:11:00,SEM VÍTIMA,FINALIZADA,TORRE,RUA DOM MANOEL DA COSTA,87,RUA BELARMINO CARNEIRO,,TORRE,,SUBURBIO,ABALROAMENTO LONGITUDINAL,ENTRE CAMINHÃO X AUTO PASSEIO S/V,1,,,,,,1,,,0,Cruzamento,Bom,Não existe,Incompleta,Seca,Mal conservada,Não existe,R-6a,40 km/h,Única,Faixa seccionada,,
2020-01-09 00:00:00,21:58:00,SEM VÍTIMA,FINALIZADA,CAMPO GRANDE,RUA PROFESSOR FRANCISCO DA TRINDADE,290,,,CAMPO GRANDE,,SUBURBIO,ABALROAMENTO TRANSVERSAL,ENTRE AUTO PASSEIO X MOTO S/V,1,1,,,,,,,,0,Longo da via,Bom,Não existe,Perfeito estado,Seca,Perfeito estado,Não existe,Não há placas,,Dupla,Faixa seccionada,,
2020-01-09 00:00:00,22:59:00,COM VÍTIMA,FINALIZADA,BOA VIAGEM,RUA VISCONDE DE JEQUITINHONHA,2938,,E/F AO CONDOMINIO VIA FARINI,BOA VIAGEM,,SUBURBIO,ABALROAMENTO LONGITUDINAL,MOTO X AUTO PASSEIO COM VÍTIMA,1,1,,,,,,,,1,Longo da via,Bom,Não existe,Perfeito estado,Seca,Perfeito estado,Não existe,Outras,60 km/h,Dupla,Faixa seccionada,,
2020-01-10 00:00:00,03:03:00,COM VÍTIMA,FINALIZADA,AFOGADOS,PTE DO MOTOCOLOMBO,,,PRÓX A ESTAÇÃO LARGO DA PAZ,AFOGADOS,,CIDADE,ABALROAMENTO LONGITUDINAL,COLISÃO ENTRE AUTO E MOTO- COM VÍTIMA,1,1,,,,,,,,1,Ponte,Bom,Não existe,Perfeito estado,Seca,Perfeito estado,Não existe,Não há placas,,Dupla,,,
2020-01-10 00:00:00,09:02:00,SEM VÍTIMA,FINALIZADA,BOA VISTA,RUA DR JOSE MARIANO,817,,EM FRENTE AO Nº 817,BOA VISTA,209,SUBURBIO,COLISÃO TRASEIRA,SEM VITIMAS,2,,,,,,,,,0,Longo da via,Bom,Sem defeito,Perfeito estado,Seca,Perfeito estado,Não existe,,,,,,
2020-01-10 00:00:00,09:16:00,SEM VÍTIMA,FINALIZADA,PARNAMIRIM,RUA ALBINO MEIRA,152,,AO LADO DO PÃO DE AÇUCAR,PARNAMIRIM,,SUBURBIO,ABALROAMENTO LONGITUDINAL,DOIS AUTOS,2,,,,,,,,,0,Longo da via,Bom,Não existe,Perfeito estado,Seca,Perfeito estado,Não existe,R-6a,,Única,Não existe,,
2020-01-10 00:00:00,09:56:00,SEM VÍTIMA,FINALIZADA,CAMPO GRANDE,RUA MANUEL DE BARROS LIMA,86,,,CAMPO GRANDE,,SUBURBIO,ABALROAMENTO LONGITUDINAL,SEM VITIMAS,2,,,,,,,,,0,Longo da via,Bom,Não existe,Ilegível,Seca,Perfeito estado,Não existe,Outras,30 km/h,Dupla,Não existe,,
2020-01-10 00:00:00,10:23:00,SEM VÍTIMA,CANCELADA,CORDEIRO,RUA DR JOAO LACERDA,,,EM FRENTE AO RESTAURANTE REI DA  CHARQUE,CORDEIRO,,,COLISÃO,COLISÃO SEM VITIMAS,1,,,,,,1,,,0,,,,,,,,,,,,,
2020-01-10 00:00:00,10:37:00,COM VÍTIMA,FINALIZADA,BOA VISTA,AV GOVERNADOR CARLOS DE LIMA CAVALCANTI,141,,E/F AO CLINICA LUCILO MARANHÃO,BOA VISTA,,SUBURBIO,ABALROAMENTO LONGITUDINAL,COLISÃO C/VITIMA ENTRE UMA MOTO E UM AUTO,1,1,,,,,,,,1,Longo da via,Bom,Não existe,Perfeito estado,Seca,Perfeito estado,Não existe,Outras,,Dupla,Canteiro central,,
2020-01-10 00:00:00,11:45:00,SEM VÍTIMA,FINALIZADA,IPUTINGA,RUA BARAO DE ITAPISSUMA,109,RUA LINDOIA DO NORTE,,IPUTINGA,,CIDADE,ABALROAMENTO TRANSVERSAL,SEM VITIMAS,2,,,,,,,,,0,,Bom,Não existe,Perfeito estado,Seca,Perfeito estado,Não existe,Não há placas,,Única,Faixa contínua,,
2020-01-10 00:00:00,11:52:00,SEM VÍTIMA,FINALIZADA,IMBIRIBEIRA,AV GENERAL MAC ARTHUR,1846,AV SUL,,IMBIRIBEIRA,,,ABALROAMENTO TRANSVERSAL,COLISÃO S/VITIMAS ENTRE DOIS AUTOS,2,,,,,,,,,0,Cruzamento,Bom,Não existe,Perfeito estado,Seca,Perfeito estado,Faixa de pedestre,Placas Pare,,Única,Faixa seccionada,,
2020-01-10 00:00:00,12:10:00,SEM VÍTIMA,FINALIZADA,IPSEP,RUA DR RAPOSO PINTO,130A,RUA LANDELINO CAMARA,MARVEL BURGUER,IPSEP,,CIDADE,ABALROAMENTO LONGITUDINAL,SEM VITIMAS,2,,,,,,,,,0,Cruzamento,Bom,Não existe,Perfeito estado,Seca,Perfeito estado,Faixa de retenção,Placas Pare,30 km/h,Dupla,Faixa contínua,,
2020-01-10 00:00:00,13:47:00,SEM VÍTIMA,FINALIZADA,VÁRZEA,AV JOAQUIM RIBEIRO,,,LADO OPOSTO A UPA DA CAXANGÁ,VÁRZEA,,CIDADE,COLISÃO TRASEIRA,COLISÃO SEM VITIMA,3,,,,,,,,,0,Viaduto,Bom,Não existe,Incompleta,Seca,Perfeito estado,Não existe,R-6a,,Dupla,Faixa contínua,Faixa seccionada,
2020-01-10 00:00:00,13:59:00,SEM VÍTIMA,FINALIZADA,AFOGADOS,RUA COSME VIANA,,,CHURRASCARIA BOI GRILL,AFOGADOS,430,SUBURBIO,ABALROAMENTO LONGITUDINAL,COLISÃO SEM VITIMA,2,,,,,,,,,0,Longo da via,Bom,Sem defeito,Perfeito estado,Seca,Perfeito estado,Faixa de pedestre,Outras,,Única,Faixa contínua,Faixa seccionada,
2020-01-10 00:00:00,13:59:00,SEM VÍTIMA,FINALIZADA,ILHA DO RETIRO,RUA SPORT CLUBE DO RECIFE,,,EM FRENTE AO SPORT CLUB DO RECIFE,ILHA DO RETIRO,,CIDADE,ABALROAMENTO LONGITUDINAL,COLISÃO SEM VITIMA,1,,,,,1,,,,0,Longo da via,Bom,Não existe,Perfeito estado,Seca,Perfeito estado,Não existe,R-6a,,Dupla,Canteiro central,,
2020-01-10 00:00:00,14:26:00,SEM VÍTIMA,FINALIZADA,BOA VIAGEM,AV FERNANDO SIMOES BARBOSA,1087,,CHURRASCARIA PAJUÇARA,BOA VIAGEM,,SUBURBIO,ABALROAMENTO TRANSVERSAL,COLISAO ENTRE DOIS AUTOS S/V,2,,,,,,,,,0,Longo da via,Bom,Não existe,Perfeito estado,Seca,Perfeito estado,Não existe,R-6a,,Única,Faixa seccionada,,
2020-01-10 00:00:00,14:32:00,SEM VÍTIMA,FINALIZADA,BOA VISTA,RUA PRINCESA IZABEL,96,,EM FRENTE AO Nº 96,BOA VISTA,167,CIDADE,COLISÃO TRASEIRA,COLISÃO SEM VÍTIMA,2,,,,,,,,,0,Longo da via,Bom,Sem defeito,Perfeito estado,Seca,Perfeito estado,Faixa de pedestre,R-6a,,Única,Faixa seccionada,,
2020-01-10 00:00:00,15:06:00,SEM VÍTIMA,FINALIZADA,PRADO,RUA GOMES TABORDA,982,,COMERCIAL SONHO MEU,PRADO,,SUBURBIO,ABALROAMENTO LONGITUDINAL,COLISÃO SEM VITIMA,1,,,,,1,,,,0,Longo da via,Bom,,,Seca,Perfeito estado,,,,Dupla,,,
2020-01-10 00:00:00,15:11:00,SEM VÍTIMA,DUPLICIDADE,PRADO,RUA GOMES TABORDA,982,,NO SEMAFORO 558,PRADO,,,COLISÃO,COLISAO ENTRE ONIBU E AUTOS S/V,1,,,,,1,,,,0,,,,,,,,,,,,,
2020-01-10 00:00:00,15:46:00,SEM VÍTIMA,CANCELADA,BOA VIAGEM,RUA SA E SOUZA,441,RUA BALTAZAR PASSOS,EM FRENTE A CULTURA INGLESA,BOA VIAGEM,,,COLISÃO,COLISÃO SEM VÍTIMA,2,,,,,,,,,0,,,,,,,,,,,,,
2020-01-10 00:00:00,15:57:00,COM VÍTIMA,FINALIZADA,MADALENA,RUA RICARDO SALAZAR,45,,PROX AO TUNEL DA ABOLIÇAO. EM FRENTE A CASA DE APOIO DO CANHOTINHO.,MADALENA,,SUBURBIO,ABALROAMENTO TRANSVERSAL,COLISAO ENTRE AUTO E MOTO COM UMA VITIMA,1,1,,,,,,,,1,Longo da via,Bom,Não existe,Perfeito estado,Seca,Perfeito estado,,Outras,,Dupla,Canal,,
2020-01-10 00:00:00,16:49:00,SEM VÍTIMA,FINALIZADA,SANTO AMARO,RUA TREZE DE MAIO,254,,SER EDUCACIONAL,SANTO AMARO,,SUBURBIO,ABALROAMENTO LONGITUDINAL,COLISÃO SEM VITIMA,2,,,,,,,,,0,Longo da via,Bom,Não existe,Perfeito estado,Seca,Perfeito estado,Não existe,Outras,30 km/h,Dupla,Faixa contínua,,
2020-01-10 00:00:00,17:08:00,SEM VÍTIMA,FINALIZADA,PRADO,AV ENGENHEIRO ABDIAS DE CARVALHO,2098,,POSTO BR,PRADO,,SUBURBIO,COLISÃO TRASEIRA,COLISÃO SEM VITIMA,2,,,,,,,,,0,Longo da via,Bom,Não existe,Perfeito estado,Seca,Perfeito estado,Não existe,Outras,,Dupla,Faixa contínua,Faixa seccionada,Canteiro central
2020-01-10 00:00:00,17:33:00,SEM VÍTIMA,FINALIZADA,CASA AMARELA,COR DO BARTOLOMEU,143,,CASA AMARELA EM FRENTE AO Nº 143,CASA AMARELA,,SUBURBIO,COLISÃO TRASEIRA,COLISAO ENTRE DOIS AUTOS S/V,2,,,,,,,,,0,Longo da via,Bom,Não existe,Perfeito estado,Seca,Perfeito estado,Não existe,Outras,,Dupla,Faixa seccionada,,
2020-01-10 00:00:00,17:35:00,COM VÍTIMA,CANCELADA,TEJIPIÓ,AV DR JOSE RUFINO,,,PROX. AO ARMAZEM CORAL,TEJIPIÓ,,CIDADE,ATROPELAMENTO,PEDESTRE E AUTO,,,,,1,,1,,,1,,,,,,,,,,,,,
2020-01-10 00:00:00,17:39:00,SEM VÍTIMA,FINALIZADA,CASA AMARELA,RUA PADRE LEMOS,785,AV NORTE,AO LADO DO POSTO DE COMBUSTÍVEL BR,CASA AMARELA,66,SUBURBIO,ABALROAMENTO LONGITUDINAL,COLISÃO SEM VÍTIMA,1,,,,,,1,,,0,Longo da via,Bom,Sem defeito,Ilegível,Seca,Mal conservada,Outros,R-6a,,Dupla,,,
2020-01-10 00:00:00,17:53:00,SEM VÍTIMA,FINALIZADA,ESTÂNCIA,AV RECIFE,5008,,LADO OPOSTO AO MAKRO,ESTÂNCIA,621,SUBURBIO,COLISÃO TRASEIRA,COLISÃO SEM VÍTIMA,1,,,,,,1,,,0,Longo da via,Bom,Sem defeito,Perfeito estado,Seca,Perfeito estado,Faixa de pedestre,Outras,,Dupla,Canteiro central,,
2020-01-10 00:00:00,18:10:00,SEM VÍTIMA,FINALIZADA,BOA VIAGEM,RUA VISCONDE DE JEQUITINHONHA,,AV ARMINDO MOURA,,BOA VIAGEM,258,,COLISÃO TRASEIRA,COLISAO SEM VITIMAS,2,,,,,,,,,0,Cruzamento,Bom,Sem defeito,Perfeito estado,Seca,Perfeito estado,Faixa de pedestre,Não há placas,60 km/h,Única,Faixa contínua,,
2020-01-10 00:00:00,18:15:00,SEM VÍTIMA,FINALIZADA,ÁGUA FRIA,RUA DA REGENERACAO,2202,,AO LADO DO POSTO DE COMBUSTÍVEL IPIRANGA,ÁGUA FRIA,622,SUBURBIO,ABALROAMENTO LONGITUDINAL,ENTRE AUTO E CAMINHÃO. S/V,1,,,,,,1,,,0,Longo da via,Bom,Sem defeito,Perfeito estado,Seca,Perfeito estado,,Não há placas,,Única,Faixa contínua,,
2020-01-10 00:00:00,18:37:00,SEM VÍTIMA,FINALIZADA,PINA,RUA BARAO DE SANTO ANGELO,150,,HOTEL LUZEIROS,PINA,,CIDADE,COLISÃO TRASEIRA,COLISAO SEM VITIMAS,2,,,,,,,,,0,Longo da via,Bom,Não existe,Perfeito estado,Seca,Perfeito estado,Não existe,R-6a,,Única,Faixa seccionada,,
2020-01-10 00:00:00,18:46:00,SEM VÍTIMA,FINALIZADA,BOA VIAGEM,RUA ERNESTO DE PAULA SANTOS,187,AV CONSELHEIRO AGUIAR,ACADEMIA SMART FIT,BOA VIAGEM,127,,ABALROAMENTO LONGITUDINAL,COLISAO SEM VITIMAS,2,,,,,,,,,0,Cruzamento,Bom,Sem defeito,Perfeito estado,Seca,Perfeito estado,Não existe,R-6a,,Única,Faixa seccionada,,
2020-01-10 00:00:00,19:10:00,SEM VÍTIMA,FINALIZADA,SANTO AMARO,AV CRUZ CABUGA,555,RUA DOIS DE JULHO,EM FRENTE AO NÚMERO 555 ( SHEKINA IGREJA MISSIONÁRIA),SANTO AMARO,,SUBURBIO,ABALROAMENTO LONGITUDINAL,COLISAO SEM VITIMAS,1,,,,,1,1,,,0,Longo da via,Bom,Não existe,Perfeito estado,Seca,Perfeito estado,Faixa de pedestre,R-6a,,Dupla,Faixa contínua,,
2020-01-10 00:00:00,18:59:00,COM VÍTIMA,FINALIZADA,AFOGADOS,RUA VINTE E UM DE ABRIL,1075,,E/F A PADARIA IPIRANGA / PRÓX A FÁBRICA DE CAFÉ PETINHO. KARMÉLIA CONFECÇÕES E CALÇADOS.,AFOGADOS,,SUBURBIO,ABALROAMENTO TRANSVERSAL,ENTRE AUTO E MOTO. C/V,1,1,,,,,,,,1,Longo da via,Bom,Não existe,Incompleta,Seca,Perfeito estado,Não existe,R-19,30 km/h,Dupla,Outros,,
2020-01-10 00:00:00,19:41:00,SEM VÍTIMA,FINALIZADA,PARNAMIRIM,RUA PADRE ROMA,273,RUA SEBASTIAO ALVES,E/F AO FAACA BUTECO,PARNAMIRIM,,SUBURBIO,ABALROAMENTO LONGITUDINAL,COLISAO SEM VITIMAS,2,,,,,,,,,0,Longo da via,Bom,Não existe,Perfeito estado,Seca,Perfeito estado,Não existe,Outras,,Única,Não existe,,
2020-01-10 00:00:00,19:38:00,SEM VÍTIMA,FINALIZADA,TAMARINEIRA,RUA EUCLIDES GOMES DE FREITAS,721,AV PROFESSOR JOSE DOS ANJOS,,TAMARINEIRA,,CIDADE,ABALROAMENTO LONGITUDINAL,ENTRE 2 AUTOS. S/V,2,,,,,,,,,0,,Bom,Não existe,Perfeito estado,Seca,Perfeito estado,Faixa de pedestre,Não há placas,,Única,Faixa seccionada,,
2020-01-10 00:00:00,19:48:00,SEM VÍTIMA,CANCELADA,BOA VISTA,AV CONDE DA BOA VISTA,1546,,E/F A POLITEC- SNT SUB/CID / PRÓX AO COPE,BOA VISTA,,,COLISÃO,ENTRE AUTO E ÕNIBUS. S/V,1,,,,,1,,,,0,,,,,,,,,,,,,
2020-01-10 00:00:00,20:12:00,SEM VÍTIMA,FINALIZADA,,PTE RAIMUNDO FARIAS,,AV GOVERNADOR AGAMENON MAGALHAES,,,37,CIDADE,ABALROAMENTO LONGITUDINAL,ENTRE 2 AUTOS. S/V,2,,,,,,,,,0,Cruzamento,Bom,Sem defeito,Perfeito estado,Seca,Perfeito estado,Faixa de pedestre,Não há placas,60 km/h,Dupla,Canal,,
2020-01-10 00:00:00,20:23:00,SEM VÍTIMA,FINALIZADA,IMBIRIBEIRA,AV GENERAL MAC ARTHUR,80,,LAFITTE GRAFICA E ESTAMPARIA,IMBIRIBEIRA,,SUBURBIO,COLISÃO TRASEIRA,COLISAO SEM VITIMAS,1,1,,,,,,,,0,Longo da via,Bom,,Perfeito estado,Seca,Perfeito estado,Não existe,Não há placas,,Única,Faixa seccionada,,
2020-01-10 00:00:00,20:35:00,SEM VÍTIMA,CANCELADA,JARDIM SÃO PAULO,AV LIBERDADE,389,,E/F A FARMÁCIA DISK REMÉDIOS E AO ( CENTRO DESPORTIVO E FISIOTERAPEUTICO) CDF,JARDIM SÃO PAULO,,,COLISÃO,ENTRE AUTO E MOTO. C/V,1,1,,,,,,,,0,,,,,,,,,,,,,
2020-01-10 00:00:00,21:00:00,SEM VÍTIMA,CANCELADA,LINHA DO TIRO,RUA URIEL DE HOLANDA,,,E/F A ESCOLA PADRE NERCIO RODRIGUES,LINHA DO TIRO,,,COLISÃO,ENTRE 2 AUTOS. S/V,2,,,,,,,,,0,,,,,,,,,,,,,
2020-01-11 00:00:00,00:25:00,SEM VÍTIMA,CANCELADA,MACAXEIRA,AV NORTE,,RUA BUJARU,PRÓX AO PARQUE URBANO DA MACAXEIRA,MACAXEIRA,424,,COLISÃO,COLISÃO ENTRE DOIS AUTOS- S/V,2,,,,,,,,,0,,,,,,,,,,,,,
2020-01-11 00:00:00,04:58:00,SEM VÍTIMA,FINALIZADA,BOA VIAGEM,RUA DEZ DE JULHO,,RUA WALDEMAR NERY CARNEIRO MONTEIRO,,BOA VIAGEM,573,CIDADE,ABALROAMENTO TRANSVERSAL,ENTRE 2 AUTOS. S/V,2,,,,,,,,,0,Cruzamento,Bom,Intermitente,Incompleta,Seca,Perfeito estado,Faixa de pedestre,Não há placas,,Única,Faixa seccionada,,
2020-01-11 00:00:00,06:16:00,COM VÍTIMA,FINALIZADA,TORRE,RUA REAL DA TORRE,1309,,APOS O ATACADO DOS PRESENTES  EM FRENTE A DROGARIA SÃO PAULO,TORRE,,SUBURBIO,CHOQUE OBJETO FIXO,CONDUTOR BATEU  CONTRA POSTE  VITIMA A ESPERA DO SAMU,1,,,,,,,,,1,Longo da via,Bom,Não existe,Perfeito estado,Seca,Perfeito estado,Não existe,R-6a,,Única,Faixa seccionada,,
2020-01-11 00:00:00,06:19:00,SEM VÍTIMA,FINALIZADA,MADALENA,AV ENGENHEIRO ABDIAS DE CARVALHO,,EST DOS REMEDIOS,SEMÁFORO Nº 052,MADALENA,52,CIDADE,COLISÃO TRASEIRA,COLISÃO SEM VITIMAS,2,,,,,,,,,0,Cruzamento,Bom,Sem defeito,Perfeito estado,Seca,Perfeito estado,Faixa de pedestre,R-6a,40 km/h,Dupla,Canteiro central,,
2020-01-11 00:00:00,07:29:00,COM VÍTIMA,FINALIZADA,ROSARINHO,AV NORTE,3287,,POSTO IPIRANGA,ROSARINHO,,CIDADE,ATROPELAMENTO,ATROPELAMENTO -COM UMA BICICLETA ELETRICA,,,,1,1,,,,,1,Longo da via,Bom,Sem defeito,Perfeito estado,Seca,Perfeito estado,Faixa de pedestre,Outras,,Única,Faixa seccionada,Canteiro central,
2020-01-11 00:00:00,09:52:00,SEM VÍTIMA,FINALIZADA,SANTO ANTÔNIO,RUA DO SOL,283,,EM FRENTE AO EDIFÍCIO AVENIDA GUARARAPES,SANTO ANTÔNIO,14,SUBURBIO,ABALROAMENTO LONGITUDINAL,CAMINHÃO E AUTO,2,,,,,,,,1,0,Longo da via,Bom,Sem defeito,Perfeito estado,Seca,Perfeito estado,Faixa de pedestre,R-6b,,Única,Faixa seccionada,,
2020-01-11 00:00:00,10:03:00,SEM VÍTIMA,FINALIZADA,TORRE,RUA DOM MANOEL DA COSTA,,RUA PADRE LANDIM,SOB O SEMÁFORO Nº 252,TORRE,252,,ABALROAMENTO TRANSVERSAL,COLISÃO SEM VITIMAS,2,,,,,,,,,0,Cruzamento,Bom,Sem defeito,Perfeito estado,Seca,Perfeito estado,Faixa de retenção,R-6a,,Única,Faixa seccionada,,
2020-01-11 00:00:00,10:08:00,SEM VÍTIMA,FINALIZADA,IPSEP,RUA DR RAPOSO PINTO,,RUA ADERBAL DE MELO,,IPSEP,,SUBURBIO,COLISÃO FRONTAL,SEM VITIMAS,1,,,,,1,,,,0,Cruzamento,Bom,Não existe,Incompleta,Seca,Perfeito estado,Não existe,Placas Pare,,Dupla,Não existe,,
2020-01-11 00:00:00,10:51:00,SEM VÍTIMA,FINALIZADA,BOA VIAGEM,RUA BARAO DE SOUZA LEAO,,AV DES JOSE NEVES,SUPERMERCADO TREVO,BOA VIAGEM,476,,COLISÃO TRASEIRA,COLISAO S/ VITIMA. CARRETA E UM VEICULO,1,,,,,,1,,1,0,Ponte,Bom,Sem defeito,Perfeito estado,Seca,Perfeito estado,Faixa de retenção,Outras,,Única,Faixa seccionada,,
2020-01-11 00:00:00,11:04:00,SEM VÍTIMA,FINALIZADA,ARRUDA,RUA SAO BENTO,204,,EM FRENTE AO Nº 204,ARRUDA,,,COLISÃO TRASEIRA,DOIS AUTOS,2,,,,,,,,,0,Longo da via,Bom,Não existe,Perfeito estado,Seca,Perfeito estado,Não existe,Não há placas,,Única,Faixa seccionada,,
2020-01-11 00:00:00,11:16:00,SEM VÍTIMA,FINALIZADA,NOVA DESCOBERTA,RUA CORREGO DO JOAQUIM,610,,,NOVA DESCOBERTA,,SUBURBIO,ABALROAMENTO LONGITUDINAL,ONIBUS E AUTO,1,,,,,1,,,,0,Longo da via,Bom,Não existe,Não existente,Seca,Mal conservada,Não existe,Não há placas,,Dupla,Não existe,,