data,hora,natureza,situacao,bairro,endereco,numero,detalhe_endereco_acidente,complemento,bairro_cruzamento,num_semaforo,sentido_via,tipo,auto,moto,ciclom,ciclista,pedestre,onibus,caminhao,viatura,outros,vitimas,vitimasfatais,acidente_verificado,tempo_clima,situacao_semaforo,sinalizacao,condicao_via,conservacao_via,ponto_controle,situacao_placa,velocidade_max_via,mao_direcao,divisao_via1,divisao_via2,divisao_via3
2020-01-15 00:00:00,10:33:00,SEM VÍTIMA,FINALIZADA,IPUTINGA,AV CAXANGA,3595,,EM FRENTE A ESCOLA FERNANDES VIEIRA- Nº 3595,IPUTINGA,229,CIDADE,COLISÃO TRASEIRA,SEM VITIMAS,2,,,,,,,,,0,Longo da via,Bom,Sem defeito,Perfeito estado,Seca,Perfeito estado,Não existe,Não há placas,,Dupla,Faixa seccionada,Canteiro central,
2020-01-15 00:00:00,10:38:00,SEM VÍTIMA,FINALIZADA,CORDEIRO,RUA GOMES TABORDA,951,,ARMAZEM SANTO ANDRE,CORDEIRO,,,COLISÃO TRASEIRA,SEM VITIMA. ENTRE TRES VEICULOS,3,,,,,,,,,0,Longo da via,Bom,Não existe,Ilegível,Seca,Perfeito estado,Não existe,Não há placas,,Dupla,Faixa seccionada,,
2020-01-15 00:00:00,10:47:00,SEM VÍTIMA,CANCELADA,AREIAS,RUA BARROS SOBRINHO,112,,PROX A HONDA CENTRO DE TREINAMENTO,AREIAS,,,COLISÃO,COLISAO S/ VITIMA ENTRE VEICULO PARTICULAR E CAMINHAO,1,,,,,,1,,,0,,,,,,,,,,,,,
2020-01-15 00:00:00,11:39:00,SEM VÍTIMA,FINALIZADA,IMBIRIBEIRA,AV MARECHAL MASCARENHAS DE MORAES,4815,,PARVI LOCADORA,IMBIRIBEIRA,,CIDADE,COLISÃO TRASEIRA,COLISAO S/ VITIMA. ENTRE DOIS VEICULOS,2,,,,,,,,,0,Longo da via,Bom,Não existe,Perfeito estado,Seca,Perfeito estado,Não existe,Não há placas,,Dupla,Canteiro central,,
2020-01-15 00:00:00,11:44:00,SEM VÍTIMA,CANCELADA,AFLITOS,AV RUI BARBOSA,1541,,EM FRENTE AO COLEGIO DAMAS,AFLITOS,,,COLISÃO,COLISAO S/ VITIMA.ENTRE DOIS VEICULOS,2,,,,,,,,,0,,,,,,,,,,,,,
2020-01-15 00:00:00,12:02:00,SEM VÍTIMA,FINALIZADA,ESPINHEIRO,AV GOVERNADOR AGAMENON MAGALHAES,,RUA JOSE LUIZ DA SILVEIRA BARROS,,ESPINHEIRO,,SUBURBIO,CHOQUE VEÍCULO PARADO,COLISÃO SEM VITIMA,2,,,,,,,,,0,,Bom,Não existe,Perfeito estado,Seca,Perfeito estado,Não existe,Outras,,Dupla,Faixa seccionada,,
2020-01-15 00:00:00,12:23:00,COM VÍTIMA,FINALIZADA,BOA VISTA,RUA DOM BOSCO,1183,AV CONDE DA BOA VISTA,ESQUINA DO POSTO DOM BOSCO,BOA VISTA,27,SUBURBIO,ABALROAMENTO TRANSVERSAL,COM VITIMA,1,1,,,,,,,,1,Cruzamento,Bom,Sem defeito,Perfeito estado,Seca,Perfeito estado,Faixa de pedestre,,40 km/h,,Faixa,,
2020-01-15 00:00:00,12:26:00,SEM VÍTIMA,CANCELADA,BOA VIAGEM,AV BOA VIAGEM,3722,,EM FRENTE AO ORLA BAR E RESTAURANTE,BOA VIAGEM,,,COLISÃO,COLISÃO SEM VÍTIMA,2,,,,,,,,,0,,,,,,,,,,,,,
2020-01-15 00:00:00,14:08:00,SEM VÍTIMA,FINALIZADA,BOA VIAGEM,RUA PROFESSOR JOAO MEDEIROS,533,,ED RENATO MEDEIROS,BOA VIAGEM,335,CIDADE,COLISÃO TRASEIRA,COLISÃO SEM VITIMA,1,1,,,,,,,,0,Longo da via,Bom,Sem defeito,Perfeito estado,Seca,Perfeito estado,Faixa de pedestre,Não há placas,,Única,Faixa seccionada,,
2020-01-15 00:00:00,14:19:00,COM VÍTIMA,FINALIZADA,AFOGADOS,RUA SAO MIGUEL,945,,EM FRENTE DO QUARTEL,AFOGADOS,,CIDADE,ABALROAMENTO TRANSVERSAL,COM VITIMA,2,,,,,,,,,1,Longo da via,Bom,Sem defeito,Incompleta,Seca,,Faixa de pedestre,Outras,,Dupla,Faixa,,
2020-01-15 00:00:00,15:48:00,SEM VÍTIMA,FINALIZADA,BRASÍLIA TEIMOSA,RUA ARABAIANA,,RUA ARTUR BERNARDES,,BRASÍLIA TEIMOSA,,,ABALROAMENTO TRANSVERSAL,COLISÃO SEM VÍTIMA,1,,,,,1,,,,0,,Bom,Não existe,Não existente,Seca,Perfeito estado,Não existe,Não há placas,,Única,Não existe,,
2020-01-15 00:00:00,15:55:00,COM VÍTIMA,FINALIZADA,MADALENA,AV JOSE GONCALVES DE MEDEIROS,118,,EM FRENTE A ENTRADA DO EXTRA,MADALENA,,SUBURBIO,ABALROAMENTO LONGITUDINAL,COLISÃO COM VÍTIMA,,2,,,,,,,,2,Longo da via,Bom,Sem defeito,Perfeito estado,Seca,Perfeito estado,Agente,Outras,,Dupla,Faixa contínua,Faixa seccionada,
2020-01-15 00:00:00,16:20:00,SEM VÍTIMA,FINALIZADA,GRAÇAS,AV RUI BARBOSA,370,,,GRAÇAS,,CIDADE,COLISÃO TRASEIRA,COLISÃO SEM VÍTIMA,1,,,,,,,,,0,Longo da via,Bom,Não existe,Perfeito estado,Seca,Perfeito estado,Não existe,R-6a,,Única,Faixa seccionada,,
2020-01-15 00:00:00,17:03:00,SEM VÍTIMA,FINALIZADA,IPSEP,AV RECIFE,,,EM FRENTE SÃO PAULO VEÍCULOS,IPSEP,,SUBURBIO,COLISÃO TRASEIRA,COLISÃO SEM VÍTIMA,2,,,,,,,,,0,Longo da via,Bom,Sem defeito,Perfeito estado,Seca,Perfeito estado,,Não há placas,60 km/h,Dupla,Faixa seccionada,Canteiro central,
2020-01-15 00:00:00,17:04:00,SEM VÍTIMA,FINALIZADA,ILHA DO RETIRO,RUA BENFICA,,,SAÍDA DO TÚNEL CHICO SCIENCE,ILHA DO RETIRO,,,ABALROAMENTO LONGITUDINAL,COLISÃO SEM VÍTIMA,1,,,,,,1,,,0,Longo da via,Bom,Não existe,Incompleta,Seca,Perfeito estado,Não existe,Outras,40 km/h,Única,Faixa seccionada,,
2020-01-15 00:00:00,17:33:00,SEM VÍTIMA,FINALIZADA,SANTO ANTÔNIO,RUA IMPERADOR PEDRO SEGUNDO,307,RUA MARQUES DO RECIFE,EM FRENTE AO EDIFÍCIO ARMANDO MONTEIRO FILHO,SANTO ANTÔNIO,,,ABALROAMENTO LONGITUDINAL,COLISÃO SEM VÍTIMA,,,,,,1,1,,,0,Longo da via,Bom,Não existe,Perfeito estado,Seca,Perfeito estado,Não existe,Outras,,Única,Faixa seccionada,,
2020-01-15 00:00:00,17:39:00,SEM VÍTIMA,FINALIZADA,VÁRZEA,RUA GASTAO VIDIGAL,,,EM FRENTE AO CALDINHO DO MARROM E A PARADA DE Nº 090278,VÁRZEA,281,SUBURBIO,ABALROAMENTO LONGITUDINAL,COLISÃO SEM VÍTIMA,1,,,,,1,,,,0,Longo da via,Bom,Sem defeito,Perfeito estado,Seca,Perfeito estado,Não existe,Não há placas,,Dupla,Faixa seccionada,,
2020-01-15 00:00:00,17:56:00,SEM VÍTIMA,FINALIZADA,IMBIRIBEIRA,AV MARECHAL MASCARENHAS DE MORAES,2728,,TAMBAÍ,IMBIRIBEIRA,161,SUBURBIO,COLISÃO TRASEIRA,ENTRE ONIBUS X AUTO PASSEIO S/V,1,,,,,1,,,,0,Longo da via,Bom,Sem defeito,Perfeito estado,Seca,Perfeito estado,Faixa de pedestre,Não há placas,,Dupla,Canteiro central,,
2020-01-15 00:00:00,18:18:00,SEM VÍTIMA,FINALIZADA,BOA VIAGEM,AVENIDA CELSO FURTADO (VIA MANGUE),,,,BOA VIAGEM,,SUBURBIO,ABALROAMENTO LONGITUDINAL,ENTRE DOIS AUTOS S/V,2,,,,,,,,,0,Longo da via,Bom,Não existe,Perfeito estado,Seca,Perfeito estado,Não existe,Não há placas,60 km/h,Dupla,Canteiro central,,
2020-01-15 00:00:00,18:34:00,SEM VÍTIMA,FINALIZADA,DOIS IRMÃOS,,,,PRÓXIMO AO HOTEL SENZALA,DOIS IRMÃOS,416,,ABALROAMENTO LONGITUDINAL,DOIS ONIX,2,,,,,,,,,0,Cruzamento,Bom,Sem defeito,Incompleta,,,Não existe,R-6a,,Dupla,Não existe,,
2020-01-15 00:00:00,18:58:00,SEM VÍTIMA,FINALIZADA,IMBIRIBEIRA,RUA ARQUITETO LUIZ NUNES,873,,,IMBIRIBEIRA,,SUBURBIO,ABALROAMENTO LONGITUDINAL,MOTO X COROLA,1,1,,,,,,,,0,Longo da via,Bom,Não existe,Perfeito estado,Seca,Perfeito estado,Não existe,Não há placas,40 km/h,Dupla,Faixa contínua,,
2020-01-15 00:00:00,19:13:00,SEM VÍTIMA,FINALIZADA,BOA VIAGEM,RUA DOS NAVEGANTES,74,RUA HENRIQUE CAPITULINO,EDF VIRGINIA WOOLF Nº 74,BOA VIAGEM,,SUBURBIO,ABALROAMENTO TRANSVERSAL,HONDA HRV X COROLA,2,,,,,,,,,0,Cruzamento,Bom,Não existe,Incompleta,Seca,Perfeito estado,Não existe,Placas Pare,,Única,Faixa seccionada,,
2020-01-15 00:00:00,19:31:00,COM VÍTIMA,FINALIZADA,VÁRZEA,RUA VALE DO SIRIJI,130,,ENF A FABRICA ESTUDIO ZERO,VÁRZEA,,SUBURBIO,ABALROAMENTO LONGITUDINAL,SANDERO X MOTO,1,1,,,,,,,,1,Longo da via,Bom,Não existe,Incompleta,Seca,Perfeito estado,Não existe,Não há placas,,Dupla,Faixa seccionada,,
2020-01-15 00:00:00,19:58:00,COM VÍTIMA,CANCELADA,BOA VIAGEM,RUA WALDEMAR NERY CARNEIRO MONTEIRO,,RUA CRUZEIRO DO FORTE,E/F A ESCOLA VILA APRENDIZ,BOA VIAGEM,,,COLISÃO,ENTRE AUTO PASSEIO X MOTO COM VÍTIMA,1,1,,,,,,,,1,,,,,,,,,,,,,
2020-01-15 00:00:00,20:09:00,SEM VÍTIMA,FINALIZADA,IMBIRIBEIRA,RUA JACI,120,AV GENERAL MAC ARTHUR,ART LED MAT ELÉTRICOS,IMBIRIBEIRA,,CIDADE,ABALROAMENTO LONGITUDINAL,ENTRE AUTO PASSEIO X ONIBUS S/V,1,,,,,1,,,,0,Cruzamento,Bom,Não existe,Perfeito estado,Seca,Perfeito estado,Outros,Placas Pare,,Única,Não existe,,
2020-01-15 00:00:00,22:43:00,COM VÍTIMA,FINALIZADA,BOA VIAGEM,RUA RIBEIRO DE BRITO,,RUA AMALIA BERNARDINO DE SOUZA,AO LADO DA UNISSAU/ PROX AO RESTAURANTE CARCARÁ,BOA VIAGEM,,CIDADE,ABALROAMENTO TRANSVERSAL,ENTRE AUTO PASSEIO X MOTO COM VÍTIMA,1,1,,,,,,,,2,Cruzamento,Bom,Não existe,Não existente,Seca,Perfeito estado,Não existe,Não há placas,,Única,Faixa seccionada,,
2020-01-15 00:00:00,22:45:00,SEM VÍTIMA,FINALIZADA,ILHA DO RETIRO,AV ENGENHEIRO ABDIAS DE CARVALHO,,RUA SENADOR FABIO DE BARROS,ENTRE AO POSTO IPIRANGA,ILHA DO RETIRO,355,SUBURBIO,ABALROAMENTO LONGITUDINAL,CELTA X AUTO,2,,,,,,,,,0,Longo da via,Bom,Sem defeito,Perfeito estado,Seca,Perfeito estado,,Não há placas,,Única,Faixa seccionada,,
2020-01-16 00:00:00,05:33:00,SEM VÍTIMA,CANCELADA,BOA VIAGEM,RUA DR GILSON MACHADO GUIMARAES,,AV ENGENHEIRO DOMINGOS FERREIRA,AO LADO DO EXTRA- FAIXA DA DIREITA,BOA VIAGEM,,380,COLISÃO,COLISÃO ENTRE DOIS CAMINHÕES S/V,,,,,,,2,,,0,,,,,,,,,,,,,
2020-01-16 00:00:00,06:45:00,SEM VÍTIMA,FINALIZADA,IPUTINGA,RUA PROFESSOR JULIO OLIVEIRA,7770,AV PROFESSOR JOAQUIM CAVALCANTI,,IPUTINGA,,,ABALROAMENTO LONGITUDINAL,SEM VITIMAS,1,,,,,1,,,,0,,Bom,Não existe,Perfeito estado,Seca,Perfeito estado,Faixa de retenção,Placas Pare,,Única,Não existe,,
2020-01-16 00:00:00,08:05:00,COM VÍTIMA,FINALIZADA,BOA VIAGEM,RUA CONEGO ROMEU,637,AV MARECHAL JUAREZ TAVORA,ARMAZEM ECOSEL,BOA VIAGEM,,CIDADE,ABALROAMENTO LONGITUDINAL,COLISAO COM VITIMA. ENTRE VEICULO E MOTO,1,1,,,,,,,,1,Longo da via,Bom,Não existe,Perfeito estado,Seca,Perfeito estado,Não existe,Não há placas,60 km/h,Dupla,Canal,,
2020-01-16 00:00:00,09:06:00,SEM VÍTIMA,FINALIZADA,BOA VIAGEM,RUA PETROLINA,,RUA CORONEL BENEDITO CHAVES,ANTIGO RECIFE MONTE HOTEL,BOA VIAGEM,,CIDADE,ABALROAMENTO LONGITUDINAL,COLISÃO S/VITIMAS ENTRE UM AUTO E UM CAMINHÃO,1,,,,,,1,,,0,Cruzamento,Bom,Não existe,Incompleta,Seca,Perfeito estado,Não existe,Não há placas,30 km/h,Única,Não existe,,
2020-01-16 00:00:00,09:06:00,SEM VÍTIMA,FINALIZADA,PRADO,RUA JOAO IVO DA SILVA,,,,PRADO,,SUBURBIO,ABALROAMENTO LONGITUDINAL,COLISAO S/ VITIMA. ENTRE VEICULO E MOTO,1,1,,,,,,,,0,Longo da via,Bom,Não existe,Perfeito estado,Seca,Perfeito estado,Não existe,Não há placas,,Única,Não existe,,
2020-01-16 00:00:00,09:09:00,SEM VÍTIMA,CANCELADA,AFOGADOS,RUA ERNESTO CAVALCANTI,104,,EM FRENTE A EMPRESA COMPLACAS,AFOGADOS,,,COLISÃO,SEM VITIMAS,1,,,,,,1,,,0,,,,,,,,,,,,,
2020-01-16 00:00:00,09:35:00,COM VÍTIMA,FINALIZADA,CAMPO GRANDE,RUA JERONIMO VILELA,725,,EM FRENTE AO BAR DO ZE E RESTAURANTE ESTAÇÃO DA TERRA,CAMPO GRANDE,341,SUBURBIO,COLISÃO COM CICLISTA,AUTO E PEDESTRE,1,,,1,,,,,,1,Longo da via,Bom,Sem defeito,Perfeito estado,Seca,Perfeito estado,Faixa de pedestre,Outras,,Dupla,Faixa contínua,,
2020-01-16 00:00:00,09:43:00,COM VÍTIMA,FINALIZADA,JOANA BEZERRA,RUA MIRANDOPOLIS,,,TERMINAL DE JOANA BEZERRA. VIA DE ACESSO AO TI. EM FRENTE A LILI MODAS.,JOANA BEZERRA,,CIDADE,ABALROAMENTO LONGITUDINAL,COLISAO COM VITIMA. ONIBUS E CARROÇA DA PREFEITURA,,,,,,1,,,1,1,Longo da via,Bom,Não existe,Perfeito estado,Seca,Perfeito estado,Não existe,R-6a,,Única,Não existe,,
2020-01-16 00:00:00,09:56:00,SEM VÍTIMA,FINALIZADA,CORDEIRO,AV ENGENHEIRO ABDIAS DE CARVALHO,,AV GENERAL SAN MARTIN,SOB O SEMÁFORO 058,CORDEIRO,58,SUBURBIO,COLISÃO FRONTAL,COLISAO S/ VITIMA. CARRO E MOTO./GM: ANDRE LUCENA NO QTH,1,1,,,,,,,,0,Longo da via,Bom,Sem defeito,Perfeito estado,Seca,Perfeito estado,Faixa de pedestre,Não há placas,,Dupla,Canteiro central,,
2020-01-16 00:00:00,10:10:00,SEM VÍTIMA,CANCELADA,IPSEP,AV RECIFE,2829,RUA ARISTIDES LOBO,EM FRENTE A BATERIAS HELIAR,IPSEP,616,CEASA,COLISÃO,SEM VITIMAS,2,,,,,,,,,0,,,,,,,,,,,,,
2020-01-16 00:00:00,10:20:00,SEM VÍTIMA,FINALIZADA,BONGI,AV ENGENHEIRO ABDIAS DE CARVALHO,,AV GENERAL SAN MARTIN,LADO OPOSTO FUNASE,BONGI,58,CIDADE,COLISÃO TRASEIRA,COLISÃO S/VITIMAS ENTRE DOIS AUTOS,2,,,,,,,,,0,Cruzamento,Bom,Sem defeito,Perfeito estado,Seca,Perfeito estado,Agente,Outras,,Única,Faixa seccionada,,
2020-01-16 00:00:00,10:52:00,SEM VÍTIMA,FINALIZADA,TORRÕES,AV BICENTENARIO DA REVOLUCAO FRANCESA,35,,,TORRÕES,,SUBURBIO,COLISÃO TRASEIRA,COLISAO S/ VITIMA. ENTRE CARRO E MOTO,1,1,,,,,,,,0,Longo da via,Bom,Não existe,Incompleta,Seca,Perfeito estado,Não existe,Não há placas,,Dupla,Não existe,,
2020-01-16 00:00:00,11:08:00,SEM VÍTIMA,FINALIZADA,MADALENA,RUA BENFICA,997,,EM FRENTE A BOSCH SERVICE,MADALENA,,CIDADE,ABALROAMENTO LONGITUDINAL,COLISÃO S/VITIMAS ENTRE DOIS AUTOS,2,,,,,,,,,0,Longo da via,Bom,Não existe,Perfeito estado,Seca,Perfeito estado,Não existe,R-6a,,Única,Não existe,,
2020-01-16 00:00:00,11:39:00,SEM VÍTIMA,FINALIZADA,MADALENA,AV VISCONDE DE ALBUQUERQUE,457,RUA BARTOLOMEU DE GUSMAO,PADARIA ENGENHO MADALENA,MADALENA,,SUBURBIO,ABALROAMENTO TRANSVERSAL,COLISAO S/ VITIMA. DOIS VEICULOS,2,,,,,,,,,0,Cruzamento,Bom,Não existe,Perfeito estado,Seca,Perfeito estado,Não existe,Placas Pare,,Única,Faixa contínua,Faixa seccionada,
2020-01-16 00:00:00,11:52:00,SEM VÍTIMA,FINALIZADA,BOMBA DO HEMETÉRIO,RUA PROFESSOR JOSE AMARINO DOS REIS,427,RUA CHA DE ALEGRIA,,BOMBA DO HEMETÉRIO,,SUBURBIO,CHOQUE VEÍCULO PARADO,COLISÃO S/VITIMAS ENTRE UM ONIBUS- UM AUTO E UMA MOTO,1,1,,,,1,,,,0,Cruzamento,Bom,Não existe,Perfeito estado,Seca,Perfeito estado,Outros,R-6a,,Dupla,Não existe,,
2020-01-16 00:00:00,12:39:00,COM VÍTIMA,FINALIZADA,TEJIPIÓ,AV DR JOSE RUFINO,248,,EM FRENTE AO CARTORIO DE TEJIPIO,TEJIPIÓ,411,SUBURBIO,ABALROAMENTO TRANSVERSAL,COLISÃO COM VITIMA,1,1,,,,,,,,1,Longo da via,Bom,Sem defeito,Perfeito estado,Seca,Perfeito estado,Faixa de pedestre,,,Dupla,,,
2020-01-16 00:00:00,13:16:00,SEM VÍTIMA,FINALIZADA,ILHA DO LEITE,RUA FRANCISCO ALVES,408,,HOSP. UNIMED - BEIRA RIO,ILHA DO LEITE,,SUBURBIO,COLISÃO TRASEIRA,COLISÃO SEM COLISÃO,2,,,,,,,,,0,Longo da via,Bom,Não existe,Perfeito estado,Seca,Perfeito estado,,,,Dupla,Faixa contínua,,
2020-01-16 00:00:00,13:36:00,SEM VÍTIMA,PENDENTE,MADALENA,RUA JOSE OSORIO,,,EM FRENTE AO RM EXPRESS,MADALENA,,,COLISÃO,COLISÃO SEM VÍTIMA,2,1,,,,,,,,0,,,,,,,,,,,,,
2020-01-16 00:00:00,13:36:00,SEM VÍTIMA,FINALIZADA,BOA VIAGEM,AV BOA VIAGEM,3114,,EM FRENTE AO HOTEL JANGADEIRO,BOA VIAGEM,555,CIDADE,COLISÃO TRASEIRA,COLISAO SEM VITIMAS,2,,,,,,,,,0,Longo da via,Bom,Sem defeito,Perfeito estado,Seca,Perfeito estado,Faixa de pedestre,Outras,,Única,Faixa contínua,Faixa seccionada,
2020-01-16 00:00:00,13:52:00,SEM VÍTIMA,FINALIZADA,ESTÂNCIA,RUA JOSE GOMES DE MOURA,816,,AO LADO DA CASA DO PORTA PALETES,ESTÂNCIA,,SUBURBIO,ABALROAMENTO LONGITUDINAL,COLISÃO SEM VITIMA,1,,,,,1,,,,0,Longo da via,Bom,Não existe,Incompleta,Seca,Perfeito estado,Não existe,Não há placas,,Única,Não existe,,
2020-01-16 00:00:00,14:31:00,SEM VÍTIMA,FINALIZADA,DERBY,AV GOVERNADOR AGAMENON MAGALHAES,,AV GOVERNADOR CARLOS DE LIMA CAVALCANTI,SEMÁFORO,DERBY,75,,COLISÃO TRASEIRA,COLISAO ENTRE TRES VEICULOS SEM VITIMAS,3,,,,,,,,,0,Cruzamento,Bom,Sem defeito,Perfeito estado,Seca,Perfeito estado,,,60 km/h,Dupla,Canal,,
2020-01-16 00:00:00,15:28:00,SEM VÍTIMA,FINALIZADA,VÁRZEA,AV JOAQUIM RIBEIRO,,,UPA CAXANGÁ,VÁRZEA,281,SUBURBIO,ABALROAMENTO LONGITUDINAL,COLISÃO SEM VITIMA,2,,,,,,,,,0,Longo da via,Bom,Sem defeito,Perfeito estado,Seca,Perfeito estado,Agente,Outras,,Dupla,Faixa contínua,Faixa seccionada,Canteiro central
2020-01-16 00:00:00,15:30:00,SEM VÍTIMA,FINALIZADA,ESPINHEIRO,RUA QUARENTA E OITO,97,,EM FRENTE AO Nº 97,ESPINHEIRO,,,COLISÃO TRASEIRA,COLISÃO SEM VÍTIMA,2,,,,,,,,,0,Longo da via,Bom,Não existe,Perfeito estado,Seca,Perfeito estado,Faixa de pedestre,Outras,,Única,Faixa contínua,,
2020-01-16 00:00:00,15:43:00,SEM VÍTIMA,FINALIZADA,,AV GOVERNADOR AGAMENON MAGALHAES,,,SOB O SEMÁFORO Nº 173- SENTIDO BOA VIAGEM,,173,,COLISÃO TRASEIRA,COLISÃO SEM VÍTIMA,2,,,,,,,,,0,Longo da via,Bom,Sem defeito,Perfeito estado,Seca,Perfeito estado,Faixa de pedestre,Não há placas,60 km/h,Dupla,Faixa contínua,,
2020-01-16 00:00:00,16:08:00,SEM VÍTIMA,FINALIZADA,IPUTINGA,RUA MINISTRO JOAO ALBERTO,,,AO LADO DO SHOPPING DOS COLCHÕES,IPUTINGA,231,SUBURBIO,COLISÃO TRASEIRA,COLISÃO SEM VITIMA,1,,,,,1,,,,0,Longo da via,Bom,Sem defeito,Incompleta,Seca,Perfeito estado,Faixa de pedestre,R-6a,,Única,Faixa contínua,,
2020-01-16 00:00:00,16:35:00,SEM VÍTIMA,FINALIZADA,BOA VIAGEM,AV CONSELHEIRO AGUIAR,4880,,EM FRENTE A GALERIA PRAIA SUL,BOA VIAGEM,,CIDADE,COLISÃO TRASEIRA,COLISAO SEM VITIMAS,3,,,,,,,,,0,Longo da via,Bom,Não existe,Perfeito estado,Seca,Perfeito estado,Não existe,Outras,60 km/h,Única,Faixa seccionada,,
2020-01-16 00:00:00,17:06:00,SEM VÍTIMA,FINALIZADA,ILHA DO LEITE,RUA SENADOR JOSE HENRIQUE,224,AV GOVERNADOR AGAMENON MAGALHAES,EM FRENTE AO RESIDENCIAL ISAAC NEWTON,ILHA DO LEITE,,SUBURBIO,COLISÃO TRASEIRA,COLISÃO SEM VITIMA,2,,,,,,,,,0,Longo da via,Bom,Não existe,Perfeito estado,Seca,Perfeito estado,Faixa de pedestre,R-6b,30 km/h,Única,Faixa seccionada,,
2020-01-16 00:00:00,17:08:00,SEM VÍTIMA,FINALIZADA,ESPINHEIRO,RUA DO ESPINHEIRO,,AV JOAO DE BARROS,,ESPINHEIRO,89,,COLISÃO TRASEIRA,AUTO X MOTO SEM VÍTIMA,1,1,,,,,,,,0,Longo da via,Bom,Sem defeito,Perfeito estado,Seca,Perfeito estado,Faixa de pedestre,Outras,,Única,Faixa contínua,,
2020-01-16 00:00:00,17:26:00,COM VÍTIMA,EQUIPE EM DESLOCAMENTO,MACAXEIRA,RUA CORONEL JOAO BATISTA DO REGO BARROS,,,EM FRENTE A ENTRADA DO PARQUE DA MACAXEIRA,MACAXEIRA,,CIDADE,ABALROAMENTO LONGITUDINAL,COLISÃO COM VITIMA,1,1,,,,,,,,1,Longo da via,Bom,Não existe,Perfeito estado,Seca,Perfeito estado,Não existe,Não há placas,,Dupla,Não existe,,
2020-01-16 00:00:00,17:31:00,SEM VÍTIMA,FINALIZADA,AFOGADOS,RUA SAO MIGUEL,41,EST DOS REMEDIOS,VIDRAÇARIA DIAMANTE LADO OPOSTO,AFOGADOS,53,SUBURBIO,ABALROAMENTO LONGITUDINAL,COLISÃO SEM VÍTIMA,1,,,,,,1,,,0,Longo da via,Bom,Sem defeito,Perfeito estado,Seca,Perfeito estado,Faixa de pedestre,Outras,,Dupla,Faixa seccionada,,
2020-01-16 00:00:00,18:12:00,SEM VÍTIMA,FINALIZADA,PRADO,EST DOS REMEDIOS,2056,AV ENGENHEIRO ABDIAS DE CARVALHO,BOB´S,PRADO,52,CIDADE,COLISÃO TRASEIRA,ONIX X PRISMA,2,,,,,,,,,0,Longo da via,Bom,Sem defeito,Perfeito estado,Seca,Perfeito estado,Faixa de pedestre,Outras,,Única,Faixa contínua,Faixa seccionada,
2020-01-16 00:00:00,18:50:00,COM VÍTIMA,FINALIZADA,PINA,AVENIDA CELSO FURTADO (VIA MANGUE),,,SNT BOA VIAGEM / AO LADO DO CAMPO DA AVIAÇÃO / APÓS O RIO MAR,PINA,,CIDADE,CHOQUE OBJETO FIXO,AUTO ACABOU SE CHOCANDO COM O POSTE- LOGO EM SEGUIDA SEM CONTROLE ALGUM- ACABOU COLIDINDO CONTRA O CANTEIRO. C/V.,1,,,,,,,,,1,Longo da via,Bom,Não existe,Ilegível,Seca,Mal iluminada,Não existe,Não há placas,60 km/h,Dupla,Canteiro central,,
2020-01-16 00:00:00,20:23:00,SEM VÍTIMA,CANCELADA,CAMPO GRANDE,EST DE BELEM,,RUA GONCALVES DIAS,SEMÁFORO 458,CAMPO GRANDE,,,COLISÃO,TRATOR X AUTO PASSEIO. S/V,2,,,,,,,,,0,,,,,,,,,,,,,
2020-01-17 00:00:00,00:32:00,SEM VÍTIMA,FINALIZADA,BOA VIAGEM,RUA VISCONDE DE JEQUITINHONHA,,,AO LADO DO RECIFE FLAT HOTEL,BOA VIAGEM,,SUBURBIO,CHOQUE VEÍCULO PARADO,CONDUTOR PERDEU O CONTROLE DO SEU VEÍCULO E ACABOU COLIDINDO CONTRA AUTO ESTACIONADO. S/V,2,,,,,,,,,0,Longo da via,Bom,Não existe,Perfeito estado,Seca,Perfeito estado,Não existe,Não há placas,,Única,Faixa contínua,,
2020-01-17 00:00:00,00:52:00,SEM VÍTIMA,CANCELADA,TORRÕES,AV ENGENHEIRO ABDIAS DE CARVALHO,,,EM FRENTE A BLT,TORRÕES,,,COLISÃO,COLISÃO ENTRE DOIS AUTOS- S/V,2,,,,,,,,,0,,,,,,,,,,,,,
2020-01-17 00:00:00,01:01:00,SEM VÍTIMA,FINALIZADA,PINA,AV CONSELHEIRO AGUIAR,,RUA PEREIRA DA COSTA,,PINA,140,CIDADE,ABALROAMENTO TRANSVERSAL,ENTRE 2 AUTOS. S/V,2,,,,,,,,,0,Cruzamento,Bom,Intermitente,Perfeito estado,Seca,Perfeito estado,Faixa de pedestre,,,Única,Faixa seccionada,,