data,hora,natureza,situacao,bairro,endereco,numero,detalhe_endereco_acidente,complemento,bairro_cruzamento,num_semaforo,sentido_via,tipo,auto,moto,ciclom,ciclista,pedestre,onibus,caminhao,viatura,outros,vitimas,vitimasfatais,acidente_verificado,tempo_clima,situacao_semaforo,sinalizacao,condicao_via,conservacao_via,ponto_controle,situacao_placa,velocidade_max_via,mao_direcao,divisao_via1,divisao_via2,divisao_via3
2020-01-19 00:00:00,16:40:00,SEM VÍTIMA,FINALIZADA,ARRUDA,RUA SAO BENTO,84,,RESIDENCIAL SÃO BENTO,ARRUDA,,SUBURBIO,COLISÃO TRASEIRA,COLISÃO S/VITIMAS ENTRE DOIS AUTO,2,,,,,,,,,0,Longo da via,Bom,Não existe,Perfeito estado,Seca,Perfeito estado,,Outras,,Única,Faixa seccionada,,
2020-01-19 00:00:00,19:37:00,SEM VÍTIMA,CANCELADA,IPUTINGA,AV CAXANGA,,,AO LADO DO VIADUTO DA BR-101- E/F A CHEVROLET,IPUTINGA,,,COLISÃO,ENTRE DOIS AUTOS S/V,2,,,,,,,,,0,,,,,,,,,,,,,
2020-01-19 00:00:00,20:21:00,SEM VÍTIMA,FINALIZADA,SANTO ANTÔNIO,C SANTA RITA,,,POSTE DE ILUMINAÇÃO PÚBLICA BO 17446 ( POSTE LADO OPOSTO ),SANTO ANTÔNIO,571,CIDADE,ABALROAMENTO LONGITUDINAL,ONIBUS X AUTO PASSEIO S/V,1,,,,,1,,,,0,Longo da via,Bom,Sem defeito,Perfeito estado,Seca,Perfeito estado,Faixa de pedestre,Outras,,Única,Faixa contínua,Faixa seccionada,
2020-01-19 00:00:00,20:45:00,SEM VÍTIMA,FINALIZADA,TORREÃO,RUA DJALMA FARIAS,,RUA PADRE MIGUELINHO,,TORREÃO,,CIDADE,ABALROAMENTO TRANSVERSAL,ENTRE AUTO E MOTO. S/V,1,1,,,,,,,,0,Cruzamento,Bom,Não existe,Perfeito estado,Seca,Perfeito estado,Não existe,Placas Pare,,Dupla,Não existe,,
2020-01-19 00:00:00,20:53:00,COM VÍTIMA,FINALIZADA,CORDEIRO,AV CAXANGA,,,E/F A EXPOSIÇÃO DE ANIMAIS,CORDEIRO,235,SUBURBIO,COLISÃO TRASEIRA,AUTO PASSEIO X MOTO COM VÍTIMA,1,1,,,,,,,,1,Longo da via,Bom,Sem defeito,Perfeito estado,Seca,Perfeito estado,Faixa de pedestre,,,Dupla,Canteiro central,,
2020-01-19 00:00:00,21:06:00,SEM VÍTIMA,CANCELADA,CASA AMARELA,AV NORTE,,,E/F A MATERNIDADE BARROS LIMA,CASA AMARELA,,,COLISÃO,ENTRE 2 AUTOS. S/V,1,,,,,1,,,,0,,,,,,,,,,,,,
2020-01-19 00:00:00,21:41:00,COM VÍTIMA,CANCELADA,ESTÂNCIA,AV DR JOSE RUFINO,,,PRÓX AO COLÉGIO VISÃO E POSTO IPIRANGA / E/F AO POSTO PETROISA,ESTÂNCIA,,,COLISÃO,ENTRE AUTO E MOTO. C/V,1,1,,,,,,,,1,,,,,,,,,,,,,
2020-01-20 00:00:00,07:20:00,COM VÍTIMA,FINALIZADA,TORRE,RUA REAL DA TORRE,1201,,,TORRE,108,CIDADE,COLISÃO COM CICLISTA,COLISÃO COM UMA VITIMA AGUARDANDO SAMU,,1,,1,,,,,,1,Longo da via,Bom,Sem defeito,Perfeito estado,Seca,Perfeito estado,,Outras,50 km/h,Única,Faixa,,
2020-01-20 00:00:00,08:15:00,SEM VÍTIMA,CANCELADA,DERBY,AV GOVERNADOR AGAMENON MAGALHAES,241 A,RUA JORNALISTA PAULO BITTENCOURT,EM FRENTE AO CERPE,DERBY,,,COLISÃO,SEM VITIMAS,1,,,,,1,,,,0,,,,,,,,,,,,,
2020-01-20 00:00:00,08:24:00,SEM VÍTIMA,FINALIZADA,DERBY,AV GOVERNADOR AGAMENON MAGALHAES,,RUA JORNALISTA PAULO BITTENCOURT,AO LADO DO BRADESCO,DERBY,,CIDADE,ABALROAMENTO LONGITUDINAL,COLISÃO S/VITIMAS ENTRE UM AUTO E UM ONIBUS (V.T 05 NO QTH),1,,,,,1,,,,0,Cruzamento,Bom,Não existe,Perfeito estado,Seca,Perfeito estado,Faixa de pedestre,Placas Pare,30 km/h,Dupla,Faixa seccionada,,
2020-01-20 00:00:00,08:28:00,SEM VÍTIMA,FINALIZADA,ESPINHEIRO,RUA QUARENTA E OITO,,RUA CONS PORTELA,CRUZAMENTO DAS RUAS,ESPINHEIRO,11,,ABALROAMENTO LONGITUDINAL,SEM VITIMAS,1,,,,,1,,,,0,Longo da via,Bom,Sem defeito,Perfeito estado,Seca,Perfeito estado,Faixa de pedestre,,,Única,Faixa seccionada,,
2020-01-20 00:00:00,08:39:00,SEM VÍTIMA,FINALIZADA,IPSEP,AV RECIFE,,RUA JEAN EMILE FAVRE,EM FRENTE A PADARIA VILLA DO PÃO,IPSEP,130,,COLISÃO TRASEIRA,COLISÃO S/VITIMAS ENTRE TRES AUTOS,3,,,,,,,,,0,Longo da via,Bom,Sem defeito,Perfeito estado,Seca,Perfeito estado,,Não há placas,60 km/h,Dupla,Faixa contínua,Faixa seccionada,Canteiro central
2020-01-20 00:00:00,09:18:00,SEM VÍTIMA,FINALIZADA,GRAÇAS,RUA ANTONIO NOVAIS,50,,,GRAÇAS,,,ABALROAMENTO LONGITUDINAL,COLISÃO S/VITIMAS ENTRE UMA MOTO E UM AUTO,1,1,,,,,,,,0,Longo da via,Bom,Não existe,Perfeito estado,Seca,Perfeito estado,Não existe,Não há placas,,Única,Não existe,,
2020-01-20 00:00:00,09:30:00,COM VÍTIMA,FINALIZADA,CORDEIRO,AV GENERAL SAN MARTIN,,,EM FRENTE AO HOSPITAL GETULIO VARGAS,CORDEIRO,185,SUBURBIO,ATROPELAMENTO,COM UMA VITIMA AGUARDANDO SOCORRO/ VT 24 NO LOCAL,,1,,,1,,,,,1,Longo da via,Bom,Sem defeito,Perfeito estado,Seca,Perfeito estado,,,,Dupla,Faixa contínua,,
2020-01-20 00:00:00,09:35:00,SEM VÍTIMA,FINALIZADA,MADALENA,RUA JOSE MUCIO MONTEIRO,241,,,MADALENA,,,ABALROAMENTO LONGITUDINAL,COLISAO S/ VITIMA. DOIS VEICULOS,2,,,,,,,,,0,Longo da via,Bom,Não existe,Perfeito estado,Seca,Perfeito estado,Não existe,R-6a,,Única,Faixa seccionada,,
2020-01-20 00:00:00,10:09:00,SEM VÍTIMA,FINALIZADA,ESPINHEIRO,RUA CONS PORTELA,,RUA QUARENTA E OITO,PRÓX. AO SEMÁFORO 011,ESPINHEIRO,11,CIDADE,COLISÃO TRASEIRA,ONIBUS E AUTO GM RODRIGO NO QTH P.O,1,,,,,1,,,,0,Cruzamento,Bom,Sem defeito,Perfeito estado,Seca,Perfeito estado,Agente,Outras,40 km/h,Única,,,
2020-01-20 00:00:00,10:11:00,SEM VÍTIMA,FINALIZADA,CORDEIRO,RUA TAMBORIL,18,RUA TIJUCAS,RESTAURANTE JOÃO DA CARNE DE SOL,CORDEIRO,,CIDADE,COLISÃO FRONTAL,COLISÃO S/VITIMAS ENTRE DOIS AUTOS,1,,,,,1,,,,0,,Bom,Não existe,Perfeito estado,Seca,Perfeito estado,,Placas Pare,,Dupla,Não existe,,
2020-01-20 00:00:00,10:18:00,SEM VÍTIMA,FINALIZADA,IMBIRIBEIRA,AV MARECHAL MASCARENHAS DE MORAES,6211,,JUSTÇA FEDERAL ( EDIFÍCIO SEDE II),IMBIRIBEIRA,625,SUBURBIO,COLISÃO TRASEIRA,SEM VITIMAS,2,,,,,,,,,0,Longo da via,Bom,Sem defeito,Perfeito estado,Seca,Perfeito estado,Faixa de pedestre,Não há placas,60 km/h,Dupla,Canteiro central,,
2020-01-20 00:00:00,10:43:00,SEM VÍTIMA,FINALIZADA,JORDÃO,RUA DR ANDRADE LYRA,10,,EM FRENTE AO Nº 10,JORDÃO,,CIDADE,COLISÃO TRASEIRA,COLISAO S/ VITIMA. VEICULO E COMBI,2,,,,,,,,,0,Longo da via,Bom,Não existe,Perfeito estado,Seca,Perfeito estado,Não existe,,30 km/h,Única,Não existe,,
2020-01-20 00:00:00,10:34:00,SEM VÍTIMA,FINALIZADA,MADALENA,RUA JOAO IVO DA SILVA,,,DENTRO DO TÚNEL DA ABOLIÇÃO,MADALENA,,SUBURBIO,ABALROAMENTO LONGITUDINAL,COLISÃO SEM VITIMAS,1,,,,,1,,,,0,Longo da via,Bom,Não existe,Perfeito estado,Seca,Perfeito estado,Não existe,Não há placas,,Única,,,
2020-01-20 00:00:00,11:42:00,COM VÍTIMA,FINALIZADA,BOA VIAGEM,AV CONSELHEIRO AGUIAR,,RUA ERNESTO DE PAULA SANTOS,HABIB'S.,BOA VIAGEM,127,CIDADE,ABALROAMENTO LONGITUDINAL,AUTO E MOTO,1,1,,,,,,,,1,Cruzamento,Bom,Sem defeito,Perfeito estado,Seca,Perfeito estado,Faixa de pedestre,Não há placas,60 km/h,Única,Faixa seccionada,,
2020-01-20 00:00:00,11:59:00,SEM VÍTIMA,FINALIZADA,BOA VISTA,AV GOVERNADOR AGAMENON MAGALHAES,,,AO LADO DO COLEGIO AMERICANO BATISTA,BOA VISTA,,,COLISÃO TRASEIRA,COLISAO S/ VITIMA. ENTRE DOIS VEICULOS. GM: ERIVAN SILVA E LEILA. PONTO FIXO NO LOCAL,2,,,,,,,,,0,Longo da via,Bom,Sem defeito,Perfeito estado,Seca,Perfeito estado,Outros,Outras,60 km/h,Dupla,Canteiro central,,
2020-01-20 00:00:00,12:26:00,SEM VÍTIMA,FINALIZADA,IMBIRIBEIRA,AV MARECHAL MASCARENHAS DE MORAES,4861,,FACULDADE FPS,IMBIRIBEIRA,630,SUBURBIO,COLISÃO TRASEIRA,COLISÃO SEM VÍTIMA,2,,,,,,,,,0,Longo da via,Bom,Não existe,Perfeito estado,Seca,Perfeito estado,Não existe,Não há placas,60 km/h,Dupla,Canteiro central,,
2020-01-20 00:00:00,12:26:00,SEM VÍTIMA,FINALIZADA,CAMPO GRANDE,RUA ODORICO MENDES,,AV GOVERNADOR AGAMENON MAGALHAES,LADO OPOSTO AO INSTITUTO CRIMINALÍSTICO CICS,CAMPO GRANDE,49,SUBURBIO,ABALROAMENTO TRANSVERSAL,COISAO SEM VITIMAS,1,1,,,,,,,,0,Cruzamento,Bom,Sem defeito,Perfeito estado,Seca,Perfeito estado,Faixa de pedestre,R-4a,60 km/h,Dupla,Faixa seccionada,Canteiro central,
2020-01-20 00:00:00,13:10:00,SEM VÍTIMA,FINALIZADA,DOIS IRMÃOS,RUA DOM MANOEL DA COSTA,,,E/F A UNIVERSIDADE RURAL DE PERNABUCO,DOIS IRMÃOS,,,COLISÃO,COLISAO SEM VITIMAS,1,,,,,1,,,,0,,,,,,,,,,,,,
2020-01-20 00:00:00,13:17:00,SEM VÍTIMA,FINALIZADA,MADALENA,AV VISCONDE DE ALBUQUERQUE,123,RUA LOPES DE CARVALHO,,MADALENA,,SUBURBIO,ABALROAMENTO TRANSVERSAL,COLISÃO SEM VÍTIMA,2,,,,,,,,,0,Cruzamento,Bom,Não existe,Perfeito estado,Seca,Perfeito estado,Não existe,Placas Pare,,Única,Faixa seccionada,,
2020-01-20 00:00:00,13:26:00,SEM VÍTIMA,FINALIZADA,BOA VIAGEM,AV ENGENHEIRO DOMINGOS FERREIRA,,,E/F AO SUPERMECADO EXTRA,BOA VIAGEM,,SUBURBIO,COLISÃO TRASEIRA,COLISAO SEM VITIMAS,2,,,,,,,,,0,Longo da via,Bom,Sem defeito,Perfeito estado,Seca,Perfeito estado,Faixa de pedestre,Não há placas,60 km/h,Dupla,Canteiro central,,
2020-01-20 00:00:00,13:34:00,COM VÍTIMA,FINALIZADA,BOA VIAGEM,AV ENGENHEIRO DOMINGOS FERREIRA,,RUA ERNESTO DE PAULA SANTOS,E/F A ACADEMIA SMAT FIT,BOA VIAGEM,217,SUBURBIO,ABALROAMENTO LONGITUDINAL,COLISAO COM VITIMAS,2,,,,,,,,,1,Cruzamento,Bom,Sem defeito,Perfeito estado,Seca,Perfeito estado,Faixa de pedestre,R-6a,60 km/h,Única,Faixa seccionada,,
2020-01-20 00:00:00,13:48:00,SEM VÍTIMA,FINALIZADA,JORDÃO,AV MARIA IRENE,837,,MADEREIRA SÃO JOSE,JORDÃO,,CIDADE,COLISÃO TRASEIRA,COLISÃO SEM VÍTIMA,1,,,,,1,,,,0,Longo da via,Bom,Não existe,Ilegível,Seca,Mal conservada,Não existe,Outras,60 km/h,Dupla,Faixa contínua,,
2020-01-20 00:00:00,14:19:00,SEM VÍTIMA,FINALIZADA,ENCRUZILHADA,AV NORTE,,AV JOAO DE BARROS,LADO OPOSTO AO BANCO SANTANDER,ENCRUZILHADA,43,SUBURBIO,COLISÃO TRASEIRA,ENTRE DOIS AUTOS S/V,1,,,,,,1,,,0,Longo da via,Bom,Sem defeito,Perfeito estado,Seca,Perfeito estado,Agente,,60 km/h,Dupla,Canteiro central,,
2020-01-20 00:00:00,14:27:00,SEM VÍTIMA,FINALIZADA,BOA VISTA,AV MANOEL BORBA,166,RUA GERVASIO PIRES,EM FRENTE A CASA LUX ÓTICA,BOA VISTA,169,SUBURBIO,ABALROAMENTO LONGITUDINAL,ONIBUS X MOTO S/V,,,1,,,1,,,,0,Cruzamento,Bom,Sem defeito,Perfeito estado,Seca,Perfeito estado,Faixa de pedestre,R-6a,,Única,Faixa seccionada,,
2020-01-20 00:00:00,14:40:00,SEM VÍTIMA,FINALIZADA,SANTO AMARO,RUA TREZE DE MAIO,1030,,LADO OPOSTO A OFICINA BOY CAR,SANTO AMARO,36,SUBURBIO,COLISÃO TRASEIRA,ENTRE DOIS AUTOS S/V,2,,,,,,,,,0,Longo da via,Bom,Sem defeito,Perfeito estado,Seca,Perfeito estado,,R-6a,,Dupla,Faixa contínua,,
2020-01-20 00:00:00,15:42:00,SEM VÍTIMA,FINALIZADA,BOA VISTA,RUA DR LEOPOLDO LINS,237,,EM FRENTE AO Nº 237,BOA VISTA,78,SUBURBIO,COLISÃO TRASEIRA,AUTO PASSEIO X MOTO S/V,1,1,,,,,,,,0,Longo da via,Bom,Sem defeito,Perfeito estado,Seca,Perfeito estado,Faixa de pedestre,R-6a,,Única,Não existe,,
2020-01-20 00:00:00,16:15:00,COM VÍTIMA,FINALIZADA,DERBY,AV GOVERNADOR AGAMENON MAGALHAES,,,NA FAIXA DE PEDESTRE DA PRAÇA DO DERBY SENTIDO BOA VIAGEM,DERBY,75,BOA VIAGEM,ATROPELAMENTO,ATROPELAMENTO ENTRE AUTO E PEDESTRE,1,,,,1,,,,,1,Cruzamento,Bom,Sem defeito,Perfeito estado,Seca,Perfeito estado,Faixa de pedestre,,60 km/h,Única,Faixa seccionada,,
2020-01-20 00:00:00,16:20:00,SEM VÍTIMA,FINALIZADA,DERBY,PRC DO DERBY,,,APÓS O SEMÁFORO 040,DERBY,,CIDADE,COLISÃO TRASEIRA,COLISÃO SEM VÍTIMA,2,,,,,,,,,0,Longo da via,Bom,Sem defeito,Perfeito estado,Seca,Perfeito estado,Não existe,,50 km/h,Dupla,Canteiro central,,
2020-01-20 00:00:00,16:34:00,SEM VÍTIMA,FINALIZADA,BOA VIAGEM,RUA ANTONIO VICENTE,258,,,BOA VIAGEM,,SUBURBIO,ABALROAMENTO LONGITUDINAL,COLISÃO SEM VÍTIMA,2,,,,,,,,,0,Longo da via,Bom,Não existe,Perfeito estado,Seca,Perfeito estado,Não existe,Placas Pare,,Dupla,Faixa seccionada,,
2020-01-20 00:00:00,16:56:00,SEM VÍTIMA,FINALIZADA,CURADO,RUA MINISTRO MARIO ANDREAZZA,,AV PREFEITO ANTONIO PEREIRA,POSTE B 067125,CURADO,,,ABALROAMENTO TRANSVERSAL,ENTRE ONIBUS X AUTO PASSEIO,1,,,,,1,,,,0,Longo da via,Bom,Não existe,Não existente,Seca,Mal conservada,Não existe,Não há placas,,Dupla,Não existe,,
2020-01-20 00:00:00,16:57:00,SEM VÍTIMA,FINALIZADA,VÁRZEA,AV AFONSO OLINDENSE,,,PADARIA CAXANGÁ,VÁRZEA,638,SUBURBIO,COLISÃO TRASEIRA,COLISAO SEM VITIMAS,1,1,,,,,,,,0,Longo da via,Bom,Sem defeito,Perfeito estado,Seca,Perfeito estado,,,,,,,
2020-01-20 00:00:00,17:05:00,SEM VÍTIMA,FINALIZADA,MANGABEIRA,AV NORTE,,,EM FRENTE AO SEMÁFORO Nº 096,MANGABEIRA,96,SUBURBIO,COLISÃO TRASEIRA,COLISAO SEM VITIMAS,2,,,,,,,,,0,Longo da via,Bom,Sem defeito,Perfeito estado,Seca,Perfeito estado,Faixa de pedestre,Outras,,Dupla,Canteiro central,,
2020-01-20 00:00:00,17:34:00,SEM VÍTIMA,FINALIZADA,BOA VIAGEM,RUA MARQUES DE VALENCA,,,,BOA VIAGEM,,,ABALROAMENTO TRANSVERSAL,ENTRE DOIS AUTOS S/V,2,,,,,,,,,0,Cruzamento,Bom,Não existe,Perfeito estado,Seca,Perfeito estado,Faixa de retenção,R-6a,,Dupla,Faixa seccionada,,
2020-01-20 00:00:00,17:49:00,SEM VÍTIMA,FINALIZADA,SANTO ANTÔNIO,PRC DA REPUBLICA,,RUA IMPERADOR PEDRO SEGUNDO,AO LADO DA SECRETARIA DA FAZENDA,SANTO ANTÔNIO,278,CIDADE,ABALROAMENTO LONGITUDINAL,COLISAO SEM VITIMAS,1,,,,,1,,,,0,Longo da via,Bom,Sem defeito,Perfeito estado,Seca,Perfeito estado,Faixa de pedestre,R-6a,30 km/h,Única,Faixa contínua,,
2020-01-20 00:00:00,18:34:00,COM VÍTIMA,FINALIZADA,IMBIRIBEIRA,AV PINHEIROS,886,,PROX AO POSTO IPIRANGA/ PROX A GRILO FLORES,IMBIRIBEIRA,,SUBURBIO,COLISÃO FRONTAL,ENTRE AUTO PASSEIO X MOTO COM VITIMA,1,1,,,,,,,,1,Longo da via,Bom,Não existe,Perfeito estado,Seca,Perfeito estado,Não existe,Não há placas,,Dupla,Não existe,,
2020-01-20 00:00:00,18:39:00,SEM VÍTIMA,FINALIZADA,DOIS UNIDOS,AV HILDEBRANDO DE VASCONCELOS,4A,,EM FRENTE A ESCOLA DR FRANCISCO DE QUEIROZ,DOIS UNIDOS,,SUBURBIO,ABALROAMENTO LONGITUDINAL,SIENA X PALIO OBS: OS DOPIS VEICULOS ESTA COM EIXO QUEBRADOS,2,,,,,,,,,0,Longo da via,Bom,Não existe,Perfeito estado,Seca,Perfeito estado,Não existe,Não há placas,,Dupla,Faixa seccionada,,
2020-01-20 00:00:00,19:21:00,SEM VÍTIMA,CANCELADA,TORRÕES,AV INACIO MONTEIRO,1601,RUA DR MIGUEL VIEIRA FERREIRA,ENF A ESCOLA PASTOR MUNGUBA SOBRINHO,TORRÕES,,,COLISÃO,FIAT TORO X ONIX,2,,,,,,,,,0,,,,,,,,,,,,,
2020-01-20 00:00:00,19:31:00,SEM VÍTIMA,FINALIZADA,JOANA BEZERRA,VIADUTO CAPITAO TEMUDO,,RUA DOM PAULO II,ANTES ALÇA ACESSO AFOGADOS,JOANA BEZERRA,,SUBURBIO,ABALROAMENTO LONGITUDINAL,CAMINHAO X RENEGADE,1,,,,,,1,,,0,Viaduto,Bom,Não existe,Perfeito estado,Seca,Perfeito estado,Não existe,Outras,,Dupla,,,
2020-01-21 00:00:00,06:57:00,SEM VÍTIMA,FINALIZADA,JORDÃO,RUA BOANERGES PEREIRA,07B,,GRÁFICA EDX,JORDÃO,,CIDADE,ABALROAMENTO LONGITUDINAL,COLISÃO S/VITIMAS ENTRE UM CAMINHÃO E UM MICROONIBUS,,,,,,1,,,,0,Longo da via,Bom,Não existe,Perfeito estado,Seca,Perfeito estado,Não existe,Não há placas,30 km/h,Dupla,Não existe,,
2020-01-21 00:00:00,08:18:00,SEM VÍTIMA,FINALIZADA,IPSEP,RUA BLUMENAU,374,RUA IRAPUA,,IPSEP,,SUBURBIO,ABALROAMENTO LONGITUDINAL,COLISÃO S/VITIMAS ENTEE DOIS AUTOS,2,,,,,,,,,0,Cruzamento,Bom,Sem defeito,Perfeito estado,Seca,Perfeito estado,Não existe,Não há placas,,Única,Não existe,,
2020-01-21 00:00:00,08:18:00,SEM VÍTIMA,FINALIZADA,DERBY,AV GOVERNADOR AGAMENON MAGALHAES,,,LADO OPOSTO AO HOSPITAL DA RESTAURAÇÃO,DERBY,174,,COLISÃO TRASEIRA,COLISAO S/ VITIMA. ONIBUS E VEICULO. GM: EVERTON SILVA E EVANDRO RAMOS- PONTO FIXO NO LOCAL,1,,,,,1,,,,0,Longo da via,Bom,Sem defeito,Perfeito estado,Seca,Perfeito estado,Agente,Outras,60 km/h,Única,Faixa seccionada,,
2020-01-21 00:00:00,08:29:00,SEM VÍTIMA,CANCELADA,VÁRZEA,RUA BERNARDIM RIBEIRO,112,,PROX. AO POSTO DE SAUDE,VÁRZEA,,,COLISÃO,DOIS AUTOS,2,,,,,,,,,0,,,,,,,,,,,,,
2020-01-21 00:00:00,08:33:00,SEM VÍTIMA,FINALIZADA,CABANGA,RUA COMANDANTE ANTONIO MANHAES DE MATTOS,472,,EM FRENTE A COMPESA UNIDADE CABANGA,CABANGA,,,COLISÃO TRASEIRA,COLISAO S/ VITIMA. DOIS VEICULOS,2,,,,,,,,,0,Longo da via,Bom,Não existe,Perfeito estado,Seca,Perfeito estado,Não existe,Não há placas,,Única,Faixa seccionada,,
2020-01-21 00:00:00,08:39:00,COM VÍTIMA,FINALIZADA,CAMPO GRANDE,AV GOVERNADOR AGAMENON MAGALHAES,,,E/F A ANTIGA FÁBRICA TACARUNA (SENT. CIDADADE),CAMPO GRANDE,,CIDADE,ATROPELAMENTO,ATROPELAMENTO ENVOLVENDO 3 VITIMAS,1,,,,3,,,,,3,Longo da via,Bom,Não existe,Não existente,Seca,Mal conservada,Não existe,Não há placas,60 km/h,Única,Não existe,,
2020-01-21 00:00:00,08:55:00,SEM VÍTIMA,FINALIZADA,CASA AMARELA,AV NORTE,4861,RUA ARNOLDO MAGALHAES,,CASA AMARELA,,CIDADE,ABALROAMENTO LONGITUDINAL,AUTO E CAMINHAO / VT 8 NO QTH,1,,,,,,1,,,0,,Bom,Não existe,Perfeito estado,Seca,Perfeito estado,Não existe,Placas Pare,,Dupla,Canteiro central,,
2020-01-21 00:00:00,09:36:00,SEM VÍTIMA,FINALIZADA,BAIRRO DO RECIFE,RUA MADRE DEUS,,,EM FRENTE AO SHOPPING PAÇO ALFÂNDEGA,BAIRRO DO RECIFE,,SUBURBIO,COLISÃO TRASEIRA,COLISÃO S/VITIMAS ENTRE UMA VAN E UM AUTO,1,,,,,1,,,,0,Longo da via,Bom,Não existe,Perfeito estado,Seca,Perfeito estado,Faixa de pedestre,Placas Dê a preferência,30 km/h,Única,Não existe,,
2020-01-21 00:00:00,09:45:00,COM VÍTIMA,FINALIZADA,IPSEP,RUA ITACARI,369,RUA CACHOEIRA,VAGNER JOSE GAS NATURAL,IPSEP,,SUBURBIO,ABALROAMENTO TRANSVERSAL,COLISAO COM VITIMA. ENTRE VEICULO E MOTO,1,1,,,,,,,,1,Cruzamento,Bom,Não existe,Incompleta,Seca,Perfeito estado,Não existe,Não há placas,30 km/h,Única,Faixa seccionada,,
2020-01-21 00:00:00,10:04:00,SEM VÍTIMA,FINALIZADA,GRAÇAS,RUA AMELIA,372,,GRAÇAS CENTER,GRAÇAS,177,CIDADE,COLISÃO TRASEIRA,COLISÃO S/VITIMAS ENTRE DOIS AUTOS,2,,,,,,,,,0,Longo da via,Bom,Sem defeito,Perfeito estado,Seca,Perfeito estado,Faixa de pedestre,R-6a,40 km/h,Única,Faixa contínua,,
2020-01-21 00:00:00,10:24:00,SEM VÍTIMA,FINALIZADA,BOA VIAGEM,AV CONSELHEIRO AGUIAR,1748,,EM FRENTE AO EMPRESARIAL ITALO BRASIL RENDA,BOA VIAGEM,,CIDADE,ABALROAMENTO LONGITUDINAL,AUTO E CAMINHÃO,1,,,,,,1,,,0,Longo da via,Bom,Não existe,Perfeito estado,Seca,Perfeito estado,Não existe,Não há placas,60 km/h,Única,Faixa seccionada,,
2020-01-21 00:00:00,12:20:00,SEM VÍTIMA,FINALIZADA,BOA VIAGEM,AV HERCULANO BANDEIRA,949,,EM FRENTE A JBS,BOA VIAGEM,,SUBURBIO,COLISÃO TRASEIRA,ENTRE TRÊS AUTOS S/V,3,,,,,,,,,0,Longo da via,Bom,Sem defeito,Perfeito estado,Seca,Perfeito estado,Agente,Não há placas,60 km/h,Única,Faixa seccionada,,
2020-01-21 00:00:00,12:36:00,SEM VÍTIMA,FINALIZADA,ÁGUA FRIA,AV BEBERIBE,,,EM FRENTE A LOJA MI,ÁGUA FRIA,405,,ABALROAMENTO LONGITUDINAL,COLISÃO SEM VÍTIMA,1,,,,,,1,,,0,Longo da via,Bom,Sem defeito,Perfeito estado,Seca,Perfeito estado,Não existe,,,Única,Não existe,,
2020-01-21 00:00:00,12:56:00,SEM VÍTIMA,FINALIZADA,ARRUDA,RUA DAS MOCAS,859,RUA ZEFERINO AGRA,CACULE COMEDORIA,ARRUDA,,SUBURBIO,ABALROAMENTO TRANSVERSAL,ENTRE DOIS AUTOS S/V,2,,,,,,,,,0,Cruzamento,Bom,Não existe,Perfeito estado,Seca,Perfeito estado,Faixa de pedestre,Placas Pare,30 km/h,Dupla,Faixa seccionada,,
2020-01-21 00:00:00,13:33:00,SEM VÍTIMA,FINALIZADA,MADALENA,RUA RODOLFO RANGEL MOREIRA,48,,PRÓX. PONTO TÁXI,MADALENA,,,COLISÃO TRASEIRA,COLISÃO SEM VITIMA,3,,,,,,,,,0,Longo da via,Bom,Não existe,Não existente,Seca,,Não existe,Outras,,Única,Não existe,,
2020-01-21 00:00:00,13:40:00,SEM VÍTIMA,FINALIZADA,BOA VIAGEM,RUA PROFESSOR ARNALDO CARNEIRO LEAO,,RUA PADRE CARAPUCEIRO,,BOA VIAGEM,321,SUBURBIO,ABALROAMENTO LONGITUDINAL,COLISÃO SEM VITIMA,1,1,,,,,,,,0,Cruzamento,Bom,Sem defeito,Perfeito estado,Seca,Perfeito estado,Faixa de pedestre,R-6a,60 km/h,Única,Faixa contínua,Faixa seccionada,
2020-01-21 00:00:00,14:11:00,SEM VÍTIMA,CANCELADA,IMBIRIBEIRA,AV MARECHAL MASCARENHAS DE MORAES,2671,,EM FRENTE AO CENTER AÇO/ SENTIDO CIDADE,IMBIRIBEIRA,,,COLISÃO,COLISÃO SEM VÍTIMA,2,,,,,,,,,0,,,,,,,,,,,,,