data,hora,natureza,situacao,bairro,endereco,numero,detalhe_endereco_acidente,complemento,bairro_cruzamento,num_semaforo,sentido_via,tipo,auto,moto,ciclom,ciclista,pedestre,onibus,caminhao,viatura,outros,vitimas,vitimasfatais,acidente_verificado,tempo_clima,situacao_semaforo,sinalizacao,condicao_via,conservacao_via,ponto_controle,situacao_placa,velocidade_max_via,mao_direcao,divisao_via1,divisao_via2,divisao_via3
2020-01-21 00:00:00,15:49:00,COM VÍTIMA,FINALIZADA,IPUTINGA,AV MAURICIO DE NASSAU,,RUA PEREIRA COUTINHO FILHO,APOS O GOE/ PROX A LOMBADA ELETRONICO,IPUTINGA,,SUBURBIO,ABALROAMENTO TRANSVERSAL,ENTRE AUTO PASSEIO X MOTO COM VÍTIMA,1,1,,,,,,,,1,Cruzamento,Bom,Não existe,Incompleta,Seca,Perfeito estado,Não existe,Não há placas,,Dupla,Faixa contínua,,
2020-01-21 00:00:00,15:59:00,SEM VÍTIMA,FINALIZADA,BOA VISTA,RUA DOM BOSCO,,AV GOVERNADOR CARLOS DE LIMA CAVALCANTI,POSTO BR,BOA VISTA,27,SUBURBIO,ABALROAMENTO LONGITUDINAL,ENTRE DUAS MOTOS COM VITIMA,,2,,,,,,,,0,Longo da via,Bom,Sem defeito,Perfeito estado,Seca,Perfeito estado,Faixa de pedestre,Não há placas,,Única,,,
2020-01-21 00:00:00,16:02:00,COM VÍTIMA,FINALIZADA,ILHA JOANA BEZERRA,VDO PAPA JOAO PAULO II,,,EM FRENTE AO FORUM JOANA BEZERRA,ILHA JOANA BEZERRA,,CIDADE,ABALROAMENTO LONGITUDINAL,COLISAO ENTRE AUTO E MOTO COM VITIMA,1,1,,,,,,,,1,Viaduto,Bom,Não existe,Perfeito estado,Seca,Perfeito estado,Não existe,Não há placas,,Dupla,Faixa seccionada,Canteiro central,Blocos
2020-01-21 00:00:00,16:12:00,SEM VÍTIMA,FINALIZADA,BOA VISTA,RUA AURORA,,PTE PRINCESA IZABEL,NA DESCIDA DA PONTE,BOA VISTA,,,COLISÃO,COLISÃO SEM VITIMA,2,,,,,,,,,0,,,,,,,,,,,,,
2020-01-21 00:00:00,16:16:00,SEM VÍTIMA,FINALIZADA,IMBIRIBEIRA,AV ANTONIO TORRES GALVAO,284,,,IMBIRIBEIRA,543,,COLISÃO TRASEIRA,TRES AUTOS S/V,3,,,,,,,,,0,Longo da via,Bom,Sem defeito,Perfeito estado,Seca,Perfeito estado,Faixa de pedestre,Não há placas,60 km/h,Única,Faixa contínua,,
2020-01-21 00:00:00,16:23:00,SEM VÍTIMA,FINALIZADA,IPUTINGA,EST DO BARBALHO,,,BIG BOMPREÇO,IPUTINGA,533,,ABALROAMENTO LONGITUDINAL,COLISÃO SEM VITIMA,2,,,,,,,,,0,Longo da via,Bom,Sem defeito,Perfeito estado,Seca,Perfeito estado,Faixa de pedestre,Não há placas,,Única,Não existe,,
2020-01-21 00:00:00,18:07:00,SEM VÍTIMA,FINALIZADA,BOA VIAGEM,AV BOA VIAGEM,5802,,,BOA VIAGEM,445,CIDADE,ABALROAMENTO LONGITUDINAL,COLISAO SEM VITIMAS,2,,,,,,,,,0,Longo da via,Bom,Sem defeito,Perfeito estado,Seca,Perfeito estado,Não existe,Não há placas,60 km/h,Única,Faixa seccionada,,
2020-01-21 00:00:00,18:10:00,VÍTIMA FATAL,FINALIZADA,CAMPO GRANDE,AV CORREIA DE BRITO,,AV PROFESSOR JOSE DOS ANJOS,PROX AO POSTO DE GASOLINA DISLUB,CAMPO GRANDE,563,,ABALROAMENTO TRANSVERSAL,COLISAO COM VITIMAS,,1,,,,,1,,,1,Esquina,Bom,Sem defeito,Perfeito estado,Seca,Perfeito estado,,Outras,,Dupla,Não existe,,
2020-01-21 00:00:00,18:59:00,SEM VÍTIMA,FINALIZADA,VÁRZEA,AV CAXANGA,,,BRT CAPIBARIBE DE FRONTE AO POSTO SHELL,VÁRZEA,,SUBURBIO,ABALROAMENTO LONGITUDINAL,COLISAO SEM VITMAS,1,,,,,,1,,,0,Longo da via,Bom,Não existe,Perfeito estado,Seca,Perfeito estado,Não existe,Outras,,Única,Canteiro central,,
2020-01-21 00:00:00,19:00:00,SEM VÍTIMA,FINALIZADA,AFOGADOS,RUA NICOLAU PEREIRA,,RUA IMPERIAL,,AFOGADOS,73,SUBURBIO,ABALROAMENTO LONGITUDINAL,HYUNDAI CRETA X VOYAGE,2,,,,,,,,,0,Cruzamento,Bom,Sem defeito,Perfeito estado,Seca,Perfeito estado,Não existe,Não há placas,,Única,Faixa seccionada,,
2020-01-21 00:00:00,19:19:00,SEM VÍTIMA,FINALIZADA,ENGENHO DO MEIO,RUA GOVERNADOR LOPO GARRO,,RUA MANOEL CORTE REAL,,ENGENHO DO MEIO,,CIDADE,ABALROAMENTO TRANSVERSAL,COLISAO SEM VITMAS,2,,,,,,,,,0,Cruzamento,Bom,Não existe,Incompleta,Seca,Perfeito estado,Não existe,Não há placas,,Dupla,Não existe,,
2020-01-21 00:00:00,20:13:00,COM VÍTIMA,FINALIZADA,ENCRUZILHADA,AV NORTE,,AV JOAO DE BARROS,ENF AO SANTANDER,ENCRUZILHADA,43,SUBURBIO,ABALROAMENTO TRANSVERSAL,VOYAGE X PCX MOTO,1,1,,,,,,,,1,Cruzamento,Bom,Sem defeito,Perfeito estado,Seca,Perfeito estado,Agente,,40 km/h,Única,Não existe,,
2020-01-21 00:00:00,20:18:00,SEM VÍTIMA,FINALIZADA,TAMARINEIRA,RUA CONEGO BARATA,420,,,TAMARINEIRA,,SUBURBIO,COLISÃO TRASEIRA,PRISMA X ONIX,2,,,,,,,,,0,Longo da via,Chuvoso,Não existe,Perfeito estado,Molhada,Perfeito estado,Não existe,Não há placas,,Dupla,Canteiro central,,
2020-01-21 00:00:00,20:53:00,SEM VÍTIMA,FINALIZADA,BOA VIAGEM,RUA RIBEIRO DE BRITO,,,EM FRENTE AO SEMÁFORO 496,BOA VIAGEM,496,CIDADE,ABALROAMENTO LONGITUDINAL,COLISAO SEM VITIMAS,1,1,,,,,,,,0,Longo da via,Bom,Sem defeito,Perfeito estado,Seca,Perfeito estado,Não existe,Não há placas,,Única,Faixa seccionada,,
2020-01-21 00:00:00,21:52:00,SEM VÍTIMA,FINALIZADA,SANTO AMARO,AV GOVERNADOR AGAMENON MAGALHAES,,,FRENTE AO COLÉGIO AMERICANO BATISTA,SANTO AMARO,37,SUBURBIO,ABALROAMENTO LONGITUDINAL,COLISAO SEM VITIMAS,1,,,,,,1,,,0,Longo da via,Bom,Sem defeito,Perfeito estado,Seca,Perfeito estado,Faixa de pedestre,Outras,60 km/h,Dupla,Canteiro central,,
2020-01-21 00:00:00,22:25:00,SEM VÍTIMA,FINALIZADA,IPSEP,AV RECIFE,,,EM FRENTE AO SEMÁFORO 016,IPSEP,16,CIDADE,COLISÃO TRASEIRA,COLISAO SEM VITIMAS,3,,,,,,,,,0,Longo da via,Bom,Sem defeito,Perfeito estado,Seca,Perfeito estado,Não existe,Não há placas,,Dupla,Faixa contínua,,
2020-01-22 00:00:00,07:39:00,SEM VÍTIMA,FINALIZADA,SANTO AMARO,AV GOVERNADOR AGAMENON MAGALHAES,,,EM FRENTE A ECOESTAÇÃO AGAMENON,SANTO AMARO,,,COLISÃO TRASEIRA,SEM VITIMAS,3,,,,,,,,,0,Longo da via,Bom,Não existe,Perfeito estado,Molhada,Perfeito estado,Não existe,Não há placas,60 km/h,Dupla,Faixa seccionada,,
2020-01-22 00:00:00,07:58:00,SEM VÍTIMA,FINALIZADA,IMBIRIBEIRA,AV MARECHAL MASCARENHAS DE MORAES,,,CHEVROLET TAMBAI,IMBIRIBEIRA,439,CIDADE,COLISÃO TRASEIRA,ENGAVETAMENTO ENTRE QUATRO VEICULOS. SEM VITIMA,4,,,,,,,,,0,Longo da via,Chuvoso,Sem defeito,Perfeito estado,Molhada,Perfeito estado,Faixa de pedestre,Não há placas,60 km/h,Única,Faixa seccionada,,
2020-01-22 00:00:00,08:02:00,SEM VÍTIMA,FINALIZADA,SANTO AMARO,AV NORTE,,,SOBRE A PONTE DO LIMOEIRO,SANTO AMARO,,CIDADE,COLISÃO TRASEIRA,COLISÃO S/VITIMAS ENTRE DOIS AUTOS,2,,,,,,,,,0,Ponte,Chuvoso,Não existe,Perfeito estado,Molhada,Perfeito estado,Não existe,Não há placas,,Dupla,Faixa contínua,,
2020-01-22 00:00:00,08:20:00,SEM VÍTIMA,FINALIZADA,SANTO AMARO,RUA DOS PALMARES,,,EM FRENTE AO RM EXPRESS,SANTO AMARO,,CIDADE,ABALROAMENTO LONGITUDINAL,COLISÃO S/VITIMAS ENTRE VEICULO E CAMINHAO,1,,,,,,1,,,0,Longo da via,Chuvoso,Não existe,Perfeito estado,Molhada,Perfeito estado,Não existe,Outras,,Dupla,Faixa seccionada,Canteiro central,
2020-01-22 00:00:00,08:31:00,SEM VÍTIMA,FINALIZADA,SAN MARTIN,AV GENERAL SAN MARTIN,2066,,,SAN MARTIN,,SUBURBIO,COLISÃO TRASEIRA,COLISAO S/ VITIMA. ENTRE DOIS VEICULOS,2,,,,,,,,,0,Longo da via,Bom,Não existe,Perfeito estado,Seca,Perfeito estado,Não existe,Outras,,Dupla,Faixa contínua,,
2020-01-22 00:00:00,08:56:00,SEM VÍTIMA,FINALIZADA,AFOGADOS,RUA VINTE E UM DE ABRIL,,,PRÓXIMO AO RESTAURANTE ARRETADO DE BOM,AFOGADOS,,SUBURBIO,ABALROAMENTO LONGITUDINAL,COLISAO S/ VITIMA. ENTRE DOIS VEICULOS,2,,,,,,,,,0,Longo da via,Bom,Não existe,Perfeito estado,Seca,Perfeito estado,,Outras,,Dupla,Faixa seccionada,,
2020-01-22 00:00:00,09:19:00,COM VÍTIMA,CANCELADA,ILHA DO RETIRO,RUA SPORT CLUBE DO RECIFE,,,EM FRENTE A LOJA DO SPORT,ILHA DO RETIRO,,SUBURBIO,COLISÃO,COM UMA VITIMA AGUARDANDO SAMU,1,1,,,,,,,,1,,,,,,,,,,,,,
2020-01-22 00:00:00,09:20:00,SEM VÍTIMA,FINALIZADA,SANTO ANTÔNIO,RUA DO SOL,283,AV GUARARAPES,,SANTO ANTÔNIO,14,,ABALROAMENTO LONGITUDINAL,COLISÃO S/VITIMAS ENTRE DOIS AUTOS (IDEMILSON E DIOLAI NO QTH),2,,,,,,,,,0,Cruzamento,Bom,Sem defeito,Perfeito estado,Seca,Perfeito estado,Faixa de pedestre,Não há placas,,Única,Faixa seccionada,,
2020-01-22 00:00:00,09:25:00,SEM VÍTIMA,CANCELADA,CORDEIRO,RUA ELIZEU CAVALCANTE,58,,RUA DO RETORNO /DA AV CAXANGA P/AV GENERAL SAM MARTIN,CORDEIRO,,,COLISÃO,SEM VITIMAS,1,,,,,,1,,,0,,,,,,,,,,,,,
2020-01-22 00:00:00,09:41:00,SEM VÍTIMA,FINALIZADA,IMBIRIBEIRA,RUA ANTONIO CARDOSO DA FONTE,483,RUA BARAO HOMEM DE MELO,,IMBIRIBEIRA,,,ABALROAMENTO LONGITUDINAL,SEM VITIMAS,1,,,,,,1,,,0,Longo da via,Bom,Não existe,Não existente,Molhada,Mal conservada,Não existe,Não há placas,,Dupla,Não existe,,
2020-01-22 00:00:00,09:52:00,COM VÍTIMA,FINALIZADA,AFOGADOS,RUA VINTE E UM DE ABRIL,851,,E/F AO RECANTO 21 SELF SERVICE,AFOGADOS,,SUBURBIO,ABALROAMENTO LONGITUDINAL,COLISÃO C/VITIMAS ENTRE UMA MOT E UM AUTO (V.T 17 NO QTH),1,1,,,,,,,,2,Longo da via,Bom,Não existe,Não existente,Seca,Perfeito estado,Não existe,Não há placas,,Dupla,Não existe,,
2020-01-22 00:00:00,09:59:00,SEM VÍTIMA,CANCELADA,MADALENA,RUA BENFICA,,,CLUBE INTERNACIONAL,MADALENA,,,COLISÃO,COLISAO S/ VITIMA. ENTRE DOIS VEICULOS. GM: BRANDEIRA E VALDILENE. PONTO FIXO NO LOCAL,2,,,,,,,,,0,,,,,,,,,,,,,
2020-01-22 00:00:00,10:06:00,SEM VÍTIMA,FINALIZADA,MACAXEIRA,AV NORTE,7536,,,MACAXEIRA,424,SUBURBIO,COLISÃO TRASEIRA,SEM VITIMAS,2,,,,,,,,,0,Longo da via,Bom,Sem defeito,Perfeito estado,Seca,Perfeito estado,Faixa de pedestre,,,Única,Faixa seccionada,,
2020-01-22 00:00:00,11:33:00,SEM VÍTIMA,FINALIZADA,IPUTINGA,AV CAXANGA,,,E/F A SOPRANOR,IPUTINGA,,CIDADE,COLISÃO,COLISÃO S/VITIMAS ENTRE DOIS AUTOS (ADRIANO ALMEIDA E JOSENILDO BELO NO QTH),2,,,,,,,,,0,,,,,,,,,,,,,
2020-01-22 00:00:00,11:33:00,SEM VÍTIMA,FINALIZADA,BOA VISTA,AV GOVERNADOR AGAMENON MAGALHAES,2291,RUA HENRIQUE DIAS,HOSPITAL MEMORIAL SÃO JOSÉ,BOA VISTA,68,,COLISÃO TRASEIRA,ONIBUS E AUTO PONTO FIXO GM´S JOAO VITOR E MAURICIO SANTOS,1,,,,,1,,,,0,Longo da via,Bom,Sem defeito,Perfeito estado,Seca,Perfeito estado,Agente,,60 km/h,Dupla,Canal,,
2020-01-22 00:00:00,11:37:00,SEM VÍTIMA,FINALIZADA,GRAÇAS,RUA DOM BOSCO,,AV GOVERNADOR AGAMENON MAGALHAES,SOB O SEMÁFORO 174,GRAÇAS,174,SUBURBIO,ABALROAMENTO LONGITUDINAL,COLISÃO S/VITIMAS ENTRE DOIS AUTOS (GOLF MIKE E SUP INS PAULINO NO QTH),2,,,,,,,,,0,Cruzamento,Bom,Sem defeito,Perfeito estado,Seca,Perfeito estado,Agente,Outras,60 km/h,Única,Não existe,,
2020-01-22 00:00:00,11:40:00,SEM VÍTIMA,FINALIZADA,BOA VIAGEM,RUA CORONEL SERGIO HENRIQUE CARDIM,,,AO LADO DO RESTAURANTE CHICA PITANGA,BOA VIAGEM,,SUBURBIO,CHOQUE VEÍCULO PARADO,AUTO E CAMINHÃO,1,,,,,,1,,,0,Longo da via,Bom,Não existe,Não existente,Seca,Perfeito estado,Não existe,Não há placas,,Única,Não existe,,
2020-01-22 00:00:00,12:17:00,SEM VÍTIMA,FINALIZADA,CASA FORTE,AV DEZESSETE DE AGOSTO,,RUA SAMUEL FARIAS,ESQUINA DAS RUAS,CASA FORTE,,,ABALROAMENTO LONGITUDINAL,COLISÃO SEM VÍTIMA,2,,,,,,,,,0,,Bom,Não existe,Perfeito estado,Seca,Perfeito estado,Não existe,,,Dupla,,,
2020-01-22 00:00:00,12:47:00,SEM VÍTIMA,CANCELADA,CORDEIRO,AV CAXANGA,,,E/F A SEMINOVOS LOCALIZA,CORDEIRO,,,COLISÃO,COLISAO SEM VITIMAS,2,,,,,,,,,0,,,,,,,,,,,,,
2020-01-22 00:00:00,13:13:00,SEM VÍTIMA,FINALIZADA,BOMBA DO HEMETÉRIO,RUA BOMBA DO HEMETERIO,163,,,BOMBA DO HEMETÉRIO,,SUBURBIO,ABALROAMENTO LONGITUDINAL,COLISÃO SEM VITIMA,1,,,,,1,,,,0,Longo da via,Bom,Não existe,Perfeito estado,Seca,Perfeito estado,Outros,Outras,,Dupla,Faixa seccionada,,
2020-01-22 00:00:00,14:04:00,COM VÍTIMA,FINALIZADA,BOA VIAGEM,AV ENGENHEIRO DOMINGOS FERREIRA,3340,RUA FAUSTINO PORTO,APOS A PARADA DO CARREFOUR. EXTRAFARMA,BOA VIAGEM,,SUBURBIO,ABALROAMENTO TRANSVERSAL,COM VITIMA,1,,,,,1,,,,2,Longo da via,Bom,Não existe,Perfeito estado,Seca,Perfeito estado,Não existe,R-6a,,Única,Faixa seccionada,,
2020-01-22 00:00:00,14:11:00,SEM VÍTIMA,FINALIZADA,BOA VISTA,RUA DAS NINFAS,,,EM FRENTE AO SEMÁFORO 083,BOA VISTA,83,SUBURBIO,ABALROAMENTO LONGITUDINAL,COLISÃO SEM VITIMA,2,,,,,,,,,0,Longo da via,Bom,Sem defeito,Perfeito estado,Seca,Perfeito estado,Faixa de pedestre,Outras,,Dupla,Faixa contínua,Faixa seccionada,
2020-01-22 00:00:00,14:24:00,SEM VÍTIMA,FINALIZADA,BOA VISTA,RUA DO RIACHUELO,425,,EM FRENTE AO Nº 425,BOA VISTA,92,CIDADE,COLISÃO TRASEIRA,COLISAO SEM VITIMAS,4,,,,,,,,,0,Longo da via,Bom,Sem defeito,Perfeito estado,Seca,Perfeito estado,Faixa de pedestre,R-6a,,Única,Não existe,,
2020-01-22 00:00:00,14:26:00,COM VÍTIMA,FINALIZADA,MADALENA,RUA MONSENHOR JULIO MARIA,127,,PROX. O TUNEL DA ABOLIÇÃO E A GALERIA CAMPOLINA CENTER,MADALENA,,ABDIAS DE CARVALHO,ABALROAMENTO LONGITUDINAL,COLISÃO COM VITIMA,1,1,,,,,,,,1,Longo da via,Bom,Não existe,Perfeito estado,Seca,Perfeito estado,,,,Única,Não existe,,
2020-01-22 00:00:00,15:41:00,SEM VÍTIMA,CANCELADA,ÁGUA FRIA,AV BEBERIBE,,RUA CORONEL URBANO RIBEIRO DE SENA,ESTAR NO CRUZAMENTO MESMO,ÁGUA FRIA,307,,COLISÃO,COLISAO SEM VITIMAS,1,,,,,1,,,,0,,,,,,,,,,,,,
2020-01-22 00:00:00,16:08:00,COM VÍTIMA,FINALIZADA,CABANGA,AV SATURNINO DE BRITO,,,AO LADO DA COMPESA. NA SUBIDA DO VIADUTO DO PINA.,CABANGA,,SUBURBIO,COLISÃO TRASEIRA,AUTO E MOTO COM VÍTIMA,1,1,,,,,,,,1,Longo da via,Bom,Não existe,Perfeito estado,Seca,Perfeito estado,,Não há placas,30 km/h,Única,Faixa contínua,,
2020-01-22 00:00:00,16:22:00,SEM VÍTIMA,FINALIZADA,TEJIPIÓ,AV DR JOSE RUFINO,3694,,POSTE DE ILUMINAÇÃO Nº H 033924,TEJIPIÓ,,CIDADE,COLISÃO TRASEIRA,COLISAO SEM VITMAS,2,,,,,,,,,0,Longo da via,Bom,Não existe,Perfeito estado,Seca,Perfeito estado,Não existe,Outras,,Dupla,Faixa contínua,Faixa seccionada,
2020-01-22 00:00:00,16:36:00,SEM VÍTIMA,FINALIZADA,VÁRZEA,PRC PINTO DAMASO,,,LADO OPOSTO AO Nº 2005,VÁRZEA,,SUBURBIO,ABALROAMENTO TRANSVERSAL,COLISÃO SEM VÍTIMA,2,,,,,,,,,0,Longo da via,Bom,Não existe,Não existente,Seca,Mal conservada,Não existe,Não há placas,,Única,Não existe,,
2020-01-22 00:00:00,16:44:00,COM VÍTIMA,FINALIZADA,SÃO JOSÉ,PRC DAS CINCO PONTAS,,,SUBIDA DO VIADUTO CINCO PONTAS,SÃO JOSÉ,,SUBURBIO,CHOQUE OBJETO FIXO,,,1,,,,,,,,1,Longo da via,Bom,Não existe,Perfeito estado,Seca,Perfeito estado,Não existe,R-4b,,Dupla,Canteiro central,,
2020-01-22 00:00:00,18:02:00,SEM VÍTIMA,FINALIZADA,BOA VIAGEM,RUA BARAO DE SOUZA LEAO,1544,,IMPERIO DOS PAES,BOA VIAGEM,,SUBURBIO,ABALROAMENTO LONGITUDINAL,GOL X MOTO,1,1,,,,,,,,0,Longo da via,Bom,Não existe,Perfeito estado,Seca,Perfeito estado,Não existe,Não há placas,30 km/h,Única,Faixa seccionada,,
2020-01-22 00:00:00,18:20:00,SEM VÍTIMA,FINALIZADA,IMBIRIBEIRA,RUA ITAJAI,501,RUA ITACARE,PRÓX A FERREIRA COSTA E ESPAÇO ABERTO,IMBIRIBEIRA,,,CHOQUE OBJETO FIXO,CAMINHÃO SE CHOCOU CONTRA O POSTE- CAUSANDO A QUEDA DO MESMO. O POSTE ESTA OCUPANDO A VIA INTEIRA E O VEÍCULO SE EVADIU DO LOCAL.,,,,,,,1,,,0,,,,,,,,,,,,,
2020-01-22 00:00:00,19:12:00,SEM VÍTIMA,FINALIZADA,BOA VISTA,RUA GERVASIO PIRES,585,,AO LADO DO HOSPITAL DO EXÉRCITO - HGE,BOA VISTA,41,,ABALROAMENTO LONGITUDINAL,HB 20 X COBALT,2,,,,,,,,,0,Longo da via,Bom,Sem defeito,Perfeito estado,Seca,Perfeito estado,Faixa de pedestre,Não há placas,,Única,Não existe,,
2020-01-22 00:00:00,19:52:00,SEM VÍTIMA,FINALIZADA,BOA VISTA,RUA JOSE DE ALENCAR,,RUA BARAO DE SAO BORJA,,BOA VISTA,,,ABALROAMENTO TRANSVERSAL,ENTRE 2 AUTOS. S/V,2,,,,,,,,,0,Cruzamento,Bom,Não existe,Perfeito estado,Seca,Perfeito estado,Não existe,Placas Pare,30 km/h,Única,Não existe,,
2020-01-22 00:00:00,20:22:00,SEM VÍTIMA,FINALIZADA,CAÇOTE,RUA GUARACI,8,RUA AURORA CACOTE,,CAÇOTE,,SUBURBIO,CHOQUE VEÍCULO PARADO,CAMINHÃO ACABOU SE CHOCANDO CONTRA O VEÍCULO ESTACIONAD. S/V,1,,,,,,1,,,0,Longo da via,Bom,Não existe,Não existente,Seca,Perfeito estado,Não existe,Não há placas,,Dupla,Não existe,,
2020-01-23 00:00:00,00:43:00,SEM VÍTIMA,FINALIZADA,SÃO JOSÉ,RUA IMPERIAL,1032,,E/F AO HOTEL CRISTAL,SÃO JOSÉ,,SUBURBIO,CHOQUE OBJETO FIXO,VEÍCULO CHOCOU-SE CONTRA O POSTE- DEIXANDO O MESMO FRÁGIL- COM RISCO DE QUEDA.,1,,,,,,,,,0,Longo da via,Bom,Não existe,Perfeito estado,Seca,Perfeito estado,Não existe,Não há placas,,Única,Faixa seccionada,,
2020-01-23 00:00:00,01:00:00,SEM VÍTIMA,FINALIZADA,BOA VIAGEM,RUA DEZ DE JULHO,,RUA CAMBOIM,,BOA VIAGEM,,,ABALROAMENTO TRANSVERSAL,COLISÃO ENTRE AUTO E VAN- S/V,1,,,,,1,,,,0,Cruzamento,Bom,Não existe,Perfeito estado,Seca,Perfeito estado,Não existe,Placas Pare,60 km/h,Única,Faixa seccionada,,
2020-01-23 00:00:00,07:32:00,SEM VÍTIMA,CANCELADA,MACAXEIRA,RUA ESTER,25,,APOS A AGUA MINERAL BURITI A PRIMEIRA RUA A DIREITA,MACAXEIRA,,,COLISÃO,DOIS AUTOS,2,,,,,,,,,0,,,,,,,,,,,,,
2020-01-23 00:00:00,07:34:00,COM VÍTIMA,FINALIZADA,BOA VISTA,RUA AURORA,,RUA PRINCESA IZABEL,,BOA VISTA,22,CIDADE,TOMBAMENTO,MOTO PCF2822 - ÓLEO NA VIA E O CONDUTOR CAIU DEVIDO AO ÓLEO,,1,,,,,,,,1,Cruzamento,Bom,Sem defeito,Perfeito estado,Oleosa,Perfeito estado,,Não há placas,40 km/h,Única,Faixa contínua,,
2020-01-23 00:00:00,09:35:00,SEM VÍTIMA,FINALIZADA,ILHA JOANA BEZERRA,,,,AO LADO DO FORUM DA JOANA BEZERRA,ILHA JOANA BEZERRA,38,SUBURBIO,COLISÃO TRASEIRA,DOIS AUTOS,2,,,,,,,,,0,Longo da via,Bom,Sem defeito,Perfeito estado,Seca,Perfeito estado,Faixa de pedestre,R-6c,,Dupla,Canteiro central,,
2020-01-23 00:00:00,10:19:00,SEM VÍTIMA,FINALIZADA,PRADO,EST DOS REMEDIOS,2034,,AO LADO DO BOB'S,PRADO,,,COLISÃO TRASEIRA,,2,,,,,,,,,0,Longo da via,Bom,Não existe,Perfeito estado,Seca,Perfeito estado,Não existe,R-6a,,Única,Faixa contínua,,
2020-01-23 00:00:00,10:35:00,SEM VÍTIMA,FINALIZADA,BAIRRO DO RECIFE,CAIS DO APOLO,,,EM FRENTE A PREFEITURA DO RECIFE,BAIRRO DO RECIFE,340,CIDADE,COLISÃO TRASEIRA,DOIS AUTOS,2,,,,,,,,,0,Longo da via,Bom,Sem defeito,Perfeito estado,Seca,Perfeito estado,Agente,Outras,,Dupla,Faixa contínua,Canteiro central,
2020-01-23 00:00:00,11:03:00,SEM VÍTIMA,FINALIZADA,SANTO AMARO,AV GOVERNADOR AGAMENON MAGALHAES,130,,PRÓXIMO AO POSTO DE COMBUSTÍVEL DISLUB,SANTO AMARO,378,,ABALROAMENTO LONGITUDINAL,SEM VITIMAS,1,,,,,1,,,,0,Cruzamento,Bom,Sem defeito,Perfeito estado,Seca,Perfeito estado,Não existe,,60 km/h,Dupla,Canteiro central,,
2020-01-23 00:00:00,11:15:00,SEM VÍTIMA,CANCELADA,ILHA DO RETIRO,AV ENGENHEIRO ABDIAS DE CARVALHO,98,,PROX. AO SPORT- SENT. BR,ILHA DO RETIRO,,,COLISÃO,DOIS AUTOS,2,,,,,,,,,0,,,,,,,,,,,,,
2020-01-23 00:00:00,11:25:00,COM VÍTIMA,FINALIZADA,CAXANGÁ,AV CAXANGA,1381,,EM FRENTE AO SUPERMERCADO STYLLO- SENT. CIDADE. IGREJA DE SÃO SEBASTIÃO,CAXANGÁ,,CIDADE,COLISÃO,DUAS MOTOS E AUTO GM JOSENILSON FARIAS PONTO FIXO,1,2,,,,,,,,2,Longo da via,Bom,,Perfeito estado,Seca,Perfeito estado,,,,,,,
2020-01-23 00:00:00,11:33:00,SEM VÍTIMA,FINALIZADA,,RUA GASTAO VIDIGAL,679,,EM FRENTE AO Nº 679,,,SUBURBIO,COLISÃO TRASEIRA,DOIS AUTOS,2,,,,,,,,,0,Longo da via,Bom,Não existe,Perfeito estado,Seca,Perfeito estado,Não existe,Não há placas,,Dupla,Faixa contínua,,
2020-01-23 00:00:00,12:31:00,COM VÍTIMA,FINALIZADA,PINA,AVENIDA CELSO FURTADO (VIA MANGUE),,,PRAÇA MARCANTONIO VILLAÇA,PINA,,CIDADE,COLISÃO TRASEIRA,COLISAO COM VITIMAS,,1,,,,,,,,1,Longo da via,Bom,Não existe,Perfeito estado,Seca,Perfeito estado,Não existe,R-19,60 km/h,Dupla,Canteiro central,,
2020-01-23 00:00:00,12:59:00,SEM VÍTIMA,CANCELADA,ENCRUZILHADA,AV JOAO DE BARROS,,AV NORTE,NO SEMÁFORO 043,ENCRUZILHADA,,,COLISÃO,COLISÃO SEM VÍTIMA,2,,,,,,,,,0,,,,,,,,,,,,,
2020-01-23 00:00:00,13:21:00,SEM VÍTIMA,FINALIZADA,TORRE,RUA ANTONIO DE PADUA M FERNANDES,666,,,TORRE,,,CHOQUE VEÍCULO PARADO,COLISAO SEM VITIMAS,1,,,,,,1,,,0,Longo da via,Bom,Não existe,Não existente,Seca,Perfeito estado,Não existe,Não há placas,,Dupla,Não existe,,
2020-01-23 00:00:00,14:11:00,SEM VÍTIMA,CANCELADA,MACAXEIRA,AV NORTE,,,EM FRENTE AO PARQUE DA MACAXEIRA,MACAXEIRA,,SUBURBIO,COLISÃO,COLISÃO SEM VÍTIMA,1,,,,,,1,,,0,,,,,,,,,,,,,
2020-01-23 00:00:00,14:11:00,COM VÍTIMA,FINALIZADA,JORDÃO,AV DONA CARENTINA,2,RUA BOANERGES PEREIRA,NA PRAÇA DO JORDÃO,JORDÃO,581,SUBURBIO,COLISÃO TRASEIRA,COLISÃO COM VITIMA,,2,,,,,,,,2,Longo da via,Bom,Sem defeito,Perfeito estado,Seca,Perfeito estado,Faixa de pedestre,Não há placas,,Dupla,Não existe,,