data,hora,natureza,situacao,bairro,endereco,numero,detalhe_endereco_acidente,complemento,bairro_cruzamento,num_semaforo,sentido_via,tipo,auto,moto,ciclom,ciclista,pedestre,onibus,caminhao,viatura,outros,vitimas,vitimasfatais,acidente_verificado,tempo_clima,situacao_semaforo,sinalizacao,condicao_via,conservacao_via,ponto_controle,situacao_placa,velocidade_max_via,mao_direcao,divisao_via1,divisao_via2,divisao_via3
2020-01-25 00:00:00,13:59:00,SEM VÍTIMA,FINALIZADA,MUSTARDINHA,RUA JOSE MOREIRA REIS,,,AO LADO DO SESI DA MUSTARDINHA,MUSTARDINHA,,,ABALROAMENTO LONGITUDINAL,COLISÃO SEM VÍTIMA,1,,,,,,1,,,0,Longo da via,Bom,Não existe,Não existente,Seca,Perfeito estado,Não existe,Não há placas,30 km/h,Dupla,Não existe,,
2020-01-25 00:00:00,14:14:00,SEM VÍTIMA,FINALIZADA,BOA VIAGEM,RUA FELIX DE BRITO E MELO,,RUA PROFESSOR ARNALDO CARNEIRO LEAO,ESTACIONAMENTO DO BIG BOMPREÇO,BOA VIAGEM,544,CIDADE,ABALROAMENTO TRANSVERSAL,COLISÃO SEM VÍTIMA,1,1,,,,,,,,0,Cruzamento,Bom,Sem defeito,Perfeito estado,Seca,Perfeito estado,Faixa de pedestre,R-6a,,Única,Faixa contínua,,
2020-01-25 00:00:00,14:41:00,COM VÍTIMA,FINALIZADA,MACAXEIRA,RUA JOSE CARLOS NOVAES DA MATA MACHADO,140,,E/F AO BAR DO VINHO,MACAXEIRA,,SUBURBIO,COLISÃO FRONTAL,COLISAO COM VITIMAS,,1,,,,1,,,,1,Longo da via,Chuvoso,Não existe,Não existente,Seca,Outros,Não existe,Não há placas,30 km/h,Dupla,Não existe,,
2020-01-25 00:00:00,14:47:00,SEM VÍTIMA,FINALIZADA,AREIAS,AV DR JOSE RUFINO,1352,,EM FRENTE AO Nº 1352,AREIAS,,,ABALROAMENTO LONGITUDINAL,COLISÃO SEM VÍTIMA,2,,,,,,,,,0,Longo da via,Bom,Não existe,Perfeito estado,Seca,Perfeito estado,Não existe,R-6a,,Dupla,Faixa contínua,,
2020-01-25 00:00:00,15:30:00,SEM VÍTIMA,FINALIZADA,BOA VIAGEM,RUA ANTONIO FALCAO,190,RUA FRANCISCO DA CUNHA,,BOA VIAGEM,227,SUBURBIO,ABALROAMENTO LONGITUDINAL,COLISÃO SEM VÍTIMA,1,1,,,,,,,,0,Cruzamento,Bom,Sem defeito,Perfeito estado,Seca,Perfeito estado,Faixa de pedestre,,40 km/h,Única,Não existe,,
2020-01-25 00:00:00,15:35:00,COM VÍTIMA,FINALIZADA,BOA VIAGEM,AV BOA VIAGEM,5366,,AO LADO DO HOTEL ATLANTE PLAZA,BOA VIAGEM,,CIDADE,ABALROAMENTO LONGITUDINAL,COLISAO COM VITIMAS,1,1,,,,,,,,1,Longo da via,Bom,Não existe,Perfeito estado,Seca,Perfeito estado,Não existe,Não há placas,,Única,Faixa seccionada,,
2020-01-25 00:00:00,15:40:00,SEM VÍTIMA,FINALIZADA,SANTO AMARO,AV GOVERNADOR AGAMENON MAGALHAES,,,CIRCULO MILITAR DO RECIFE,SANTO AMARO,,SUBURBIO,COLISÃO TRASEIRA,COLISÃO SEM VÍTIMA,3,,,,,,,,,0,Longo da via,Nublado,Não existe,Perfeito estado,Seca,Perfeito estado,Não existe,R-19,60 km/h,Única,Faixa contínua,Faixa seccionada,
2020-01-25 00:00:00,16:04:00,SEM VÍTIMA,FINALIZADA,SÃO JOSÉ,AV SUL,,RUA CARLOS COELHO LEAL VALENTE,,SÃO JOSÉ,260,SUBURBIO,ABALROAMENTO TRANSVERSAL,COLISAO SEM VITIMAS,1,,,,,1,,,,0,Cruzamento,Bom,Sem defeito,Perfeito estado,Seca,Perfeito estado,Faixa de pedestre,Outras,,Dupla,Canteiro central,,
2020-01-25 00:00:00,17:37:00,SEM VÍTIMA,FINALIZADA,ROSARINHO,AV NORTE,,,,ROSARINHO,456,SUBURBIO,CHOQUE OBJETO FIXO,COLISAO SEM VITIMAS,1,,,,,,,,,0,Longo da via,Bom,Sem defeito,Perfeito estado,Seca,Perfeito estado,Faixa de pedestre,Não há placas,60 km/h,Dupla,Canteiro central,,
2020-01-25 00:00:00,18:02:00,SEM VÍTIMA,FINALIZADA,ZUMBI,RUA SOUZA BANDEIRA,1186,AV CAXANGA,APÓS A RUA GREGÓRIO JUNIOR,ZUMBI,236,,ABALROAMENTO LONGITUDINAL,MOTO X AUTO. S/V,1,1,,,,,,,,0,Cruzamento,Bom,Sem defeito,Perfeito estado,Seca,Perfeito estado,Faixa de pedestre,Outras,40 km/h,Única,Faixa seccionada,,
2020-01-25 00:00:00,18:15:00,SEM VÍTIMA,FINALIZADA,ESPINHEIRO,AV NORTE,1851,RUA MARQUES DO PARANA,SEMÁFORO 056,ESPINHEIRO,56,CIDADE,ABALROAMENTO TRANSVERSAL,ENTRE AUTO E MOTO. S/V,1,1,,,,,,,,0,Cruzamento,Bom,Sem defeito,Perfeito estado,Seca,Perfeito estado,Faixa de pedestre,Outras,,Única,Faixa seccionada,,
2020-01-25 00:00:00,18:28:00,SEM VÍTIMA,FINALIZADA,GRAÇAS,RUA BRUNO MAIA,217,,,GRAÇAS,,SUBURBIO,CHOQUE OBJETO FIXO,VEICULO CAI EM DESNIVEL DA VIA,1,,,,,,,,,0,Longo da via,Bom,Não existe,Perfeito estado,Seca,Mal conservada,Não existe,Placas Pare,,Única,Não existe,,
2020-01-25 00:00:00,19:37:00,COM VÍTIMA,FINALIZADA,IBURA,AV RECIFE,,AV DOM HELDER CAMARA,E/F AO POSTO SHELL/ EXTRAFARMA,IBURA,55,CIDADE,COLISÃO COM CICLISTA,AUTO PASSEIO X CICLISTA COM VÍTIMA,1,,,1,,,,,,1,Longo da via,Bom,Sem defeito,Incompleta,Seca,Perfeito estado,Não existe,Não há placas,,Única,Não existe,,
2020-01-26 00:00:00,00:19:00,SEM VÍTIMA,FINALIZADA,CABANGA,PRC GOVERNADOR PAULO GUERRA,,,,CABANGA,662,,COLISÃO FRONTAL,COLISÃO ENTRE DOIS AUTOS- S/V,2,,,,,,,,,0,Longo da via,Bom,Não existe,Perfeito estado,Seca,Perfeito estado,Faixa de pedestre,,60 km/h,Única,Canteiro central,,
2020-01-26 00:00:00,01:56:00,SEM VÍTIMA,FINALIZADA,CABANGA,AV ENGENHEIRO JOSE ESTELITA,,,PRÓXIMO AO VIADUTO DAS CINCO PONTAS,CABANGA,,CIDADE,ABALROAMENTO LONGITUDINAL,COLISÃO ENTRE DOIS AUTOS- S/V,2,,,,,,,,,0,Longo da via,Bom,Não existe,Perfeito estado,Seca,Perfeito estado,Não existe,Não há placas,,Dupla,,,
2020-01-26 00:00:00,11:11:00,COM VÍTIMA,FINALIZADA,AFOGADOS,RUA SAO MIGUEL,2012,,EM FRENTE AO POSTO PETROISA,AFOGADOS,,,ABALROAMENTO LONGITUDINAL,COM UMA VITIMA -JA SOCORRIDA PELO SAMU,1,1,,,,,,,,1,Longo da via,Bom,,Perfeito estado,Seca,Perfeito estado,,,,Dupla,Faixa contínua,,
2020-01-26 00:00:00,13:50:00,SEM VÍTIMA,FINALIZADA,BOA VISTA,AV GOVERNADOR AGAMENON MAGALHAES,2764,RUA DR LEOPOLDO LINS,CAIXA ECONOMICA FEDERAL,BOA VISTA,78,SUBURBIO,COLISÃO TRASEIRA,ENTRE DOIS AUTOS S/V,2,,,,,,,,,0,Longo da via,Bom,Sem defeito,Perfeito estado,Seca,Perfeito estado,Faixa de pedestre,Outras,,Dupla,Faixa contínua,Faixa seccionada,Canteiro central
2020-01-26 00:00:00,14:23:00,SEM VÍTIMA,FINALIZADA,BOA VIAGEM,AV CONSELHEIRO AGUIAR,2333,,E/F AO EMPRESARIAL JOÃO ROMA,BOA VIAGEM,,CIDADE,ABALROAMENTO LONGITUDINAL,ENTRE ONIBUS X AUTO PASSEIO S/V,1,,,,,1,,,,0,Longo da via,Bom,Não existe,Perfeito estado,Seca,Perfeito estado,Não existe,R-6a,,Única,Faixa seccionada,,
2020-01-26 00:00:00,15:08:00,SEM VÍTIMA,FINALIZADA,BOA VIAGEM,RUA ERNESTO DE PAULA SANTOS,,RUA DOS NAVEGANTES,HOTEL GRAND MERCURE,BOA VIAGEM,,,ABALROAMENTO TRANSVERSAL,COLISÃO SEM VÍTIMA,2,,,,,,,,,0,Cruzamento,Bom,Não existe,Perfeito estado,Seca,Perfeito estado,,Placas Pare,,Única,,,
2020-01-26 00:00:00,15:15:00,SEM VÍTIMA,FINALIZADA,IMBIRIBEIRA,RUA ITAMARACA,,RUA JAMAICA,LADO OPOSTO AO Nº 238,IMBIRIBEIRA,,CIDADE,CHOQUE VEÍCULO PARADO,ENTRE DOIS AUTOS S/V,2,,,,,,,,,0,Longo da via,Bom,Não existe,Perfeito estado,Seca,Perfeito estado,Não existe,Não há placas,,Única,Não existe,,
2020-01-26 00:00:00,15:21:00,SEM VÍTIMA,FINALIZADA,BOA VISTA,AV GOVERNADOR AGAMENON MAGALHAES,,AV RUI BARBOSA,,BOA VISTA,37,,COLISÃO TRASEIRA,COLISÃO SEM VÍTIMA,4,,,,,,,,,0,Longo da via,Bom,Sem defeito,Perfeito estado,Seca,Perfeito estado,Faixa de pedestre,R-6a,60 km/h,Dupla,Faixa seccionada,Canteiro central,Canal
2020-01-26 00:00:00,17:06:00,SEM VÍTIMA,CANCELADA,ESPINHEIRO,AV GOVERNADOR AGAMENON MAGALHAES,,RUA BUENOS AYRES,E/ AO BANCO DO NORDESTE,ESPINHEIRO,,,COLISÃO,ENTRE DOIS AUTOS S/V,2,,,,,,,,,0,,,,,,,,,,,,,
2020-01-26 00:00:00,17:16:00,SEM VÍTIMA,FINALIZADA,SANTO AMARO,AV PREFEITO ARTUR LIMA CAVALCANTI,,,LADO OPOSTO AO HOSPITAL NAVAL,SANTO AMARO,,,ABALROAMENTO LONGITUDINAL,ENTRE DOIS AUTOS S/V,2,,,,,,,,,0,Longo da via,Bom,Não existe,Perfeito estado,Seca,Perfeito estado,Outros,R-6a,40 km/h,Dupla,Canteiro central,,
2020-01-26 00:00:00,20:45:00,SEM VÍTIMA,FINALIZADA,BOA VIAGEM,RUA RAUL AZEDO,,RUA FREI LEANDRO,IMÓVEL Nº 95,BOA VIAGEM,,,ABALROAMENTO TRANSVERSAL,COLISÃO ENTRE DOIS AUTOS S/V,2,,,,,,,,,0,Cruzamento,Bom,Não existe,Incompleta,Seca,Perfeito estado,Faixa de pedestre,R-6a,30 km/h,Única,,,
2020-01-26 00:00:00,21:43:00,SEM VÍTIMA,CANCELADA,TEJIPIÓ,RUA FALCAO DE LACERDA,10,,PROX DA ESTÇÃO DE TEJIPIÓ- EM FRENTE AO POSTO IPIRANGA- AO LADO DA IGREJA COMUNIDADE EXTREMA UNÇÃO,TEJIPIÓ,,,COLISÃO,COLISÃO ENTRE AUTO E MOTO S/V,2,,,,,,,,,0,,,,,,,,,,,,,
2020-01-27 00:00:00,05:43:00,SEM VÍTIMA,FINALIZADA,IPSEP,RUA JEAN EMILE FAVRE,,RUA PADRE LIMA E SA,LANCHONETE MUSTAPAN,IPSEP,,SUBURBIO,ABALROAMENTO TRANSVERSAL,ENTRE AUTO PASSEIO X MOTO S/V,1,1,,,,,,,,0,Cruzamento,Bom,Não existe,Perfeito estado,Seca,Perfeito estado,Não existe,Placas Pare,40 km/h,Dupla,Faixa contínua,,
2020-01-26 00:00:00,22:45:00,COM VÍTIMA,FINALIZADA,SANTO AMARO,AV GOVERNADOR AGAMENON MAGALHAES,,,LADO OPOSTO AO SHOPPING TACARUNA,SANTO AMARO,,CIDADE,COLISÃO COM CICLISTA,ENTRE AUTO PASSEIO X CICLISTA COM VÍTIMA,1,,,1,,,,,,1,Longo da via,Bom,Não existe,Ilegível,Seca,Mal iluminada,Não existe,Não há placas,60 km/h,Dupla,Canal,,
2020-01-27 00:00:00,05:47:00,SEM VÍTIMA,FINALIZADA,COELHOS,RUA DR JOSE MARIANO,806,,MADELEI,COELHOS,,CIDADE,CHOQUE VEÍCULO PARADO,COLISÃO ENTRE DOIS AUTOS S/V,2,,,,,,,,,0,Longo da via,Bom,Não existe,Incompleta,Seca,Perfeito estado,Não existe,Não há placas,,Única,Não existe,,
2020-01-27 00:00:00,06:35:00,SEM VÍTIMA,FINALIZADA,ESPINHEIRO,AV NORTE,,RUA JOSE DE SA CARNEIRO,EM FRENTE A CONCESSIONÁRIA RENAULT,ESPINHEIRO,665,,ABALROAMENTO LONGITUDINAL,MOTO E AUTO,1,1,,,,,,,,0,Cruzamento,Bom,Sem defeito,Perfeito estado,Seca,Perfeito estado,Faixa de pedestre,Outras,,Dupla,Faixa seccionada,Canteiro central,
2020-01-27 00:00:00,06:58:00,SEM VÍTIMA,FINALIZADA,BOA VIAGEM,AV ENGENHEIRO DOMINGOS FERREIRA,3920,,EM FRENTE AO EDIFÍCIO ALICANTE,BOA VIAGEM,,SUBURBIO,CHOQUE OBJETO FIXO,CHOQUE ENTRE AUTO E ÁRVORE- CONDUTOR SE EVADIU DO LOCAL,1,,,,,,,,,0,Longo da via,Bom,Não existe,Perfeito estado,Seca,Perfeito estado,Não existe,Não há placas,60 km/h,Dupla,Canteiro central,,
2020-01-27 00:00:00,07:11:00,COM VÍTIMA,FINALIZADA,SANTO ANTÔNIO,AV DANTAS BARRETO,,RUA SIQUEIRA CAMPOS,EM FRENTE AO ANTIGO PREIO DO INSS / POR TRAS DOS CORREIOS,SANTO ANTÔNIO,141,SUBURBIO,ATROPELAMENTO,PEDESTRE / ONIBUS BRT,,,,,1,1,,,,1,Cruzamento,Bom,Sem defeito,Incompleta,Seca,Perfeito estado,Não existe,Não há placas,30 km/h,Dupla,Canteiro central,,
2020-01-27 00:00:00,07:51:00,COM VÍTIMA,CANCELADA,CASA FORTE,AV DEZESSETE DE AGOSTO,,,,CASA FORTE,,,ACID. DE PERCURSO,MOTO / O DONO DA MOTO NAO QUIZ O ATENDIMENTO DA CTTU / SEGUINDO JUNTO COM A AMBULANCIA PARA O HOAPITAL COM A VITIMA,,1,,,,,,,,1,,,,,,,,,,,,,
2020-01-27 00:00:00,08:44:00,SEM VÍTIMA,CANCELADA,IBURA,AV DOIS RIOS,,,APOS O NUCLEO- PROX. AO POSTO DE GASOLINA BR,IBURA,,,COLISÃO,DOIS AUTOS,2,,,,,,,,,0,,,,,,,,,,,,,
2020-01-27 00:00:00,08:45:00,SEM VÍTIMA,FINALIZADA,TAMARINEIRA,RUA CONEGO BARATA,420,,,TAMARINEIRA,,SUBURBIO,COLISÃO TRASEIRA,SEM VITIMAS,2,,,,,,,,,0,Longo da via,Bom,Não existe,Perfeito estado,Seca,Perfeito estado,Não existe,Não há placas,,Dupla,Canteiro central,,
2020-01-27 00:00:00,08:49:00,SEM VÍTIMA,FINALIZADA,ESPINHEIRO,RUA DR FERNANDO ALLAIN,25,RUA MARQUES DO PARANA,MARTELINHO DE OURO,ESPINHEIRO,,CIDADE,ABALROAMENTO TRANSVERSAL,COLISÃO S/VITIMAS ENTRE DOIS AUTOS,2,,,,,,,,,0,Cruzamento,Bom,Não existe,Incompleta,Seca,Perfeito estado,Faixa de pedestre,R-6a,,Única,Não existe,,
2020-01-27 00:00:00,09:19:00,SEM VÍTIMA,FINALIZADA,MACAXEIRA,AV NORTE,,AV DA RECUPERACAO,,MACAXEIRA,,SUBURBIO,COLISÃO TRASEIRA,SEM VITIMAS,2,,,,,1,,,,0,,Bom,Não existe,Não existente,Seca,Perfeito estado,Não existe,Não há placas,,Dupla,,,
2020-01-27 00:00:00,09:44:00,COM VÍTIMA,FINALIZADA,IPSEP,RUA PAMPULHA,,RUA ITAJAI,EM FRENTE AO BUFFET CASA BRABCA,IPSEP,,CIDADE,ABALROAMENTO TRANSVERSAL,COLISÃO COM DUAS VITIMAS-SAMU NO LOCAL,1,1,,,,,,,,2,Cruzamento,Bom,Não existe,,Seca,Perfeito estado,Outros,Placas Pare,,Dupla,Faixa seccionada,,
2020-01-27 00:00:00,09:56:00,SEM VÍTIMA,FINALIZADA,AFOGADOS,RUA COSME VIANA,,RUA PADRE TEOFILO TWORZ,AO LADO DA TUPAN,AFOGADOS,503,SUBURBIO,ABALROAMENTO TRANSVERSAL,COLISÃO S/VITIMAS ENTRE DOIS AUTOS,2,,,,,,,,,0,Cruzamento,Bom,Sem defeito,Incompleta,Seca,Perfeito estado,Faixa de pedestre,Não há placas,,Única,Faixa contínua,Faixa seccionada,
2020-01-27 00:00:00,10:40:00,SEM VÍTIMA,FINALIZADA,TORRE,RUA ALBERTO PAIVA,,RUA AMELIA,,TORRE,,SUBURBIO,ABALROAMENTO LONGITUDINAL,COLISÃO S/VITIMAS ENTRE DOIS AUTOS,1,,,,,,1,,,0,Longo da via,Bom,Sem defeito,Perfeito estado,Seca,Perfeito estado,Faixa de retenção,Outras,,Dupla,Faixa contínua,,
2020-01-27 00:00:00,10:43:00,SEM VÍTIMA,CANCELADA,MACAXEIRA,AV NORTE,7750,,EM FRENTE AO COLEGIO ESTADUAL MARIA AMALIA,MACAXEIRA,,SUBURBIO,COLISÃO,SEM VITIMAS,2,,,,,,,,,0,,,,,,,,,,,,,
2020-01-27 00:00:00,10:56:00,SEM VÍTIMA,CANCELADA,AFOGADOS,RUA MOTOCOLOMBO,,RUA PROFESSOR AUGUSTO WANDERLEY FILHO,NO CRUZAMENTO / EM FRETE AO TROCAO,AFOGADOS,39,,COLISÃO,DOIS AUTOS,2,,,,,,,,,0,,,,,,,,,,,,,
2020-01-27 00:00:00,11:12:00,SEM VÍTIMA,FINALIZADA,IMBIRIBEIRA,AV MARECHAL MASCARENHAS DE MORAES,2337,,LOJAS FERREIRA COSTA,IMBIRIBEIRA,385,CIDADE,ABALROAMENTO LONGITUDINAL,ONIBUS E AUTO,1,,,,,1,,,,0,Longo da via,Bom,Sem defeito,Perfeito estado,Seca,Perfeito estado,,Não há placas,60 km/h,Dupla,Faixa contínua,Canteiro central,
2020-01-27 00:00:00,11:15:00,SEM VÍTIMA,FINALIZADA,CORDEIRO,EST DO FORTE DO ARRAIAL N. DO B. JESUS,,RUA PROFESSORA LAURA FERREIRA DA COSTA,FORTE ARRAIAL DO BOM JESUS,CORDEIRO,,SUBURBIO,ABALROAMENTO TRANSVERSAL,COLISÃO S/VITIMAS ENTRE UM ONIBUS E UM AUTO,1,,,,,1,,,,0,Cruzamento,Bom,Não existe,Não existente,Seca,Perfeito estado,Não existe,Não há placas,,Dupla,Faixa contínua,,
2020-01-27 00:00:00,11:18:00,SEM VÍTIMA,FINALIZADA,IMBIRIBEIRA,AV MARECHAL MASCARENHAS DE MORAES,2837,,FORD DIVEPE CAMINHÕES,IMBIRIBEIRA,7,CIDADE,ABALROAMENTO LONGITUDINAL,ONIBUS E CAMINHAO,1,,,,,,1,,,0,Longo da via,Bom,Sem defeito,Perfeito estado,Seca,Perfeito estado,Faixa de pedestre,Outras,,Dupla,Canteiro central,,
2020-01-27 00:00:00,12:13:00,SEM VÍTIMA,CANCELADA,JARDIM SÃO PAULO,AV SAO PAULO,382,,EM FRENTE AO SUPERMERCADO RENDE MAIS,JARDIM SÃO PAULO,,,COLISÃO,COLISÃO SEM VÍTIMA,1,,,,,,1,,,0,,,,,,,,,,,,,
2020-01-27 00:00:00,12:55:00,SEM VÍTIMA,FINALIZADA,BOA VISTA,RUA DA AURORA,,,E/F A AGENCIA DO TRABALHO,BOA VISTA,,,ABALROAMENTO LONGITUDINAL,ENTRE CAMINHÃO X AUTO PASSEIO S/V,1,,,,,,1,,,0,Longo da via,Bom,Sem defeito,Perfeito estado,Seca,Perfeito estado,Faixa de pedestre,,,Única,Faixa contínua,Faixa seccionada,
2020-01-27 00:00:00,13:19:00,SEM VÍTIMA,FINALIZADA,BOA VIAGEM,AV VINTE DE JANEIRO,1060,RUA JORNALISTA ALFREDO PORTO SILVEIRA,,BOA VIAGEM,,SUBURBIO,ABALROAMENTO TRANSVERSAL,COLISÃO SEM VÍTIMA,2,,,,,,,,,0,Cruzamento,Bom,Não existe,Perfeito estado,Seca,Perfeito estado,Faixa de retenção,Placas Pare,30 km/h,Dupla,Faixa contínua,,
2020-01-27 00:00:00,13:20:00,SEM VÍTIMA,FINALIZADA,MADALENA,RUA JOSE OSORIO,,AV BEIRA RIO,,MADALENA,387,SUBURBIO,COLISÃO TRASEIRA,ENTRE DOIS AUTOS S/V,2,,,,,,,,,0,Longo da via,Bom,Sem defeito,Perfeito estado,Seca,Perfeito estado,Faixa de pedestre,Não há placas,60 km/h,Dupla,Faixa contínua,,
2020-01-27 00:00:00,13:50:00,SEM VÍTIMA,CANCELADA,CORDEIRO,EST DO FORTE DO ARRAIAL N. DO B. JESUS,117,,PROXIMO A PRAÇA DO QUINZE,CORDEIRO,,,COLISÃO,COLISÃO SEM VÍTIMA,2,,,,,,,,,0,,,,,,,,,,,,,
2020-01-27 00:00:00,14:45:00,SEM VÍTIMA,FINALIZADA,BOA VIAGEM,AV ENGENHEIRO DOMINGOS FERREIRA,,RUA HENRIQUE CAPITULINO,,BOA VIAGEM,484,SUBURBIO,COLISÃO TRASEIRA,ENTRE DOIS AUTOS S/V,2,,,,,,,,,0,Longo da via,Bom,Sem defeito,Perfeito estado,Seca,Perfeito estado,Faixa de pedestre,,,Única,Faixa contínua,Faixa seccionada,Canteiro central
2020-01-27 00:00:00,14:47:00,SEM VÍTIMA,FINALIZADA,BOA VISTA,RUA PADRE INGLES,367,,EM FRENTE AO Nº 367,BOA VISTA,,,ABALROAMENTO LONGITUDINAL,COLISÃO SEM VÍTIMA,2,,,,,,,,,0,Longo da via,Bom,Não existe,Perfeito estado,Seca,Mal conservada,Faixa de pedestre,Placas Pare,,Única,Não existe,,
2020-01-27 00:00:00,15:50:00,SEM VÍTIMA,FINALIZADA,MADALENA,AV CAXANGA,792,,ESTAÇÃO ZUMBI - BRT,MADALENA,273,SUBURBIO,COLISÃO TRASEIRA,COLISÃO SEM VÍTIMA,3,,,,,,,,,0,Longo da via,Bom,Sem defeito,Perfeito estado,Seca,,Faixa de pedestre,Outras,,Única,Não existe,,
2020-01-27 00:00:00,16:45:00,COM VÍTIMA,FINALIZADA,SANTO AMARO,AV CRUZ CABUGA,,RUA PEDRO AFONSO,LADO OPOSTO À ESCOLA SUPERIOR DE MARKETING.,SANTO AMARO,,,ABALROAMENTO TRANSVERSAL,DUAS MOTOCICLETAS,,2,,,,,,,,1,Cruzamento,Bom,Não existe,Perfeito estado,Seca,Perfeito estado,Faixa de pedestre,Não há placas,,Dupla,Não existe,,
2020-01-27 00:00:00,17:17:00,SEM VÍTIMA,FINALIZADA,ENGENHO DO MEIO,RUA FRANCISCO BEZERRA MONTEIRO,,,EUROFINS,ENGENHO DO MEIO,,SUBURBIO,ABALROAMENTO LONGITUDINAL,COLISÃO SEM VÍTIMA,2,,,,,,,,,0,Longo da via,Bom,Não existe,Não existente,Seca,Perfeito estado,Não existe,Não há placas,,Dupla,Não existe,,
2020-01-27 00:00:00,17:58:00,SEM VÍTIMA,FINALIZADA,IPSEP,RUA HELIO BRANDAO,268,RUA ALVORADA,,IPSEP,,SUBURBIO,ABALROAMENTO LONGITUDINAL,ENTRE ONIBUS X TAXI S/V,1,,,,,1,,,,0,Longo da via,Bom,Não existe,Não existente,Seca,Perfeito estado,Não existe,Não há placas,30 km/h,Única,Não existe,,
2020-01-27 00:00:00,18:21:00,SEM VÍTIMA,CANCELADA,TAMARINEIRA,EST DO ARRAIAL,,,E//F A HI ACADEMIA,TAMARINEIRA,,,COLISÃO,ONIBUS X AUTO PASSEIO S/V,1,,,,,1,,,,0,,,,,,,,,,,,,
2020-01-27 00:00:00,18:24:00,SEM VÍTIMA,FINALIZADA,BOA VIAGEM,AV ENGENHEIRO DOMINGOS FERREIRA,,,EM FRENTE AO ARMAZÉM CORAL,BOA VIAGEM,,SUBURBIO,COLISÃO TRASEIRA,COLISÃO SEM VÍTIMA,2,,,,,,,,,0,Longo da via,Bom,Não existe,Perfeito estado,Seca,Perfeito estado,Não existe,R-6a,60 km/h,Dupla,Canteiro central,,
2020-01-27 00:00:00,18:29:00,COM VÍTIMA,FINALIZADA,IPSEP,AV RECIFE,,,LADO OPOSTO A PADARIA VILA DO PÃO,IPSEP,,CIDADE,COLISÃO TRASEIRA,ENTRE AUTO PASSEIO X CARROÇA COM VÍTIMA. APÓS A COLISÃO NA CARROÇA- ELA COLIDIU COM UM TERCEIRO ENVOLVIDO.,2,,,,,,,,1,1,Longo da via,Bom,Não existe,Perfeito estado,Seca,Perfeito estado,Não existe,Outras,60 km/h,Dupla,Faixa contínua,Faixa seccionada,Canteiro central
2020-01-27 00:00:00,18:38:00,COM VÍTIMA,FINALIZADA,ÁGUA FRIA,RUA DA REGENERACAO,333,RUA BOM CONSELHO,PROX. A CASA DE FERRAGENS JOSÉ LUIZ DA FONSECA,ÁGUA FRIA,,CIDADE,COLISÃO FRONTAL,COLISÃO COM VITIMA,2,1,,,,,,,,1,Cruzamento,Bom,Não existe,Incompleta,Seca,,Não existe,Não há placas,,Dupla,Não existe,,
2020-01-27 00:00:00,18:43:00,SEM VÍTIMA,FINALIZADA,PINA,AV HERCULANO BANDEIRA,,,EM FRENTE AO ATACADO DOS PRESENTES,PINA,660,SUBURBIO,ABALROAMENTO LONGITUDINAL,ONIBUS BORBOREMA X RENAULT LOGAN,1,,,,,1,,,,0,Longo da via,Bom,Sem defeito,Perfeito estado,Seca,Perfeito estado,Faixa de pedestre,,,Única,Faixa contínua,Faixa seccionada,
2020-01-27 00:00:00,20:21:00,COM VÍTIMA,FINALIZADA,IPSEP,RUA ALDEMAR DE OLIVEIRA,150,RUA HELIO BRANDAO,PROX A GUSTAVO VEICULOS DA AV. RECIFE,IPSEP,,,ABALROAMENTO TRANSVERSAL,ENTRE AUTO PASSEIO X MOTO COM VÍTIMA,1,1,,,,,,,,2,Cruzamento,Bom,Não existe,Ilegível,Seca,Perfeito estado,Faixa de retenção,Não há placas,,Dupla,Faixa contínua,Faixa seccionada,
2020-01-27 00:00:00,21:16:00,SEM VÍTIMA,FINALIZADA,JAQUEIRA,RUA SIMAO MENDES,200,,FRENTE AO SAINT ELISIO,JAQUEIRA,,SUBURBIO,COLISÃO TRASEIRA,ENTRE DOIS AUTOS S/V,2,,,,,,,,,0,Longo da via,Bom,Não existe,Não existente,Seca,Perfeito estado,Não existe,,40 km/h,Dupla,Não existe,,
2020-01-27 00:00:00,23:18:00,SEM VÍTIMA,FINALIZADA,BOA VIAGEM,RUA JOAO CARDOSO AIRES,,,SEMÁFORO 478 / APÓS O COLÉGIO MADRE DE DEUS,BOA VIAGEM,478,SUBURBIO,COLISÃO TRASEIRA,HONDA HRV X SANDERO,2,,,,,,,,,0,Longo da via,Bom,Sem defeito,Perfeito estado,Seca,Perfeito estado,Faixa de pedestre,Outras,,Única,Faixa seccionada,Canteiro central,