data,hora,natureza,situacao,bairro,endereco,numero,detalhe_endereco_acidente,complemento,bairro_cruzamento,num_semaforo,sentido_via,tipo,auto,moto,ciclom,ciclista,pedestre,onibus,caminhao,viatura,outros,vitimas,vitimasfatais,acidente_verificado,tempo_clima,situacao_semaforo,sinalizacao,condicao_via,conservacao_via,ponto_controle,situacao_placa,velocidade_max_via,mao_direcao,divisao_via1,divisao_via2,divisao_via3
2020-02-04 00:00:00,09:35:00,SEM VÍTIMA,FINALIZADA,SANTO AMARO,RUA FREI CASSIMIRO,3032,RUA ISRAEL FONSECA,EM FRENTE AO SUPERMERCADO SUPREMO,SANTO AMARO,,SUBURBIO,ABALROAMENTO TRANSVERSAL,COLISAO SEM VITIMA. ENTRE TAXI E CAMINHAO,1,,,,,,1,,,0,Longo da via,Bom,Não existe,Perfeito estado,Seca,Perfeito estado,Faixa de pedestre,Placas Pare,,Única,Canteiro central,,
2020-02-04 00:00:00,09:35:00,SEM VÍTIMA,FINALIZADA,SAN MARTIN,AV GENERAL SAN MARTIN,,AV ENGENHEIRO ABDIAS DE CARVALHO,COMPAZ,SAN MARTIN,58,SUBURBIO,ABALROAMENTO LONGITUDINAL,CARRETA E AUTO PASSEIO,1,,,,,,,,1,0,Cruzamento,Bom,Sem defeito,Perfeito estado,Seca,Perfeito estado,Agente,Outras,40 km/h,Dupla,Faixa contínua,,
2020-02-04 00:00:00,09:40:00,SEM VÍTIMA,FINALIZADA,GRAÇAS,RUA JOAQUIM NABUCO,,,EM FRENTE AO SEMÁFORO 071,GRAÇAS,,SUBURBIO,ABALROAMENTO LONGITUDINAL,DOIS AUTOS /  GM SUB PAULINO / GUSTAVO / P.O,2,,,,,,,,,0,Cruzamento,Bom,Sem defeito,Perfeito estado,Seca,Perfeito estado,Faixa de pedestre,Não há placas,,Única,Não existe,,
2020-02-04 00:00:00,09:51:00,SEM VÍTIMA,FINALIZADA,ESPINHEIRO,RUA BARAO DE ITAMARACA,,RUA RUI CALACA,,ESPINHEIRO,,SUBURBIO,ABALROAMENTO LONGITUDINAL,DOIS AUTOS,2,,,,,,,,,0,Cruzamento,Bom,Não existe,Perfeito estado,Seca,Perfeito estado,Não existe,R-6a,,Dupla,Faixa seccionada,,
2020-02-04 00:00:00,10:02:00,SEM VÍTIMA,FINALIZADA,AFOGADOS,AV SUL,,,CLIMAR PEÇAS E SERVIÇOS PARA AR CONDICIONADO AUTOMOTIVO,AFOGADOS,,,ABALROAMENTO LONGITUDINAL,CAMINHAO E AUTO PASSEIO,1,,,,,,1,,,0,Longo da via,Bom,Sem defeito,Perfeito estado,Seca,Perfeito estado,Não existe,Não há placas,,Única,Não existe,,
2020-02-04 00:00:00,10:03:00,SEM VÍTIMA,CANCELADA,ENCRUZILHADA,AV JOAO DE BARROS,,AV NORTE,EM FRENTE AO BANCO BRADESCO,ENCRUZILHADA,,,COLISÃO COM CICLISTA,SEM VITIMAS,,,,1,,,1,,,0,,,,,,,,,,,,,
2020-02-04 00:00:00,10:17:00,SEM VÍTIMA,FINALIZADA,SÃO JOSÉ,RUA IMPERIAL,,TRV DO GUSMAO,EM FRENTE A LOJA 05,SÃO JOSÉ,,SUBURBIO,ABALROAMENTO LONGITUDINAL,SEM VITIMAS,1,,,,,1,,,,0,,Bom,Não existe,Perfeito estado,Seca,Perfeito estado,Não existe,Não há placas,,Única,Faixa seccionada,,
2020-02-04 00:00:00,10:43:00,SEM VÍTIMA,DUPLICIDADE,SÃO JOSÉ,RUA IMPERIAL,502,,APOS O POSTO DE GASOLINA BR- SENT. AFOGADOS,SÃO JOSÉ,,,COLISÃO,ONIBUS E AUTO,1,,,,,1,,,,0,,,,,,,,,,,,,
2020-02-04 00:00:00,11:33:00,SEM VÍTIMA,FINALIZADA,GRAÇAS,AV RUI BARBOSA,1599,,MEMORIAL DA UPE,GRAÇAS,37,CIDADE,COLISÃO TRASEIRA,TRES AUTOS / GM SILVIO E ERLY P.O NO QTH,3,,,,,,,,,0,Longo da via,Bom,Sem defeito,Perfeito estado,Seca,Perfeito estado,Faixa de pedestre,R-6a,,Única,Faixa seccionada,,
2020-02-04 00:00:00,12:12:00,SEM VÍTIMA,FINALIZADA,BOA VIAGEM,AV BOA VIAGEM,4988,RUA BARAO DE SOUZA LEAO,,BOA VIAGEM,,CIDADE,ABALROAMENTO LONGITUDINAL,COLISÃO SEM VÍTIMA,2,,,,,,,,,0,,Bom,Sem defeito,Perfeito estado,Seca,Perfeito estado,Faixa de pedestre,Outras,40 km/h,Única,Faixa seccionada,,
2020-02-04 00:00:00,12:53:00,SEM VÍTIMA,FINALIZADA,IPUTINGA,RUA PADRE DEHON,166,,CRUZAMENTO,IPUTINGA,,SUBURBIO,ABALROAMENTO TRANSVERSAL,COLISÃO SEM VÍTIMA,2,,,,,,,,,0,Cruzamento,Bom,Não existe,Perfeito estado,Seca,Perfeito estado,Outros,Outras,,Dupla,Não existe,,
2020-02-04 00:00:00,12:59:00,SEM VÍTIMA,FINALIZADA,BOA VIAGEM,AV CONSELHEIRO AGUIAR,3105,RUA ANTONIO FALCAO,,BOA VIAGEM,,CIDADE,COLISÃO TRASEIRA,COLISÃO SEM VÍTIMA,2,,,,,,,,,0,Longo da via,Bom,Sem defeito,Perfeito estado,Seca,Perfeito estado,Não existe,Não há placas,,Única,Faixa seccionada,,
2020-02-04 00:00:00,13:52:00,SEM VÍTIMA,FINALIZADA,PINA,AV REPUBLICA DO LIBANO,,,EM FRENTE AO Nº 40,PINA,,SUBURBIO,ABALROAMENTO LONGITUDINAL,COLISÃO SEM VÍTIMA,1,,,,,1,,,,0,Longo da via,Bom,Não existe,Perfeito estado,Seca,Perfeito estado,Não existe,Não há placas,,Única,Não existe,,
2020-02-04 00:00:00,13:58:00,SEM VÍTIMA,FINALIZADA,TAMARINEIRA,AV NORTE,3698,,LADO OPOSTO AO EDIFÍCIO MANOEL FERREIRA,TAMARINEIRA,,CIDADE,COLISÃO TRASEIRA,COLISÃO SEM VÍTIMA,4,,,,,,,,,0,Longo da via,Bom,Não existe,Perfeito estado,Seca,Perfeito estado,Faixa de pedestre,Não há placas,60 km/h,Dupla,Canteiro central,,
2020-02-04 00:00:00,14:21:00,SEM VÍTIMA,FINALIZADA,BOA VISTA,RUA DO HOSPICIO,,RUA PRINCESA IZABEL,EM FRENTE A CÂMARA DOS VEREADORES,BOA VISTA,31,SUBURBIO,ABALROAMENTO TRANSVERSAL,SEM VITIMA,2,,,,,,,,,0,Cruzamento,Bom,Sem defeito,Perfeito estado,Seca,Perfeito estado,Agente,Não há placas,,Única,Faixa seccionada,,
2020-02-04 00:00:00,14:25:00,SEM VÍTIMA,FINALIZADA,BOA VIAGEM,AV CONSELHEIRO AGUIAR,,,EM FRENTE AO BANCO BRADESCO,BOA VIAGEM,546,CIDADE,COLISÃO TRASEIRA,COLISAO SEM VITIMAS,2,,,,,,,,,0,Cruzamento,Bom,Sem defeito,Perfeito estado,Seca,Perfeito estado,Faixa de pedestre,Não há placas,60 km/h,Única,Faixa seccionada,,
2020-02-04 00:00:00,14:26:00,SEM VÍTIMA,CANCELADA,VÁRZEA,RUA CAMINHO DA AREINHA,1,,PROX. DO DEPOSITO DE BEBIDAS DO ALEMÃO,VÁRZEA,,,COLISÃO,COLISÃO SEM VITIMA,2,,,,,,,,,0,,,,,,,,,,,,,
2020-02-04 00:00:00,14:30:00,SEM VÍTIMA,FINALIZADA,BOA VIAGEM,AV DES JOSE NEVES,,,ANTES DO POSTE Nº B 007529,BOA VIAGEM,,CIDADE,COLISÃO TRASEIRA,COLISÃO SEM VITIMA,2,,,,,,,,,0,Longo da via,Bom,Não existe,Perfeito estado,Seca,Perfeito estado,Não existe,Não há placas,,Dupla,Faixa seccionada,,
2020-02-04 00:00:00,15:03:00,SEM VÍTIMA,FINALIZADA,BOA VISTA,AV MANOEL BORBA,,RUA DA CONCEICAO,EM FRENTE A PRAÇA MACIEL PINHEIRO,BOA VISTA,,CIDADE,ABALROAMENTO LONGITUDINAL,COLISÃO SEM VÍTIMA,2,,,,,,,,,0,,Bom,Não existe,Incompleta,Seca,Mal conservada,,Placas Pare,,,Não existe,,
2020-02-04 00:00:00,15:34:00,SEM VÍTIMA,FINALIZADA,CASA AMARELA,AV NORTE,4681,RUA RODRIGUES SETE,,CASA AMARELA,,CIDADE,COLISÃO TRASEIRA,ART 181,3,,,,,,,,,0,Cruzamento,Bom,Não existe,Perfeito estado,Seca,Perfeito estado,Não existe,Não há placas,60 km/h,Única,Faixa seccionada,,
2020-02-04 00:00:00,15:36:00,SEM VÍTIMA,FINALIZADA,BOA VIAGEM,RUA BARAO DE SOUZA LEAO,,,EM FRENTE AO BR,BOA VIAGEM,,SUBURBIO,COLISÃO TRASEIRA,COLISÃO SEM VÍTIMA,1,,,,,1,,,,0,Longo da via,Bom,Não existe,Perfeito estado,Seca,Perfeito estado,Agente,Não há placas,40 km/h,Única,Faixa seccionada,,
2020-02-04 00:00:00,15:59:00,SEM VÍTIMA,EQUIPE EM DESLOCAMENTO,MANGABEIRA,AV NORTE,,RUA RODRIGUES SETE,PROX AO SESC,MANGABEIRA,,,COLISÃO,COLISAO SEM VITIMAS,3,,,,,,,,,0,,,,,,,,,,,,,
2020-02-04 00:00:00,16:13:00,SEM VÍTIMA,FINALIZADA,IPSEP,RUA JEAN EMILE FAVRE,,RUA ALEMANHA,OFICINA DO ERON,IPSEP,,,ABALROAMENTO LONGITUDINAL,COLISÃO SEM VÍTIMA,1,,,,,,,,1,0,Cruzamento,Bom,Não existe,Perfeito estado,Seca,Perfeito estado,Não existe,Outras,,,Faixa seccionada,,
2020-02-04 00:00:00,16:19:00,SEM VÍTIMA,FINALIZADA,CASA FORTE,AV DEZESSETE DE AGOSTO,675,RUA LAURINDO COELHO,CAOA CHERY,CASA FORTE,,SUBURBIO,ABALROAMENTO LONGITUDINAL,SEM VITIMA,1,,,,,1,,,,0,Longo da via,Bom,Não existe,Perfeito estado,Seca,Perfeito estado,Não existe,Outras,,Dupla,Faixa contínua,,
2020-02-04 00:00:00,17:03:00,SEM VÍTIMA,FINALIZADA,AFOGADOS,RUA SAO MIGUEL,1648,,LADO OPOSTO AO Nº 1648,AFOGADOS,,CIDADE,COLISÃO TRASEIRA,COLISAO SEM VITIMAS,1,,,,,,1,,,0,Longo da via,Bom,Não existe,Perfeito estado,Seca,Perfeito estado,Não existe,Não há placas,,Dupla,Faixa seccionada,,
2020-02-04 00:00:00,17:04:00,SEM VÍTIMA,FINALIZADA,BOA VIAGEM,AV ENGENHEIRO DOMINGOS FERREIRA,1818,,EXTRA HIPERMERCADO BOA VIAGEM,BOA VIAGEM,380,SUBURBIO,COLISÃO TRASEIRA,COLISÃO SEM VÍTIMA,3,,,,,,,,,0,Longo da via,Bom,Sem defeito,Perfeito estado,Seca,Perfeito estado,Não existe,R-32,60 km/h,Única,Faixa seccionada,Canteiro central,
2020-02-04 00:00:00,17:13:00,SEM VÍTIMA,FINALIZADA,JARDIM SÃO PAULO,RUA LEANDRO BARRETO,,,SOBRE O VIADUTO,JARDIM SÃO PAULO,,SUBURBIO,COLISÃO FRONTAL,COLISÃO SEM VÍTIMA,1,,,,,,1,,,0,Viaduto,Bom,Não existe,Perfeito estado,Seca,Perfeito estado,Outros,Outras,,Dupla,Faixa contínua,,
2020-02-04 00:00:00,17:46:00,SEM VÍTIMA,FINALIZADA,TEJIPIÓ,AV DR JOSE RUFINO,3030,,ESCOLA ESTADUAL ALBERTO TORRES,TEJIPIÓ,,SUBURBIO,COLISÃO TRASEIRA,COLISÃO SEM VÍTIMA,2,,,,,,,,,0,Longo da via,Bom,Sem defeito,Perfeito estado,Seca,Perfeito estado,Não existe,Não há placas,60 km/h,Dupla,Faixa contínua,,
2020-02-04 00:00:00,18:24:00,COM VÍTIMA,FINALIZADA,AFOGADOS,AV SUL,,RUA NICOLAU PEREIRA,PRÓX A EMERGÊNCIA DA AGAMENON MAG E TERMINAL INTEGRAL DO LARGO DA PAZ,AFOGADOS,,CIDADE,ABALROAMENTO TRANSVERSAL,ENTRE AUTO E MOTO. C/V,1,1,,,,,,,,1,Não informado,Bom,Não existe,Perfeito estado,Seca,Perfeito estado,Não existe,Não há placas,,Única,Faixa seccionada,,
2020-02-04 00:00:00,18:30:00,SEM VÍTIMA,CANCELADA,CORDEIRO,AV CAXANGA,,,PROX AO VIADUTO DO BRT // SENTIDO CAMARAGIBE // ENF A FARMACIA PERMANENTE,CORDEIRO,,,COLISÃO,ONIBUS 1002 X PRISMA,1,,,,,1,,,,0,,,,,,,,,,,,,
2020-02-04 00:00:00,18:58:00,SEM VÍTIMA,FINALIZADA,TAMARINEIRA,EST VELHA DE AGUA FRIA,571,,,TAMARINEIRA,,CIDADE,ABALROAMENTO LONGITUDINAL,ENTRE AUTO E MOTO.S/V,1,1,,,,,,,,0,Longo da via,Bom,Não existe,Perfeito estado,Seca,Perfeito estado,Não existe,R-6a,,Dupla,Blocos,,
2020-02-04 00:00:00,19:03:00,SEM VÍTIMA,CANCELADA,ARRUDA,RUA EXP JAMIL DAGLI,,RUA DAS MOCAS,PROX A PIZZARIA ATLANTICO E BEIRA CANAL,ARRUDA,,,COLISÃO,MOTO X FIAT DOBLO,,,,,,,,,,0,,,,,,,,,,,,,
2020-02-04 00:00:00,19:20:00,SEM VÍTIMA,FINALIZADA,BOA VIAGEM,AV CONSELHEIRO AGUIAR,980,,AO LADO DO GREEN MIX,BOA VIAGEM,2,CIDADE,COLISÃO TRASEIRA,ENTRE 2 AUTOS. S/V,2,,,,,,,,,0,Longo da via,Bom,Sem defeito,Perfeito estado,Seca,Perfeito estado,Agente,Não há placas,40 km/h,Única,Faixa contínua,,
2020-02-04 00:00:00,19:36:00,SEM VÍTIMA,FINALIZADA,BOA VISTA,AV CONDE DA BOA VISTA,767,,LOJA LEADER,BOA VISTA,,SUBURBIO,ABALROAMENTO TRANSVERSAL,ENTRE MOTO E ÔNIBUS. S.V,,1,,,,1,,,,0,Longo da via,Bom,Não existe,Perfeito estado,Seca,Perfeito estado,Não existe,Outras,,Dupla,Faixa contínua,,
2020-02-04 00:00:00,19:52:00,COM VÍTIMA,FINALIZADA,BOA VIAGEM,RUA GENERAL SALGADO,99,RUA COSMORAMA,E/F A AO RESTAURANTE ARENA SHARK E PRÓX AO COLÉGIO MADRE DE DEUS,BOA VIAGEM,,SUBURBIO,ABALROAMENTO TRANSVERSAL,ENTRE AUTO E MTO. C/V,1,1,,,,,,,,1,Cruzamento,Bom,Não existe,Perfeito estado,Seca,Perfeito estado,Não existe,Placas Pare,,Dupla,Faixa seccionada,Outros,
2020-02-04 00:00:00,20:13:00,SEM VÍTIMA,FINALIZADA,IPSEP,RUA CACHOEIRA,,RUA ITACARI,,IPSEP,,SUBURBIO,COLISÃO TRASEIRA,C3 X FIESTA,2,,,,,,,,,0,Cruzamento,Bom,Não existe,Incompleta,Seca,Mal iluminada,Não existe,Não há placas,,Única,Faixa seccionada,,
2020-02-04 00:00:00,20:15:00,SEM VÍTIMA,FINALIZADA,SÃO JOSÉ,RUA IMPERIAL,217,RUA BOM SUCESSO,,SÃO JOSÉ,,CIDADE,ABALROAMENTO TRANSVERSAL,ENTRE 2 AUTOS. S/V,2,,,,,,,,,0,Cruzamento,Bom,Não existe,,Seca,Perfeito estado,Não existe,Não há placas,,Única,Faixa seccionada,,
2020-02-04 00:00:00,21:08:00,SEM VÍTIMA,FINALIZADA,CORDEIRO,RUA EURICO DE SOUZA LEAO,906,,,CORDEIRO,,SUBURBIO,CHOQUE OBJETO FIXO,VT DO 13 BATALHÃO ACABOU CAINDO NO BURACO. S/V,1,,,,,,,,,0,Longo da via,Bom,Não existe,Incompleta,Seca,Mal conservada,Não existe,Não há placas,,Dupla,Não existe,,
2020-02-04 00:00:00,22:07:00,COM VÍTIMA,FINALIZADA,PARNAMIRIM,AV PARNAMIRIM,375,RUA ANDRE CAVALCANTE,E/F AO BANCO SANTANDER,PARNAMIRIM,,CIDADE,ABALROAMENTO LONGITUDINAL,MOTO X AUTO. C/V,1,1,,,,,,,,1,Cruzamento,Bom,Não existe,Incompleta,Seca,Perfeito estado,Não existe,R-6a,,Única,Faixa seccionada,,
2020-02-04 00:00:00,22:39:00,SEM VÍTIMA,FINALIZADA,ILHA DO RETIRO,RUA SPORT CLUBE DO RECIFE,,,FRENTE AO SPORT CLUBE DO RECIFE,ILHA DO RETIRO,355,SUBURBIO,COLISÃO TRASEIRA,ENTRE 2 AUTOS. UM DOS CONDUTOTES APRESENTA SINAIS DE EMBRIAGUEZ,2,,,,,,,,,0,Longo da via,Bom,Sem defeito,Perfeito estado,Seca,Perfeito estado,Não existe,Não há placas,,Dupla,Faixa contínua,Faixa seccionada,Canteiro central
2020-02-05 00:00:00,06:05:00,SEM VÍTIMA,FINALIZADA,PAISSANDU,AV GOVERNADOR AGAMENON MAGALHAES,,,LADO OPOSTO AO HOSP. PORTUGUÊS,PAISSANDU,672,SUBURBIO,ABALROAMENTO LONGITUDINAL,SEM VITIMAS,1,,,,,1,,,,0,Longo da via,Bom,Sem defeito,Perfeito estado,Seca,Perfeito estado,Faixa de pedestre,,,Dupla,Canteiro central,,
2020-02-05 00:00:00,06:55:00,SEM VÍTIMA,FINALIZADA,MACAXEIRA,AV NORTE,,,AO LADO DO PONTO DE ÔNIBUS Nº 110052,MACAXEIRA,,SUBURBIO,COLISÃO TRASEIRA,DOIS AUTOS,2,,,,,,,,,0,Longo da via,Bom,Não existe,Incompleta,Seca,Perfeito estado,Não existe,,,Dupla,Canteiro central,,
2020-02-05 00:00:00,07:49:00,SEM VÍTIMA,FINALIZADA,BOA VISTA,RUA DO HOSPICIO,,,EM FRENTE A CÂMARA MUNICIPAL DO RECIFE,BOA VISTA,31,CIDADE,ABALROAMENTO LONGITUDINAL,,1,,,,,,,,1,0,Cruzamento,Bom,Sem defeito,Perfeito estado,Seca,Perfeito estado,Agente,Outras,,Única,Não existe,,
2020-02-05 00:00:00,08:03:00,SEM VÍTIMA,FINALIZADA,PINA,PTE AGAMENON MAGALHAES,,,LADO OPOSTO AO RESTAURANTE BARGAÇO,PINA,,CIDADE,COLISÃO TRASEIRA,DOIS AUTOS,2,,,,,,,,,0,Ponte,Bom,Sem defeito,Perfeito estado,Seca,Perfeito estado,Não existe,Placas Pare,60 km/h,,Faixa seccionada,,
2020-02-05 00:00:00,08:27:00,SEM VÍTIMA,FINALIZADA,DERBY,PRC DO DERBY,,RUA JENER DE SOUZA,SOB O SEMÁFORO Nº 418,DERBY,418,CIDADE,ABALROAMENTO TRANSVERSAL,SEM VITIMAS/LOCAL DESCARACTERIZADO,2,,,,,,,,,0,Cruzamento,Bom,Sem defeito,Perfeito estado,Seca,Perfeito estado,Faixa de pedestre,Outras,,Dupla,Blocos,,
2020-02-05 00:00:00,08:54:00,SEM VÍTIMA,FINALIZADA,ESPINHEIRO,RUA CONS PORTELA,,RUA SANTO ELIAS,ESQUINA COM POSTO URBAN,ESPINHEIRO,,CIDADE,ABALROAMENTO TRANSVERSAL,COLISÃO S/VITIMAS ENTRE DOIS AUTOS,2,,,,,,,,,0,Cruzamento,Bom,Não existe,Perfeito estado,Seca,Perfeito estado,Não existe,Não há placas,,Única,Faixa seccionada,,
2020-02-05 00:00:00,10:05:00,COM VÍTIMA,FINALIZADA,CASA AMARELA,RUA PAULA BATISTA,173,RUA XAVANTES,AO LADO DO CENTRO ESPIRITA MOACIR,CASA AMARELA,,SUBURBIO,ABALROAMENTO TRANSVERSAL,COM DUAS VITIMAS SENDO ATENDIDAS PELO SAMU,1,1,,,,,,,,2,Cruzamento,Bom,Não existe,Ilegível,Seca,Perfeito estado,Não existe,Não há placas,30 km/h,Dupla,Não existe,,
2020-02-05 00:00:00,10:07:00,COM VÍTIMA,FINALIZADA,MUSTARDINHA,RUA VINTE E UM DE ABRIL,1343,RUA CORACAO DE JESUS,AO LADO DA ROCK PIZZA,MUSTARDINHA,,SUBURBIO,COLISÃO,COLISÃO C/VITIMAS ENTRE UMA MOTO E UM AUTO,1,1,,,,,,,,1,Esquina,Bom,Não existe,Perfeito estado,Seca,Perfeito estado,Não existe,Outras,,Dupla,Não existe,,
2020-02-05 00:00:00,11:28:00,SEM VÍTIMA,FINALIZADA,MADALENA,RUA REAL DA TORRE,682,,,MADALENA,,,COLISÃO TRASEIRA,SEM VITIMAS,2,,,,,,,,,0,Longo da via,Bom,Não existe,Perfeito estado,Seca,Perfeito estado,Não existe,Não há placas,,Única,Faixa seccionada,,
2020-02-05 00:00:00,12:07:00,SEM VÍTIMA,CANCELADA,BOA VIAGEM,RUA RIBEIRO DE BRITO,,,EM FRENTE AO SINDICATO MUNICIPAL DOS EMPREGADOS EM CONDOMINIO,BOA VIAGEM,597,,COLISÃO,COLISÃO SEM VITIMA,1,1,,,,,,,,0,,,,,,,,,,,,,
2020-02-05 00:00:00,12:15:00,SEM VÍTIMA,FINALIZADA,NOVA DESCOBERTA,AV NORTE,6720,,ESCOLA MUNDO MÁGICO,NOVA DESCOBERTA,,SUBURBIO,COLISÃO TRASEIRA,COLISÃO ENTRE A VT CTTU 09 DE PLACA,2,,,,,,,,,0,Longo da via,Bom,Não existe,Perfeito estado,Seca,Perfeito estado,Não existe,Não há placas,60 km/h,Dupla,Canteiro central,,
2020-02-05 00:00:00,12:35:00,SEM VÍTIMA,FINALIZADA,PRADO,AV ENGENHEIRO ABDIAS DE CARVALHO,,RUA JOAO IVO DA SILVA,CONCESSIONÁRIA GRANVIA,PRADO,132,CIDADE,ABALROAMENTO LONGITUDINAL,SEM VITIMA,2,,,,,,,,,0,Cruzamento,Bom,Sem defeito,Perfeito estado,Seca,Perfeito estado,Agente,,,Única,Canteiro central,,
2020-02-05 00:00:00,13:08:00,COM VÍTIMA,FINALIZADA,SÃO JOSÉ,RUA IMPERIAL,1171,,E/F AO COLEGIO JOAQUIM NABUCO,SÃO JOSÉ,,SUBURBIO,ABALROAMENTO LONGITUDINAL,COLISAO COM VITIMAS,1,1,,,,,,,,2,Longo da via,Bom,Não existe,Perfeito estado,Seca,Perfeito estado,Não existe,Não há placas,,Única,Faixa seccionada,,
2020-02-05 00:00:00,13:26:00,COM VÍTIMA,FINALIZADA,POÇO DA PANELA,AV DEZESSETE DE AGOSTO,2108,AV DR SEIXAS,E/F A PAGUE MENOS/ PROX AO CRUZAMENTO COM A RUA DOUTOR SEIXAS,POÇO DA PANELA,646,CIDADE,ABALROAMENTO LONGITUDINAL,COLISAO COM VITIMAS,1,1,,,,,,,,1,Cruzamento,Bom,Sem defeito,Perfeito estado,Seca,Perfeito estado,Faixa de retenção,,,Dupla,,,
2020-02-05 00:00:00,13:31:00,SEM VÍTIMA,FINALIZADA,GRAÇAS,RUA ANTONIO NOVAIS,241,RUA SOUZA DE ANDRADE,,GRAÇAS,,,ABALROAMENTO TRANSVERSAL,ENTRE AUTO PASSEIO X MOTO S/V,1,1,,,,,,,,0,Cruzamento,Bom,Não existe,Não existente,Seca,Perfeito estado,Não existe,Não há placas,30 km/h,Única,Não existe,,
2020-02-05 00:00:00,13:38:00,COM VÍTIMA,FINALIZADA,SÃO JOSÉ,RUA IMPERIAL,1898,,APOS A JUCEPE,SÃO JOSÉ,,SUBURBIO,TOMBAMENTO,MOTOCICLISTA CAIU EM UM BURACO,,1,,,,,,,,2,Longo da via,Bom,Não existe,Incompleta,,Mal conservada,Não existe,Outras,,Única,Não existe,,
2020-02-05 00:00:00,13:42:00,SEM VÍTIMA,FINALIZADA,BOA VIAGEM,RUA AVIADOR SEVERIANO LINS,,RUA DONA BENVINDA DE FARIAS,,BOA VIAGEM,,SUBURBIO,ABALROAMENTO TRANSVERSAL,ENTRE DOIS AUTOS S/V,2,,,,,,,,,0,Cruzamento,Bom,Não existe,Perfeito estado,Seca,Perfeito estado,Não existe,Placas Pare,20 km/h,Dupla,Não existe,,
2020-02-05 00:00:00,14:17:00,SEM VÍTIMA,CANCELADA,PAISSANDU,RUA PAISSANDU,,,HOSP. CAPIBARIBE HAPVIDA,PAISSANDU,,,COLISÃO,COLISÃO SEM VITIMA,2,,,,,,,,,0,,,,,,,,,,,,,
2020-02-05 00:00:00,14:18:00,COM VÍTIMA,FINALIZADA,CORDEIRO,RUA PAES CABRAL,414,RUA SANTOS MOREIRA,PROX A SORVETERIA MUG,CORDEIRO,,SUBURBIO,ABALROAMENTO TRANSVERSAL,ENTRE MOTO X AUTO PASSEIO COM VÍTIMA,1,1,,,,,,,,1,Longo da via,Bom,Não existe,Não existente,Seca,Perfeito estado,Não existe,Outras,,Dupla,Não existe,,
2020-02-05 00:00:00,15:24:00,COM VÍTIMA,FINALIZADA,MUSTARDINHA,AV MANOEL GONCALVES DA LUZ,548,,E/F A ULTRAGÁS E CASA LOTÉRICA DA CAIXA ECONOMICA.,MUSTARDINHA,,CIDADE,COLISÃO FRONTAL,ENTRE AUTO X PEDESTRE X MOTO,1,1,,,1,,,,,3,Longo da via,Bom,Não existe,Perfeito estado,Seca,Perfeito estado,Não existe,Não há placas,,,Não existe,,
2020-02-05 00:00:00,15:28:00,SEM VÍTIMA,CANCELADA,SÃO JOSÉ,RUA IMPERIAL,,,NA DESCIDA DO VIADULTO NO INICIO DA VIA,SÃO JOSÉ,,,COLISÃO,COLISÃO SEM VITIMA,2,,,,,,,,,0,,,,,,,,,,,,,
2020-02-05 00:00:00,15:51:00,SEM VÍTIMA,FINALIZADA,IMBIRIBEIRA,AV MARECHAL MASCARENHAS DE MORAES,5653,,CAIXA ECONOMICA FEDERAL,IMBIRIBEIRA,,CIDADE,ABALROAMENTO LONGITUDINAL,COLISAO SEM VITIMAS,1,1,,,,,,,,0,Longo da via,Bom,Não existe,Perfeito estado,Seca,Perfeito estado,Não existe,Não há placas,,Dupla,Canteiro central,,
2020-02-05 00:00:00,16:14:00,SEM VÍTIMA,FINALIZADA,PINA,RUA CONSUL JOSEPH NOUJAIM,,AV REPUBLICA DO LIBANO,,PINA,,,ABALROAMENTO LONGITUDINAL,ENTRE DOIS AUTOS S/V,2,,,,,,,,,0,Longo da via,Bom,Não existe,Perfeito estado,Seca,Perfeito estado,Não existe,Outras,,Única,Faixa seccionada,,
2020-02-05 00:00:00,16:34:00,SEM VÍTIMA,FINALIZADA,IMBIRIBEIRA,RUA ITACARI,162,RUA ITAJAI,,IMBIRIBEIRA,,,ABALROAMENTO TRANSVERSAL,COLISAO SEM VITIMAS,2,,,,,,,,,0,Cruzamento,Bom,Não existe,Incompleta,Seca,Perfeito estado,Faixa de retenção,Placas Pare,,Única,Não existe,,
2020-02-05 00:00:00,16:38:00,SEM VÍTIMA,FINALIZADA,SANTO AMARO,AV GOVERNADOR AGAMENON MAGALHAES,,RUA ALUISIO DE AZEVEDO,,SANTO AMARO,,,ABALROAMENTO LONGITUDINAL,COLISAO SEM VITIMAS,2,,,,,,,,,0,,Bom,Não existe,Perfeito estado,Seca,Perfeito estado,Não existe,Placas Pare,,Dupla,Não existe,,