data,hora,natureza,situacao,bairro,endereco,numero,detalhe_endereco_acidente,complemento,bairro_cruzamento,num_semaforo,sentido_via,tipo,auto,moto,ciclom,ciclista,pedestre,onibus,caminhao,viatura,outros,vitimas,vitimasfatais,acidente_verificado,tempo_clima,situacao_semaforo,sinalizacao,condicao_via,conservacao_via,ponto_controle,situacao_placa,velocidade_max_via,mao_direcao,divisao_via1,divisao_via2,divisao_via3
2020-02-18 00:00:00,14:08:00,SEM VÍTIMA,FINALIZADA,MACAXEIRA,RUA FLAVIO GUERRA,53,,EM FRENTE A FABRICA UNIGELO,MACAXEIRA,,SUBURBIO,COLISÃO,COLISÃO SEM VÍTIMA,1,,,,,,1,,,0,Longo da via,Bom,Não existe,Não existente,Seca,Perfeito estado,Não existe,Não há placas,,Dupla,Não existe,,
2020-02-18 00:00:00,14:29:00,SEM VÍTIMA,FINALIZADA,MADALENA,RUA BENFICA,,,PROX A PRAÇA DO INTERNACIONAL E/F AO POSTO BR,MADALENA,515,SUBURBIO,COLISÃO,COLISAO ENTRE DOIS AUTOS S/V,2,,,,,,,,,0,Longo da via,Bom,Sem defeito,Perfeito estado,Seca,Perfeito estado,Faixa de pedestre,Não há placas,60 km/h,Única,Faixa seccionada,,
2020-02-18 00:00:00,14:34:00,SEM VÍTIMA,FINALIZADA,IMBIRIBEIRA,AV ENGENHEIRO ALVES DE SOUZA,245,,EM FRENTE A DROGASIL,IMBIRIBEIRA,634,SUBURBIO,COLISÃO,COLISÃO SEM VÍTIMA,2,,,,,,,,,0,Longo da via,Bom,Sem defeito,Perfeito estado,Seca,Perfeito estado,Faixa de pedestre,R-6a,,Dupla,Não existe,,
2020-02-18 00:00:00,14:53:00,COM VÍTIMA,FINALIZADA,PINA,AVENIDA CELSO FURTADO (VIA MANGUE),,,NA SUBIDA DO VIATUDO/ SENTIDO RIO MAR,PINA,,CIDADE,COLISÃO,COLISÃO COM VÍTIMA,2,1,,,,,,,,1,Longo da via,Bom,Não existe,Perfeito estado,Seca,Perfeito estado,Não existe,Não há placas,60 km/h,Dupla,Canteiro central,,
2020-02-18 00:00:00,15:09:00,SEM VÍTIMA,FINALIZADA,BOA VISTA,RUA JOAQUIM FELIPE,60,,PREDIO DA CELPE,BOA VISTA,,SUBURBIO,ENGAVETAMENTO,S/ VITIMA ENTRE TRES VEICULOS,3,,,,,,,,,0,Longo da via,Bom,Não existe,Perfeito estado,Seca,Perfeito estado,Não existe,R-6a,,Única,Faixa contínua,,
2020-02-18 00:00:00,15:16:00,SEM VÍTIMA,FINALIZADA,PINA,AV ENGENHEIRO DOMINGOS FERREIRA,306,,E/F AO SUPERMERCADO EXTRABOM,PINA,,SUBURBIO,COLISÃO,COLISÃO S/VITIMAS ENTRE DOIS AUTOS,2,,,,,,,,,0,Longo da via,Bom,Não existe,Perfeito estado,Seca,Perfeito estado,Agente,Não há placas,60 km/h,Única,Canteiro central,,
2020-02-18 00:00:00,15:31:00,SEM VÍTIMA,FINALIZADA,CASA FORTE,AV DEZESSETE DE AGOSTO,1017,RUA SANT'ANNA,AO LADO DO CPOR RECIFE,CASA FORTE,389,SUBURBIO,COLISÃO,COLISÃO S/VITIMAS ENTRE DOIS AUTOS,2,,,,,,,,,0,Longo da via,Bom,Não existe,Perfeito estado,Seca,Perfeito estado,Não existe,R-6a,,Dupla,Faixa contínua,Faixa seccionada,
2020-02-18 00:00:00,15:57:00,SEM VÍTIMA,FINALIZADA,BOA VIAGEM,RUA CAPITAO ZUZINHA,286,RUA SA E SOUZA,RESIDENCIAL JARDIM EUROPA,BOA VIAGEM,420,AEROPORTO/PRAIA,COLISÃO,COLISAO S/ VITIMA. ENTRE DOIS VEICULOS,2,,,,,,,,,0,Longo da via,Bom,Sem defeito,Perfeito estado,Seca,Perfeito estado,Faixa de pedestre,Outras,,Única,Faixa seccionada,,
2020-02-18 00:00:00,16:27:00,SEM VÍTIMA,FINALIZADA,BOA VIAGEM,RUA DR JOAO GUILHERME DE P SOBRINHO,249,,NA RUA DO HOSPITAL DA UNIMED,BOA VIAGEM,,,COLISÃO,COLISAO ENTRE DOIS AUTOS S/V,2,,,,,,,,,0,Longo da via,Bom,Não existe,Não existente,Seca,Mal conservada,Não existe,Não há placas,,Única,Não existe,,
2020-02-18 00:00:00,17:02:00,SEM VÍTIMA,FINALIZADA,VASCO DA GAMA,RUA DOIS DE FEVEREIRO,,,E/F A GRANJA SELECTA,VASCO DA GAMA,,,COLISÃO,COLISAO ENTRE MICRO ONIBUS E AUTOS S/V,1,,,,,1,,,,0,,,,,,,,,,,,,
2020-02-18 00:00:00,17:22:00,SEM VÍTIMA,FINALIZADA,ILHA DO LEITE,RUA GENERAL JOAQUIM INACIO,35,RUA ESTADO DE ISRAEL,E/F A FARMACIA PAGUE MENOS BATEDOR DA MOTO 22 E 34 NO LOCAL,ILHA DO LEITE,373,,COLISÃO,COLISAO ENTRE TRES AUTOS S/V,3,,,,,,,,,0,Longo da via,Bom,Sem defeito,Perfeito estado,Seca,Perfeito estado,Faixa de pedestre,R-4b,,Única,Faixa contínua,,
2020-02-18 00:00:00,17:44:00,COM VÍTIMA,FINALIZADA,PINA,AV ENGENHEIRO DOMINGOS FERREIRA,170,,E/F A ASISTENCIA TÉCNICA DA SAMSUNG,PINA,,SUBURBIO,COLISÃO TRASEIRA,COLISÃO C/VITIMA ENTRE UMA MOTO E UM AUTO,1,1,,,,,,,,1,Longo da via,Bom,Não existe,Perfeito estado,Seca,Perfeito estado,Não existe,R-6a,,Única,Faixa seccionada,,
2020-02-18 00:00:00,17:49:00,SEM VÍTIMA,FINALIZADA,JORDÃO,AV MARIA IRENE,,,EMBAIXO DO TÚNEL,JORDÃO,,SUBURBIO,COLISÃO,COLISÃO S/VITIMAS,2,,,,,,,,,0,Outros,Bom,Não existe,Não existente,Seca,Mal conservada,Não existe,Não há placas,60 km/h,Dupla,Canteiro central,,
2020-02-18 00:00:00,18:54:00,COM VÍTIMA,FINALIZADA,SANTO AMARO,AV GOVERNADOR AGAMENON MAGALHAES,,AV DR JAYME DA FONTE,AO LADO DO INSTITUTO CRIMINALISTA- SNT OLINDA,SANTO AMARO,49,SUBURBIO,COLISÃO TRASEIRA,MOTO X AUTO. C/V,1,1,,,,,,,,1,Longo da via,Bom,Sem defeito,Perfeito estado,Seca,Perfeito estado,Faixa de pedestre,Não há placas,,Dupla,Canal,,
2020-02-18 00:00:00,19:23:00,SEM VÍTIMA,FINALIZADA,AFOGADOS,RUA IMPERIAL,,,PONTE DA IMPERIAL NA SUBIDA,AFOGADOS,,SUBURBIO,COLISÃO,ENTRE 3 AUTOS. S/V,3,,,,,,,,,0,Longo da via,Bom,Sem defeito,Perfeito estado,Seca,Perfeito estado,Outros,Outras,,Única,Faixa seccionada,,
2020-02-18 00:00:00,19:33:00,SEM VÍTIMA,FINALIZADA,JOANA BEZERRA,AV MARTIN LUTHER KING,,,E/F A ACADEMIA DA CIDADE,JOANA BEZERRA,,,COLISÃO,ENTRE ÕNIBUS E AUTO PASSEIO. S/V,1,,,,,1,,,,0,Longo da via,Bom,Não existe,Perfeito estado,Seca,Perfeito estado,Não existe,Não há placas,,Única,Canteiro central,,
2020-02-18 00:00:00,19:37:00,SEM VÍTIMA,FINALIZADA,ILHA DO LEITE,AV GOVERNADOR AGAMENON MAGALHAES,,RUA DR JOAO ASFORA,NA DESCIDA DO VIADUTO CAP TEMUDOM / E/F AO HOSPITAL PORTUGUES- SNT CONTRÁRIO,ILHA DO LEITE,,CIDADE,COLISÃO,CAMINHÃO E AUTO. S/V,1,,,,,,1,,,0,Esquina,Bom,Sem defeito,Perfeito estado,Seca,Perfeito estado,Faixa de pedestre,,,Dupla,Faixa seccionada,,
2020-02-18 00:00:00,19:52:00,SEM VÍTIMA,CANCELADA,BOA VIAGEM,AV FERNANDO SIMOES BARBOSA,,,PROX AO CANAL DA CONSTRUÇAO,BOA VIAGEM,,,COLISÃO,COLISAO SEM VITIMAS,1,1,,,,,,,,0,,,,,,,,,,,,,
2020-02-18 00:00:00,19:58:00,SEM VÍTIMA,FINALIZADA,CASA AMARELA,RUA XAVANTES,177,RUA OSCAR DE BARROS,PROX AO MERCADO CANELA,CASA AMARELA,,SUBURBIO,COLISÃO,COLISAO SEM VITIMAS,2,,,,,,,,,0,Cruzamento,Bom,Não existe,Perfeito estado,Seca,Perfeito estado,Não existe,Placas Pare,,Única,Não existe,,
2020-02-18 00:00:00,22:00:00,SEM VÍTIMA,FINALIZADA,IMBIRIBEIRA,RUA OLIVIA MENELAU,93,AV MARECHAL MASCARENHAS DE MORAES,SEMÁFORO 396,IMBIRIBEIRA,396,SUBURBIO,COLISÃO,ENTRE 3 AUTOS. S/V,3,,,,,,,,,0,Longo da via,Chuvoso,Sem defeito,Perfeito estado,Molhada,Perfeito estado,Faixa de pedestre,Outras,,Única,Faixa seccionada,,
2020-02-18 00:00:00,23:24:00,SEM VÍTIMA,FINALIZADA,AFOGADOS,RUA SANTA EDWIRGES,295,RUA PADRE TEOFILO TWORZ,NO CRUZAMENTO MESMO,AFOGADOS,,SUBURBIO,COLISÃO,COLISAO SEM VITIMAS,2,,,,,,,,,0,Cruzamento,Chuvoso,Não existe,Perfeito estado,Molhada,Perfeito estado,Faixa de pedestre,Placas Pare,,Dupla,Faixa contínua,,
2020-02-19 00:00:00,06:25:00,COM VÍTIMA,FINALIZADA,ESPINHEIRO,AV GOVERNADOR AGAMENON MAGALHAES,2764,RUA BUENOS AYRES,E/F AO BANCO DO NORDESTE (SNET. BOA VIAGEM) / VIA PRINCIPAL,ESPINHEIRO,78,BOA VIAGEM,COLISÃO TRASEIRA,COLISÃO C/VITIMAS ENTRE DUAS MOTOS,,2,,,,,,,,2,Cruzamento,Bom,Sem defeito,Perfeito estado,Seca,Perfeito estado,Faixa de pedestre,Outras,60 km/h,Dupla,Canteiro central,,
2020-02-19 00:00:00,07:59:00,SEM VÍTIMA,CANCELADA,AFLITOS,RUA TEIXEIRA PINTO,38,,EM FRENTE AO  EDIFICIO MANOEL BANDEIRA,AFLITOS,,,COLISÃO,COLISÃO SEM VITIMAS,1,1,,,,,,,,0,,,,,,,,,,,,,
2020-02-19 00:00:00,08:29:00,COM VÍTIMA,FINALIZADA,BOA VIAGEM,RUA MARQUES DE VALENCA,300,RUA JOAO DIAS MARTINS,ESQ DA IGREJA NS DE FATIMA,BOA VIAGEM,,SUBURBIO,ABALROAMENTO TRANSVERSAL,MOTO E AUTO,1,1,,,,,,,,1,Cruzamento,Bom,Não existe,Incompleta,Seca,Perfeito estado,,R-4a,,Dupla,Não existe,,
2020-02-19 00:00:00,08:32:00,COM VÍTIMA,FINALIZADA,MADALENA,AV VISCONDE DE ALBUQUERQUE,401,RUA LOPES DE CARVALHO,EM FRENTE A GALERIA MADALENA CENTER,MADALENA,,SUBURBIO,ABALROAMENTO LONGITUDINAL,COLISÃO COM VITIMA SOCORRIDA PELO SAMU,1,1,,,,,,,,1,Longo da via,Bom,Não existe,Perfeito estado,Seca,Perfeito estado,Não existe,Outras,,Única,Faixa contínua,Faixa seccionada,
2020-02-19 00:00:00,08:33:00,SEM VÍTIMA,CANCELADA,CAXANGÁ,RUA RIBEIRO PESSOA,345,,DEPOIS DA UPA,CAXANGÁ,,,COLISÃO,COLISAO SEM VITIMAS,1,,,,,1,,,,0,,,,,,,,,,,,,
2020-02-19 00:00:00,08:49:00,SEM VÍTIMA,FINALIZADA,BOA VIAGEM,RUA JACK AYRES,,RUA PROFESSOR JULIO FERREIRA DE MELO,NA SAIDA DO SHOPPING CENTER RECIFE  EM FRENTE AO BAR  DO AMARELINHO,BOA VIAGEM,,,COLISÃO,COLISÃO SEM VITIMAS,2,,,,,,,,,0,Cruzamento,Bom,Não existe,Perfeito estado,Seca,Perfeito estado,Faixa de retenção,Placas Pare,20 km/h,Única,Não existe,,
2020-02-19 00:00:00,08:55:00,SEM VÍTIMA,CANCELADA,BOA VIAGEM,AV DOM JOAO VI,,,AO LADO DO SHOPPING RECIFE / EM FRENTE AO CANAL,BOA VIAGEM,,,COLISÃO,DOIS AUTOS,2,,,,,,,,,0,,,,,,,,,,,,,
2020-02-19 00:00:00,09:19:00,SEM VÍTIMA,FINALIZADA,BARRO,RUA PADRE DIOGO RODRIGUES,43,,AO LADO DA PRIMEIRA IGREJA BATISTA EM AREIAS,BARRO,,,COLISÃO,COLISÃO SEM  VITIMAS,2,,,,,,,,,0,Longo da via,Bom,Não existe,Não existente,Seca,Perfeito estado,Não existe,Não há placas,,Dupla,Não existe,,
2020-02-19 00:00:00,09:20:00,SEM VÍTIMA,FINALIZADA,BOA VIAGEM,RUA TOME GIBSON,,RUA TOME GIBSON,NA SAÍDA DA VIA MANGUE (INÍCIO DA RUA TOMÉ GIBSON) / SENT. PINA,BOA VIAGEM,,CIDADE,COLISÃO,COLISÃO S/VITIMAS ENTRE DOIS AUTOS,2,,,,,,,,,0,Longo da via,Bom,Não existe,Perfeito estado,Seca,Perfeito estado,Não existe,Outras,,Dupla,Canteiro central,,
2020-02-17 00:00:00,09:23:00,SEM VÍTIMA,FINALIZADA,MANGABEIRA,AV PROFESSOR JOSE DOS ANJOS,1192,,,MANGABEIRA,364,,COLISÃO TRASEIRA,COLISÃO S/ VÍTIMAS,1,1,,,,,,,,0,Longo da via,Bom,Sem defeito,Perfeito estado,Seca,Perfeito estado,Faixa de pedestre,R-6a,,Única,Faixa seccionada,,
2020-02-19 00:00:00,09:48:00,SEM VÍTIMA,FINALIZADA,DERBY,RUA GUILHERME PINTO,636,,EM FRENTE A VERD -FRUT  E AO BLOCO D. DA MAURICIO  DE NASSAU,DERBY,,SUBURBIO,COLISÃO,COLISÃO SEM VITIMAS,1,,,,,1,,,,0,Longo da via,Bom,Sem defeito,Perfeito estado,Seca,Perfeito estado,Não existe,R-6a,,Única,Faixa seccionada,,
2020-02-19 00:00:00,10:46:00,SEM VÍTIMA,FINALIZADA,CASA AMARELA,AV NORTE,5402,,EM FRENTE A UPINHA,CASA AMARELA,,SUBURBIO,COLISÃO,COLISAO SEM VITIMAS,,,,,,1,,,,0,Longo da via,Bom,Não existe,Perfeito estado,Seca,Perfeito estado,Faixa de pedestre,,,Dupla,Canteiro central,,
2020-02-19 00:00:00,11:02:00,SEM VÍTIMA,FINALIZADA,BOA VISTA,RUA DO PROGRESSO,242,,E/F EMPRESARIAL PROGRESSO,BOA VISTA,,CIDADE,COLISÃO,COLISÃO S/VITIMAS ENTRE UM CAMINHÃO E UMA RETROESCAVADEIRA,,,,,,,1,,1,0,Longo da via,Bom,Não existe,Perfeito estado,Seca,Perfeito estado,Não existe,Não há placas,40 km/h,Única,Não existe,,
2020-02-19 00:00:00,11:24:00,SEM VÍTIMA,CANCELADA,IPSEP,RUA ALDEMAR DE OLIVEIRA,198,,RUA DA LOJA DE PNEUS,IPSEP,,,CHOQUE OBJETO FIXO,CAMINHAO CHOCOU-SE COM O POSTE DERRUBANDO OS FIOS E O POSTE PARTIU-SE AO MEIO / MOTORISTA SE ENCONTRA NO LOCAL POREM NAO ENTROU EM CONTATO COM A CTTU,,,,,,,1,,,0,,,,,,,,,,,,,
2020-02-19 00:00:00,11:29:00,SEM VÍTIMA,FINALIZADA,SAN MARTIN,AV ENGENHEIRO ABDIAS DE CARVALHO,,AV GENERAL SAN MARTIN,EM FRENTE AO COMPAZ,SAN MARTIN,58,,COLISÃO,COLISÃO SEM VITIMAS,1,1,,,,,,,,0,Longo da via,Bom,Sem defeito,Perfeito estado,Seca,Perfeito estado,Agente,Outras,,Dupla,Faixa contínua,Faixa seccionada,Canteiro central
2020-02-19 00:00:00,11:57:00,COM VÍTIMA,FINALIZADA,MORRO DA CONCEIÇÃO,COR DO BARTOLOMEU,179,,PROXIMO HAIKAI SUSHIBAR BURGUER,MORRO DA CONCEIÇÃO,,SUBURBIO,ABALROAMENTO TRANSVERSAL,COLISAO COM VITIMAS,,2,,,,,,,,2,Longo da via,Bom,Não existe,Perfeito estado,Seca,Perfeito estado,Não existe,Outras,,Dupla,Faixa seccionada,,
2020-02-19 00:00:00,12:04:00,SEM VÍTIMA,FINALIZADA,BOA VIAGEM,AV ANTONIO DE GOES,549,,AO LADO DO POSTO DA SULA AMERICA,BOA VIAGEM,538,CIDADE,COLISÃO,COLISAO SEM VITIMAS,2,,,,,,,,,0,Longo da via,Bom,Sem defeito,Perfeito estado,Seca,Perfeito estado,Agente,Outras,,Única,Faixa contínua,Faixa seccionada,
2020-02-19 00:00:00,12:40:00,SEM VÍTIMA,CANCELADA,DERBY,AV GOVERNADOR AGAMENON MAGALHAES,,,EM FRENTE A MAXI SEGURO E AO LADO DO BANCO DO BRASIL/ SENTIDO OLINDA,DERBY,,,COLISÃO,COLISÃO SEM VÍTIMA,1,1,,,,,,,,0,,,,,,,,,,,,,
2020-02-19 00:00:00,12:42:00,SEM VÍTIMA,CANCELADA,SÃO JOSÉ,RUA PRIMEIRO DE MARCO,,AV MARTINS DE BARROS,NO CRUZAMENTO MESMO,SÃO JOSÉ,,,COLISÃO,COLISAO SEM VITIMAS,1,1,,,,,,,,0,,,,,,,,,,,,,
2020-02-19 00:00:00,12:59:00,SEM VÍTIMA,CANCELADA,SANTO AMARO,AV MARIO MELO,,,E/F A ESCOLA CONEGO ROCHEL DE MEDEIROS,SANTO AMARO,,,COLISÃO,COLISAO SEM VITIMAS,2,,,,,,,,,0,,,,,,,,,,,,,
2020-02-19 00:00:00,13:48:00,SEM VÍTIMA,FINALIZADA,BOA VISTA,RUA DOM BOSCO,,,E/F AO COLEGIO SALESIANO,BOA VISTA,,CIDADE,COLISÃO,COLISAO SEM VITIMAS,2,,,,,,,,,0,Longo da via,Bom,Não existe,Perfeito estado,Seca,Perfeito estado,Outros,Outras,,Única,Outros,,
2020-02-19 00:00:00,13:50:00,SEM VÍTIMA,FINALIZADA,VÁRZEA,RUA FRANCISCO LACERDA,,RUA FRANCISCO LACERDA,E/F A ESCOLA CRISTÃ,VÁRZEA,,SUBURBIO,COLISÃO,COLISAO ENTRE DOIS AUTOS S/V VT 16 NO LOCAL,2,,,,,,,,,0,Cruzamento,Bom,Não existe,Perfeito estado,Seca,Perfeito estado,Não existe,R-6a,,Dupla,Não existe,,
2020-02-19 00:00:00,14:02:00,SEM VÍTIMA,FINALIZADA,BOA VISTA,AV CONDE DA BOA VISTA,,,EM FRENTE A FARMACIA INDEPENDENTE/ SENTIDO AGAMENON,BOA VISTA,23,,COLISÃO,COLISÃO SEM VÍTIMA,1,,,,,1,,,,0,,Bom,Sem defeito,Perfeito estado,Seca,Perfeito estado,,,40 km/h,Única,Não existe,,
2020-02-19 00:00:00,14:06:00,SEM VÍTIMA,CANCELADA,IBURA,RUA RIO XINGU,180,,E/F A PANIFICADORA QUE PAO,IBURA,,,COLISÃO,COLISAO SEM VITIMAS,1,1,,,,,,,,0,,,,,,,,,,,,,
2020-02-19 00:00:00,14:59:00,SEM VÍTIMA,FINALIZADA,PINA,AV ANTONIO DE GOES,60,,AO LADO DO JCPM,PINA,226,CIDADE,COLISÃO,COLISAO ENTRE DOIS AUTOS S/V,2,,,,,,,,,0,Longo da via,Bom,Sem defeito,Perfeito estado,Seca,Perfeito estado,Faixa de pedestre,Outras,60 km/h,Única,Faixa seccionada,,
2020-02-19 00:00:00,15:41:00,SEM VÍTIMA,FINALIZADA,BOA VISTA,RUA DAS FRONTEIRAS,76,,EM FRENTE A URGENCIA DO MEMORIAL SÃO JOSÉ,BOA VISTA,,SUBURBIO,COLISÃO,COLISÃO SEM VÍTIMA,2,,,,,,,,,0,Longo da via,Bom,Não existe,Incompleta,Seca,Perfeito estado,Não existe,Outras,,Única,Não existe,,
2020-02-19 00:00:00,17:04:00,SEM VÍTIMA,FINALIZADA,BONGI,AV CONSUL VILARES FRAGOSO,374,,PROX A CELPE,BONGI,,SUBURBIO,COLISÃO,COLISAO SEM VITIMAS,1,1,,,,,,,,0,Cruzamento,Bom,Não existe,Perfeito estado,Seca,Mal conservada,Não existe,R-6a,30 km/h,Dupla,Faixa seccionada,,
2020-02-19 00:00:00,17:06:00,SEM VÍTIMA,FINALIZADA,PINA,AV ANTONIO DE GOES,,,E/F PRF S/T CID,PINA,,CIDADE,COLISÃO,COLISAO ENTRE DOIS AUTOS S/V,2,,,,,,,,,0,Longo da via,Bom,Não existe,Perfeito estado,Seca,Perfeito estado,Não existe,Placas Pare,40 km/h,Única,Não existe,,
2020-02-19 00:00:00,17:14:00,SEM VÍTIMA,DUPLICIDADE,BONGI,AV CONSUL VILARES FRAGOSO,269,,PROXIMO AO RESIDENCIAL MORADA RECIFE,BONGI,,,COLISÃO,COLISÃO SEM VÍTIMA,1,1,,,,,,,,0,,,,,,,,,,,,,
2020-02-19 00:00:00,17:14:00,SEM VÍTIMA,FINALIZADA,VÁRZEA,RUA GENERAL POLIDORO,397,,PROX A PADARIA DELICATESSEN,VÁRZEA,577,SUBURBIO,COLISÃO,COLISAO SEM VITIMAS,1,,,,,,1,,,0,Longo da via,Bom,Sem defeito,Perfeito estado,Seca,Perfeito estado,Faixa de pedestre,Outras,,Dupla,Não existe,,
2020-02-19 00:00:00,17:28:00,SEM VÍTIMA,FINALIZADA,CASA AMARELA,RUA DA HARMONIA,,,PROX A IGREJA DA HARMONIA,CASA AMARELA,598,SUBURBIO,COLISÃO,COLISAO SEM VITIMAS,1,,,,,1,,,,0,Esquina,Bom,Sem defeito,Perfeito estado,Seca,Perfeito estado,Faixa de retenção,Outras,,Dupla,Não existe,,
2020-02-19 00:00:00,17:40:00,SEM VÍTIMA,FINALIZADA,BOA VISTA,AV GOVERNADOR AGAMENON MAGALHAES,,,E/F AO CLUBE PORTUGUES,BOA VISTA,,,COLISÃO,COLISAO SEM VITIMAS,2,,,,,,,,,0,Cruzamento,Bom,Sem defeito,Perfeito estado,Seca,Perfeito estado,Faixa de pedestre,,60 km/h,Dupla,Canal,,
2020-02-19 00:00:00,18:15:00,SEM VÍTIMA,FINALIZADA,PINA,AV ANTONIO DE GOES,449,RUA MIRANDA FALCAO,ENF A LG // PROX A ICONNECT ASSISTENCIA TECNICA,PINA,277,CIDADE,COLISÃO,GOL X MOTO HONDA CG 160,1,1,,,,,,,,0,Longo da via,Bom,Sem defeito,Perfeito estado,Seca,Perfeito estado,Agente,Placas Pare,60 km/h,Única,Canteiro central,,
2020-02-19 00:00:00,18:33:00,SEM VÍTIMA,FINALIZADA,TAMARINEIRA,RUA CONEGO BARATA,571,,ENF A MANA DELICATESSEN,TAMARINEIRA,,,COLISÃO,GOL X ONIX OBS:: SUSPEITA DE EMBRIAGUES O MOTORISTA ESTA MUITO ALTERADO,2,,,,,,,,,0,Longo da via,Bom,Sem defeito,Perfeito estado,Seca,Perfeito estado,Não existe,Outras,,Dupla,Faixa seccionada,,
2020-02-19 00:00:00,18:42:00,COM VÍTIMA,FINALIZADA,PINA,AV ENGENHEIRO DOMINGOS FERREIRA,,RUA PEREIRA DA COSTA,ENF AO CLINICAL CENTER,PINA,142,SUBURBIO,COLISÃO TRASEIRA,MMC/L200 MITSUBISHI X FAN 160,1,1,,,,,,,,1,Cruzamento,Bom,Sem defeito,Perfeito estado,Seca,Perfeito estado,Faixa de pedestre,Não há placas,,Única,Faixa seccionada,Canteiro central,
2020-02-19 00:00:00,18:59:00,COM VÍTIMA,FINALIZADA,IPSEP,RUA HELIO BRANDAO,362,RUA SAO NICOLAU,PROX A V8 VEICULOS,IPSEP,565,,COLISÃO,COLISAO COM VITIMAS,,1,,,,,1,,,1,Cruzamento,Bom,Sem defeito,Perfeito estado,Seca,Perfeito estado,Faixa de pedestre,Outras,,Única,Não existe,,
2020-02-19 00:00:00,19:28:00,SEM VÍTIMA,FINALIZADA,TAMARINEIRA,RUA CONEGO BARATA,571,,PROX A FERREIRA COSTA,TAMARINEIRA,,SUBURBIO,COLISÃO,COLISAO SEM VITIMAS,2,,,,,,,,,0,Longo da via,Bom,Não existe,Perfeito estado,Seca,Perfeito estado,Outros,Outras,,Dupla,Blocos,,
2020-02-19 00:00:00,19:52:00,SEM VÍTIMA,FINALIZADA,BOA VISTA,RUA DO HOSPICIO,940,,AO LADO DA CAIXA ECONOMICA FEDERAL,BOA VISTA,,CIDADE,COLISÃO,MOBI X VIRTUS,2,,,,,,,,,0,Longo da via,Bom,Sem defeito,Perfeito estado,Seca,Perfeito estado,Faixa de pedestre,Não há placas,40 km/h,Dupla,Faixa contínua,,
2020-02-19 00:00:00,20:13:00,SEM VÍTIMA,FINALIZADA,PAISSANDU,AV GOVERNADOR AGAMENON MAGALHAES,4760,RUA PAISSANDU,ENF. AO HOSPITAL PORTUGUES // SENTIDO BOA VIAGEM,PAISSANDU,69,SUBURBIO,COLISÃO,KILD X HILUX,2,,,,,,,,,0,Longo da via,Chuvoso,Sem defeito,Perfeito estado,Molhada,Perfeito estado,Faixa de pedestre,Outras,60 km/h,Única,Faixa seccionada,,
2020-02-19 00:00:00,20:13:00,SEM VÍTIMA,FINALIZADA,SANTO ANTÔNIO,AV MARTINS DE BARROS,,,ENF. AO MINISTERIO PUBLICO DE PE.,SANTO ANTÔNIO,,CIDADE,COLISÃO,FIAT TORO X ONIBUS CAXANGA,1,,,,,1,,,,0,Longo da via,Bom,Sem defeito,Perfeito estado,Seca,Perfeito estado,Não existe,Outras,,Única,Faixa seccionada,,
2020-02-19 00:00:00,20:41:00,SEM VÍTIMA,FINALIZADA,ENCRUZILHADA,RUA DONA ELVIRA,194,RUA DONA ELVIRA,PROX A QUITANDARIA,ENCRUZILHADA,,SUBURBIO,COLISÃO,COLISAO SEM VITIMAS,2,,,,,,,,,0,Cruzamento,Bom,Não existe,Ilegível,Seca,Mal iluminada,Não existe,Placas Pare,,Dupla,Não existe,,
2020-02-19 00:00:00,21:41:00,SEM VÍTIMA,FINALIZADA,CASA FORTE,AV DEZESSETE DE AGOSTO,,,E/F A PRAÇA DE CASA FORTE,CASA FORTE,372,CIDADE,COLISÃO,COLISAO SEM VITIMAS,2,1,,,,,,,,0,Longo da via,Chuvoso,Sem defeito,Perfeito estado,Molhada,Perfeito estado,Faixa de pedestre,R-6a,,Dupla,Faixa seccionada,,
2020-02-19 00:00:00,22:15:00,COM VÍTIMA,CANCELADA,SÃO JOSÉ,AV SUL,,,POR BAIXO DO VIADUTO CAPITAO TEMUDO,SÃO JOSÉ,,,ATROPELAMENTO,MOTO E PEDESTRE,,1,,,1,,,,,2,,,,,,,,,,,,,
2020-02-20 00:00:00,06:36:00,SEM VÍTIMA,FINALIZADA,TAMARINEIRA,EST VELHA DE AGUA FRIA,999,EST VELHA DE AGUA FRIA,E/F AO DNOCS,TAMARINEIRA,306,,COLISÃO,COLISÃO S/VITIMAS ENTRE DOIS AUTOS,2,,,,,,,,,0,Cruzamento,Chuvoso,Desligado,Perfeito estado,Molhada,Perfeito estado,Faixa de pedestre,Não há placas,,Dupla,Blocos,,