data,hora,natureza,situacao,bairro,endereco,numero,detalhe_endereco_acidente,complemento,bairro_cruzamento,num_semaforo,sentido_via,tipo,auto,moto,ciclom,ciclista,pedestre,onibus,caminhao,viatura,outros,vitimas,vitimasfatais,acidente_verificado,tempo_clima,situacao_semaforo,sinalizacao,condicao_via,conservacao_via,ponto_controle,situacao_placa,velocidade_max_via,mao_direcao,divisao_via1,divisao_via2,divisao_via3
2020-02-20 00:00:00,07:35:00,SEM VÍTIMA,FINALIZADA,ILHA DO LEITE,RUA ANTONIO GOMES DE FREITAS,,PRC MIGUEL DE CERVANTES,EM FRENTE  A PRAÇA MIGUEL DE CERVANTES,ILHA DO LEITE,,CIDADE,COLISÃO,COLISÃO SEM VITIMAS,2,,,,,,,,,0,Cruzamento,Chuvoso,Não existe,Perfeito estado,Molhada,Perfeito estado,Faixa de pedestre,Placas Pare,,Única,Faixa seccionada,,
2020-02-20 00:00:00,07:51:00,COM VÍTIMA,FINALIZADA,IMBIRIBEIRA,AV MARECHAL MASCARENHAS DE MORAES,3930,,E/F A O LOCALIZA,IMBIRIBEIRA,218,CIDADE,COLISÃO COM CICLISTA,COLISÃO C/VITIMAS ENTRE UMA MOTO E UMA BICICLETA,,1,,1,,,,,,2,Longo da via,Bom,Sem defeito,Perfeito estado,Seca,Perfeito estado,Faixa de pedestre,Outras,,,Canteiro central,,
2020-02-20 00:00:00,08:10:00,SEM VÍTIMA,FINALIZADA,IPUTINGA,RUA LEAL DE BARROS,610,,RESIDENCIA  PROX  AO BAR DONA NICE,IPUTINGA,,CIDADE,COLISÃO,COLISÃO SEM VITIMAS,2,,,,,,,,,0,Longo da via,Nublado,Não existe,Não existente,Seca,Outros,Não existe,Não há placas,,Dupla,Não existe,,
2020-02-20 00:00:00,08:15:00,SEM VÍTIMA,FINALIZADA,ILHA DO RETIRO,AV BEIRA RIO,400,,100 METROS APÓS O EDF. MARIA TERESA COELHO,ILHA DO RETIRO,,SUBURBIO,COLISÃO,COLISÃO S/ VITIMAS ENTRE DOIS AUTOS- SEGUIDA DE CAPOTAMENTO // USUÁRIO INFORMA ESCORIAÇÕES- NO ENTANTO- NÃO ACIONARÃO O SAMU,2,,,,,,,,,0,Longo da via,Bom,Sem defeito,Perfeito estado,Seca,Perfeito estado,Não existe,Não há placas,,Dupla,Faixa seccionada,,
2020-02-20 00:00:00,08:16:00,SEM VÍTIMA,FINALIZADA,IBURA,RUA BABILONIA,100,,UR 03 PROX A PADARIA TRIGO DE OURO   EM FRENTE A ESCOLA MARCOS FREIRE,IBURA,,,COLISÃO,COLISÃO SEM VITIMAS,2,,,,,,,,,0,Longo da via,Bom,Não existe,Não existente,Seca,Perfeito estado,Não existe,Não há placas,,Dupla,Não existe,,
2020-02-20 00:00:00,08:17:00,SEM VÍTIMA,FINALIZADA,SANTO AMARO,AV PREFEITO ARTUR LIMA CAVALCANTI,,,POR TRAS DO HOSPITAL DA MARINHA,SANTO AMARO,,SUBURBIO,COLISÃO,CAMINHÃO E AUTO  BATEDORES NO LOCAL GM´S BASTOS E ITALO,1,,,,,,1,,,0,Longo da via,Chuvoso,Não existe,Perfeito estado,Seca,Perfeito estado,Não existe,Não há placas,,Única,Não existe,,
2020-02-20 00:00:00,08:41:00,COM VÍTIMA,FINALIZADA,BONGI,RUA CARLOS GOMES,914,RUA PADRE TEOFILO TWORZ,EM FRENTE AO CANAL / PROX AO CENTRO DE SAUDE ROMERO MARQUES,BONGI,,SUBURBIO,COLISÃO,AUTO E MOTO,1,1,,,,,,,,1,Cruzamento,Bom,Não existe,Incompleta,Seca,Perfeito estado,Não existe,Não há placas,,Única,Faixa seccionada,,
2020-02-20 00:00:00,08:42:00,SEM VÍTIMA,FINALIZADA,IMBIRIBEIRA,AV MARECHAL MASCARENHAS DE MORAES,1919,,E/F AO JUIZADO ESPECIAIS DO RECIFE (SENT. AFOGADOS),IMBIRIBEIRA,,CIDADE,COLISÃO,COLISÃO S/VITIMAS ENTRE DOIS AUTOS,2,,,,,,,,,0,Longo da via,Nublado,Não existe,Perfeito estado,Seca,Perfeito estado,Não existe,Não há placas,30 km/h,Única,Não existe,,
2020-02-20 00:00:00,08:48:00,SEM VÍTIMA,FINALIZADA,ENCRUZILHADA,EST DE BELEM,115,RUA DOMINGOS BASTOS,AO LADO DA IGREJA CATÓLICA DA EST DE BELEM,ENCRUZILHADA,,SUBURBIO,COLISÃO,COLISÃO S/VITIMAS ENTRE UM CAMINHÃO E UM AUTO (V.T 05 NO QTH),1,,,,,,1,,,0,Longo da via,Bom,Não existe,Perfeito estado,Seca,Perfeito estado,Não existe,Não há placas,,Dupla,Faixa contínua,,
2020-02-20 00:00:00,08:49:00,COM VÍTIMA,FINALIZADA,SANTO AMARO,AV GOVERNADOR AGAMENON MAGALHAES,,,EM FRENTE A UPE SENT. OLINDA. LADO OPOSTO AO POSTO DE COMBUSTÍVEL BR,SANTO AMARO,378,OLINDA,COLISÃO TRASEIRA,DOIS AUTOS E MOTO,2,1,,,,,,,,1,Longo da via,Bom,Sem defeito,Perfeito estado,Seca,Perfeito estado,Faixa de pedestre,Não há placas,60 km/h,Única,Faixa seccionada,,
2020-02-20 00:00:00,08:54:00,SEM VÍTIMA,FINALIZADA,DERBY,AV GOVERNADOR AGAMENON MAGALHAES,,AV RUI BARBOSA,EM FRENTE AO TRE,DERBY,37,CIDADE,COLISÃO,DOIS AUTOS PONTO FIXO SUB. PAULINO E DOUGLAS,2,,,,,,,,,0,Longo da via,Bom,Sem defeito,Perfeito estado,Seca,Perfeito estado,Faixa de retenção,Outras,60 km/h,Única,Faixa contínua,,
2020-02-20 00:00:00,10:22:00,SEM VÍTIMA,FINALIZADA,JARDIM SÃO PAULO,AV RECIFE,,AV JOAO CABRAL DE MELO NETO,EM FRENTE CERPE,JARDIM SÃO PAULO,259,SUBURBIO,COLISÃO,TRES AUTOS / GM AUGUSTO P.O,3,,,,,,,,,0,Cruzamento,Bom,Sem defeito,Perfeito estado,Seca,Perfeito estado,Faixa de pedestre,Outras,60 km/h,Dupla,Canteiro central,,
2020-02-20 00:00:00,10:44:00,SEM VÍTIMA,FINALIZADA,CABANGA,AV SATURNINO DE BRITO,472,,E/F A COMPESA,CABANGA,661,,COLISÃO,COLISÃO S/VITIMAS ENTRE UM CAMINHÃO E UM AUTO,1,,,,,,1,,,0,Longo da via,Bom,Não existe,Perfeito estado,Seca,Perfeito estado,Não existe,Não há placas,40 km/h,Única,Não existe,,
2020-02-20 00:00:00,10:54:00,SEM VÍTIMA,FINALIZADA,ESTÂNCIA,AV RECIFE,5516,,EM FRENTE LOJA MESTRE DAS BATERIAS,ESTÂNCIA,,,COLISÃO,COLISÃO SEM VITIMAS LAIS ARAUJO QTH,1,,,,,,1,,,0,Longo da via,Bom,Não existe,Incompleta,Seca,Perfeito estado,Não existe,Outras,60 km/h,Dupla,Canteiro central,,
2020-02-20 00:00:00,10:55:00,SEM VÍTIMA,CANCELADA,ARRUDA,RUA DAS MOCAS,187,,VIA RESIDENCIAL,ARRUDA,,,COLISÃO,COLISÃO S/VITIMAS ENTRE DOIS AUTOS,2,,,,,,,,,0,,,,,,,,,,,,,
2020-02-20 00:00:00,11:41:00,COM VÍTIMA,FINALIZADA,MADALENA,RUA BENFICA,411,,EM FRENTE A PRAÇA DO CLUBE INTERNACIONAL,MADALENA,590,CIDADE,COLISÃO TRASEIRA,MOTO E AUTO,1,1,,,,,,,,1,Cruzamento,Bom,Sem defeito,Perfeito estado,Seca,Perfeito estado,Faixa de pedestre,,60 km/h,Única,,,
2020-02-20 00:00:00,11:58:00,COM VÍTIMA,FINALIZADA,TORRE,RUA REAL DA TORRE,308,,EM FRENTE A JÚNIOR EQUIPADORA,TORRE,179,ABDIAS,ABALROAMENTO LONGITUDINAL,ONIBUS E CAMINHÃO,,,,,,1,1,,,1,Longo da via,Bom,Sem defeito,Perfeito estado,Seca,Perfeito estado,Agente,,,Única,Faixa seccionada,Canteiro central,
2020-02-20 00:00:00,12:17:00,SEM VÍTIMA,FINALIZADA,CAMPO GRANDE,RUA JERONIMO VILELA,272,,EM FRENTE A GALERIA SANTA TERESINHA,CAMPO GRANDE,565,SUBURBIO,COLISÃO,COLISÃO SEM VÍTIMA,3,,,,,,,,,0,Longo da via,Bom,Não existe,Perfeito estado,Seca,Perfeito estado,Não existe,R-6a,,Dupla,Faixa seccionada,,
2020-02-20 00:00:00,12:21:00,SEM VÍTIMA,FINALIZADA,BOA VISTA,AV LINS PETIT,790,,AO LADO DO EMPRESARIAL SA LEITÃO E EM FRENTE AO STYLLUS,BOA VISTA,,SUBURBIO,COLISÃO,COLISÃO SEM VÍTIMA,2,,,,,,,,,0,Longo da via,Chuvoso,Não existe,,Molhada,Perfeito estado,Não existe,Não há placas,,Única,Faixa seccionada,,
2020-02-20 00:00:00,12:37:00,COM VÍTIMA,FINALIZADA,PINA,PTE AGAMENON MAGALHAES,,,EM CIMA DA PONTE DO PINA S/T CID PROX AO RESTAURANTE BARGAÇO,PINA,,CIDADE,COLISÃO TRASEIRA,COLISAO ENTRE AUTO E MOTO COM UMA VITIMA,1,1,,,,,,,,1,Ponte,Chuvoso,Não existe,Perfeito estado,Molhada,Perfeito estado,,,60 km/h,Única,Canteiro central,,
2020-02-20 00:00:00,13:00:00,COM VÍTIMA,FINALIZADA,JORDÃO,AV CENTENARIO ALBERTO SANTOS DUMONT,261,,EMPRESA MINUSA,JORDÃO,,SUBURBIO,ABALROAMENTO LONGITUDINAL,COLISAO COM VITIMA ENTRE CARRO E MOTO,1,1,,,,,,,,1,Longo da via,Bom,Não existe,Perfeito estado,Seca,Perfeito estado,Não existe,R-6a,,Dupla,Faixa contínua,,
2020-02-20 00:00:00,13:06:00,SEM VÍTIMA,FINALIZADA,BOA VIAGEM,RUA PROFESSOR MARIO CASTRO,192,,EM FRENTE AO EDIFICIO SAINT DENIS,BOA VIAGEM,,,COLISÃO,COLISÃO SEM VÍTIMA,2,,,,,,,,,0,Longo da via,Chuvoso,Não existe,Incompleta,Molhada,Perfeito estado,Não existe,Outras,,Dupla,Não existe,,
2020-02-20 00:00:00,13:09:00,COM VÍTIMA,FINALIZADA,BOA VISTA,RUA AURORA,,RUA JOAO LIRA,AO LADO DA COMPESA,BOA VISTA,,,ABALROAMENTO TRANSVERSAL,COLISAO ENTRE AUTO E MOTO COM UMA VITIMA,1,1,,,,,,,,1,Esquina,Chuvoso,Não existe,Incompleta,Molhada,Mal conservada,Não existe,Outras,,Única,Canteiro central,,
2020-02-20 00:00:00,13:11:00,SEM VÍTIMA,CANCELADA,GRAÇAS,AV SANTOS DUMONT,,RUA ALBERTO PAIVA,COLEGIO MARISTA SAO LUIS- PORTAO DE TRAS DO COLEGIO,GRAÇAS,,,COLISÃO,COLISAO S/ VITIMA. ENTRE DOIS VEICULOS,2,,,,,,,,,0,,,,,,,,,,,,,
2020-02-20 00:00:00,13:34:00,SEM VÍTIMA,FINALIZADA,TORRE,PRC PROFESSOR BARRETO CAMPELLO,20,,EM FRENTE A PRAÇA CITADA NO ENDEREÇO,TORRE,,CIDADE,COLISÃO,COLISÃO SEM VÍTIMA,2,,,,,,,,,0,Longo da via,Bom,Sem defeito,Perfeito estado,Seca,Perfeito estado,Não existe,Não há placas,,Dupla,Faixa contínua,,
2020-02-20 00:00:00,13:48:00,SEM VÍTIMA,FINALIZADA,IMBIRIBEIRA,RUA ARQUITETO LUIZ NUNES,172,RUA DEOLINDO TAVARES,PROX A ESCOLA DE ENFERMAGEM SAO CAETANO,IMBIRIBEIRA,,SUBURBIO,COLISÃO,COLISAO ENTRE AUTO E AMBULANCIA,1,,,,,,,,1,0,Cruzamento,Chuvoso,Não existe,Perfeito estado,Molhada,Perfeito estado,Não existe,R-6a,40 km/h,Única,Faixa seccionada,,
2020-02-20 00:00:00,13:57:00,SEM VÍTIMA,FINALIZADA,TEJIPIÓ,AV DR JOSE RUFINO,367,,CLINICA AQUI DR,TEJIPIÓ,285,SUBURBIO,COLISÃO,COLISAO S/ VITIMA ENTRE DOIS VEICULOS,2,,,,,,,,,0,Longo da via,Chuvoso,Não existe,Perfeito estado,Molhada,Perfeito estado,Não existe,Não há placas,,Dupla,Faixa contínua,,
2020-02-20 00:00:00,14:04:00,SEM VÍTIMA,FINALIZADA,PARNAMIRIM,RUA SEBASTIAO ALVES,74,,PROX AO HOSPITAL AGAMENON MAGALHAES,PARNAMIRIM,,SUBURBIO,COLISÃO,COLISAO ENTRE DOIS AUTOS S/V,2,,,,,,,,,0,Longo da via,Bom,Não existe,Perfeito estado,Seca,Perfeito estado,Não existe,Não há placas,,Única,Não existe,,
2020-02-20 00:00:00,14:06:00,SEM VÍTIMA,CANCELADA,BOA VIAGEM,AV BOA VIAGEM,,RUA ATLANTICO,RESTAURANTE ENTRE AMIGOS PRAIA,BOA VIAGEM,,PINA,COLISÃO,COLISAO S/ VITIMA ENTRE DOIS VEICULOS,2,,,,,,,,,0,,,,,,,,,,,,,
2020-02-20 00:00:00,14:26:00,COM VÍTIMA,FINALIZADA,AFOGADOS,RUA SAO MIGUEL,1635,RUA ALEXANDRE RODRIGUES FERREIRA,PROXIMO AO LABORATORIO CERPE,AFOGADOS,,SUBURBIO,ABALROAMENTO TRANSVERSAL,COLISÃO COM VÍTIMA,1,1,,,,,,,,1,Esquina,Chuvoso,Não existe,Perfeito estado,Molhada,Perfeito estado,Não existe,Não há placas,,Dupla,Faixa contínua,,
2020-02-20 00:00:00,14:27:00,SEM VÍTIMA,FINALIZADA,BOA VIAGEM,RUA VISCONDE DE JEQUITINHONHA,1140,,ANTES DO PARQUE DONA LINDU,BOA VIAGEM,,SUBURBIO,COLISÃO,COLISAO S/ VITIMKA ENTRE DOIS VEICULOS. BATEDOR MANOEL SILVA E EVERTON NO LOCAL,2,,,,,,,,,0,Longo da via,Chuvoso,Não existe,Perfeito estado,Molhada,Perfeito estado,Não existe,Não há placas,60 km/h,Única,Faixa seccionada,Canteiro central,
2020-02-20 00:00:00,14:41:00,SEM VÍTIMA,FINALIZADA,IMBIRIBEIRA,RUA CORONEL FABRICIANO,4115,AV MARECHAL MASCARENHAS DE MORAES,AO LADO DO ATACADO DOS PRESENTES,IMBIRIBEIRA,210,CIDADE,COLISÃO,COLISÃO SEM VÍTIMA,1,,,,,1,,,,0,Esquina,Chuvoso,Sem defeito,Perfeito estado,Molhada,Perfeito estado,Faixa de pedestre,Outras,60 km/h,Dupla,Canteiro central,,
2020-02-20 00:00:00,14:47:00,COM VÍTIMA,FINALIZADA,DERBY,RUA JENER DE SOUZA,,,EM FRENTE A FUNDAÇÃO JOAQUIM NABUCO,DERBY,,,COLISÃO,COLISÃO COM VÍTIMA,1,1,,,,,,,,1,,,,,,,,,,,,,
2020-02-20 00:00:00,15:10:00,SEM VÍTIMA,CANCELADA,BOA VIAGEM,AV BOA VIAGEM,,,E/F A PADARIA BOA VIAGEM,BOA VIAGEM,,,COLISÃO,COLISAO ENTRE DOIS AUTOS S/V,2,,,,,,,,,0,,,,,,,,,,,,,
2020-02-20 00:00:00,15:13:00,SEM VÍTIMA,FINALIZADA,JOANA BEZERRA,RUA AGUA DOCE,,,E/F AO PORTAO DE ENTRADA DO TERMINAL INTEGRADO JOANA BEZERRA . AO LADO DA ACADEMIA DA CIDADE,JOANA BEZERRA,,CIDADE,ATROPELAMENTO ANIMAL,COLISAO ENTRE ONIBUS -CICLISTA E CAVALO,,,,1,,1,,,1,0,Longo da via,Bom,Não existe,Perfeito estado,Seca,Perfeito estado,Não existe,Não há placas,,Única,Canteiro central,,
2020-02-20 00:00:00,15:15:00,SEM VÍTIMA,FINALIZADA,BOA VIAGEM,AV BOA VIAGEM,,,EM FRENTE AO PARQUE DONA LINDU,BOA VIAGEM,1,CIDADE,COLISÃO,COLISÃO SEM VÍTIMA,1,1,,,,,,,,0,Longo da via,Chuvoso,Sem defeito,Perfeito estado,Molhada,Perfeito estado,Faixa de pedestre,Não há placas,60 km/h,Única,Faixa contínua,,
2020-02-20 00:00:00,15:39:00,SEM VÍTIMA,FINALIZADA,BOA VIAGEM,RUA RIBEIRO DE BRITO,1197,RUA JONATHAS DE VASCONCELOS,UNINASSAU// SUBIDA DO VIADUTO// HOTEL NACIONAL INN BOA VIAGEM,BOA VIAGEM,,AV RECIFE,COLISÃO,COLISAO S/ VITIMA// ENTRE DOIS VEICULOS,2,,,,,,,,,0,Cruzamento,Chuvoso,Não existe,Perfeito estado,Molhada,Perfeito estado,Outros,Outras,60 km/h,Única,Faixa seccionada,,
2020-02-20 00:00:00,15:47:00,COM VÍTIMA,FINALIZADA,SAN MARTIN,RUA PROFESSOR SILVIO DA CUNHA SANTOS,254,RUA ARSENIO CALACA,PROXIMO A IGREJA NOSSA SENHORA DE FATIMA,SAN MARTIN,,SUBURBIO,ABALROAMENTO TRANSVERSAL,COLISÃO COM VÍTIMA,1,1,,,,,,,,1,Longo da via,Bom,Não existe,Perfeito estado,Seca,Perfeito estado,Não existe,Não há placas,,Dupla,Não existe,,
2020-02-20 00:00:00,15:52:00,SEM VÍTIMA,CANCELADA,BOA VIAGEM,RUA FELIX DE BRITO E MELO,640,,E/F A CULTURA YOUNG,BOA VIAGEM,,,COLISÃO,COLISAO ENTRE DOIS AUTOS S/V,2,,,,,,,,,0,,,,,,,,,,,,,
2020-02-20 00:00:00,16:11:00,SEM VÍTIMA,FINALIZADA,PRADO,RUA GREGORIO JUNIOR,430,RUA GOMES TABORDA,PROX AMENDOLANDIA,PRADO,,SUBURBIO,COLISÃO,COLISAO ENTRE DOIS AUTOS S/V,2,,,,,,,,,0,Longo da via,Bom,Não existe,Perfeito estado,Seca,Perfeito estado,Não existe,Não há placas,,Única,Faixa seccionada,,
2020-02-20 00:00:00,16:22:00,SEM VÍTIMA,FINALIZADA,SAN MARTIN,RUA DUARTE FILHO,104,RUA COMENDADOR FRANCO FERREIRA,PROX A LOMBADA ELETRONICA,SAN MARTIN,,,COLISÃO,COLISAO ENTRE AUTO E MOTO S/V,1,1,,,,,,,,0,Cruzamento,Chuvoso,Não existe,Ilegível,Seca,Outros,Outros,Placas Pare,30 km/h,Dupla,Não existe,,
2020-02-20 00:00:00,16:40:00,SEM VÍTIMA,FINALIZADA,AFOGADOS,RUA SAO MIGUEL,1702,,PROXIMO AO ATACAREJO,AFOGADOS,,CIDADE,COLISÃO,COLISÃO SEM VÍTIMA,1,,,,,,,,1,0,Longo da via,Bom,Não existe,Não existente,Seca,Perfeito estado,Não existe,Não há placas,,Dupla,Faixa contínua,,
2020-02-20 00:00:00,17:01:00,SEM VÍTIMA,CANCELADA,MACAXEIRA,AV NORTE,,,NO GIRADOURO PROX AO TERMINAL DA MACAXEIRA,MACAXEIRA,,,COLISÃO,COLISAO ENTRE DOIS AUTOS S/V,2,,,,,,,,,0,,,,,,,,,,,,,
2020-02-20 00:00:00,17:24:00,SEM VÍTIMA,FINALIZADA,PAISSANDU,AV GOVERNADOR AGAMENON MAGALHAES,,,E/F AO HOSPITAL PORTUGUES PISTA LOCAL,PAISSANDU,,SUBURBIO,COLISÃO,COLISAO ENTRE DOIS AUTOS S/V,2,,,,,,,,,0,Longo da via,Chuvoso,Não existe,Perfeito estado,Molhada,Perfeito estado,Outros,Outras,50 km/h,Dupla,Faixa seccionada,,
2020-02-20 00:00:00,17:40:00,SEM VÍTIMA,FINALIZADA,VASCO DA GAMA,AV NORTE,6629,,E/F PALACIO ATACADO,VASCO DA GAMA,,CIDADE,COLISÃO,AUTO X ÔNIBUS,1,,,,,1,,,,0,Longo da via,Bom,Não existe,,Seca,Perfeito estado,Não existe,R-6a,,Única,Faixa seccionada,Canteiro central,
2020-02-20 00:00:00,18:13:00,SEM VÍTIMA,CANCELADA,BAIRRO DO RECIFE,PRC SERGIO LORETO,,1PR DIAS COELHO,E/F AO BAR DO INDIO,BAIRRO DO RECIFE,,,COLISÃO,COLISAO SEM VITIMAS,2,,,,,,,,,0,,,,,,,,,,,,,
2020-02-20 00:00:00,18:22:00,SEM VÍTIMA,FINALIZADA,BOA VIAGEM,AV CONSELHEIRO AGUIAR,4200,RUA RIBEIRO DE BRITO,AO LADO DO HOLIDAY,BOA VIAGEM,147,CIDADE,COLISÃO,COLISÃO SEM VÍTIMA,1,1,,,,,,,,0,Cruzamento,Chuvoso,Sem defeito,Perfeito estado,Molhada,Perfeito estado,Agente,Não há placas,60 km/h,Única,Faixa seccionada,,
2020-02-20 00:00:00,18:25:00,SEM VÍTIMA,CANCELADA,BOA VIAGEM,RUA BARAO DE SOUZA LEAO,698,,E/F AO RESTAURANTE COSTA BRAVA,BOA VIAGEM,,,COLISÃO,COLISAO SEM VITIMAS,2,,,,,,,,,0,,,,,,,,,,,,,
2020-02-20 00:00:00,18:28:00,SEM VÍTIMA,FINALIZADA,CORDEIRO,AV CAXANGA,1414,,EM FRENTE AO Nº 1414,CORDEIRO,,SUBURBIO,COLISÃO TRASEIRA,PEUGEOT X KIA,2,,,,,,,,,0,Longo da via,Bom,Não existe,Perfeito estado,Seca,Perfeito estado,Não existe,Não há placas,,Dupla,Canteiro central,,
2020-02-20 00:00:00,18:36:00,SEM VÍTIMA,FINALIZADA,IPUTINGA,EST DO BARBALHO,110,AV CAXANGA,ENF. A LOJA TUDO É 10,IPUTINGA,533,SUBURBIO,COLISÃO,PALIO X FIORINO,2,,,,,,,,,0,Longo da via,Bom,Sem defeito,Perfeito estado,Seca,Perfeito estado,Agente,Não há placas,,Única,Faixa contínua,Faixa seccionada,
2020-02-20 00:00:00,18:49:00,SEM VÍTIMA,CANCELADA,,RUA XAVANTES,150,,,,,,COLISÃO,,2,,,,,,,,,0,,,,,,,,,,,,,
2020-02-20 00:00:00,19:48:00,SEM VÍTIMA,FINALIZADA,BOA VISTA,RUA JOSE DE ALENCAR,,AV MANOEL BORBA,NO CRUZAMENTO MESMO,BOA VISTA,29,SUBURBIO,COLISÃO,COLISAO SEM VITIMAS,2,,,,,,,,,0,Cruzamento,Chuvoso,Sem defeito,Perfeito estado,Molhada,Perfeito estado,Faixa de pedestre,R-25b,30 km/h,Dupla,Não existe,,
2020-02-20 00:00:00,19:55:00,SEM VÍTIMA,FINALIZADA,ARRUDA,AV PROFESSOR JOSE DOS ANJOS,,,AO LADO DENOCS // BEIRA CANAL DO ARRUDA,ARRUDA,,SUBURBIO,COLISÃO,HONDA CIVIC X HONDA CITY,2,,,,,,,,,0,Longo da via,Chuvoso,Não existe,Perfeito estado,Molhada,Mal iluminada,Outros,Não há placas,,Dupla,Canal,,
2020-02-20 00:00:00,21:30:00,SEM VÍTIMA,CANCELADA,MADALENA,AV VISCONDE DE ALBUQUERQUE,862,RUA JANUARIO BARBOSA,ENF. A UME UNIDADE MEDICA ESPECIALIZADA,MADALENA,,,COLISÃO,AUTO X MOTO,1,1,,,,,,,,0,,,,,,,,,,,,,
2020-02-20 00:00:00,21:36:00,SEM VÍTIMA,FINALIZADA,MACAXEIRA,AV NORTE,7142,,ANTES DO PARQUE DA MACAXEIRA // SENTIDO MACAXEIRA,MACAXEIRA,424,SUBURBIO,COLISÃO,MOTO X FORD KA,1,1,,,,,,,,0,Longo da via,Chuvoso,Sem defeito,Perfeito estado,Molhada,Perfeito estado,Faixa de pedestre,Outras,,Única,Faixa contínua,Faixa seccionada,Canteiro central
2020-02-20 00:00:00,21:55:00,SEM VÍTIMA,FINALIZADA,BOA VIAGEM,RUA ERNESTO DE PAULA SANTOS,,RUA JONATHAS DE VASCONCELOS,E/F AO POSTO BR,BOA VIAGEM,,SUBURBIO,COLISÃO,COLISAO SEM VITIMAS,2,,,,,,,,,0,Cruzamento,Bom,Não existe,Perfeito estado,Seca,Perfeito estado,Não existe,Não há placas,,Única,Faixa seccionada,,
2020-02-20 00:00:00,22:13:00,SEM VÍTIMA,CANCELADA,ÁGUA FRIA,EST VELHA DE AGUA FRIA,,,PROX AO DENOCS,ÁGUA FRIA,,,CHOQUE OBJETO FIXO,AUTO E ARVORE,1,,,,,,,,,0,,,,,,,,,,,,,
2020-02-20 00:00:00,23:00:00,SEM VÍTIMA,CANCELADA,BOA VIAGEM,RUA VISCONDE DE JEQUITINHONHA,,RUA BARAO DE SOUZA LEAO,ENF AO HOSPITAL NOSSA SENHORA DAS GRAÇAS,BOA VIAGEM,124,,ENGAVETAMENTO,VERSA X PRISMA X JOY,3,,,,,,,,,0,,,,,,,,,,,,,
2020-02-21 00:00:00,02:05:00,COM VÍTIMA,CANCELADA,SÃO JOSÉ,RUA IMPERIAL,,,PONTILHÃO DO FEIRÃO,SÃO JOSÉ,,,COLISÃO,COLISÃO ENTRE AUTO E MOTO- C/V,1,1,,,,,,,,1,,,,,,,,,,,,,
2020-02-21 00:00:00,03:11:00,COM VÍTIMA,FINALIZADA,IBURA,AV RECIFE,,RUA SAO NICOLAU,PRÓX A CASA DAS BATERIAS // MARAVILHA MOTOS,IBURA,16,CIDADE,ABALROAMENTO TRANSVERSAL,COLISÃO ENTRE DOIS AUTOS- C/V,2,,,,,,,,,1,Cruzamento,Bom,Sem defeito,Perfeito estado,Seca,Perfeito estado,Faixa de pedestre,R-6a,,Dupla,Canteiro central,,
2020-02-21 00:00:00,06:55:00,SEM VÍTIMA,FINALIZADA,BEBERIBE,AV BEBERIBE,,,,BEBERIBE,153,SUBURBIO,ABALROAMENTO TRANSVERSAL,COLISÃO SEM VITIMAS,1,1,,,,,,,,0,Longo da via,Bom,Sem defeito,Perfeito estado,Seca,Perfeito estado,Faixa de pedestre,Outras,,Dupla,Faixa seccionada,,
2020-02-21 00:00:00,07:52:00,SEM VÍTIMA,FINALIZADA,PRADO,AV ENGENHEIRO ABDIAS DE CARVALHO,,,E/F A GRANVIA,PRADO,132,CIDADE,COLISÃO TRASEIRA,COLISÃO S/VITIMAS ENTRE DUAS MOTOS (USUÁRIO INF. QUE HOUVE ESCORIAÇÕES- NO ENTANTO- NÃO VAI SER ACIONADO SAMU),,2,,,,,,,,0,Longo da via,Bom,Sem defeito,Perfeito estado,Seca,Perfeito estado,Faixa de pedestre,R-6a,,Dupla,Faixa seccionada,,
2020-02-21 00:00:00,08:13:00,SEM VÍTIMA,FINALIZADA,AFOGADOS,RUA VINTE E UM DE ABRIL,,,,AFOGADOS,,CIDADE,ABALROAMENTO LONGITUDINAL,COLISÃO SEM VITIMAS,1,,,,,,1,,,0,Longo da via,Bom,Não existe,Incompleta,Seca,Mal conservada,Não existe,Não há placas,,Dupla,Não existe,,
2020-02-21 00:00:00,08:26:00,SEM VÍTIMA,FINALIZADA,BOA VIAGEM,AV CONSELHEIRO AGUIAR,2217,,LADO OPOSTO A PORTOBELLO SHOP,BOA VIAGEM,,CIDADE,ABALROAMENTO LONGITUDINAL,COLISAO SEM VITIMAS,1,,,,,1,,,,0,Longo da via,Bom,Não existe,Perfeito estado,Seca,Perfeito estado,Não existe,Outras,,Única,Faixa contínua,Faixa seccionada,