data,hora,natureza,situacao,bairro,endereco,numero,detalhe_endereco_acidente,complemento,bairro_cruzamento,num_semaforo,sentido_via,tipo,auto,moto,ciclom,ciclista,pedestre,onibus,caminhao,viatura,outros,vitimas,vitimasfatais,acidente_verificado,tempo_clima,situacao_semaforo,sinalizacao,condicao_via,conservacao_via,ponto_controle,situacao_placa,velocidade_max_via,mao_direcao,divisao_via1,divisao_via2,divisao_via3
2020-02-21 00:00:00,08:48:00,SEM VÍTIMA,FINALIZADA,AFOGADOS,RUA NICOLAU PEREIRA,,RUA DO ACRE,MERCADO DE AFOGADOS,AFOGADOS,,SUBURBIO,COLISÃO TRASEIRA,AUTO E MOTO,1,1,,,,,,,,0,Longo da via,Bom,Não existe,Perfeito estado,Seca,Perfeito estado,Não existe,Outras,,Única,Não existe,,
2020-02-21 00:00:00,09:25:00,SEM VÍTIMA,FINALIZADA,,RUA RIO AZUL,,,LADO OPOSTO AO POSTE B 007734,,,CIDADE,ABALROAMENTO LONGITUDINAL,DOIS AUTOS,2,,,,,,,,,0,Longo da via,Bom,Não existe,Perfeito estado,Seca,Perfeito estado,Não existe,Outras,,Única,Faixa seccionada,,
2020-02-21 00:00:00,09:53:00,SEM VÍTIMA,FINALIZADA,BOA VIAGEM,RUA MINISTRO NELSON HUNGRIA,,RUA MARIA CAROLINA,,BOA VIAGEM,,SUBURBIO,ABALROAMENTO TRANSVERSAL,COLISÃO S/VITIMAS ENTRE UMA MOTO E UM AUTO,1,1,,,,,,,,0,Cruzamento,Bom,Não existe,Perfeito estado,Seca,Perfeito estado,Faixa de retenção,Não há placas,,Única,Não existe,,
2020-02-21 00:00:00,09:57:00,SEM VÍTIMA,FINALIZADA,PARNAMIRIM,RUA SEBASTIAO MALTA ARCOVERDE,173,,,PARNAMIRIM,,SUBURBIO,COLISÃO TRASEIRA,COLISÃO SEM VITIMAS VT 08 QTH,2,,,,,,,,,0,Longo da via,Bom,Não existe,Perfeito estado,Seca,Perfeito estado,Não existe,Não há placas,,Única,Não existe,,
2020-02-21 00:00:00,09:59:00,SEM VÍTIMA,CANCELADA,CASA FORTE,AV DEZESSETE DE AGOSTO,1472,EST REAL DO POCO,EM FRENTE A AMERICANA EXPRESS,CASA FORTE,,,COLISÃO,DOIS AUTOS,2,,,,,,,,,0,,,,,,,,,,,,,
2020-02-21 00:00:00,11:36:00,SEM VÍTIMA,CANCELADA,ESPINHEIRO,AV JOAO DE BARROS,1593,,EM FRENTE AO COLEGIO SABER VIVER,ESPINHEIRO,,,COLISÃO,COLISAO SEM VITIMAS,2,,,,,,,,,0,,,,,,,,,,,,,
2020-02-21 00:00:00,11:40:00,SEM VÍTIMA,FINALIZADA,AFOGADOS,EST DOS REMEDIOS,,,SUPERMERCADO TODO DIA,AFOGADOS,,SUBURBIO,ABALROAMENTO LONGITUDINAL,COLISÃO  SEM VITIMAS,1,,,,,,,,1,0,Longo da via,Chuvoso,Sem defeito,Perfeito estado,Molhada,Perfeito estado,Faixa de pedestre,Placas Dê a preferência,,Dupla,Faixa contínua,,
2020-02-21 00:00:00,11:50:00,COM VÍTIMA,CANCELADA,JARDIM SÃO PAULO,EST DO CURADO,737,,EM FRENTE AO POSTO DE SAUDE  PLANETA DOS MACACOS 2,JARDIM SÃO PAULO,,,COLISÃO,COLISÃO COM VITIMA  A ESPERA DO SAMU,2,,,,,,,,,2,,,,,,,,,,,,,
2020-02-21 00:00:00,11:51:00,SEM VÍTIMA,FINALIZADA,BOA VISTA,AV MONTEVIDEU,34,,BIG BOM PREÇO DO PARQUE AMORIM,BOA VISTA,,SUBURBIO,ABALROAMENTO LONGITUDINAL,COLISÃO S/VITIMAS ENTRE UM AUTO E UM CAMINHAO,1,,,,,,1,,,0,Longo da via,Chuvoso,Não existe,Não existente,Molhada,Perfeito estado,Não existe,,,Única,Não existe,,
2020-02-21 00:00:00,11:59:00,COM VÍTIMA,FINALIZADA,CÓRREGO DO JENIPAPO,AV NORTE,,,PRÓX. AO TERMINAL DA MACAXEIRA. LADO OPOSTO AO PONTO DE ÔNIBUS Nº 110001.,CÓRREGO DO JENIPAPO,,CIDADE,COLISÃO TRASEIRA,COLISÃO C/VITIMA ENTRE TRES AUTOS E MOTO (V.T06 NO QTH),3,1,,,,,,,,1,Longo da via,Bom,Não existe,Perfeito estado,Seca,Perfeito estado,Não existe,Não há placas,60 km/h,Dupla,Canteiro central,,
2020-02-21 00:00:00,12:19:00,SEM VÍTIMA,FINALIZADA,BOA VIAGEM,AV CONSELHEIRO AGUIAR,,RUA RIBEIRO DE BRITO,,BOA VIAGEM,147,CIDADE,COLISÃO TRASEIRA,COLISÃO SEM VÍTIMA,2,,,,,,,,,0,Cruzamento,Bom,Sem defeito,Perfeito estado,Seca,Perfeito estado,Faixa de pedestre,R-6a,,Única,Faixa seccionada,,
2020-02-21 00:00:00,12:24:00,SEM VÍTIMA,CANCELADA,IBURA,AV DOM HELDER CAMARA,,,AO LADO DO NUCLEO DA PM/ SENTIDO IPSEP,IBURA,,,COLISÃO,COLISÃO SEM VÍTIMA,1,,,,,,1,,,0,,,,,,,,,,,,,
2020-02-21 00:00:00,13:11:00,SEM VÍTIMA,FINALIZADA,DOIS IRMÃOS,RUA DOIS IRMAOS,1117,,EM FRENTE A LAFEPE,DOIS IRMÃOS,,CIDADE,COLISÃO TRASEIRA,COLISAO S/ VITIMA. ENTRE CARRO E CAMINHAO,1,,,,,,1,,,0,Longo da via,Bom,Sem defeito,Perfeito estado,Seca,Perfeito estado,Não existe,R-6a,,Dupla,,,
2020-02-21 00:00:00,13:27:00,SEM VÍTIMA,DUPLICIDADE,DOIS IRMÃOS,PRC FARIAS NEVES,S/V,,PROX A O ZOOLOGICO DOIS IRMAOS E/F AO LAFEPE,DOIS IRMÃOS,,,COLISÃO,COLISAO ENTRE CAMINHAO E AUTOS S/V,1,,,,,,1,,,0,,,,,,,,,,,,,
2020-02-21 00:00:00,13:43:00,SEM VÍTIMA,FINALIZADA,GRAÇAS,RUA CONFEDERACAO DO EQUADOR,143,,,GRAÇAS,,CIDADE,ABALROAMENTO LONGITUDINAL,COLISAO S/ VITIMA ENTRE DOIS VEICULOS,2,,,,,,,,,0,Longo da via,Bom,Não existe,Perfeito estado,Seca,Perfeito estado,Agente,Outras,40 km/h,,Não existe,,
2020-02-21 00:00:00,14:41:00,SEM VÍTIMA,FINALIZADA,BOA VISTA,RUA AURORA,,AV CONDE DA BOA VISTA,,BOA VISTA,,CIDADE,CHOQUE OBJETO FIXO,VEÍCULO CHOCOU-SE COM UMA BARRACA,,,,,,1,,,,0,Longo da via,Bom,Sem defeito,Perfeito estado,Seca,Perfeito estado,Não existe,Não há placas,,Única,Não existe,,
2020-02-21 00:00:00,15:32:00,COM VÍTIMA,FINALIZADA,SÍTIO DOS PINTOS,EST DOS PINTOS,,,GRANJA DE DONA LOLA. PANIFICADORA NOVA OPÇÃO.,SÍTIO DOS PINTOS,,SUBURBIO,COLISÃO COM CICLISTA,COLISAO COM VITIMA ENTRE ONIBUS E CICLISTA,,,,1,,1,,,,1,Longo da via,Bom,Não existe,Perfeito estado,Seca,Perfeito estado,Não existe,Outras,,Dupla,Não existe,,
2020-02-21 00:00:00,15:40:00,SEM VÍTIMA,FINALIZADA,BAIRRO DO RECIFE,AV MILITAR,,,SOB O SEMÁFORO 436,BAIRRO DO RECIFE,436,CIDADE,COLISÃO TRASEIRA,COLISÃO SEM VÍTIMA,2,,,,,,,,,0,Longo da via,Bom,Sem defeito,Perfeito estado,Seca,Perfeito estado,Agente,Não há placas,,Única,,,
2020-02-21 00:00:00,15:59:00,COM VÍTIMA,FINALIZADA,ENCRUZILHADA,EST DE BELEM,,RUA DONA JULIETA,EM FRENTE A IGREJA DE BELEM,ENCRUZILHADA,,SUBURBIO,ABALROAMENTO TRANSVERSAL,COLISÃO COM VÍTIMA,1,1,,,,,,,,1,Longo da via,Bom,Não existe,Perfeito estado,Seca,Perfeito estado,Não existe,Outras,40 km/h,Dupla,Faixa contínua,,
2020-02-21 00:00:00,18:30:00,SEM VÍTIMA,FINALIZADA,BOA VIAGEM,RUA DEZ DE JULHO,,,SEI,BOA VIAGEM,322,CIDADE,ABALROAMENTO LONGITUDINAL,COLISÃO ENTRE AUTO E ÔNIBUS S/V,1,,,,,1,,,,0,Longo da via,Bom,Sem defeito,Perfeito estado,Seca,Perfeito estado,Não existe,Não há placas,,Única,Não existe,,
2020-02-21 00:00:00,18:40:00,SEM VÍTIMA,FINALIZADA,BOA VISTA,RUA BISPO CARDOSO AYRES,229,,,BOA VISTA,,SUBURBIO,CHOQUE VEÍCULO PARADO,CHOQUE ENVOLVENDO DOIS AUTOS,2,,,,,,,,,0,Longo da via,Bom,Não existe,Perfeito estado,Seca,Perfeito estado,Não existe,Outras,40 km/h,Única,Não existe,,
2020-02-21 00:00:00,18:55:00,SEM VÍTIMA,FINALIZADA,PINA,AV CONSELHEIRO AGUIAR,226,,OPOSTO A MASSARIA,PINA,,CIDADE,ABALROAMENTO LONGITUDINAL,COLISÃO ENTRE AUTO E ÔNIBUS S/V,1,,,,,1,,,,0,Longo da via,Bom,Não existe,Perfeito estado,Seca,,Não existe,R-6a,,Única,Faixa seccionada,,
2020-02-21 00:00:00,18:58:00,SEM VÍTIMA,FINALIZADA,GRAÇAS,AV RUI BARBOSA,,RUA BRUNO MAIA,FARMACIA DROGASIL,GRAÇAS,,CIDADE,ABALROAMENTO LONGITUDINAL,HB 20 X PRISMA,2,,,,,,,,,0,Longo da via,Bom,Sem defeito,Perfeito estado,Seca,Perfeito estado,Não existe,Outras,,Única,Faixa seccionada,,
2020-02-21 00:00:00,19:46:00,SEM VÍTIMA,FINALIZADA,IPUTINGA,RUA CERES,,AV PROFESSOR MORAES REGO,,IPUTINGA,,SUBURBIO,ABALROAMENTO LONGITUDINAL,LOGAN X MOTO BROS C/V- APÓS A VIATURA CHEGAR AO LOCAL O SOLICITANTE ENTROU EM CONTATO INFORMANDO QUE A VITIMA NÃO IRIA SOLICITAR SOCORRO E NÃO IRIA SE DIRIGIR A UM HOSPITAL-- O MESMO INFORMOU QUE ERA PARA EU TIRA A VITIMA E DEIXAR A COLISÃO COMO SEM VITIMA,1,1,,,,,,,,0,,Bom,Não existe,Incompleta,Seca,Perfeito estado,Não existe,Não há placas,,Dupla,Não existe,,
2020-02-21 00:00:00,20:33:00,SEM VÍTIMA,FINALIZADA,CORDEIRO,RUA GOMES TABORDA,624,,EM FRENTE A DROGASIL,CORDEIRO,67,,COLISÃO TRASEIRA,COLISÃO ENTRE DOIS AUTOS S/V,2,,,,,,,,,0,Longo da via,Bom,Sem defeito,Perfeito estado,Seca,Perfeito estado,Faixa de pedestre,Outras,,Dupla,Faixa contínua,,
2020-02-21 00:00:00,21:01:00,COM VÍTIMA,CANCELADA,IMBIRIBEIRA,AV MARECHAL MASCARENHAS DE MORAES,,,EM FRENTE AO GERALDÃO,IMBIRIBEIRA,,CIDADE,CHOQUE,VEÍCULO CHOCOU-SE NO GRADIL DO GERALDÃO C/V- OBSERVAÇÃO: A SOLICITANTE NÃO SABIA AO CERTO QUANTAS VITÍMAS FORAM E NÃO SABIA CONFIRMAR SE A VÍTIMA FOI FATAL- POIS NÃO ESTAVA CONSEGUINDO ENTRAR EM CONTATO COM O EFETIVO QUE ESTÁ NO LOCAL DA OCORRÊNCIA- PARA PEGAR AS INFORMAÇÕES DA QUANTIDADE DE VÍTIMA E PLACA DO VEÍCULO,1,,,,,,,,,1,,,,,,,,,,,,,
2020-02-21 00:00:00,21:15:00,COM VÍTIMA,FINALIZADA,ENCRUZILHADA,AV BEBERIBE,600,RUA DR EDUARDO WANDERLEY,ENF A FERREIRA PINTO,ENCRUZILHADA,,SUBURBIO,ABALROAMENTO LONGITUDINAL,DUAS MOTOS ( XRE X HONDA CB),,2,,,,,,,,2,Esquina,Bom,Sem defeito,Perfeito estado,Seca,Perfeito estado,,Não há placas,40 km/h,Dupla,Faixa contínua,,
2020-02-21 00:00:00,22:37:00,SEM VÍTIMA,CANCELADA,BOA VIAGEM,RUA ANTONIO DE SA LEITAO,254,,EM FRENTE A ACADEMIA TOP FIT,BOA VIAGEM,,,COLISÃO,COLISÃO ENTRE CAMINHÃO E AUTO S/V,2,,,,,,,,,0,,,,,,,,,,,,,
2020-02-21 00:00:00,22:45:00,SEM VÍTIMA,FINALIZADA,CAMPO GRANDE,EST DE BELEM,1838,,,CAMPO GRANDE,,SUBURBIO,COLISÃO FRONTAL,AMBULANCIA X CLASSIC,2,,,,,,,,,0,Cruzamento,Bom,Não existe,Ilegível,Seca,Mal iluminada,,Não há placas,,Dupla,,,
2020-02-22 00:00:00,01:50:00,SEM VÍTIMA,CANCELADA,BAIRRO DO RECIFE,AV ALFREDO LISBOA,,,EM FRENTE AO TRT,BAIRRO DO RECIFE,,,COLISÃO,COLISÃO ENTRE DOIS AUTOS S/V,2,,,,,,,,,0,,,,,,,,,,,,,
2020-02-22 00:00:00,03:29:00,SEM VÍTIMA,CANCELADA,ILHA DO RETIRO,AV ENGENHEIRO ABDIAS DE CARVALHO,,,EM FRENTE A ILHA DO RETIRO,ILHA DO RETIRO,355,,COLISÃO,,2,,,,,,,,,0,,,,,,,,,,,,,
2020-02-22 00:00:00,06:57:00,COM VÍTIMA,FINALIZADA,CASA AMARELA,RUA PAULA BATISTA,,RUA MAJOR NEREU GUERRA,PROX. A IGREJA DA HARMONIA,CASA AMARELA,136,SUBURBIO,COLISÃO COM CICLISTA,AUTO E CICLISTA,1,,,1,,,,,,1,Cruzamento,Chuvoso,Sem defeito,Perfeito estado,Molhada,Perfeito estado,Faixa de pedestre,R-31,,Dupla,Não existe,,
2020-02-22 00:00:00,07:06:00,SEM VÍTIMA,FINALIZADA,DERBY,AV GOVERNADOR AGAMENON MAGALHAES,,RUA JAGUAPITA,,DERBY,,CIDADE,CHOQUE OBJETO FIXO,AUTO CHOCOU-SE COM POSTE,1,,,,,,,,,0,Longo da via,Bom,Sem defeito,Perfeito estado,Seca,Perfeito estado,,,,Única,Faixa seccionada,,
2020-02-22 00:00:00,07:45:00,COM VÍTIMA,FINALIZADA,PARNAMIRIM,RUA JOAO TUDE DE MELO,91,RUA VIRGINIA LORETO,EM BAIXO DO SEMAFORO  649 EM FRENTE AO GUAIAMUM GIGANTE,PARNAMIRIM,649,SUBURBIO,ABALROAMENTO TRANSVERSAL,COLISÃO COM VITIMA A ESPERA DO SAMU,1,1,,,,,,,,1,Longo da via,Bom,Sem defeito,Perfeito estado,Seca,Perfeito estado,Faixa de pedestre,Não há placas,,Dupla,Canal,,
2020-02-22 00:00:00,10:30:00,SEM VÍTIMA,FINALIZADA,AFOGADOS,EST DOS REMEDIOS,957,RUA CORONEL ALFREDO DUARTE,,AFOGADOS,,CIDADE,ABALROAMENTO LONGITUDINAL,COLISAO SEM VITIMAS,2,,,,,,,,,0,,Nublado,Não existe,Incompleta,Seca,Perfeito estado,Não existe,R-6a,,Única,Faixa seccionada,,
2020-02-22 00:00:00,10:36:00,SEM VÍTIMA,FINALIZADA,GRAÇAS,AV CONS ROSA E SILVA,502,,EM FRENTE AO EDF ISAAC GONDIM,GRAÇAS,,SUBURBIO,CHOQUE VEÍCULO PARADO,DOIS AUTOS,2,,,,,,,,,0,Longo da via,Bom,Não existe,Perfeito estado,Seca,Perfeito estado,Não existe,R-6a,,Única,Faixa seccionada,,
2020-02-22 00:00:00,10:51:00,SEM VÍTIMA,FINALIZADA,CAMPO GRANDE,EST DE BELEM,,,LADO OPOSTO A PRAÇA DE CAMPO GRANDE. PONTO DE ÔNIBUS Nº 130293,CAMPO GRANDE,458,CIDADE,ABALROAMENTO LONGITUDINAL,DOIS AUTOS,1,,,,,1,,,,0,Longo da via,Bom,Sem defeito,Perfeito estado,Seca,Perfeito estado,Faixa de pedestre,Outras,40 km/h,Dupla,Faixa contínua,,
2020-02-22 00:00:00,11:16:00,COM VÍTIMA,FINALIZADA,PINA,AV ANTONIO DE GOES,534,,LADO OPOSTO A SUL AMERICA,PINA,,CIDADE,ATROPELAMENTO,COLISAO COM VITIMAS,1,1,,,1,,,,,1,Longo da via,Bom,Não existe,Perfeito estado,Seca,Perfeito estado,Não existe,R-4a,60 km/h,Única,Faixa seccionada,,
2020-02-22 00:00:00,12:37:00,SEM VÍTIMA,FINALIZADA,BRASÍLIA TEIMOSA,RUA CARAPEBA,90,,LADO OPOSTO AO Nº 090,BRASÍLIA TEIMOSA,,,CHOQUE VEÍCULO PARADO,COLISÃO SEM VÍTIMA,1,,,,,,1,,,0,Longo da via,Bom,Não existe,Não existente,Seca,Perfeito estado,Não existe,Não há placas,,Dupla,Não existe,,
2020-02-22 00:00:00,13:45:00,COM VÍTIMA,FINALIZADA,BOA VIAGEM,RUA PADRE CARAPUCEIRO,444,RUA FRANCISCO DA CUNHA,E/F AO EDF RICARDO PRIMEIRO E OFICINA DESIGN.,BOA VIAGEM,,SUBURBIO,ABALROAMENTO TRANSVERSAL,COLISAO ENTRE ONIBUS E AUTO COM UMA VITIMA,1,,,,,1,,,,4,Cruzamento,Bom,Não existe,Perfeito estado,Seca,Perfeito estado,Não existe,R-6a,,Única,Faixa seccionada,,
2020-02-22 00:00:00,15:37:00,COM VÍTIMA,FINALIZADA,MADALENA,AV VISCONDE DE ALBUQUERQUE,401,RUA LOPES DE CARVALHO,E/F A GALERIA DA MADALENA CENTER,MADALENA,,SUBURBIO,ABALROAMENTO TRANSVERSAL,COLISAO ENTRE AUTO E MOTO COM UMA VITIMA,1,1,,,,,,,,1,Cruzamento,Bom,Não existe,Incompleta,Seca,Perfeito estado,Não existe,Não há placas,,Única,Faixa seccionada,,
2020-02-22 00:00:00,17:00:00,SEM VÍTIMA,FINALIZADA,IMBIRIBEIRA,AV MARECHAL MASCARENHAS DE MORAES,2755,,ASSEMBLEIA DE DEUS NOVO TEMPO,IMBIRIBEIRA,631,CIDADE,COLISÃO TRASEIRA,ENGRAVETAMENTO S/ VITIMA TRES VEICULOS,3,,,,,,,,,0,Longo da via,Nublado,Sem defeito,Perfeito estado,Seca,,Faixa de pedestre,Outras,,Única,Faixa seccionada,Canteiro central,
2020-02-22 00:00:00,17:31:00,SEM VÍTIMA,FINALIZADA,TORRE,RUA VISCONDE DE ITAPARICA,84,RUA FLORIANO FRANCISCO DE OLIVEIRA,EM FRENTE EDF SOBRADO DA TORRE,TORRE,,,CHOQUE VEÍCULO PARADO,COLISAO S/ VITIMA ENTRE DOIS CARROS,2,,,,,,,,,0,,Bom,Não existe,Não existente,Seca,Perfeito estado,Não existe,Não há placas,,Única,Não existe,,
2020-02-22 00:00:00,18:22:00,SEM VÍTIMA,CANCELADA,ÁGUA FRIA,RUA DA REGENERACAO,81,,ESQUINA COM O POSTO IPIRANGA,ÁGUA FRIA,,,COLISÃO,ENTRE AUTO E MOTO. S/V,1,1,,,,,,,,0,,,,,,,,,,,,,
2020-02-22 00:00:00,19:44:00,SEM VÍTIMA,FINALIZADA,VÁRZEA,AV AFONSO OLINDENSE,2106,,PANIFICADORA RAINHA DA VARZIA,VÁRZEA,,CIDADE,ABALROAMENTO LONGITUDINAL,HONDA FIT X ONIX,2,,,,,,,,,0,Longo da via,Bom,Não existe,Ilegível,Seca,Perfeito estado,Não existe,Não há placas,,Única,Não existe,,
2020-02-22 00:00:00,21:02:00,SEM VÍTIMA,FINALIZADA,PRADO,RUA JOAO IVO DA SILVA,154,RUA RICARDO SALAZAR,,PRADO,,SUBURBIO,CHOQUE OBJETO FIXO,VEÍCULO SE CHOCOU AO MURO DA RESIDENCIA. CONDUTOR APARENTEMENTE EMBRIAGADO.,1,,,,,,,,,0,Longo da via,Bom,,Perfeito estado,Seca,Perfeito estado,Não existe,Outras,,Única,Faixa seccionada,,
2020-02-22 00:00:00,21:26:00,SEM VÍTIMA,FINALIZADA,PARNAMIRIM,RUA JOAO TUDE DE MELO,,RUA DR JOAO SANTOS FILHO,EM FRENTE AO RESTAURANTE GUAIAMUM GIGANTE,PARNAMIRIM,649,SUBURBIO,COLISÃO TRASEIRA,ENTRE 2 AUTOS. S/V,2,,,,,,,,,0,Longo da via,Bom,Sem defeito,Perfeito estado,Seca,Perfeito estado,Não existe,Não há placas,,Única,Faixa seccionada,,
2020-02-23 00:00:00,00:11:00,SEM VÍTIMA,FINALIZADA,AFOGADOS,RUA PROFESSOR AUGUSTO WANDERLEY FILHO,,RUA MOTOCOLOMBO,AO LADO DO TROCÃO,AFOGADOS,39,SUBURBIO,ABALROAMENTO LONGITUDINAL,COLOSÃO ENTRE 02 AUTOS,2,,,,,,,,,0,Cruzamento,Bom,Sem defeito,Perfeito estado,Seca,Perfeito estado,Faixa de pedestre,,,Única,Faixa seccionada,,
2020-02-23 00:00:00,07:06:00,SEM VÍTIMA,FINALIZADA,IBURA,AV DOIS RIOS,72,,EM FRENTE AO SUPERMERCADO MR,IBURA,325,CIDADE,COLISÃO TRASEIRA,DOIS AUTOS,2,,,,,,,,,0,Longo da via,Bom,Sem defeito,Perfeito estado,Seca,Perfeito estado,Faixa de pedestre,Placas Pare,40 km/h,Dupla,,,
2020-02-23 00:00:00,07:57:00,SEM VÍTIMA,CANCELADA,SÃO JOSÉ,RUA VIDAL DE NEGREIROS,,,PÁTIO DO TERÇO,SÃO JOSÉ,,,COLISÃO,,,,,,,,,,,0,,,,,,,,,,,,,
2020-02-23 00:00:00,08:04:00,COM VÍTIMA,FINALIZADA,CASA AMARELA,AV NORTE,,,EM FRENTE A PAGUE MENOS,CASA AMARELA,79,SUBURBIO,TOMBAMENTO,MOTO DESVIA DO BURACO E CAI NA AVENIDA,,1,,,,,,,,1,Longo da via,Chuvoso,Sem defeito,Perfeito estado,Molhada,Perfeito estado,Faixa de pedestre,Outras,,Dupla,Canteiro central,,
2020-02-23 00:00:00,08:17:00,SEM VÍTIMA,FINALIZADA,BOA VISTA,RUA DOM BOSCO,,,EMLURB,BOA VISTA,,SUBURBIO,ABALROAMENTO LONGITUDINAL,VT POLICIA E AUTO PASSEIO,2,,,,,,,,,0,Longo da via,Bom,Não existe,Perfeito estado,Seca,Perfeito estado,Não existe,Outras,,Única,Faixa seccionada,,
2020-02-23 00:00:00,11:07:00,SEM VÍTIMA,FINALIZADA,GRAÇAS,RUA ALBERTO PAIVA,,RUA DO FUTURO,,GRAÇAS,521,CIDADE,ABALROAMENTO TRANSVERSAL,COLISAO S/ VITIMA. ENTRE DOIS VEICULOS,2,,,,,,,,,0,Cruzamento,Bom,Sem defeito,Perfeito estado,Seca,Perfeito estado,Faixa de pedestre,Outras,,,Não existe,,
2020-02-23 00:00:00,11:51:00,SEM VÍTIMA,FINALIZADA,BOA VIAGEM,RUA TENENTE JOAO CICERO,,RUA MINISTRO NELSON HUNGRIA,,BOA VIAGEM,,SUBURBIO,ABALROAMENTO TRANSVERSAL,COLISAO S/ VITIMA ENTRE DOIS VEICULOS,2,,,,,,,,,0,Cruzamento,Bom,Não existe,Perfeito estado,Seca,Perfeito estado,Faixa de pedestre,Placas Pare,,Única,Não existe,,
2020-02-23 00:00:00,12:15:00,SEM VÍTIMA,FINALIZADA,PORTO DA MADEIRA,RUA DALVA DE OLIVEIRA,,,POSTO DE NÚMERO A 031838,PORTO DA MADEIRA,,SUBURBIO,ABALROAMENTO LONGITUDINAL,COLISAO S/ VITIMA. ENTRE DOIS VEICULOS,2,,,,,,,,,0,Ponte,Bom,Não existe,Não existente,Seca,Mal conservada,Não existe,Não há placas,,Dupla,Não existe,,
2020-02-23 00:00:00,12:21:00,SEM VÍTIMA,FINALIZADA,CAMPO GRANDE,RUA ODORICO MENDES,166,RUA VISCONDE DE CAIRU,,CAMPO GRANDE,,CIDADE,ABALROAMENTO LONGITUDINAL,COLISAO S/ VITIMAS ENTRE DOIS AUTO E UMA MOTO,2,1,,,,,,,,0,Cruzamento,Bom,Não existe,Perfeito estado,Seca,Perfeito estado,Não existe,Placas Pare,,Dupla,,,
2020-02-23 00:00:00,13:52:00,SEM VÍTIMA,FINALIZADA,BOA VIAGEM,AV ENGENHEIRO DOMINGOS FERREIRA,100,RUA TOME GIBSON,US CLUB BEAUTY BAR,BOA VIAGEM,200,SUBURBIO,ABALROAMENTO TRANSVERSAL,COLISAO S/ VITIMA ENTRE DOIS VEICULOS,2,,,,,,,,,0,Longo da via,Bom,Sem defeito,Perfeito estado,Seca,Perfeito estado,Faixa de pedestre,Outras,,Única,Faixa contínua,,
2020-02-23 00:00:00,14:20:00,COM VÍTIMA,FINALIZADA,IMBIRIBEIRA,RUA JOAQUIM BANDEIRA,136,RUA JACY,GALPAO TARGET. LADO OPOSTO AO POSTE B029384,IMBIRIBEIRA,,BOA VIAGEM,ABALROAMENTO LONGITUDINAL,COLISAO COM VITIMA ENTRE MOTO E ONIBUS,,1,,,,1,,,,1,Longo da via,Bom,Não existe,Não existente,Seca,,Não existe,Não há placas,,Única,Faixa seccionada,,
2020-02-23 00:00:00,14:20:00,SEM VÍTIMA,CANCELADA,BOA VIAGEM,RUA ELADIO RAMOS,475,,PROX CELPE DE BOA VIAGEM,BOA VIAGEM,,,COLISÃO,COLISAO DE DOIS AUTOS S/ VITIMAS,2,,,,,,,,,0,,,,,,,,,,,,,
2020-02-23 00:00:00,15:03:00,SEM VÍTIMA,FINALIZADA,CASA FORTE,EST DAS UBAIAS-,,,EM FRENTE AO Nº 572,CASA FORTE,,,ABALROAMENTO TRANSVERSAL,COLISAO S/ VITIMA ENTRE DOIS VEICULOS,2,,,,,,,,,0,Longo da via,Bom,Não existe,Perfeito estado,Seca,Perfeito estado,Não existe,Não há placas,,Dupla,Não existe,,
2020-02-23 00:00:00,16:05:00,SEM VÍTIMA,FINALIZADA,AFLITOS,RUA QUARENTA E OITO,815,RUA CARNEIRO VILELA,RESTAURANTE SABOR RANCHO/ SQUINA 48,AFLITOS,,CIDADE,ABALROAMENTO TRANSVERSAL,COLISAO S/ VITIMA. ENTRE DOIS VEICULOS,2,,,,,,,,,0,Cruzamento,Bom,Não existe,Perfeito estado,Seca,Perfeito estado,Não existe,R-6a,,Única,Faixa contínua,,
2020-02-23 00:00:00,18:15:00,SEM VÍTIMA,CANCELADA,PINA,VIADUTO CAPITAO TEMUDO,,,POR CIMA DO VIADUTO- E/F AO SHOPPING RIO MAR,PINA,,,COLISÃO,ENTRE 2 AUTOS. S/V,2,,,,,,,,,0,,,,,,,,,,,,,
2020-02-23 00:00:00,19:07:00,SEM VÍTIMA,CANCELADA,SANTO ANTÔNIO,RUA SIQUEIRA CAMPOS,150,,E/F AO CARTORIO PAULO GUERRA,SANTO ANTÔNIO,,,COLISÃO,ENTRE 2 AUTOS. S/V,2,,,,,,,,,0,,,,,,,,,,,,,
2020-02-23 00:00:00,19:22:00,COM VÍTIMA,FINALIZADA,SANTO ANTÔNIO,RUA NOVA,,AV DANTAS BARRETO,ENF. MARIZA E FARMACIA DEPENDENTE,SANTO ANTÔNIO,,CIDADE,ATROPELAMENTO,VAN X PEDESTRE (IDOSO),,,,,1,1,,,,1,Longo da via,Bom,Não existe,Ilegível,Seca,Mal iluminada,Não existe,Não há placas,,Única,Não existe,,