data,hora,natureza,situacao,bairro,endereco,numero,detalhe_endereco_acidente,complemento,bairro_cruzamento,num_semaforo,sentido_via,tipo,auto,moto,ciclom,ciclista,pedestre,onibus,caminhao,viatura,outros,vitimas,vitimasfatais,acidente_verificado,tempo_clima,situacao_semaforo,sinalizacao,condicao_via,conservacao_via,ponto_controle,situacao_placa,velocidade_max_via,mao_direcao,divisao_via1,divisao_via2,divisao_via3
2020-02-27 00:00:00,11:23:00,SEM VÍTIMA,FINALIZADA,SANTO AMARO,AV CRUZ CABUGA,431,,ARMAZEM ACHAQUI,SANTO AMARO,,CIDADE,ABALROAMENTO LONGITUDINAL,COLISÃO SEM VITIMAS,,,,,,,2,,,0,Longo da via,Bom,Sem defeito,Perfeito estado,Seca,Perfeito estado,Agente,Outras,,Dupla,Faixa contínua,,
2020-02-27 00:00:00,11:24:00,SEM VÍTIMA,FINALIZADA,DERBY,RUA AMAURI DE MEDEIROS,110,RUA BARAO DE GOIANA,EDIFÍCIO DERBY PARK,DERBY,,SUBURBIO,ABALROAMENTO TRANSVERSAL,DOIS AUTOS  BATEDORES NO LOCAL GM´S ANDERSON E LUIZ ALBERTO,2,,,,,,,,,0,Cruzamento,Bom,Não existe,Perfeito estado,Seca,Perfeito estado,Não existe,Placas Pare,,Única,Não existe,,
2020-02-27 00:00:00,11:30:00,COM VÍTIMA,FINALIZADA,ENCRUZILHADA,AV NORTE,2160,,EM FRENTE A RENAULT- SENT. SUB,ENCRUZILHADA,,SUBURBIO,COLISÃO TRASEIRA,TRES AUTOS E UM ÔNIBUS - VT-21 SUB. FATIMA NO LOCAL,3,,,,,1,,,,2,Longo da via,Bom,Sem defeito,Perfeito estado,Seca,Perfeito estado,Faixa de pedestre,R-6a,,Única,Faixa seccionada,Canteiro central,
2020-02-27 00:00:00,11:48:00,SEM VÍTIMA,FINALIZADA,PARNAMIRIM,RUA TITO ROSAS,375,,EDIFÍCIO VILA MARIANNA,PARNAMIRIM,,CIDADE,ABALROAMENTO LONGITUDINAL,USUARIO SE MACHUCOU MAS FALOU QUE NAO QUERIA CHAMAR O SAMU,1,1,,,,,,,,0,Longo da via,Bom,Não existe,Perfeito estado,Seca,Perfeito estado,Não existe,Outras,,Única,,Faixa seccionada,
2020-02-27 00:00:00,12:01:00,SEM VÍTIMA,FINALIZADA,DERBY,AV GOVERNADOR AGAMENON MAGALHAES,2291,,EM FRENTE AO HOSPITAL MEMORIAL SÃO JOSÉ,DERBY,,,COLISÃO TRASEIRA,COLISÃO SEM VITIMAS,3,,,,,,,,,0,Longo da via,Bom,Sem defeito,Perfeito estado,Seca,Perfeito estado,Agente,Outras,60 km/h,Dupla,Faixa seccionada,,
2020-02-27 00:00:00,12:30:00,SEM VÍTIMA,FINALIZADA,BOA VISTA,RUA CORREDOR DO BISPO,,,EM FRENTE A SAÍDA DO SOPPHING BOA VISTA,BOA VISTA,,,CHOQUE VEÍCULO PARADO,COLISÃO SEM VITIMAS. ENTRE DOIS VEICULOS,2,,,,,,,,,0,Longo da via,Bom,Não existe,Perfeito estado,Seca,Perfeito estado,Não existe,,,Única,Não existe,,
2020-02-27 00:00:00,12:49:00,COM VÍTIMA,FINALIZADA,ILHA JOANA BEZERRA,AV BEIRA RIO,S/N,,NA DESCIDA DO VIADUTO PROX AO FORUM DESEMBARGADOR RODOLFO AURELIANO S/T CID. AO LADO DA ACADEMIA DA CIDADE,ILHA JOANA BEZERRA,,CIDADE,ABALROAMENTO TRANSVERSAL,COLISAO ENTRE AUTO E MOTO COM UMA VITIMA,1,1,,,,,,,,1,Cruzamento,Bom,Não existe,Perfeito estado,Seca,Perfeito estado,Não existe,Placas Pare,40 km/h,Dupla,Faixa contínua,,
2020-02-27 00:00:00,12:56:00,SEM VÍTIMA,FINALIZADA,ARRUDA,RUA RAMIZ GALVAO,133,RUA RAUL POMPEIA,EM FRENTE AO HOTELZINHO PEDACINHO DO CÉU,ARRUDA,,CIDADE,COLISÃO FRONTAL,COLISÃO SEM VÍTIMA,1,,,,,,1,,,0,Cruzamento,Bom,Não existe,Perfeito estado,Seca,Perfeito estado,Não existe,Placas Pare,,Dupla,Não existe,,
2020-02-27 00:00:00,13:12:00,COM VÍTIMA,FINALIZADA,TORRE,RUA REAL DA TORRE,1309,,DROGARIA SAO PAULO// MARTELINHO DE OURO,TORRE,,CIDADE,ABALROAMENTO TRANSVERSAL,COLISAO COM VITIMA. ENTRE MOTO E VEICULO,1,1,,,,,,,,1,Longo da via,Bom,Não existe,Perfeito estado,Seca,Perfeito estado,Outros,Outras,,,,,
2020-02-27 00:00:00,13:14:00,SEM VÍTIMA,FINALIZADA,IPSEP,RUA JEAN EMILE FAVRE,1712,,EM FRENTE A MONTE CARLO'S,IPSEP,,SUBURBIO,ABALROAMENTO LONGITUDINAL,COLISAO ENTRE DOIS AUTOS S/V,2,,,,,,,,,0,Longo da via,Bom,Não existe,Perfeito estado,Seca,Perfeito estado,Não existe,Placas Pare,,Dupla,Faixa contínua,Faixa seccionada,
2020-02-27 00:00:00,13:26:00,SEM VÍTIMA,FINALIZADA,,PRC DO DERBY,,RUA JENER DE SOUZA,EM FRENTE A PRAÇA DO DERBY,,40,CIDADE,ABALROAMENTO TRANSVERSAL,COLISAO ENTRE CARRO DO SAMU E BRT S/V,,,,,,1,1,,,0,Longo da via,Bom,Sem defeito,Perfeito estado,Seca,Perfeito estado,Faixa de pedestre,,50 km/h,Dupla,Faixa contínua,,
2020-02-27 00:00:00,14:19:00,SEM VÍTIMA,FINALIZADA,IMBIRIBEIRA,AV MARECHAL MASCARENHAS DE MORAES,,,SOB O SEMÁFORO Nº 631,IMBIRIBEIRA,631,CIDADE,COLISÃO TRASEIRA,COLISAO ENTRE DOIS AUTOS S/V,2,,,,,,,,,0,Longo da via,Bom,Sem defeito,Perfeito estado,Seca,Perfeito estado,Faixa de pedestre,R-6a,,Dupla,Canteiro central,,
2020-02-27 00:00:00,14:24:00,SEM VÍTIMA,FINALIZADA,AFOGADOS,RUA JACIRA,,RUA CINCO DE NOVEMBRO,,AFOGADOS,,SUBURBIO,ABALROAMENTO TRANSVERSAL,COLISÃO SEM VÍTIMA,1,1,,,,,,,,0,Cruzamento,Bom,Não existe,Incompleta,Seca,Mal conservada,Não existe,Não há placas,,Única,Não existe,,
2020-02-27 00:00:00,14:24:00,SEM VÍTIMA,FINALIZADA,CABANGA,PTE GOVERNADOR PAULO GUERRA,,,SOBRE A PONTE,CABANGA,,CIDADE,COLISÃO TRASEIRA,COLISÃO SEM VÍTIMA,2,,,,,,,,,0,Ponte,Bom,Não existe,Perfeito estado,Seca,Perfeito estado,Não existe,Não há placas,60 km/h,Dupla,,,
2020-02-27 00:00:00,14:50:00,SEM VÍTIMA,FINALIZADA,AFOGADOS,RUA SAO MIGUEL,404,,BANCO DO BRASIL,AFOGADOS,,CIDADE,COLISÃO TRASEIRA,COLISÃO SEM VÍTIMA,2,,,,,,,,,0,Longo da via,Bom,Não existe,Perfeito estado,Seca,Perfeito estado,Não existe,Outras,,Dupla,Faixa contínua,Faixa seccionada,
2020-02-27 00:00:00,15:02:00,SEM VÍTIMA,CANCELADA,IPUTINGA,RUA EMILIANO BRAGA,112,,POR TRAS DA CAXANGA VEICULOS,IPUTINGA,,,COLISÃO,COLISAO ENTRE AUTO E MOTO S/V,1,1,,,,,,,,0,,,,,,,,,,,,,
2020-02-27 00:00:00,15:11:00,SEM VÍTIMA,FINALIZADA,SANTO AMARO,AV CRUZ CABUGA,,RUA DOS PALMARES,IGREJA ASSEMBLEIA DE DEUS,SANTO AMARO,171,CIDADE,COLISÃO TRASEIRA,COLISAO ENTRE DOIS AUTOS S/V,2,,,,,,,,,0,Longo da via,Bom,Sem defeito,Perfeito estado,Seca,Perfeito estado,Agente,R-6a,,Dupla,Faixa contínua,,
2020-02-27 00:00:00,15:11:00,SEM VÍTIMA,FINALIZADA,PRADO,AV ENGENHEIRO ABDIAS DE CARVALHO,,RUA SANTA EDWIRGES,,PRADO,354,SUBURBIO,COLISÃO TRASEIRA,COLISÃO SEM VÍTIMA,1,,,,,,1,,,0,Cruzamento,Bom,Sem defeito,Perfeito estado,Seca,Perfeito estado,Faixa de pedestre,R-6a,,Dupla,Canteiro central,,
2020-02-27 00:00:00,15:20:00,SEM VÍTIMA,FINALIZADA,SANTANA,RUA JORGE GOMES DE SA,,,EM FRENTE AO PARQUE SANTANA,SANTANA,,SUBURBIO,ABALROAMENTO TRANSVERSAL,COLISAO ENTRE DOIS AUTOS S/V,2,,,,,,,,,0,Longo da via,Bom,Não existe,Incompleta,Seca,Perfeito estado,Não existe,Não há placas,,Dupla,Não existe,,
2020-02-27 00:00:00,16:01:00,SEM VÍTIMA,FINALIZADA,PRADO,AV ENGENHEIRO ABDIAS DE CARVALHO,,RUA SANTA EDWIRGES,POSTO BR,PRADO,354,CIDADE,COLISÃO TRASEIRA,COLISÃO SEM VÍTIMA- ENTRE 2 MOTOCICLETAS,,2,,,,,,,,0,Cruzamento,Bom,Sem defeito,Perfeito estado,Seca,Perfeito estado,Faixa de pedestre,Outras,,Dupla,Faixa contínua,Faixa seccionada,Canteiro central
2020-02-27 00:00:00,16:05:00,SEM VÍTIMA,FINALIZADA,CORDEIRO,AV ENGENHEIRO ABDIAS DE CARVALHO,,,POSTO IPIRANGA,CORDEIRO,375,SUBURBIO,COLISÃO TRASEIRA,COLISÃO SEM VÍTIMA,2,,,,,,,,,0,Longo da via,Bom,Sem defeito,Perfeito estado,Seca,Perfeito estado,Faixa de pedestre,,,Dupla,Canteiro central,,
2020-02-27 00:00:00,18:21:00,SEM VÍTIMA,FINALIZADA,BAIRRO DO RECIFE,AV ALFREDO LISBOA,,,EM FRENTE A PRAÇA DO MARCO ZERO,BAIRRO DO RECIFE,,,ABALROAMENTO LONGITUDINAL,ENTRE 2 AUTOS. S/V,1,,,,,,1,,,0,Longo da via,Bom,Não existe,Perfeito estado,Seca,Perfeito estado,Não existe,,,Única,Não existe,,
2020-02-27 00:00:00,20:11:00,SEM VÍTIMA,FINALIZADA,ALTO JOSÉ BONIFÁCIO,RUA ALTO DA SERRINHA,786,RUA ALTO DA SAUDADE,,ALTO JOSÉ BONIFÁCIO,,SUBURBIO,ABALROAMENTO LONGITUDINAL,ENTRE ÔNIBUS E AUTO PASSEIO. S/V,1,,,,,,1,,,0,Longo da via,Bom,Não existe,Não existente,Seca,Perfeito estado,Não existe,Não há placas,,Dupla,Não existe,,
2020-02-27 00:00:00,20:22:00,SEM VÍTIMA,FINALIZADA,SAN MARTIN,AV GENERAL SAN MARTIN,2087,,,SAN MARTIN,,CIDADE,ABALROAMENTO LONGITUDINAL,GOL X KWID,2,,,,,,,,,0,Longo da via,Bom,Não existe,Ilegível,Seca,Mal iluminada,Não existe,Não há placas,,Dupla,Faixa contínua,,
2020-02-27 00:00:00,21:50:00,SEM VÍTIMA,FINALIZADA,BOA VIAGEM,RUA PROFESSOR MARIO CASTRO,,RUA ANTONIO PASSOS,,BOA VIAGEM,,SUBURBIO,ABALROAMENTO LONGITUDINAL,TOYOTA RAV 4V X FIAT ARGO,2,,,,,,,,,0,Cruzamento,Bom,Não existe,Ilegível,Seca,Perfeito estado,Não existe,Não há placas,,Dupla,Faixa contínua,,
2020-02-27 00:00:00,23:22:00,SEM VÍTIMA,FINALIZADA,BOA VIAGEM,AV CONSELHEIRO AGUIAR,,RUA ARTUR MUNIZ,POSTO BR,BOA VIAGEM,5,,ABALROAMENTO TRANSVERSAL,COLISÃO DOIS AUTOS S/VITIMA,2,,,,,,,,,0,Cruzamento,Bom,Sem defeito,Perfeito estado,Seca,Perfeito estado,Faixa de pedestre,Outras,,Única,Faixa seccionada,,
2020-02-27 00:00:00,23:34:00,SEM VÍTIMA,FINALIZADA,SANTO AMARO,RUA MARQUÊS DO POMBAL,831,RUA TUPINAMBAS,ESCOLA ANIBAL FERNANDES,SANTO AMARO,,SUBURBIO,ABALROAMENTO TRANSVERSAL,COLISÃO DOIS AUTOS S/VITIMA,2,,,,,,,,,0,Cruzamento,Bom,Não existe,Perfeito estado,Seca,Perfeito estado,Faixa de retenção,Placas Pare,30 km/h,Dupla,Faixa seccionada,,
2020-02-28 00:00:00,06:20:00,SEM VÍTIMA,FINALIZADA,IMBIRIBEIRA,AV MARECHAL MASCARENHAS DE MORAES,,,SUBIDA DA RAMPA POSTÃO B1 AEROPORTO DO RECIFE,IMBIRIBEIRA,,,CHOQUE OBJETO FIXO,VEICULO CHOCOU-SE CONTRA CANTEIRO CENTRAL,1,,,,,,,,,0,Longo da via,Bom,Não existe,Perfeito estado,Seca,Perfeito estado,Não existe,Não há placas,,Única,Faixa contínua,,
2020-02-28 00:00:00,07:16:00,SEM VÍTIMA,FINALIZADA,JORDÃO,TUNEL FELIPE CAMARAO,,,ALÇA DE ACESSO À AVENIDA MARECHAL MASCARENHAS DE MORAIS,JORDÃO,,CIDADE,ABALROAMENTO LONGITUDINAL,FORD KA PLACA: xxx E TOYOTA COROLLA yyy,2,,,,,,,,,0,,Bom,Não existe,Perfeito estado,Seca,Perfeito estado,Não existe,Não há placas,,Única,Não existe,,
2020-02-28 00:00:00,08:29:00,SEM VÍTIMA,FINALIZADA,IMBIRIBEIRA,RUA DEZ DE JULHO,,,ESTAÇÃO AEROPORTO,IMBIRIBEIRA,322,,ABALROAMENTO LONGITUDINAL,DOIS AUTOS,2,,,,,,,,,0,Longo da via,Bom,Sem defeito,Perfeito estado,Seca,Perfeito estado,Não existe,Não há placas,40 km/h,Única,Faixa seccionada,,
2020-02-28 00:00:00,08:50:00,SEM VÍTIMA,FINALIZADA,,AV DA RECUPERACAO,,AV NORTE,ROTATÓRIA DA MACAXEIRA,,,SUBURBIO,COLISÃO TRASEIRA,,1,,,,,,1,,,0,,Bom,Não existe,Perfeito estado,Seca,Perfeito estado,Não existe,Não há placas,,Única,Não existe,,
2020-02-28 00:00:00,09:14:00,SEM VÍTIMA,FINALIZADA,ILHA DO LEITE,PRC MIGUEL DE CERVANTES,,RUA ANTONIO GOMES DE FREITAS,,ILHA DO LEITE,,CIDADE,ABALROAMENTO LONGITUDINAL,LOGAN X GOL,2,,,,,,,,,0,Cruzamento,Bom,Não existe,Perfeito estado,Seca,Perfeito estado,Faixa de pedestre,Placas Pare,30 km/h,Única,,,
2020-02-28 00:00:00,09:15:00,SEM VÍTIMA,FINALIZADA,ESTÂNCIA,AV RECIFE,493,,ERIC EQUIPADORA,ESTÂNCIA,,,COLISÃO TRASEIRA,COLISÃO SEM VÍTIMA,1,,,,,,,,1,0,Longo da via,Bom,Sem defeito,Perfeito estado,Seca,,Faixa de pedestre,Outras,,Única,Canteiro central,,
2020-02-28 00:00:00,09:40:00,SEM VÍTIMA,FINALIZADA,AFOGADOS,RUA DA PAZ,82,,EMPRESA ASA Nº 82,AFOGADOS,73,SUBURBIO,ABALROAMENTO LONGITUDINAL,COLISÃO SEM VÍTIMA,1,,,,,,1,,,0,Longo da via,Bom,Sem defeito,Perfeito estado,Seca,Perfeito estado,Agente,R-6a,60 km/h,Única,Faixa seccionada,,
2020-02-28 00:00:00,09:59:00,SEM VÍTIMA,FINALIZADA,BOA VIAGEM,AV BOA VIAGEM,,,PARQUE DONA LINDU,BOA VIAGEM,1,CIDADE,COLISÃO TRASEIRA,RENAULT X PAJERO,2,,,,,,,,,0,Longo da via,Bom,Sem defeito,Perfeito estado,Seca,Perfeito estado,Faixa de pedestre,R-6b,60 km/h,Única,Faixa contínua,,
2020-02-28 00:00:00,10:02:00,SEM VÍTIMA,FINALIZADA,DERBY,RUA JORNALISTA PAULO BITTENCOURT,133,,EM FRENTE AO ESTACIONAMENTO LE PARK,DERBY,,CIDADE,COLISÃO TRASEIRA,,2,,,,,,,,,0,Longo da via,Bom,Não existe,Perfeito estado,Seca,Perfeito estado,Outros,Outras,,Dupla,Faixa seccionada,,
2020-02-28 00:00:00,10:08:00,SEM VÍTIMA,FINALIZADA,CABANGA,AV ANTONIO DE GOES,,,AO LADO DO CABANGA,CABANGA,,CIDADE,ABALROAMENTO LONGITUDINAL,FIAT ARGO X FIAT ARGO,2,,,,,,,,,0,Longo da via,Bom,Não existe,Perfeito estado,Seca,Perfeito estado,Agente,Não há placas,60 km/h,Única,Faixa contínua,,
2020-02-28 00:00:00,10:43:00,SEM VÍTIMA,FINALIZADA,AFOGADOS,AV SUL,,,AO LADO DA ESTAÇÃO DO LARGO DA PAZ,AFOGADOS,,CIDADE,ABALROAMENTO TRANSVERSAL,COLISÃO SEM VÍTIMA,1,,,,,,1,,,0,Longo da via,Bom,Não existe,Perfeito estado,Seca,Perfeito estado,Outros,Outras,60 km/h,Única,Faixa seccionada,,
2020-02-28 00:00:00,10:47:00,SEM VÍTIMA,FINALIZADA,IMBIRIBEIRA,AV MARECHAL MASCARENHAS DE MORAES,1818,,EM FRENTE AUTO LINS HONDA,IMBIRIBEIRA,,SUBURBIO,COLISÃO TRASEIRA,SANDERO X GOLF,2,,,,,,,,,0,Longo da via,Bom,Não existe,Não existente,Seca,Perfeito estado,Não existe,,60 km/h,Dupla,Faixa contínua,Faixa seccionada,Canteiro central
2020-02-28 00:00:00,12:16:00,SEM VÍTIMA,FINALIZADA,DERBY,,,,LADO OPOSTO AO QUARTEL DO DERBY,DERBY,,CIDADE,ABALROAMENTO LONGITUDINAL,DOIS AUTOS,2,,,,,,,,,0,Longo da via,Bom,Não existe,Perfeito estado,Seca,Perfeito estado,Não existe,Não há placas,40 km/h,Única,Faixa seccionada,,
2020-02-28 00:00:00,12:21:00,SEM VÍTIMA,FINALIZADA,ENCRUZILHADA,AV NORTE,,,LADO OPOSTO AO BANCO SANTANDER,ENCRUZILHADA,,SUBURBIO,COLISÃO TRASEIRA,,2,,,,,,,,,0,Longo da via,Bom,Não existe,Perfeito estado,Seca,Perfeito estado,Faixa de pedestre,R-6a,,Única,Faixa seccionada,,
2020-02-28 00:00:00,13:06:00,COM VÍTIMA,FINALIZADA,CASA AMARELA,AV NORTE,6149,,,CASA AMARELA,,CIDADE,COLISÃO TRASEIRA,COM VÍTIMA,1,1,,,,,,,,1,Longo da via,Bom,Não existe,Perfeito estado,Seca,Perfeito estado,Faixa de pedestre,Não há placas,60 km/h,Única,Faixa seccionada,,
2020-02-28 00:00:00,15:04:00,COM VÍTIMA,FINALIZADA,MADALENA,AV BEIRA RIO,,RUA DEMOSTENES DE OLINDA,,MADALENA,,CIDADE,ABALROAMENTO TRANSVERSAL,COM VÍTIMA,1,1,,,,,,,,1,Esquina,Bom,Não existe,Perfeito estado,Seca,Perfeito estado,Faixa de pedestre,Placas Pare,,Dupla,Faixa,,
2020-02-28 00:00:00,15:59:00,SEM VÍTIMA,FINALIZADA,PARNAMIRIM,AV PARNAMIRIM,98,,EM FRENTE AO HOSPITAL MARIA LUCINDA,PARNAMIRIM,,CIDADE,COLISÃO TRASEIRA,,3,,,,,,,,,0,Longo da via,Bom,Sem defeito,Perfeito estado,Seca,Perfeito estado,Não existe,R-6a,,Única,Faixa seccionada,,
2020-02-28 00:00:00,16:29:00,SEM VÍTIMA,FINALIZADA,BOA VISTA,AV GOVERNADOR AGAMENON MAGALHAES,1387,RUA DOM BOSCO,FRENTE A DROGASIL,BOA VISTA,174,,ABALROAMENTO LONGITUDINAL,,2,,,,,,,,,0,Longo da via,Bom,Sem defeito,Perfeito estado,Seca,Perfeito estado,Agente,Outras,60 km/h,Dupla,Faixa contínua,Canteiro central,
2020-02-28 00:00:00,17:17:00,SEM VÍTIMA,FINALIZADA,BOA VIAGEM,AVENIDA CELSO FURTADO (VIA MANGUE),,RUA PADRE BERNADINO PESSOA,,BOA VIAGEM,,CIDADE,ABALROAMENTO LONGITUDINAL,PRISMA X FIESTA,2,,,,,,,,,0,Longo da via,Bom,Não existe,Perfeito estado,Seca,Perfeito estado,Não existe,Outras,60 km/h,Dupla,Faixa contínua,Faixa seccionada,
2020-02-28 00:00:00,17:17:00,SEM VÍTIMA,FINALIZADA,ENCRUZILHADA,AV JOAO DE BARROS,1904,,BANCO BRADESCO,ENCRUZILHADA,,CIDADE,ABALROAMENTO LONGITUDINAL,,1,,,,,1,,,,0,Longo da via,Bom,Não existe,Perfeito estado,Seca,Perfeito estado,Não existe,R-6a,,Única,Faixa seccionada,,
2020-02-28 00:00:00,17:31:00,SEM VÍTIMA,FINALIZADA,TAMARINEIRA,RUA JOSE CARVALHEIRA,,RUA DES EDMUNDO JORDAO,EM FRENTE AO POSTE DE SINALIZAÇÃO Nº B 003984,TAMARINEIRA,,,ABALROAMENTO TRANSVERSAL,,2,,,,,,,,,0,Cruzamento,Bom,Não existe,Perfeito estado,Seca,Perfeito estado,Não existe,R-6a,,Única,Não existe,,
2020-02-28 00:00:00,18:01:00,SEM VÍTIMA,FINALIZADA,ENCRUZILHADA,AV JOAO DE BARROS,2026,,BANCA DO POETA,ENCRUZILHADA,,CIDADE,ABALROAMENTO LONGITUDINAL,COLISÃO SEM VÍTIMA,1,1,,,,,,,,0,Longo da via,Bom,Sem defeito,Perfeito estado,Seca,Perfeito estado,Não existe,,40 km/h,Única,Faixa seccionada,,
2020-02-28 00:00:00,18:13:00,COM VÍTIMA,FINALIZADA,CAXANGÁ,AV CAXANGA,5335,,EM FRENTE AO GOLF CLUBE,CAXANGÁ,,CIDADE,COLISÃO COM CICLISTA,COLISÃO COM VÍTIMA,1,,,1,,,,,,1,Longo da via,Bom,Não existe,Perfeito estado,Seca,Perfeito estado,Não existe,R-6a,,Dupla,Canteiro central,,
2020-02-28 00:00:00,19:28:00,COM VÍTIMA,FINALIZADA,BOA VIAGEM,RUA MARIA CAROLINA,,RUA MINISTRO NELSON HUNGRIA,,BOA VIAGEM,,SUBURBIO,ABALROAMENTO TRANSVERSAL,DOIS AUTOS,2,,,,,,,,,2,Longo da via,Bom,Não existe,Não existente,Seca,Perfeito estado,Faixa de retenção,Não há placas,,Única,Faixa seccionada,,
2020-02-28 00:00:00,19:04:00,SEM VÍTIMA,FINALIZADA,BOA VIAGEM,RUA CAPITAO ZUZINHA,192,,,BOA VIAGEM,,CIDADE,ABALROAMENTO LONGITUDINAL,,2,,,,,,,,,0,Longo da via,Bom,Não existe,Perfeito estado,Seca,Perfeito estado,Faixa de pedestre,R-6a,,Única,Faixa seccionada,,
2020-02-28 00:00:00,19:07:00,SEM VÍTIMA,FINALIZADA,SAN MARTIN,AV ENGENHEIRO ABDIAS DE CARVALHO,1897,,LADO OPOSTO AO Nº 1897,SAN MARTIN,,,ABALROAMENTO LONGITUDINAL,COLISÃO ENTRE DOIS AUTOS,1,,,,,,,,,0,Longo da via,Bom,Não existe,Perfeito estado,Seca,Perfeito estado,Não existe,Não há placas,,Única,Faixa seccionada,Canteiro central,
2020-02-28 00:00:00,20:04:00,SEM VÍTIMA,FINALIZADA,BOA VIAGEM,RUA BALTAZAR PASSOS,275,,,BOA VIAGEM,154,CIDADE,COLISÃO TRASEIRA,COLISÃO ENTRE DOIS AUTOS,2,,,,,,,,,0,Longo da via,Bom,Sem defeito,Incompleta,Seca,Perfeito estado,Faixa de pedestre,R-6a,,Única,Faixa seccionada,,
2020-02-28 00:00:00,21:38:00,SEM VÍTIMA,FINALIZADA,BOA VIAGEM,AVENIDA CELSO FURTADO (VIA MANGUE),,,CIA DO FUTEBOL,BOA VIAGEM,,CIDADE,COLISÃO TRASEIRA,AUTO X MOTO,1,1,,,,,,,,0,Longo da via,Bom,Não existe,Perfeito estado,Seca,Perfeito estado,Não existe,Não há placas,60 km/h,Dupla,Faixa seccionada,,
2020-02-28 00:00:00,21:42:00,SEM VÍTIMA,FINALIZADA,VASCO DA GAMA,RUA VASCO DA GAMA,,AV NORTE,SEMÁFORO Nº 066,VASCO DA GAMA,66,SUBURBIO,ABALROAMENTO LONGITUDINAL,ONIBUS GLOBO X MOTO // OBS:: A MOTO SE ENCONTRA EMBAIXO DO ONIBUS,,1,,,,1,,,,0,,Bom,Sem defeito,Perfeito estado,Seca,Perfeito estado,Faixa de pedestre,Não há placas,,Dupla,Faixa seccionada,,
2020-02-28 00:00:00,22:16:00,SEM VÍTIMA,FINALIZADA,IBURA,AV DOM HELDER CAMARA,351,,LINHA FÉRREA,IBURA,,CIDADE,COLISÃO TRASEIRA,PALIO X FORD KA,2,,,,,,,,,0,Longo da via,Bom,Não existe,Perfeito estado,Seca,Perfeito estado,Não existe,Não há placas,,Dupla,Faixa contínua,,
2020-02-28 00:00:00,22:24:00,SEM VÍTIMA,FINALIZADA,DERBY,AV GOVERNADOR AGAMENON MAGALHAES,,,PRAÇA DO DERBY ( POSTE DE Nº B 009037),DERBY,,SUBURBIO,ABALROAMENTO LONGITUDINAL,ONIBUS DA PREFEITUTA DE IPUJUCA X POLO,1,,,,,1,,,,0,Longo da via,Bom,,,,,,Outras,,Dupla,Faixa seccionada,Canteiro central,
2020-02-28 00:00:00,22:55:00,SEM VÍTIMA,FINALIZADA,,RUA BALTAZAR PASSOS,310,RUA PROFESSOR AUGUSTO LINS E SILVA,EM FRENTE A PAN JOVEM DELICATESSEN,,,CIDADE,ABALROAMENTO TRANSVERSAL,ETIOS X POLO,2,,,,,,,,,0,Cruzamento,Bom,Não existe,Perfeito estado,Seca,Perfeito estado,Não existe,Placas Pare,,Única,Faixa seccionada,,
2020-02-28 00:00:00,23:31:00,SEM VÍTIMA,FINALIZADA,PRADO,RUA CARLOS GOMES,,RUA HERCULES FLORENCE,APÓS BIG CAR,PRADO,,SUBURBIO,ABALROAMENTO TRANSVERSAL,HONDA CIVIC X SIENA,2,,,,,,,,,0,Longo da via,Bom,Não existe,Perfeito estado,Seca,Perfeito estado,Não existe,Outras,,Única,Faixa seccionada,,
2020-02-29 00:00:00,00:07:00,SEM VÍTIMA,FINALIZADA,ESPINHEIRO,RUA DO ESPINHEIRO,200,RUA SANTO ELIAS,EM FRENTE AO POSTO IPIRANGA,ESPINHEIRO,,CIDADE,ABALROAMENTO TRANSVERSAL,COLISÃO ENTRE DOIS AUTOS S/V,2,,,,,,,,,0,Longo da via,Bom,Não existe,Perfeito estado,Seca,Perfeito estado,Faixa de retenção,Placas Pare,,Única,Faixa seccionada,,
2020-02-29 00:00:00,02:05:00,SEM VÍTIMA,CANCELADA,IMBIRIBEIRA,RUA BARAO HOMEM DE MELO,277,RUA ENGENHEIRO JOSE BRANDAO CAVALCANTE,POR TRÁS DA REVENDA OBOTICARIO,IMBIRIBEIRA,,,CHOQUE,AUTO CHOCOU-SE NO MURO DA RESIDENCIA E UMA PARTE DO MURO CAIU S/V,1,,,,,,,,,0,,,,,,,,,,,,,