data,hora,natureza,situacao,bairro,endereco,numero,detalhe_endereco_acidente,complemento,bairro_cruzamento,num_semaforo,sentido_via,tipo,auto,moto,ciclom,ciclista,pedestre,onibus,caminhao,viatura,outros,vitimas,vitimasfatais,acidente_verificado,tempo_clima,situacao_semaforo,sinalizacao,condicao_via,conservacao_via,ponto_controle,situacao_placa,velocidade_max_via,mao_direcao,divisao_via1,divisao_via2,divisao_via3
2020-03-04 00:00:00,09:18:00,SEM VÍTIMA,FINALIZADA,MADALENA,RUA BENFICA,1146,,AO LADO DO MUSEU DA ABOLIÇÃO,MADALENA,257,CIDADE,ABALROAMENTO LONGITUDINAL,COLISÃO S/VITIMA ENTRE UMA AMBULÂNCIA (VEÍCULO OFICIAL) E UM AUTO (GM MARCILIO NO QTH),2,,,,,,,,,0,Longo da via,Bom,Sem defeito,Perfeito estado,Seca,Perfeito estado,Faixa de pedestre,R-6a,60 km/h,Dupla,Faixa contínua,,
2020-03-04 00:00:00,09:33:00,SEM VÍTIMA,FINALIZADA,BOA VIAGEM,AV BOA VIAGEM,,RUA BALTAZAR PASSOS,,BOA VIAGEM,149,CIDADE,COLISÃO TRASEIRA,DOIS AUTOS,2,,,,,,,,,0,Longo da via,Bom,Sem defeito,Perfeito estado,Seca,Perfeito estado,Faixa de pedestre,,60 km/h,Única,Faixa contínua,,
2020-03-04 00:00:00,09:35:00,SEM VÍTIMA,FINALIZADA,BOA VIAGEM,AV CONSELHEIRO AGUIAR,,RUA CORONEL BENEDITO CHAVES,EM FRENTE AO HOTEL SAVERO,BOA VIAGEM,114,CIDADE,COLISÃO TRASEIRA,COLISAO SEM VITIMAS,2,,,,,,,,,0,Cruzamento,Bom,Sem defeito,Perfeito estado,Seca,Perfeito estado,Faixa de pedestre,Não há placas,60 km/h,Única,,,
2020-03-04 00:00:00,09:40:00,SEM VÍTIMA,FINALIZADA,COHAB,AV ENGENHO SERRA VERDE,610,,PADARIA MARAJÓ,COHAB,,CIDADE,ABALROAMENTO LONGITUDINAL,ONIBUS E AUTO,1,,,,,1,,,,0,Longo da via,Bom,Não existe,Perfeito estado,Seca,Perfeito estado,Não existe,R-6c,,Única,Faixa seccionada,,
2020-03-04 00:00:00,10:09:00,SEM VÍTIMA,FINALIZADA,,AV MARTINS DE BARROS,,,LADO OPOSTO AO TERMINAL CAIS DE SANTA RITA,,,SUBURBIO,ABALROAMENTO LONGITUDINAL,COLISÃO SEM VITIMAS GM PERONIMO  QTH,1,1,,,,,,,,0,Longo da via,Bom,Não existe,Perfeito estado,Seca,Perfeito estado,Não existe,Não há placas,40 km/h,Dupla,Faixa seccionada,,
2020-03-04 00:00:00,10:26:00,SEM VÍTIMA,FINALIZADA,IMBIRIBEIRA,AV MARECHAL MASCARENHAS DE MORAES,440,,LADO OPOSTO AO FLOR ARTE,IMBIRIBEIRA,279,SUBURBIO,ABALROAMENTO LONGITUDINAL,COLISAO SEM VITIMAS,1,1,,,,,,,,0,Longo da via,Bom,Sem defeito,Perfeito estado,Seca,Perfeito estado,Faixa de pedestre,Outras,,Dupla,Faixa contínua,Faixa seccionada,Canteiro central
2020-03-04 00:00:00,10:32:00,SEM VÍTIMA,FINALIZADA,SANTO AMARO,AV GOVERNADOR AGAMENON MAGALHAES,,,EM FRENTE A FARMÁCIA PAGUE MENOS,SANTO AMARO,,,COLISÃO TRASEIRA,COLISÃO S/VITIMAS ENTRE DOIS AUTOS,2,,,,,,,,,0,Longo da via,Bom,Sem defeito,Perfeito estado,Seca,Perfeito estado,Outros,Outras,60 km/h,Dupla,Canteiro central,,
2020-03-04 00:00:00,11:18:00,SEM VÍTIMA,CANCELADA,SÃO JOSÉ,RUA DO PEIXOTO,,,NA RUA DO RESTAURANTE POPULAR JOSE DE CASTRO,SÃO JOSÉ,,,COLISÃO,DOIS CAMINHÕES,,,,,,,2,,,0,,,,,,,,,,,,,
2020-03-04 00:00:00,11:19:00,SEM VÍTIMA,FINALIZADA,IBURA,RUA RIO BRIGIDA,,RUA RIO PARNAIBA,,IBURA,,SUBURBIO,ABALROAMENTO LONGITUDINAL,COLISAO SEM VITIMAS,1,,,,,,1,,,0,Cruzamento,Bom,Não existe,Perfeito estado,Seca,Perfeito estado,Não existe,Placas Pare,30 km/h,Dupla,Faixa seccionada,,
2020-03-04 00:00:00,11:39:00,SEM VÍTIMA,FINALIZADA,BOA VISTA,RUA DO RIACHUELO,,,LADO OPOSTO AO Nº 309,BOA VISTA,,,ABALROAMENTO LONGITUDINAL,COLISÃO SEM VITIMAS GM  DENILSON  QTH,1,,,,,1,,,,0,Longo da via,Bom,Não existe,Perfeito estado,Seca,Perfeito estado,Faixa de pedestre,,30 km/h,Dupla,Canteiro central,,
2020-03-04 00:00:00,12:01:00,SEM VÍTIMA,FINALIZADA,SÃO JOSÉ,AV SUL,,,HOTEL LUA DE MEL,SÃO JOSÉ,,CIDADE,CHOQUE VEÍCULO PARADO,COLISAO SEM VITIMAS,1,,,,,,,,1,0,Longo da via,Bom,Não existe,Incompleta,Seca,Perfeito estado,,Não há placas,,Dupla,Canteiro central,,
2020-03-04 00:00:00,12:38:00,SEM VÍTIMA,FINALIZADA,BOA VIAGEM,AV ENGENHEIRO DOMINGOS FERREIRA,,RUA BARAO DE SOUZA LEAO,EM FRENTE AO HOSPITAL,BOA VIAGEM,129,SUBURBIO,COLISÃO TRASEIRA,COLISAO ENTRE UM AUTO E UM ONIBUS,1,,,,,1,,,,0,Longo da via,Bom,Sem defeito,Perfeito estado,Seca,Perfeito estado,Faixa de pedestre,Outras,,Única,Faixa contínua,Faixa seccionada,Canteiro central
2020-03-04 00:00:00,13:36:00,SEM VÍTIMA,FINALIZADA,MADALENA,RUA REAL DA TORRE,218,,TÚNEL DA ABOLIÇÃO,MADALENA,237,,COLISÃO TRASEIRA,COLISAO S/ VITIMA ENTRE VAN ESCOLA E UM ONIBUS,,,,,,2,,,,0,Longo da via,Bom,Sem defeito,Perfeito estado,Seca,Perfeito estado,Faixa de pedestre,R-6a,,Única,Faixa seccionada,,
2020-03-04 00:00:00,13:51:00,SEM VÍTIMA,FINALIZADA,ALTO JOSÉ BONIFÁCIO,RUA ALTO JOSE BONIFACIO,140,,EM FRENTE A CASA PEREIRA FERRAGENS E MIUDEZAS,ALTO JOSÉ BONIFÁCIO,,SUBURBIO,ABALROAMENTO LONGITUDINAL,COLISAO ENTRE AUTO E MOTO S/V,1,1,,,,,,,,0,Longo da via,Bom,Não existe,Perfeito estado,Seca,Perfeito estado,Não existe,R-6a,,Dupla,Faixa seccionada,,
2020-03-04 00:00:00,13:53:00,SEM VÍTIMA,FINALIZADA,IBURA,RUA RIO DOURO,49,,ESCOLA CECÍLIA MEIRELES,IBURA,,SUBURBIO,ABALROAMENTO LONGITUDINAL,COLISAO ENTRE DOIS AUTOS S/V,2,,,,,,,,,0,Longo da via,Bom,Não existe,Perfeito estado,Seca,Perfeito estado,Não existe,Não há placas,,Dupla,Não existe,,
2020-03-04 00:00:00,15:42:00,SEM VÍTIMA,FINALIZADA,DERBY,RUA JENER DE SOUZA,,,EM FRENTE AO QUARTEL DA POLICIA MILITAR,DERBY,,SUBURBIO,COLISÃO TRASEIRA,COLISÃO SEM VÍTIMA,2,,,,,,,,,0,Longo da via,Bom,Não existe,Perfeito estado,Seca,Perfeito estado,Não existe,Outras,,Dupla,Canteiro central,,
2020-03-04 00:00:00,15:59:00,SEM VÍTIMA,FINALIZADA,MADALENA,AV VISCONDE DE ALBUQUERQUE,300,,ASTRAL VEÍCULOS,MADALENA,,SUBURBIO,ABALROAMENTO LONGITUDINAL,COLISÃO SEM VÍTIMA,2,,,,,,,,,0,Longo da via,Bom,Não existe,Perfeito estado,Seca,Perfeito estado,Não existe,Outras,,Única,Faixa seccionada,,
2020-03-04 00:00:00,16:04:00,COM VÍTIMA,FINALIZADA,BOA VIAGEM,RUA CARLOS PEREIRA FALCAO,1145,,EM FRENTE AO EDIFICIO RENATA DIAS,BOA VIAGEM,,,COLISÃO,COLISÃO COM VÍTIMA/ VÍTIMA ATENDIDA NO LOCAL PELO SAMU E NÃO FOI NECESSARIO LEVAR A VITIMA PARA O HOSPITAL,1,1,,,,,,,,1,,,,,,,,,,,,,
2020-03-04 00:00:00,16:08:00,SEM VÍTIMA,FINALIZADA,SANTO ANTÔNIO,AV N S DO CARMO,660,AV MARTINS DE BARROS,EM FRENTE AO EDIFÍCIO INCONFIDÊNCIA,SANTO ANTÔNIO,204,SUBURBIO,ABALROAMENTO LONGITUDINAL,COLISAO S/ VITIMA EM ONIBUS DA VERA CRUZ E VEICULO. RESERVA 02. GCM,1,,,,,1,,,,0,Longo da via,Bom,Sem defeito,Perfeito estado,Seca,Perfeito estado,Faixa de pedestre,Não há placas,,Dupla,Faixa contínua,,
2020-03-04 00:00:00,16:54:00,SEM VÍTIMA,FINALIZADA,AFOGADOS,RUA DA PAZ,396,,E/F AO BANCO ITAU,AFOGADOS,53,SUBURBIO,ABALROAMENTO LONGITUDINAL,COLISAO ENTRE DOIS AUTOS S/V,2,,,,,,,,,0,Longo da via,Bom,Sem defeito,Perfeito estado,Seca,Perfeito estado,Faixa de pedestre,,,Única,Faixa contínua,Faixa seccionada,
2020-03-04 00:00:00,17:20:00,SEM VÍTIMA,FINALIZADA,MADALENA,AV JOSE GONCALVES DE MEDEIROS,121,,PRÓXIMO A FARMÁCIA PAGUE MENOS,MADALENA,,CIDADE,COLISÃO TRASEIRA,COLISAO S/ VITIMA ENTRE DOIS VEICULOS,2,,,,,,,,,0,Longo da via,Bom,Não existe,Perfeito estado,Seca,Perfeito estado,Não existe,Não há placas,60 km/h,Dupla,Faixa contínua,,
2020-03-04 00:00:00,17:29:00,SEM VÍTIMA,EQUIPE EM DESLOCAMENTO,BOA VIAGEM,RUA ERNESTO DE PAULA SANTOS,913,,POSTO DE COMBUSTÍVEL SETTA,BOA VIAGEM,330,CIDADE,COLISÃO TRASEIRA,COLISÃO SEM VÍTIMA,5,,,,,,,,,0,Longo da via,Bom,Sem defeito,Perfeito estado,Seca,Perfeito estado,Faixa de pedestre,Não há placas,,Única,Faixa seccionada,,
2020-03-04 00:00:00,17:24:00,SEM VÍTIMA,FINALIZADA,IBURA,AV DOM HELDER CAMARA,,,AO LADO DO NÚCLEO,IBURA,,CIDADE,ABALROAMENTO LONGITUDINAL,COLISÃO SEM VÍTIMA,1,,,,,,1,,,0,,Bom,Não existe,Perfeito estado,Seca,Perfeito estado,Não existe,Não há placas,,Dupla,Canteiro central,,
2020-03-04 00:00:00,18:05:00,SEM VÍTIMA,FINALIZADA,DOIS IRMÃOS,RUA DOIS IRMAOS,165,,LADO OPOSTO AO Nº 165,DOIS IRMÃOS,,CIDADE,ABALROAMENTO LONGITUDINAL,FIAT DOBLO X PRISMA,2,,,,,,,,,0,Longo da via,Bom,Não existe,Perfeito estado,Seca,Perfeito estado,Não existe,Outras,,Dupla,Faixa contínua,,
2020-03-04 00:00:00,20:56:00,SEM VÍTIMA,FINALIZADA,IPUTINGA,AV CAXANGA,5362,,EM FRENTE AO CAXANGÁ GOLF & COUNTRY CLUB,IPUTINGA,,SUBURBIO,COLISÃO TRASEIRA,COBALT X DOIS SIENA,3,,,,,,,,,0,Longo da via,Bom,Não existe,Ilegível,Seca,Mal iluminada,Não existe,Não há placas,,Dupla,Canteiro central,,
2020-03-04 00:00:00,21:27:00,COM VÍTIMA,FINALIZADA,BOA VIAGEM,AV ARMINDO MOURA,581,,E/F A VILA DA AERONAUTICA,BOA VIAGEM,,SUBURBIO,ABALROAMENTO LONGITUDINAL,ENTRE AUTO E MOTO. C/V,1,1,,,,,,,,1,Longo da via,Bom,Sem defeito,Perfeito estado,Seca,Perfeito estado,Faixa de pedestre,Placas Pare,,Dupla,Faixa contínua,,
2020-03-04 00:00:00,22:08:00,SEM VÍTIMA,FINALIZADA,,AV ENGENHEIRO ABDIAS DE CARVALHO,1835,,CENTRO DE DISTRIBUIÇÃO DOS CORREIOS,,,SUBURBIO,COLISÃO TRASEIRA,DUSTER X POLO,2,,,,,,,,,0,Longo da via,Bom,Não existe,Perfeito estado,Seca,Perfeito estado,Não existe,Não há placas,,Dupla,Faixa seccionada,Canteiro central,
2020-03-04 00:00:00,22:20:00,SEM VÍTIMA,FINALIZADA,CASA AMARELA,RUA ARNOLDO MAGALHAES,22,,,CASA AMARELA,,SUBURBIO,CHOQUE VEÍCULO PARADO,,1,,,,,,,,1,0,Longo da via,Bom,Não existe,Ilegível,Seca,Mal conservada,Não existe,Não há placas,20 km/h,Dupla,Não existe,,
2020-03-04 00:00:00,22:27:00,COM VÍTIMA,FINALIZADA,AFOGADOS,RUA SAO MIGUEL,176,RUA JACIRA,E/F AO DEPATRI,AFOGADOS,,SUBURBIO,ABALROAMENTO LONGITUDINAL,AUTO X MOTO. C/V,1,1,,,,,,,,1,Cruzamento,Bom,Sem defeito,Perfeito estado,Seca,Perfeito estado,Faixa de pedestre,,,Dupla,Faixa seccionada,,
2020-03-05 00:00:00,04:51:00,SEM VÍTIMA,FINALIZADA,BOA VIAGEM,RUA BRUNO VELOSO,181,AV CONSELHEIRO AGUIAR,DROGASIL,BOA VIAGEM,,SUBURBIO,COLISÃO TRASEIRA,DUAS VT DO GTO,2,,,,,,,,,0,Longo da via,Bom,Sem defeito,Perfeito estado,Seca,Perfeito estado,Faixa de pedestre,Outras,,Única,Faixa seccionada,,
2020-03-05 00:00:00,05:51:00,SEM VÍTIMA,FINALIZADA,IMBIRIBEIRA,RUA ARQUITETO LUIZ NUNES,217,RUA JULIO VERNE,APÓS A PONTE GILBERTO FREYRE,IMBIRIBEIRA,,SUBURBIO,COLISÃO TRASEIRA,COLISÃO ENTRE DOIS AUTOS- S/V,2,,,,,,,,,0,,Bom,Não existe,Incompleta,Seca,Perfeito estado,Não existe,Outras,40 km/h,Única,Faixa seccionada,,
2020-03-05 00:00:00,06:09:00,SEM VÍTIMA,CANCELADA,BOA VIAGEM,AV ENGENHEIRO DOMINGOS FERREIRA,,,EM FRENTE AO RESTAURANTE FAMILIA JULIANO,BOA VIAGEM,,,COLISÃO,MOTO E CAMINHAO,,1,,,,,1,,,0,,,,,,,,,,,,,
2020-03-05 00:00:00,07:22:00,SEM VÍTIMA,FINALIZADA,IPUTINGA,RUA SAO MATEUS,223,RUA DR GASTAO DA SILVEIRA,,IPUTINGA,,SUBURBIO,ABALROAMENTO LONGITUDINAL,COLISÃO SEM VITIMAS,1,1,,,,,,,,0,,Bom,Não existe,Perfeito estado,Seca,Perfeito estado,Não existe,Outras,,Dupla,Não existe,,
2020-03-05 00:00:00,07:44:00,SEM VÍTIMA,FINALIZADA,PINA,RUA MANOEL DE BRITO,311,,EM FRENTE FACULDADE IDE,PINA,659,CIDADE,COLISÃO TRASEIRA,DOIS AUTOS,2,,,,,,,,,0,Longo da via,Bom,Sem defeito,Perfeito estado,Seca,Perfeito estado,Agente,Não há placas,60 km/h,Única,Faixa seccionada,,
2020-03-05 00:00:00,08:13:00,SEM VÍTIMA,FINALIZADA,IPSEP,,60,AV RECIFE,POSTO DE GASOLINA SHELL,IPSEP,,CIDADE,COLISÃO TRASEIRA,COLISÃO SEM VITIMAS GM CONCEIÇÃO QTH,1,,,,,1,,,,0,Longo da via,Bom,Não existe,Perfeito estado,Seca,Perfeito estado,Não existe,,40 km/h,Única,Não existe,,
2020-03-05 00:00:00,08:22:00,SEM VÍTIMA,FINALIZADA,CORDEIRO,RUA SOUZA BANDEIRA,220B,,COLEGIO LUBIENSKA,CORDEIRO,,SUBURBIO,ABALROAMENTO LONGITUDINAL,COLISÃO SEM VITIMAS,2,,,,,,,,,0,Longo da via,Bom,Sem defeito,Perfeito estado,Seca,Perfeito estado,Não existe,Outras,,Única,Faixa seccionada,,
2020-03-05 00:00:00,08:46:00,SEM VÍTIMA,FINALIZADA,AFOGADOS,RUA FRANCISCO SILVEIRA,,RUA MOTOCOLOMBO,SERRALHARIA / AO LADO DO Nº 175,AFOGADOS,,SUBURBIO,COLISÃO TRASEIRA,COLISAO S/ VITIMAS,1,,,,,,1,,,0,,Bom,Não existe,Perfeito estado,Seca,Perfeito estado,Não existe,Não há placas,,Dupla,Não existe,,
2020-03-05 00:00:00,09:14:00,COM VÍTIMA,FINALIZADA,BOA VISTA,RUA DR LEOPOLDO LINS,,AV GOVERNADOR AGAMENON MAGALHAES,SOB O SEMÁFORO 078,BOA VISTA,78,SUBURBIO,ATROPELAMENTO,MOTOCICLETA E PEDESTRE,,1,,,1,,,,,2,Cruzamento,Bom,Sem defeito,Perfeito estado,Seca,Perfeito estado,Faixa de pedestre,Não há placas,60 km/h,Dupla,Faixa seccionada,Canteiro central,
2020-03-05 00:00:00,09:26:00,SEM VÍTIMA,CANCELADA,ILHA DO RETIRO,PRC DA BANDEIRA,92,,EM FRENTE A PRAÇA DA BANDEIRA  E AO INSTITUTO DE BELEZA A2,ILHA DO RETIRO,,,COLISÃO,COLISÃO SEM VITIMAS,2,,,,,,,,,0,,,,,,,,,,,,,
2020-03-05 00:00:00,09:56:00,SEM VÍTIMA,FINALIZADA,DERBY,RUA HENRIQUE DIAS,,,EM FRENTE AO COLEGIO DA POLICIA MILITAR,DERBY,,CIDADE,ABALROAMENTO LONGITUDINAL,COLISÃO SEM VITIMAS,2,,,,,,,,,0,Longo da via,Bom,Não existe,Perfeito estado,Seca,Perfeito estado,Não existe,Não há placas,,Única,Não existe,,
2020-03-05 00:00:00,10:11:00,SEM VÍTIMA,FINALIZADA,MADALENA,RUA REAL DA TORRE,218,RUA LOPES DE CARVALHO,,MADALENA,237,,ABALROAMENTO LONGITUDINAL,AUTO E CAMINHAO VT 03 SUB LUCIO NO QTH,1,,,,,,1,,,0,Longo da via,Bom,Sem defeito,Perfeito estado,Seca,Perfeito estado,Não existe,Placas Pare,50 km/h,Única,Faixa seccionada,,
2020-03-05 00:00:00,10:30:00,SEM VÍTIMA,FINALIZADA,IMBIRIBEIRA,RUA ITALIA,311,,AR FRIO CENTRO AUTOMOTIVO,IMBIRIBEIRA,,,ABALROAMENTO LONGITUDINAL,DOIS AUTOS,2,,,,,,,,,0,Longo da via,Bom,Não existe,Incompleta,Seca,Perfeito estado,Não existe,Não há placas,30 km/h,Dupla,Não existe,,
2020-03-05 00:00:00,10:44:00,COM VÍTIMA,FINALIZADA,DERBY,AV GOVERNADOR AGAMENON MAGALHAES,3850,PRC DO DERBY,EM FRENTE AO BANCO BRADESCO- VIA LOCAL,DERBY,,SUBURBIO,ABALROAMENTO LONGITUDINAL,MOTO E AUTO C/V,1,1,,,,,,,,1,Longo da via,Bom,Não existe,Perfeito estado,Seca,Perfeito estado,Não existe,Outras,,Dupla,Canteiro central,,
2020-03-05 00:00:00,11:35:00,COM VÍTIMA,FINALIZADA,ILHA JOANA BEZERRA,AV DES GUERRA BARRETO,,,AO LADO DO FORUM RODOLFO AURELIANO,ILHA JOANA BEZERRA,,CIDADE,ATROPELAMENTO,DOIS AUTOS E PEDESTRE,2,,,,1,,,,,1,Longo da via,Bom,Sem defeito,Perfeito estado,Seca,Perfeito estado,Faixa de pedestre,Não há placas,,Dupla,Faixa contínua,,
2020-03-05 00:00:00,11:52:00,COM VÍTIMA,FINALIZADA,IPUTINGA,AV CAXANGA,4490,,EM FRENTE A VISTORIA DO DETRAN,IPUTINGA,230,SUBURBIO,COLISÃO TRASEIRA,DUAS MOTOS E UM AUTO PASSEIO / GM ALMEIDA VELOSO P.O CAXANGA,1,2,,,,,,,,3,Longo da via,Bom,Sem defeito,Perfeito estado,Seca,Perfeito estado,Agente,Não há placas,,Dupla,Canteiro central,,
2020-03-05 00:00:00,12:17:00,SEM VÍTIMA,CANCELADA,BOA VIAGEM,AV BOA VIAGEM,6370,,NO QUIOSQUE 51 NA ORLA,BOA VIAGEM,,,COLISÃO,COLISAO ENTRE E AUTOS S MOTO S/V,1,1,,,,,,,,0,,,,,,,,,,,,,
2020-03-05 00:00:00,12:36:00,SEM VÍTIMA,FINALIZADA,BARRO,RUA ARACAGI,6225,,PROXIMO A PRIMEIRA IGREJA BATISTA DE AREIAS,BARRO,,SUBURBIO,CHOQUE OBJETO FIXO,VEÍCULO CHOCOU-SE COM MURO DE RESIDENCIA/ SEM VÍTIMA,1,,,,,,,,,0,Longo da via,Bom,Não existe,Não existente,Seca,Perfeito estado,Não existe,Não há placas,,Dupla,Não existe,,
2020-03-05 00:00:00,13:20:00,COM VÍTIMA,FINALIZADA,AREIAS,AV CAPITAO GREGORIO DE CALDAS,132,,E/F AO BIG BOMPREÇO S/T SUB,AREIAS,,SUBURBIO,ABALROAMENTO TRANSVERSAL,COLISAO ENTRE AUTO E MOTO S/V,1,1,,,,,,,,1,Longo da via,Bom,Não existe,Perfeito estado,Seca,Perfeito estado,Não existe,Não há placas,,Dupla,Canteiro central,,
2020-03-05 00:00:00,13:46:00,SEM VÍTIMA,CANCELADA,MADALENA,AV JOSE GONCALVES DE MEDEIROS,807,,PORTO SEGURO/ EXTRA DA MADALENA,MADALENA,,,COLISÃO,COLISAO S/ VITIMA ENTRE MOTO E VEICULO,1,1,,,,,,,,0,,,,,,,,,,,,,
2020-03-05 00:00:00,14:12:00,SEM VÍTIMA,FINALIZADA,CASA FORTE,RUA LEONARDO BEZERRA CAVALCANTE,240,,,CASA FORTE,,,COLISÃO TRASEIRA,COLISÃO SEM VÍTIMA,2,,,,,,,,,0,Longo da via,Bom,Não existe,Perfeito estado,Seca,Perfeito estado,Não existe,Não há placas,,Dupla,Faixa contínua,,
2020-03-05 00:00:00,14:27:00,COM VÍTIMA,FINALIZADA,ENCRUZILHADA,RUA AMARO COUTINHO,474,RUA PROFESSOR OTAVIO DE FREITAS,,ENCRUZILHADA,,SUBURBIO,ABALROAMENTO TRANSVERSAL,COLISÃO COM VÍTIMA,1,1,,,,,,,,1,Cruzamento,Bom,Não existe,Incompleta,Seca,Perfeito estado,Não existe,Não há placas,30 km/h,Dupla,Não existe,,
2020-03-05 00:00:00,14:51:00,SEM VÍTIMA,FINALIZADA,BOA VISTA,AV CONDE DA BOA VISTA,1573,,EM FRENTE AO Nº 1573,BOA VISTA,,CIDADE,ABALROAMENTO LONGITUDINAL,COLISAO ENTRE ONIBUS E AUTOS S/V,1,,,,,1,,,,0,Longo da via,Bom,Não existe,Perfeito estado,Seca,,Não existe,R-6a,40 km/h,Dupla,Faixa contínua,,
2020-03-05 00:00:00,15:09:00,SEM VÍTIMA,FINALIZADA,PAISSANDU,RUA VIS DO LIVRAMENTO,119,,CENTRO MÉDICO,PAISSANDU,,CIDADE,ABALROAMENTO LONGITUDINAL,,2,,,,,,,,,0,Longo da via,Bom,Não existe,Perfeito estado,Seca,Perfeito estado,Não existe,Outras,,Dupla,Não existe,,
2020-03-05 00:00:00,15:20:00,COM VÍTIMA,FINALIZADA,BOA VISTA,RUA DO HOSPICIO,,,EM FRENTE A CÂMARA DOS VEREADORES,BOA VISTA,,,COLISÃO,COLISÃO COM VÍTIMA,1,1,,,,,,,,1,,,,,,,,,,,,,
2020-03-05 00:00:00,15:28:00,SEM VÍTIMA,FINALIZADA,BOA VISTA,RUA DO HOSPICIO,,RUA PRINCESA IZABEL,EM FRENTE A CÂMARA MUNICIPAL DO RECIFE,BOA VISTA,31,CIDADE,ABALROAMENTO LONGITUDINAL,COLISÃO COM VÍTIMA,1,1,,,,,,,,0,Longo da via,Bom,Sem defeito,Perfeito estado,Seca,Perfeito estado,Agente,Outras,,Dupla,Faixa contínua,,
2020-03-05 00:00:00,15:45:00,SEM VÍTIMA,FINALIZADA,IMBIRIBEIRA,AV MARECHAL MASCARENHAS DE MORAES,2386,,EM FRENTE AO BRADESCO,IMBIRIBEIRA,161,SUBURBIO,ABALROAMENTO LONGITUDINAL,,2,,,,,,,,,0,Longo da via,Bom,Sem defeito,Perfeito estado,Seca,Perfeito estado,Faixa de pedestre,Outras,60 km/h,Dupla,Faixa contínua,Faixa seccionada,Canteiro central
2020-03-05 00:00:00,15:57:00,SEM VÍTIMA,FINALIZADA,ENCRUZILHADA,RUA CASTRO ALVES,,,LADO OPOSTO A AGÊNCIA DA CAIXA ECONÔMICA FEDERAL,ENCRUZILHADA,,SUBURBIO,COLISÃO TRASEIRA,COLISAO ENTRE ONIBUS E AUTOS S/V,1,,,,,1,,,,0,Longo da via,Bom,Não existe,Perfeito estado,Seca,Perfeito estado,Não existe,R-6a,,Única,Faixa seccionada,,
2020-03-05 00:00:00,16:46:00,SEM VÍTIMA,FINALIZADA,BAIRRO DO RECIFE,CAIS DA ALFANDEGA,,AV MARQUES DE OLINDA,AO LADO DA PONTE MAURICIO DE NASSAU,BAIRRO DO RECIFE,165,SUBURBIO,COLISÃO TRASEIRA,COLISAO ENTRE ONIBUS E AUTOS S/V,1,,,,,1,,,,0,Cruzamento,Bom,Sem defeito,Perfeito estado,Seca,Perfeito estado,Faixa de pedestre,Outras,,Única,Faixa seccionada,,
2020-03-05 00:00:00,17:08:00,SEM VÍTIMA,FINALIZADA,JOANA BEZERRA,PTE JOSE DE BARROS LIMA,,,EM FRENTE A ACADEMIA DA CIDADE,JOANA BEZERRA,,SUBURBIO,COLISÃO TRASEIRA,COLISAO ENTRE DOIS AUTOS SEM VITIMA,2,,,,,,,,,0,Ponte,Bom,Não existe,Perfeito estado,Seca,Perfeito estado,Não existe,Não há placas,,Dupla,Faixa contínua,Canteiro central,
2020-03-05 00:00:00,17:29:00,SEM VÍTIMA,FINALIZADA,JARDIM SÃO PAULO,AV RECIFE,625,,AO LADO DO Nº 625,JARDIM SÃO PAULO,,SUBURBIO,ABALROAMENTO LONGITUDINAL,COLISAO S/ VITIMA ENTRE UM ONIBUS E UM VEICULO,1,,,,,1,,,,0,Longo da via,Bom,Não existe,Perfeito estado,Seca,,Não existe,Não há placas,,Dupla,Faixa seccionada,Canteiro central,
2020-03-05 00:00:00,18:21:00,SEM VÍTIMA,CANCELADA,CASA FORTE,AV DEZESSETE DE AGOSTO,,PRC RADIO JORNAL DO COMERCIO,PROX AO SHOPPING PLAZA E A PRC RADIO JORNAL DO COMERCIO,CASA FORTE,,,COLISÃO,MOB X ONIX,2,,,,,,,,,0,,,,,,,,,,,,,
2020-03-05 00:00:00,19:26:00,COM VÍTIMA,FINALIZADA,DOIS IRMÃOS,RUA DOIS IRMAOS,,,E/F A REITORIA DA UFRPE,DOIS IRMÃOS,,SUBURBIO,ABALROAMENTO LONGITUDINAL,ENTRE AUTO E MOTO. C/V,1,1,,,,,,,,1,Cruzamento,Bom,Não existe,Perfeito estado,Seca,Perfeito estado,Não existe,Não há placas,,Dupla,Faixa contínua,Faixa seccionada,Canteiro central