data,hora,natureza,situacao,bairro,endereco,numero,detalhe_endereco_acidente,complemento,bairro_cruzamento,num_semaforo,sentido_via,tipo,auto,moto,ciclom,ciclista,pedestre,onibus,caminhao,viatura,outros,vitimas,vitimasfatais,acidente_verificado,tempo_clima,situacao_semaforo,sinalizacao,condicao_via,conservacao_via,ponto_controle,situacao_placa,velocidade_max_via,mao_direcao,divisao_via1,divisao_via2,divisao_via3
2020-03-11 00:00:00,22:28:00,COM VÍTIMA,FINALIZADA,CORDEIRO,AV ENGENHEIRO ABDIAS DE CARVALHO,,,LADO OPOSTO DO ESPETINHO LEGAL PRIME - SNT CID / SEMÁFORO 422,CORDEIRO,422,CIDADE,COLISÃO COM CICLISTA,ENTRE MOTO DO BPTRAN E CICLISTA. C/V],,1,,1,,,,,,1,Longo da via,Bom,Sem defeito,Perfeito estado,Seca,Perfeito estado,Faixa de pedestre,Outras,,Dupla,Faixa seccionada,,
2020-03-11 00:00:00,23:38:00,COM VÍTIMA,FINALIZADA,JOANA BEZERRA,RUA IMPERIAL,,RUA LOURENCO DA SILVA,APÓS O HOTEL CRISTAL,JOANA BEZERRA,,SUBURBIO,ABALROAMENTO TRANSVERSAL,ENTRE ÔNIBUS E MOTO. C/V,,1,,,,1,,,,1,Cruzamento,Bom,Não existe,Perfeito estado,Seca,Perfeito estado,Não existe,Não há placas,,Única,Faixa seccionada,,
2020-03-12 00:00:00,01:01:00,SEM VÍTIMA,FINALIZADA,CAXANGÁ,AV JOAQUIM RIBEIRO,,RUA GASTAO VIDIGAL,,CAXANGÁ,281,SUBURBIO,ABALROAMENTO LONGITUDINAL,COLISÃO ENTRE DOIS AUTOS S/V,2,,,,,,,,,0,Cruzamento,Bom,Sem defeito,Perfeito estado,Seca,Perfeito estado,Faixa de pedestre,Outras,,Dupla,Canteiro central,,
2020-03-12 00:00:00,06:24:00,SEM VÍTIMA,FINALIZADA,ROSARINHO,AV PROFESSOR JOSE DOS ANJOS,,,LADO OPOSTO À VIASUL FIAT - ARRUDA,ROSARINHO,,CIDADE,COLISÃO TRASEIRA,COLISÃO S/VITIMAS ENTRE DOIS AUTOS,2,,,,,,,,,0,Longo da via,Bom,Não existe,Incompleta,Seca,Perfeito estado,Não existe,Não há placas,,Dupla,Canal,,
2020-03-12 00:00:00,07:14:00,SEM VÍTIMA,FINALIZADA,ESPINHEIRO,RUA CONS PORTELA,,,CRUZAMENTO ENTRE A RUA CONSELHEIRO PORTELA E A RUA QUARENTA E OITO,ESPINHEIRO,11,CIDADE,ABALROAMENTO LONGITUDINAL,COLISÃO S/VITIMAS ENTRE DOIS AUTOS (GM ARNOSO NO QTH),2,,,,,,,,,0,Cruzamento,Bom,Sem defeito,Perfeito estado,Seca,Perfeito estado,Agente,Outras,40 km/h,Única,Não existe,,
2020-03-12 00:00:00,07:24:00,SEM VÍTIMA,CANCELADA,TEJIPIÓ,AV DR JOSE RUFINO,3905 A,,EM FRENTE A ESTACAO TEJIPIÓ,TEJIPIÓ,,,COLISÃO,CAMINHAO E AUTO PASSEIO,1,,,,,,1,,,0,,,,,,,,,,,,,
2020-03-12 00:00:00,07:30:00,COM VÍTIMA,CANCELADA,CASA AMARELA,EST DO ARRAIAL,,,EM FRENTE AO SITIO DA TRINDADE,CASA AMARELA,,,COLISÃO,MOTO E AUTO,1,1,,,,,,,,1,,,,,,,,,,,,,
2020-03-12 00:00:00,08:47:00,SEM VÍTIMA,FINALIZADA,ENCRUZILHADA,AV JOAO DE BARROS,1912,,EM FRENTE AOS CORREIOS,ENCRUZILHADA,,CIDADE,ABALROAMENTO LONGITUDINAL,SEM VITIMAS// GM RIBEIRO E CARLOS NO QTH,1,,,,,,1,,,0,Longo da via,Bom,Sem defeito,Perfeito estado,Seca,Perfeito estado,Não existe,Não há placas,,Única,Faixa seccionada,,
2020-03-12 00:00:00,08:56:00,SEM VÍTIMA,FINALIZADA,ESPINHEIRO,AV GOVERNADOR AGAMENON MAGALHAES,,RUA SAO SALVADOR,,ESPINHEIRO,,,ABALROAMENTO LONGITUDINAL,ONIBUS E AUTO,1,,,,,1,,,,0,Cruzamento,Bom,Sem defeito,Perfeito estado,Seca,Perfeito estado,Faixa de pedestre,,,Dupla,Faixa contínua,Faixa seccionada,
2020-03-12 00:00:00,09:01:00,SEM VÍTIMA,FINALIZADA,SANTO AMARO,AV CRUZ CABUGA,,,SEMÁFORO 523,SANTO AMARO,523,CIDADE,COLISÃO TRASEIRA,COLISÃO SEM VÍTIMAS ENTRE AUTO E MOTO.,1,1,,,,,,,,0,Longo da via,Bom,Sem defeito,Perfeito estado,Seca,Perfeito estado,,,,Dupla,Faixa contínua,,
2020-03-12 00:00:00,09:39:00,SEM VÍTIMA,FINALIZADA,BARRO,RUA PADRE DIOGO RODRIGUES,870,,CEMITÉRIO DO BARRO,BARRO,,SUBURBIO,ABALROAMENTO LONGITUDINAL,COLISÃO S/VITIMAS ENTRE UM AUTO E CAMINHÃO,1,,,,,,1,,,0,Cruzamento,Bom,Não existe,Perfeito estado,Seca,Perfeito estado,Não existe,Outras,,Dupla,Não existe,,
2020-03-12 00:00:00,10:13:00,SEM VÍTIMA,FINALIZADA,ESPINHEIRO,RUA DO ESPINHEIRO,395,,,ESPINHEIRO,,SUBURBIO,ABALROAMENTO TRANSVERSAL,COLISÃO S/VITIMAS ENTRE UM AUTO E UM ONIBUS (V.T 08 NO QTH),1,,,,,1,,,,0,Longo da via,Bom,Sem defeito,Perfeito estado,Seca,Perfeito estado,Agente,R-6a,,Única,Faixa contínua,Faixa seccionada,
2020-03-12 00:00:00,11:01:00,SEM VÍTIMA,FINALIZADA,ESPINHEIRO,RUA BARAO DE ITAMARACA,142,,PRÓXIMO A CLÍNICA HAPVIDA,ESPINHEIRO,,SUBURBIO,ABALROAMENTO LONGITUDINAL,DOIS AUTOS,2,,,,,,,,,0,Longo da via,Bom,Sem defeito,Perfeito estado,Seca,Perfeito estado,,Outras,,Única,,,
2020-03-12 00:00:00,11:41:00,COM VÍTIMA,FINALIZADA,BOA VIAGEM,RUA BALTAZAR PASSOS,,RUA JOSE HIPOLITO CARDOSO,EM FRENTE A SAO BRAS,BOA VIAGEM,,CIDADE,ABALROAMENTO TRANSVERSAL,MOTO E AUTO,1,1,,,,,,,,1,Cruzamento,Chuvoso,Não existe,Perfeito estado,Molhada,Perfeito estado,Não existe,Placas Pare,30 km/h,Dupla,Não existe,,
2020-03-12 00:00:00,12:07:00,SEM VÍTIMA,FINALIZADA,IPSEP,AV RECIFE,,,LADO OPOSTO AO Nº 2447,IPSEP,55,,COLISÃO TRASEIRA,COLISAO S/V,2,,,,,,,,,0,Longo da via,Chuvoso,Sem defeito,Perfeito estado,Seca,Perfeito estado,Não existe,R-6a,,Dupla,Faixa seccionada,Canteiro central,
2020-03-12 00:00:00,12:45:00,COM VÍTIMA,FINALIZADA,AFOGADOS,RUA COSME VIANA,550,,E/F A CEMAUTO SERVIÇOS AUTOMOTIVOS PROX AO EROS HOTEL,AFOGADOS,,SUBURBIO,ATROPELAMENTO,ONIBUS ATROPELOU UM PEDESTRE,,,,,1,1,,,,1,Longo da via,Bom,Não existe,Perfeito estado,Seca,Perfeito estado,,Outras,,Única,,,
2020-03-12 00:00:00,13:12:00,SEM VÍTIMA,CANCELADA,BRASÍLIA TEIMOSA,RUA COMENDADOR MORAES,445,,COMPESA,BRASÍLIA TEIMOSA,,,COLISÃO,COLISAO ENTRE DOIS VEICULOS,2,,,,,,,,,0,,,,,,,,,,,,,
2020-03-12 00:00:00,13:13:00,SEM VÍTIMA,FINALIZADA,BOA VIAGEM,RUA COSMORAMA,,RUA JOAO CARDOSO AIRES,AO LADO DO COLÉGIO MADRE DE DEUS,BOA VIAGEM,478,SUBURBIO,COLISÃO TRASEIRA,,1,1,,,,,,,1,0,Cruzamento,Bom,Sem defeito,Perfeito estado,Seca,Perfeito estado,Faixa de pedestre,Outras,40 km/h,Única,Faixa seccionada,,
2020-03-12 00:00:00,14:01:00,SEM VÍTIMA,CANCELADA,ESPINHEIRO,RUA CONS PORTELA,665,,GALERIA CONSELHEIRO PORTELA,ESPINHEIRO,,,COLISÃO,COLISAO S/ VITIMA ENTRE DOIS VEICULOS,1,,,,,,,,1,0,,,,,,,,,,,,,
2020-03-12 00:00:00,14:31:00,SEM VÍTIMA,FINALIZADA,GRAÇAS,AV RUI BARBOSA,1541,,EM FRENTE AO Nº 1541,GRAÇAS,,CIDADE,ABALROAMENTO LONGITUDINAL,COLISAO ENTRE AUTOS E MOTO S/V,1,1,,,,,,,,0,Longo da via,Bom,Não existe,Perfeito estado,Seca,Perfeito estado,Não existe,Outras,,Única,Faixa seccionada,,
2020-03-12 00:00:00,14:35:00,SEM VÍTIMA,FINALIZADA,DERBY,RUA MANOEL CAETANO,,RUA JENER DE SOUZA,POSTE DE Nº B 009473,DERBY,,CIDADE,ABALROAMENTO LONGITUDINAL,COLISAO SEM VITIMAS,2,,,,,,,,,0,,Bom,Não existe,Perfeito estado,Seca,Perfeito estado,Faixa de pedestre,R-6a,,Única,Faixa contínua,,
2020-03-12 00:00:00,14:47:00,SEM VÍTIMA,FINALIZADA,SANTO ANTÔNIO,AV MARTINS DE BARROS,,,LADO OPOSTO A PRAÇA DEZESSETE,SANTO ANTÔNIO,,CIDADE,COLISÃO FRONTAL,COLISAO S/ VITIMA ENTRE DOIS VEICULOS E UM ONIBUS BRT. GCM: CAIO CESAR E ELSIANE NO LOCAL,2,,,,,1,,,,0,Longo da via,Bom,Não existe,Não existente,Seca,Perfeito estado,Não existe,Não há placas,60 km/h,Única,Faixa seccionada,,
2020-03-12 00:00:00,14:57:00,SEM VÍTIMA,FINALIZADA,ESPINHEIRO,RUA QUARENTA E OITO,525,RUA CONS PORTELA,EM FRENTE AO Nº 525,ESPINHEIRO,11,,ABALROAMENTO LONGITUDINAL,COLISAO SEM VITIMAS,2,,,,,,,,,0,Cruzamento,Bom,Sem defeito,Perfeito estado,Seca,Perfeito estado,Agente,Placas Pare,60 km/h,Única,Faixa seccionada,,
2020-03-12 00:00:00,15:50:00,SEM VÍTIMA,FINALIZADA,BOA VIAGEM,RUA PADRE CARAPUCEIRO,468,RUA FRANCISCO DA CUNHA,,BOA VIAGEM,,SUBURBIO,ABALROAMENTO TRANSVERSAL,COLISAO S/ VITIMAS,1,,,,,1,,,,0,Cruzamento,Bom,Não existe,Perfeito estado,Seca,Perfeito estado,Não existe,R-4a,,Única,Faixa seccionada,,
2020-03-12 00:00:00,15:52:00,SEM VÍTIMA,FINALIZADA,IBURA,AV DOIS RIOS,,,PRÓXIMO A POLICLÍNICA PROFº ARNALDO MARQUES,IBURA,,CIDADE,ABALROAMENTO LONGITUDINAL,COLISAO ENTRE CORRAÇA E VEICULO,1,,,,,,,,1,0,Longo da via,Bom,Não existe,Perfeito estado,Seca,Perfeito estado,Não existe,Outras,,Dupla,Faixa contínua,,
2020-03-12 00:00:00,16:03:00,SEM VÍTIMA,FINALIZADA,IPUTINGA,EST DO BARBALHO,111,,,IPUTINGA,,,ABALROAMENTO LONGITUDINAL,COLISAO S/ VITIMA ENTRE DOIS VEICULOS. VT: 20,2,,,,,,,,,0,Longo da via,Bom,Não existe,,Seca,,Não existe,R-6a,,Única,Não existe,,
2020-03-12 00:00:00,16:27:00,SEM VÍTIMA,FINALIZADA,BOA VIAGEM,RUA CARLOS PEREIRA FALCAO,77,RUA DOS NAVEGANTES,GALERIA SAN RAPHAEL,BOA VIAGEM,,,COLISÃO FRONTAL,COLISAO S/ VITIMA ENTRE DOIS VEICULOS,2,,,,,,,,,0,Cruzamento,Bom,Não existe,Perfeito estado,Seca,Perfeito estado,Não existe,Placas Pare,,Dupla,Faixa seccionada,,
2020-03-12 00:00:00,17:22:00,COM VÍTIMA,FINALIZADA,CASA FORTE,AV DEZESSETE DE AGOSTO,2184,,LADO OPOSTO A FUNDAÇÃO JOAQUIM NABUCO,CASA FORTE,,SUBURBIO,CHOQUE VEÍCULO PARADO,UM DOS VEÍCULOS SE EVADIU DO LOCAL,,1,,,,,,,,1,Longo da via,Bom,Não existe,Perfeito estado,Seca,Perfeito estado,Faixa de pedestre,R-6a,,Dupla,Faixa seccionada,,
2020-03-12 00:00:00,17:25:00,COM VÍTIMA,FINALIZADA,JAQUEIRA,RUA RICARDO HARDMAN,68,,PROX AO PONTO DO AÇAI,JAQUEIRA,,SUBURBIO,ABALROAMENTO TRANSVERSAL,COLISAO COM VITIMAS,1,1,,,,,,,,1,Longo da via,Bom,Não existe,Perfeito estado,Seca,Perfeito estado,Não existe,Outras,30 km/h,Dupla,Faixa seccionada,,
2020-03-12 00:00:00,17:35:00,SEM VÍTIMA,FINALIZADA,CASA AMARELA,RUA ALEXANDRINO,83,,EM FRENTE AO Nº 101,CASA AMARELA,,,CHOQUE VEÍCULO PARADO,COLISAO S/ VITIMA ENTRE ONIBUS E CARRO,1,,,,,1,,,,0,Longo da via,Bom,Não existe,Perfeito estado,Seca,Perfeito estado,Não existe,,,Dupla,Faixa seccionada,,
2020-03-12 00:00:00,19:44:00,COM VÍTIMA,FINALIZADA,CASA AMARELA,AV NORTE,,PRC DO TRABALHO,ENF. A UPINHA,CASA AMARELA,,CIDADE,ABALROAMENTO TRANSVERSAL,,,2,,,,,,,,2,Longo da via,Bom,Não existe,Perfeito estado,Seca,Perfeito estado,Faixa de pedestre,R-6a,60 km/h,Dupla,Canteiro central,,
2020-03-12 00:00:00,21:01:00,SEM VÍTIMA,FINALIZADA,IMBIRIBEIRA,RUA FRANCISCO CORREIA DE MORAES,,,APÓS O POSTE B 017169,IMBIRIBEIRA,,SUBURBIO,COLISÃO TRASEIRA,ENTRE 2 AUTOS. S/V,2,,,,,,,,,0,Longo da via,Bom,Não existe,Perfeito estado,Seca,Perfeito estado,Não existe,Não há placas,,Única,,,
2020-03-12 00:00:00,21:39:00,SEM VÍTIMA,CANCELADA,BOA VIAGEM,AV MARECHAL JUAREZ TAVORA,S/N,,ANTES DO HOTEL ENSEADA // BEIRA CANAL // SENTIDO PIEDADE,BOA VIAGEM,,,COLISÃO,FIESTA X NISSAN LIVINA,2,,,,,,,,,0,,,,,,,,,,,,,
2020-03-12 00:00:00,21:59:00,COM VÍTIMA,FINALIZADA,BOA VIAGEM,RUA FRANCISCO DA CUNHA,881,RUA TENENTE JOAO CICERO,AO LADO DO RESTAURANTE MANHATTAN CAFÉ TEATRO,BOA VIAGEM,,SUBURBIO,ABALROAMENTO TRANSVERSAL,ENTRE 2 AUTOS. C/V UM DOS VEÍCULOS CAPOTOU NO LOCAL,2,,,,,,,,,1,Cruzamento,Bom,Não existe,Incompleta,Seca,Perfeito estado,Faixa de retenção,Placas Pare,,Única,Não existe,,
2020-03-12 00:00:00,22:32:00,SEM VÍTIMA,FINALIZADA,CORDEIRO,AV MARIO ALVARES PEREIRA DE LYRA,,RUA AMBROSIO MACHADO,,CORDEIRO,134,SUBURBIO,ABALROAMENTO LONGITUDINAL,ENTRE 2 AUTOS. S/V,2,,,,,,,,,0,Cruzamento,Bom,Sem defeito,Incompleta,Seca,Mal iluminada,Não existe,Não há placas,,Dupla,Canal,,
2020-03-12 00:00:00,22:45:00,SEM VÍTIMA,CANCELADA,MADALENA,AV ENGENHEIRO ABDIAS DE CARVALHO,,,E/F A LOJA DO SPORT E MCDONALDS,MADALENA,,,COLISÃO,ÕNIBUS ESCOLAR X AUTO. S/V,1,,,,,1,,,,0,,,,,,,,,,,,,
2020-03-13 00:00:00,07:02:00,COM VÍTIMA,FINALIZADA,ESPINHEIRO,RUA QUARENTA E OITO,443,,PROX A PADARIA DO ESPINHEIRO,ESPINHEIRO,,CIDADE,ABALROAMENTO TRANSVERSAL,COLISÃO COM VITIMA GM RODRIGO DIAS QTH,1,1,,,,,,,,1,Longo da via,Bom,Não existe,Perfeito estado,Seca,Perfeito estado,Não existe,Outras,40 km/h,Única,Não existe,,
2020-03-13 00:00:00,07:34:00,SEM VÍTIMA,FINALIZADA,SÍTIO DOS PINTOS,EST DOS PINTOS,,,EM FRENTE AO DEPÓSITO DE GÁS BRASILGÁS,SÍTIO DOS PINTOS,,CIDADE,ABALROAMENTO LONGITUDINAL,COLISAO SEM VITIMAS,2,,,,,,,,,0,Longo da via,Bom,Não existe,Não existente,Seca,Perfeito estado,Não existe,,,Dupla,Não existe,,
2020-03-13 00:00:00,08:36:00,COM VÍTIMA,FINALIZADA,JIQUIÁ,RUA SAO MIGUEL,,,EM FRENTE AO BODE,JIQUIÁ,392,,ABALROAMENTO LONGITUDINAL,AUTO E MOTO /  VT 10 NO QTH,1,1,,,,,,,,1,Longo da via,Bom,Sem defeito,Perfeito estado,Seca,Perfeito estado,Faixa de pedestre,Outras,60 km/h,Dupla,Faixa contínua,,
2020-03-13 00:00:00,08:46:00,COM VÍTIMA,FINALIZADA,BONGI,RUA ISAAC MARKMAN,,,EM FRENTE A SECRETARIA DA SAUDE,BONGI,,,ABALROAMENTO TRANSVERSAL,COLISÃO COM VITIMA  SOCORRIDO PELO SAMU,1,1,,,,,,,,1,Cruzamento,Bom,Não existe,Perfeito estado,Seca,Perfeito estado,Não existe,R-3,30 km/h,Dupla,,,
2020-03-13 00:00:00,09:08:00,SEM VÍTIMA,DUPLICIDADE,BOA VIAGEM,AV BOA VIAGEM,S/N,AV HERCULANO BANDEIRA,SEMÁFORO Nº 104,BOA VIAGEM,104,CIDADE,ABALROAMENTO LONGITUDINAL,COLISÃO ENTRE ONIBUS E AUTO,1,,,,,1,,,,0,,,,,,,,,,,,,
2020-03-13 00:00:00,09:10:00,SEM VÍTIMA,FINALIZADA,CORDEIRO,AV CAXANGA,773,,,CORDEIRO,273,CIDADE,COLISÃO TRASEIRA,,3,,,,,,,,,0,Longo da via,Bom,Sem defeito,Perfeito estado,Seca,Perfeito estado,Faixa de pedestre,Outras,60 km/h,Única,Faixa seccionada,,
2020-03-13 00:00:00,09:21:00,SEM VÍTIMA,FINALIZADA,PINA,AV HERCULANO BANDEIRA,,,PRÓXIMO AO POSTO BR,PINA,,SUBURBIO,ABALROAMENTO LONGITUDINAL,COLISOA SEM VITIMAS // GM ISRAEL E ENOQUE QTH,1,,,,,1,,,,0,Longo da via,Bom,Sem defeito,Perfeito estado,Seca,Perfeito estado,Outros,,,Única,,,
2020-03-13 00:00:00,09:29:00,SEM VÍTIMA,CANCELADA,SANTO AMARO,AV DR JAYME DA FONTE,79,,APOS A COMPESA,SANTO AMARO,,,COLISÃO,DOIS AUTOS,2,,,,,,,,,0,,,,,,,,,,,,,
2020-03-13 00:00:00,10:11:00,SEM VÍTIMA,FINALIZADA,IPUTINGA,AV MAURICIO DE NASSAU,,RUA SANTA LUCIA,RENDE MAIS SUPERMERCADO,IPUTINGA,109,SUBURBIO,ABALROAMENTO LONGITUDINAL,COLISAO SEM VITIMAS,1,,,,,,,,,0,,Nublado,Sem defeito,Incompleta,Seca,Perfeito estado,Faixa de pedestre,Não há placas,,Dupla,Faixa contínua,,
2020-03-13 00:00:00,11:09:00,SEM VÍTIMA,FINALIZADA,JORDÃO,AV MARIA IRENE,,,EM FRENTE AO ATACAREJO JORDÃO,JORDÃO,,,ABALROAMENTO LONGITUDINAL,COLISAO SEM VITIMAS,1,,,,,,1,,,0,Longo da via,Bom,Não existe,Ilegível,Seca,Mal conservada,Não existe,Não há placas,,Dupla,Não existe,,
2020-03-13 00:00:00,11:10:00,SEM VÍTIMA,CANCELADA,PRADO,AV ENGENHEIRO ABDIAS DE CARVALHO,,,EM FRENTE A HABIB'S,PRADO,,,COLISÃO,DOIS AUTOS  GM C SANTANA NO QTH P.O,2,,,,,,,,,0,,,,,,,,,,,,,
2020-03-13 00:00:00,11:17:00,SEM VÍTIMA,FINALIZADA,BARRO,AV CENTRAL,,,TIP DO BARRO,BARRO,,,ABALROAMENTO LONGITUDINAL,COLISAO SEM VITIMAS,1,,,,,1,,,,0,Longo da via,Bom,Não existe,Incompleta,Seca,Perfeito estado,Faixa de pedestre,Não há placas,,Dupla,Faixa contínua,,
2020-03-13 00:00:00,12:30:00,SEM VÍTIMA,FINALIZADA,IMBIRIBEIRA,RUA JOAQUIM BANDEIRA,374,AV SUL,AO PONTILHÃO DO METRÔ,IMBIRIBEIRA,,,ABALROAMENTO TRANSVERSAL,COLISÃO S/VITIMAS ENTRE DOIS AUTOS,2,,,,,,,,,0,Cruzamento,Bom,Não existe,Não existente,Seca,Perfeito estado,Não existe,Não há placas,40 km/h,Única,Faixa seccionada,,
2020-03-13 00:00:00,12:58:00,SEM VÍTIMA,FINALIZADA,CORDEIRO,AV CAXANGA,,AV GENERAL SAN MARTIN,TERMINAL INTEGRADO VER. ZEZITO DE MAGALHÃES,CORDEIRO,80,,ABALROAMENTO LONGITUDINAL,COLISÃO SEM VÍTIMA/ SENTIDO CIDADE,1,1,,,,,,,,0,Cruzamento,Nublado,Sem defeito,Perfeito estado,Seca,,Faixa de pedestre,Outras,,Única,Faixa seccionada,,
2020-03-13 00:00:00,13:24:00,SEM VÍTIMA,DUPLICIDADE,POÇO DA PANELA,RUA OLIVEIRA GOES,,RUA ENGENHEIRO BANDEIRA DE MELO,EM FRENTE AO POSTO DE COMBUSTÍVEL PETRÓBRAS,POÇO DA PANELA,,SUBURBIO,COLISÃO FRONTAL,COLISÃO S/VITIMAS ENTRE DOIS AUTOS,2,,,,,,,,,0,,Bom,Não existe,Ilegível,Seca,Perfeito estado,Não existe,Placas Pare,,Dupla,Não existe,,
2020-03-13 00:00:00,13:35:00,SEM VÍTIMA,FINALIZADA,POÇO DA PANELA,RUA GUILHERME SALAZAR,,,AO LADO DO POSTO PETROBRAS E/F A DROGASIL,POÇO DA PANELA,,,COLISÃO,COLISAO ENTRE DOIS AUTOS S/V,2,,,,,,,,,0,,,,,,,,,,,,,
2020-03-13 00:00:00,13:59:00,COM VÍTIMA,FINALIZADA,BARRO,AV DR JOSE RUFINO,,,E/F AO POSTO BR E AO QUARTEL DO EXERCITO 4 BCOM S/T TEJIPIO,BARRO,,SUBURBIO,ABALROAMENTO LONGITUDINAL,COLISAOENTRE DUAS MOTOS COM UMA VITIMA,,2,,,,,,,,2,Longo da via,Bom,Não existe,Perfeito estado,Seca,Perfeito estado,Não existe,Não há placas,60 km/h,Dupla,Faixa contínua,,
2020-03-13 00:00:00,14:27:00,COM VÍTIMA,FINALIZADA,BONGI,AV ENGENHEIRO ABDIAS DE CARVALHO,480,,E/F AO HABIB´S,BONGI,,SUBURBIO,ABALROAMENTO LONGITUDINAL,COLISAO ENTRE AUTO E MOTO COM UMA VITIMA GM WILIAN DE PO NO LOCAL,1,1,,,,,,,,1,Longo da via,Bom,,Perfeito estado,Seca,Perfeito estado,,,60 km/h,Dupla,Canteiro central,,
2020-03-13 00:00:00,14:41:00,COM VÍTIMA,FINALIZADA,DERBY,RUA DOM BOSCO,1329,AV GOVERNADOR AGAMENON MAGALHAES,FARMACIA DROGASIL,DERBY,,SUBURBIO,ATROPELAMENTO,ATROPELAMENTO COM VITIMA ENTRE ONIBUS E MOTO. PONTO FIXO: RUAN,,1,,,1,1,,,,1,,Bom,Sem defeito,Perfeito estado,Seca,Perfeito estado,Agente,,,Única,Faixa,,
2020-03-13 00:00:00,14:55:00,SEM VÍTIMA,CANCELADA,GRAÇAS,AV GOVERNADOR AGAMENON MAGALHAES,990,,E/F A MC DONALD'S (SENT. BOA VIAGEM),GRAÇAS,,,COLISÃO,COLISÃO S/VITIMAS ENTRE DOIS AUTOS (GM VALKIRIA E CÉLIO NO QTH),2,,,,,,,,,0,,,,,,,,,,,,,
2020-03-13 00:00:00,14:55:00,SEM VÍTIMA,FINALIZADA,MADALENA,AV VISCONDE DE ALBUQUERQUE,401,RUA LOPES DE CARVALHO,MADALENA CENTER,MADALENA,,SUBURBIO,ABALROAMENTO LONGITUDINAL,,2,,,,,,,,,0,,Bom,Não existe,Perfeito estado,Seca,Perfeito estado,Não existe,Outras,,Única,Faixa seccionada,,
2020-03-13 00:00:00,15:03:00,SEM VÍTIMA,FINALIZADA,SANTO AMARO,RUA DO HOSPICIO,,AV MARIO MELO,EM FRENTE AO SEMÁFORO Nº 171,SANTO AMARO,,CIDADE,ABALROAMENTO LONGITUDINAL,COLISAO ENTRE CAMINHAO E AUTOS S/V,1,,,,,,1,,,0,Longo da via,Bom,Sem defeito,Perfeito estado,Seca,Perfeito estado,Não existe,Não há placas,,Dupla,Não existe,,
2020-03-13 00:00:00,15:07:00,SEM VÍTIMA,FINALIZADA,AFOGADOS,RUA VINTE E UM DE ABRIL,416,,EM FRENTE AO 416,AFOGADOS,,,ABALROAMENTO TRANSVERSAL,COLISÃO SEM VÍTIMA,2,,,,,,,,,0,Longo da via,Bom,Não existe,Não existente,Seca,Perfeito estado,Não existe,Não há placas,,Dupla,Não existe,,
2020-03-13 00:00:00,16:36:00,SEM VÍTIMA,FINALIZADA,SANTO AMARO,AV CRUZ CABUGA,269,,GINÁSIO PERNAMBUCANO,SANTO AMARO,523,CIDADE,COLISÃO TRASEIRA,COLISÃO SEM VÍTIMA,,1,,,,1,,,,0,Longo da via,Bom,Sem defeito,Perfeito estado,Seca,Perfeito estado,Faixa de pedestre,Não há placas,,Dupla,Faixa seccionada,,
2020-03-13 00:00:00,16:46:00,COM VÍTIMA,FINALIZADA,IBURA,RUA RIO XINGU,1515,AV DOIS RIOS,AO LADO DA AUTO ESCOLA PILOTO,IBURA,351,SUBURBIO,ABALROAMENTO LONGITUDINAL,COLISÃO C/VITIMAS ENTRE UMA CARRETA E UMA MOTO,,1,,,,,1,,,1,Cruzamento,Bom,Sem defeito,Perfeito estado,Seca,Perfeito estado,Não existe,Outras,,Dupla,Faixa contínua,,
2020-03-13 00:00:00,16:59:00,SEM VÍTIMA,FINALIZADA,BOA VIAGEM,RUA JOSE DOMINGUES DA SILVA,258,RUA CAPITAO ZUZINHA,,BOA VIAGEM,,CIDADE,ABALROAMENTO LONGITUDINAL,COLISAO ENTRE DOIS AUTOS S/V,2,,,,,,,,,0,Cruzamento,Bom,Não existe,Perfeito estado,Seca,Perfeito estado,Não existe,Placas Pare,,Dupla,Faixa contínua,,
2020-03-13 00:00:00,17:38:00,SEM VÍTIMA,FINALIZADA,BOA VIAGEM,AV ENGENHEIRO DOMINGOS FERREIRA,4333,,PRÓXIMO A ÓTICA OUTLET,BOA VIAGEM,,SUBURBIO,COLISÃO TRASEIRA,COLISÃO S/VITIMAS ENTRE DOIS AUTOS,2,,,,,,,,,0,Longo da via,Bom,Não existe,Perfeito estado,Seca,Perfeito estado,Agente,Não há placas,60 km/h,Única,Canteiro central,,
2020-03-13 00:00:00,17:46:00,SEM VÍTIMA,CANCELADA,NOVA DESCOBERTA,RUA CORREGO DA AREIA,,,PROX AO MERCADO PUBLICO,NOVA DESCOBERTA,,,COLISÃO,COLISAO SEM VITIMAS,,1,,,,1,,,,0,,,,,,,,,,,,,
2020-03-13 00:00:00,17:55:00,SEM VÍTIMA,FINALIZADA,BOA VISTA,RUA GERVASIO PIRES,,AV CONDE DA BOA VISTA,GERVÁSIO PIRES SEMÁFORO 024,BOA VISTA,24,SUBURBIO,ABALROAMENTO LONGITUDINAL,COLISAO SEM VITIMAS,2,,,,,,,,,0,Cruzamento,Bom,Sem defeito,Perfeito estado,Seca,Perfeito estado,Agente,R-6a,,Única,Não existe,,