data,hora,natureza,situacao,bairro,endereco,numero,detalhe_endereco_acidente,complemento,bairro_cruzamento,num_semaforo,sentido_via,tipo,auto,moto,ciclom,ciclista,pedestre,onibus,caminhao,viatura,outros,vitimas,vitimasfatais,acidente_verificado,tempo_clima,situacao_semaforo,sinalizacao,condicao_via,conservacao_via,ponto_controle,situacao_placa,velocidade_max_via,mao_direcao,divisao_via1,divisao_via2,divisao_via3
2020-03-21 00:00:00,19:55:00,COM VÍTIMA,FINALIZADA,CORDEIRO,AV GENERAL SAN MARTIN,,AV ENGENHEIRO ABDIAS DE CARVALHO,PROX AO COMPAZ // GETULIO VARGAS,CORDEIRO,,CIDADE,ABALROAMENTO TRANSVERSAL,AUTO X MOTO,1,1,,,,,,,,1,Cruzamento,Bom,Sem defeito,Perfeito estado,Seca,Perfeito estado,Faixa de pedestre,R-6a,60 km/h,Dupla,,,
2020-03-21 00:00:00,23:49:00,COM VÍTIMA,FINALIZADA,CAMPO GRANDE,EST DE BELEM,1201,RUA ODORICO MENDES,ENF . ESCOLA JESUS CRUCIFICADO,CAMPO GRANDE,26,CIDADE,ABALROAMENTO TRANSVERSAL,ONIBUS X MOTO   OBS : NAO DA PARA VER A PLACA DA MOTO DEVIDO A MESMA ESTA POR BAIXO DO ONIBUS,,1,,,,1,,,,1,Longo da via,Bom,Sem defeito,Perfeito estado,Seca,Perfeito estado,Faixa de retenção,Não há placas,,Dupla,Faixa contínua,,
2020-03-22 00:00:00,10:30:00,COM VÍTIMA,FINALIZADA,JARDIM SÃO PAULO,AV SAO PAULO,685,RUA LEANDRO BARRETO,EM FRENTE A PANIFICADORA SABORES DA PRAÇA,JARDIM SÃO PAULO,507,SUBURBIO,COLISÃO FRONTAL,COM UMA VITIMA SENDO ATENDIDA PELOS BOMBEIROS,1,1,,,,,,,,1,Longo da via,Bom,Sem defeito,Perfeito estado,Seca,Perfeito estado,Faixa de retenção,R-6a,,Dupla,Não existe,,
2020-03-22 00:00:00,13:18:00,COM VÍTIMA,CANCELADA,COHAB,AV SERRA DA MANTIQUEIRA,180,,VIA RESIDENCIAL (LADEIRA DO MONTE VERDE),COHAB,,,COLISÃO,COLISÃO C/VITMA ENTRE UM ONIBUS E UMA MOTO (MOTOQUEIRO SOCORRIDO POR TERCEIROS),,1,,,,1,,,,1,,,,,,,,,,,,,
2020-03-23 00:00:00,08:45:00,SEM VÍTIMA,FINALIZADA,CASA FORTE,AV DEZESSETE DE AGOSTO,175,RUA JOSE DE GODOY VASCONCELOS,EM  FRENTE AO EDIFICIO PRINCIPE DE GALES,CASA FORTE,,CIDADE,COLISÃO,COLISÃO SEM VITIMAS  GM RENATO E WELLNGTON  QTH,1,1,,,,,,,,0,Cruzamento,Bom,Não existe,Perfeito estado,Seca,Perfeito estado,Não existe,Placas Pare,60 km/h,Dupla,,,
2020-03-23 00:00:00,14:48:00,COM VÍTIMA,FINALIZADA,BOA VIAGEM,RUA BALTAZAR PASSOS,440,RUA SA E SOUZA,EM FRENTE A CULTURA INGLESA,BOA VIAGEM,,,CHOQUE OBJETO FIXO,COLISÃO COM VÍTIMA / UM DOS VEÍCULOS SE EVADIU DO LOCAL E O VEÍCULO QUE FICOU NO LOCAL SE CHOCOU COM UMA ARVORE,1,,,,,,,,,2,Cruzamento,Bom,Não existe,Perfeito estado,Seca,Perfeito estado,Não existe,Não há placas,,Única,Não existe,,
2020-03-23 00:00:00,17:49:00,COM VÍTIMA,FINALIZADA,CAMPO GRANDE,EST DE BELEM,415,RUA VINTE E QUATRO DE JUNHO,,CAMPO GRANDE,,CIDADE,ABALROAMENTO TRANSVERSAL,,1,1,,,,,,,,1,Esquina,Bom,Não existe,Perfeito estado,Seca,Perfeito estado,Não existe,R-6a,,Dupla,Faixa contínua,Faixa seccionada,
2020-03-23 00:00:00,20:22:00,COM VÍTIMA,FINALIZADA,BOA VIAGEM,RUA DEZ DE JULHO,210,RUA CAMBOIM,NA SAÍDA DA ESTAÇÃO AEROPORTO,BOA VIAGEM,,SUBURBIO,ABALROAMENTO TRANSVERSAL,ENTRE ÕNIBUS E MOTO. C/V,,1,,,,1,,,,1,Cruzamento,Bom,Não existe,Perfeito estado,Seca,Perfeito estado,Não existe,Placas Pare,,Única,Faixa seccionada,,
2020-03-24 00:00:00,01:02:00,COM VÍTIMA,FINALIZADA,SANTO AMARO,AV DR JAYME DA FONTE,,AV GOVERNADOR AGAMENON MAGALHAES,PROX A CENTRAL DE FLAGRANTES,SANTO AMARO,49,OLINDA,ABALROAMENTO TRANSVERSAL,COLISAO COM VITIMA AUTO E MOTO,1,1,,,,,,,,1,Cruzamento,Bom,Sem defeito,Perfeito estado,Seca,Perfeito estado,Faixa de pedestre,R-26,60 km/h,Dupla,Faixa contínua,,
2020-03-24 00:00:00,13:53:00,SEM VÍTIMA,FINALIZADA,PINA,RUA BARREIROS,120,,USF PROF. JOÃO RODRIGUES,PINA,,CIDADE,CHOQUE OBJETO FIXO,FIAÇÃO EXPOSTA NA VIA APÓS CARRETA PASSAR NO LOCAL,,,,,,,,,1,0,Longo da via,Bom,Não existe,Não existente,Seca,Perfeito estado,Não existe,Não há placas,,Dupla,Não existe,,
2020-03-24 00:00:00,17:14:00,COM VÍTIMA,FINALIZADA,TORRÕES,RUA ONZE DE FEVEREIRO,,EST DO FORTE DO ARRAIAL N. DO B. JESUS,EM FRENTE A LAVANDERIA,TORRÕES,,SUBURBIO,ABALROAMENTO TRANSVERSAL,C VITIMAS,1,1,,,,,,,,1,Cruzamento,Bom,Não existe,Ilegível,Seca,Perfeito estado,Não existe,Placas Pare,,Dupla,Faixa contínua,,
2020-03-25 00:00:00,08:15:00,SEM VÍTIMA,FINALIZADA,VÁRZEA,AV AFONSO OLINDENSE,,,E/F A LOMBADA ELETRONICA,VÁRZEA,,,CHOQUE OBJETO FIXO,COLISAO SEM VITIMAS,1,,,,,,,,,0,,,,,,,,,,,,,
2020-03-25 00:00:00,13:14:00,SEM VÍTIMA,FINALIZADA,BOA VIAGEM,AV BOA VIAGEM,1338,,EM FRENTE AO EDIFICIO MARIA DE LOURDES,BOA VIAGEM,,,COLISÃO,COLISÃO SEM VÍTIMA,1,,,,,,1,,,0,,,,,,,,,,,,,
2020-03-25 00:00:00,13:57:00,COM VÍTIMA,FINALIZADA,BOA VIAGEM,AV CONSELHEIRO AGUIAR,,RUA FELIX DE BRITO E MELO,NO SEMAFORO 546,BOA VIAGEM,546,CIDADE,ABALROAMENTO LONGITUDINAL,COLISA ENTRE AUTO E MOTO COM UMA VITIMA,1,1,,,,,,,,1,Cruzamento,Bom,Sem defeito,Perfeito estado,Seca,Perfeito estado,Faixa de pedestre,R-6a,60 km/h,Única,Faixa seccionada,,
2020-03-25 00:00:00,23:14:00,SEM VÍTIMA,FINALIZADA,AFOGADOS,RUA SAO MIGUEL,1619,,,AFOGADOS,,SUBURBIO,ABALROAMENTO LONGITUDINAL,COLISÃO ENVOLVENDO ÔNIBUS DA ASA BRANCA E UM FOX PRETO,1,,,,,1,,,,0,Longo da via,Bom,Não existe,Não existente,Seca,Perfeito estado,Não existe,Não há placas,,Dupla,Não existe,,
2020-03-26 00:00:00,07:16:00,COM VÍTIMA,FINALIZADA,BEBERIBE,AV BEBERIBE,3710,RUA DALVA DE OLIVEIRA,EM FRENTE A PADARIA PAM RAINHA,BEBERIBE,,,ABALROAMENTO TRANSVERSAL,DUAS MOTOS E UM AUTO PASSEIO,1,2,,,,,,,,1,Cruzamento,Bom,Sem defeito,Perfeito estado,Seca,Perfeito estado,Faixa de pedestre,Outras,60 km/h,Dupla,Faixa contínua,,
2020-03-26 00:00:00,12:11:00,COM VÍTIMA,FINALIZADA,IBURA,AV DOIS RIOS,,,SOB O VIADUTO DA BR 101,IBURA,,SUBURBIO,ATROPELAMENTO,AUTO X PEDESTRE,1,,,,1,,,,,1,Longo da via,Bom,Não existe,Perfeito estado,Seca,Perfeito estado,Não existe,Não há placas,,Dupla,Faixa contínua,,
2020-03-26 00:00:00,15:01:00,COM VÍTIMA,FINALIZADA,DOIS IRMÃOS,RUA MANUEL DE MEDEIROS,S/N,,E/F A ENTRADA DE ACESSO AO HOSPITAL VETERINÁRIO UFRPE (SENT. MACAXEIRA),DOIS IRMÃOS,,CIDADE,ATROPELAMENTO,ONIBUS X PEDESTRE,,,,,1,1,,,,1,Longo da via,Bom,Não existe,Incompleta,Seca,Perfeito estado,Não existe,R-6a,30 km/h,Dupla,Faixa seccionada,,
2020-03-26 00:00:00,17:33:00,COM VÍTIMA,FINALIZADA,CAMPO GRANDE,AV PROFESSOR JOSE DOS ANJOS,36,,CANAL DO ARRUDA,CAMPO GRANDE,,,ATROPELAMENTO,ATOPELAMENTO/ C VITIMA,1,,,,1,,,,,1,,,,,,,,,,,,,
2020-03-26 00:00:00,20:29:00,COM VÍTIMA,FINALIZADA,CORDEIRO,AV MAURICIO DE NASSAU,,,POR TRÁS DO PARQUE DE EXPOSIÇAO DO CORDEIRO- PROX DO GOE,CORDEIRO,,,COLISÃO TRASEIRA,COLISÃO ENTRE DOIS AUTOS C/V,2,,,,,,,,,1,Longo da via,Bom,Não existe,Ilegível,Seca,Mal iluminada,Não existe,Não há placas,,Dupla,Faixa contínua,,
2020-03-27 00:00:00,07:02:00,COM VÍTIMA,CANCELADA,ESPINHEIRO,RUA CONS PORTELA,678,,AO LADO DO COLEGIO ETEPAM,ESPINHEIRO,,,COLISÃO,AUTO E MOTO C/V,1,1,,,,,,,,1,,,,,,,,,,,,,
2020-03-27 00:00:00,09:21:00,COM VÍTIMA,FINALIZADA,TORREÃO,VDO PRESIDENTE MEDICI,,,EM CIMA DO VIADUTO,TORREÃO,,,COLISÃO TRASEIRA,COLISAO COM VITIMAS,1,1,,,,,,,,1,Viaduto,Bom,Não existe,Perfeito estado,Seca,Perfeito estado,Não existe,Não há placas,,Dupla,Canteiro central,,
2020-03-27 00:00:00,15:10:00,COM VÍTIMA,FINALIZADA,ARRUDA,RUA JOSE DE BARROS BEZERRA,87,,EM FRENTE AO EDIFICIO FORTE DE SANTANA,ARRUDA,,CIDADE,ABALROAMENTO TRANSVERSAL,COLISÃO COM VÍTIMA,1,1,,,,,,,,1,Longo da via,Bom,Não existe,Perfeito estado,Seca,Perfeito estado,Não existe,Placas Pare,,Dupla,Faixa seccionada,,
2020-03-27 00:00:00,17:01:00,SEM VÍTIMA,FINALIZADA,CASA AMARELA,EST DO ARRAIAL,2823,,ED. THORIS,CASA AMARELA,,SUBURBIO,CHOQUE OBJETO FIXO,VEICULO CHOCOU COM UM POSTE VT 06 NO LOCAL,1,,,,,,,,,0,Longo da via,Bom,Não existe,Perfeito estado,Seca,Perfeito estado,Não existe,,,Única,Faixa seccionada,,
2020-03-27 00:00:00,20:23:00,COM VÍTIMA,FINALIZADA,AFLITOS,AV CONS ROSA E SILVA,1205,RUA TEIXEIRA PINTO,Nº 1205,AFLITOS,,SUBURBIO,COLISÃO TRASEIRA,CITROEN X MOTO,,2,,,,,,,,1,Longo da via,Chuvoso,Não existe,Perfeito estado,Molhada,Perfeito estado,Não existe,Não há placas,,Única,Faixa seccionada,,
2020-03-29 00:00:00,06:40:00,SEM VÍTIMA,FINALIZADA,SANTO AMARO,AV PREFEITO ARTUR LIMA CAVALCANTI,,,AO LADO DO POSTO- DIGO- SEMÁFORO 243,SANTO AMARO,,SUBURBIO,CHOQUE OBJETO FIXO,CAUSANDO DERRAMAMENTO DE ÓLEO NA VIA- PLACA: XXX VW MARCO POLO,,,,,,1,,,,0,Longo da via,Bom,,Perfeito estado,,Perfeito estado,Não existe,R-4a,,Única,Canteiro central,,
2020-03-29 00:00:00,15:58:00,COM VÍTIMA,FINALIZADA,TORRE,AV BEIRA RIO,650,,EM FRENTE AO EDIFICIO PASARGADA,TORRE,,,COLISÃO TRASEIRA,COLISÃO COM VÍTIMA,1,1,,,,,,,,1,Longo da via,Chuvoso,Não existe,Perfeito estado,Molhada,Perfeito estado,Não existe,Não há placas,,Dupla,Faixa seccionada,,
2020-03-29 00:00:00,19:30:00,COM VÍTIMA,FINALIZADA,CAMPO GRANDE,AV PROFESSOR JOSE DOS ANJOS,500,RUA FARIAS NEVES,POR CIMA DA PONTE QUE FICA ENTRE CAMPO GRANDE E CHÃO DE ESTRELAS,CAMPO GRANDE,,,CHOQUE OBJETO FIXO,ENTRE MOTO E AUTO PASSEIO. C/V,1,1,,,,,,,,2,Cruzamento,Bom,Não existe,Perfeito estado,Seca,Perfeito estado,Faixa de pedestre,Não há placas,,Dupla,Faixa contínua,Canteiro central,Blocos
2020-03-29 00:00:00,21:27:00,COM VÍTIMA,FINALIZADA,GRAÇAS,RUA CONFEDERACAO DO EQUADOR,,,E/F A CASA DOS FRIOS,GRAÇAS,,ROSA E SILVA,COLISÃO COM CICLISTA,ENTRE AUTO E CICLISTA. C/V,1,,,1,,,,,,1,Longo da via,Bom,Não existe,Perfeito estado,Seca,Perfeito estado,Faixa de pedestre,Não há placas,,Única,Não existe,,
2020-03-30 00:00:00,07:44:00,COM VÍTIMA,FINALIZADA,SÃO JOSÉ,RUA DA CONCORDIA,351,RUA TOBIAS BARRETO,EM FRENTE A LOJA VENEZA MUSIC,SÃO JOSÉ,,,ABALROAMENTO TRANSVERSAL,DOIS AUTOS,2,,,,,,,,,1,Cruzamento,Chuvoso,Sem defeito,Perfeito estado,Seca,Perfeito estado,Não existe,Outras,,Única,Não existe,,
2020-03-30 00:00:00,08:29:00,COM VÍTIMA,FINALIZADA,MANGABEIRA,EST VELHA DE AGUA FRIA,,AV PROFESSOR JOSE DOS ANJOS,AO LADO DO DENOCS,MANGABEIRA,306,SUBURBIO,ABALROAMENTO LONGITUDINAL,COM UMA VITIMA- CTTU NO LOCAL VT 09,,2,,,,,,,,1,Ponte,Chuvoso,Sem defeito,Perfeito estado,Seca,Mal conservada,Faixa de retenção,Não há placas,,Dupla,Faixa contínua,,
2020-03-30 00:00:00,10:22:00,SEM VÍTIMA,FINALIZADA,SÃO JOSÉ,RUA DA CONCORDIA,,RUA TOBIAS BARRETO,VENEZA MUSIC,SÃO JOSÉ,,,ABALROAMENTO TRANSVERSAL,COLISÃO SEM VÍTIMA COM VEÍCULO OFICIAL,2,,,,,,,,,0,Cruzamento,Chuvoso,Não existe,Perfeito estado,Molhada,Perfeito estado,Não existe,R-6a,,,Faixa seccionada,,
2020-03-30 00:00:00,12:02:00,SEM VÍTIMA,FINALIZADA,SÃO JOSÉ,RUA IMPERIAL,86,RUA DO PEIXOTO,SOB O SEMÁFORO 207,SÃO JOSÉ,207,CIDADE,ABALROAMENTO TRANSVERSAL,SEM VITIMAS ENTRE UM AUTO PASSEIO E UMA VT DA PM,2,,,,,,,,,0,Cruzamento,Bom,Sem defeito,Perfeito estado,Seca,Perfeito estado,Não existe,Não há placas,,Única,Não existe,,
2020-03-30 00:00:00,13:18:00,COM VÍTIMA,FINALIZADA,IBURA,AV DOIS RIOS,,,SUBIDA DA LADEIRA DA UR-1,IBURA,,SUBURBIO,TOMBAMENTO,ACID. DE PERCURSO C/ VITIMA,,1,,,,,,,,1,Longo da via,Bom,Sem defeito,Perfeito estado,Oleosa,Perfeito estado,Agente,Não há placas,,Dupla,Faixa contínua,,
2020-03-30 00:00:00,14:23:00,COM VÍTIMA,FINALIZADA,JAQUEIRA,RUA DO FUTURO,,,EM FRERNTE AO VERDE FRUT,JAQUEIRA,,,CAPOTAMENTO,CAPOTAMENTO COM VITIMAS,1,,,,,,,,,1,,,,,,,,,,,,,
2020-03-30 00:00:00,15:15:00,COM VÍTIMA,FINALIZADA,PINA,RUA JOSE MARIANO FILHO,13,,E/F A ULTRA DISTRIBUIDORA,PINA,,,ABALROAMENTO LONGITUDINAL,COLISÃO C/VITIMA ENTRE UM AUTO E UMA MOTO (MOTOQUEIRO SOB SUSPEITA DE EMBRIAGUEZ),1,1,,,,,,,,1,Longo da via,Bom,Não existe,Não existente,Seca,Perfeito estado,Não existe,Não há placas,,Dupla,Não existe,,
2020-03-31 00:00:00,04:24:00,COM VÍTIMA,FINALIZADA,BOA VIAGEM,AV BOA VIAGEM,6636,,E/F AO EDF ALEXANDRINA - APÓS O CLUBE DE OFICIAIS DA AERONAUTICA,BOA VIAGEM,,CIDADE,CHOQUE VEÍCULO PARADO,CONDUTOR PERDEU O CONTROLE DO VEICULO E CHOCOU-SE CONTRA OUTRO VEICULO ESTACIONADO NO BORDO DA VIA - C/VITIMA SOCORRIDA PELO CBPM,2,,,,,,,,,1,Longo da via,Chuvoso,,Perfeito estado,Molhada,Perfeito estado,Não existe,R-6b,60 km/h,Única,Faixa seccionada,,
2020-03-31 00:00:00,07:52:00,SEM VÍTIMA,FINALIZADA,TORRÕES,AV ENGENHEIRO ABDIAS DE CARVALHO,,,RESTAURANTE KIYOI GALETOS,TORRÕES,375,SUBURBIO,COLISÃO TRASEIRA,COLISAO S/ VITIMAS,3,,,,,,,,,0,Longo da via,Chuvoso,Sem defeito,Incompleta,Molhada,Perfeito estado,Faixa de pedestre,R-4b,,,Faixa seccionada,,
2020-03-31 00:00:00,11:17:00,SEM VÍTIMA,FINALIZADA,BOA VIAGEM,RUA VISCONDE DE JEQUITINHONHA,,RUA BALTAZAR PASSOS,PISTA LOCAL LESTE,BOA VIAGEM,154,SUBURBIO,ABALROAMENTO LONGITUDINAL,COLISAO S/ VITIMAS,2,,,,,,,,,0,Cruzamento,Chuvoso,Sem defeito,Perfeito estado,Molhada,Perfeito estado,Faixa de pedestre,Outras,60 km/h,Única,Faixa contínua,Canteiro central,
2020-03-31 00:00:00,16:00:00,COM VÍTIMA,FINALIZADA,GRAÇAS,RUA DR BANDEIRA FILHO,66,,AO LADO DA MCDONALDS,GRAÇAS,,SUBURBIO,ATROPELAMENTO,COM VÍTIMA/ RODA SE SOLTOU DO VEÍCULO E BATEU EM UM PEDESTRE,1,,,,1,,,,,1,Longo da via,Bom,Não existe,Não existente,Seca,Perfeito estado,Não existe,Não há placas,,Única,Faixa contínua,Faixa seccionada,
2020-03-31 00:00:00,16:36:00,COM VÍTIMA,FINALIZADA,TORRÕES,EST DO FORTE DO ARRAIAL N. DO B. JESUS,880,TRV DO FORTE,EM FRENTE AO EDIFICIO FORTE DO ARRAIAL,TORRÕES,,CIDADE,ABALROAMENTO LONGITUDINAL,COLISÃO COM VÍTIMA,1,1,,,,,,,,1,Esquina,Bom,Não existe,Perfeito estado,Seca,Perfeito estado,Outros,R-34,40 km/h,Dupla,Faixa contínua,,
2020-03-31 00:00:00,17:41:00,COM VÍTIMA,FINALIZADA,IMBIRIBEIRA,RUA ALLAN KARDEC,,RUA DR TAVARES CORREIA,POR TRAS DO SAM´S,IMBIRIBEIRA,,,ABALROAMENTO LONGITUDINAL,BATEDOR DA MOTO 32 E 11 NO LOCAL,1,1,,,,,,,,1,Cruzamento,Bom,Não existe,,Seca,Perfeito estado,Outros,Outras,,Dupla,Não existe,,
2020-03-31 00:00:00,21:19:00,COM VÍTIMA,FINALIZADA,BOA VISTA,AV CONDE DA BOA VISTA,,RUA DO HOSPICIO,SNT CID / SEMÁFORO 023,BOA VISTA,23,CIDADE,CHOQUE OBJETO FIXO,VT DA PM SE CHOCOU CONTRA O CANTEIRO CENTRAL. C/V,,,,,,,,1,,1,Longo da via,Chuvoso,Sem defeito,Perfeito estado,Molhada,Perfeito estado,Faixa de pedestre,Outras,40 km/h,Dupla,Canteiro central,,
2020-03-31 00:00:00,22:14:00,SEM VÍTIMA,FINALIZADA,BOA VISTA,PTE DUARTE COELHO,,,,BOA VISTA,,,ABALROAMENTO LONGITUDINAL,MOTO X VT DA PM,,1,,,,,,1,,0,Ponte,Bom,Não existe,Perfeito estado,Seca,Perfeito estado,Não existe,Não há placas,,Dupla,Faixa contínua,,
2020-04-01 00:00:00,14:25:00,COM VÍTIMA,FINALIZADA,PARNAMIRIM,RUA VIRGINIA LORETO,,RUA JOAO TUDE DE MELO,E/F AO POSTO IPIRANGA,PARNAMIRIM,649,CIDADE,ABALROAMENTO TRANSVERSAL,COLISÃO C/VITIMAS ENTRE UM AUTO E UMA MOTO,1,1,,,,,,,,2,Esquina,Bom,Sem defeito,Perfeito estado,Seca,Perfeito estado,Não existe,Não há placas,40 km/h,Única,Faixa seccionada,,
2020-04-01 00:00:00,19:08:00,COM VÍTIMA,FINALIZADA,SANTO AMARO,RUA DR CARLOS CHAGAS,112,RUA ALUISIO DE AZEVEDO,EM FRENTE AO COLEGIO ÚNICO- AO LADO DA FARMACIA PAGUE MENOS,SANTO AMARO,649,SUBURBIO,ABALROAMENTO LONGITUDINAL,COLISÃO ENTRE AUTO E MOTO C/V,1,1,,,,,,,,1,Esquina,Bom,Não existe,Incompleta,Seca,Mal iluminada,Não existe,Não há placas,,Única,Não existe,,
2020-04-01 00:00:00,21:51:00,COM VÍTIMA,FINALIZADA,CABANGA,AV SUL,,,EM BAIXO DO VIADUTO CAPITÃO TEMUDO- NA FAIXA EXCLUSIVA DE ÔNIBUS. APÓS O SEMÁFORO 211,CABANGA,211,CIDADE,COLISÃO COM CICLISTA,ÔNIBUS ATROPELOU UMA CRIANÇA. INFORMAÇÕES DO BOLETIM FÍSICO MOSTRAM QUE O ATROPELADO CONDUZIA UMA BICICLETA.,,,,1,,1,,,,1,Longo da via,Bom,Não existe,Não existente,Seca,Perfeito estado,Não existe,Não há placas,,Dupla,Não existe,,
2020-04-02 00:00:00,08:34:00,COM VÍTIMA,FINALIZADA,JORDÃO,AV MARECHAL MASCARENHAS DE MORAES,,,EM FRENTE A ANAC  NO SENTIDO  RECIFE,JORDÃO,626,CIDADE,COLISÃO TRASEIRA,COLISÃO COM VITIMAS ENTRE DOIS AUTOS.,2,,,,,,,,,2,Longo da via,Chuvoso,Sem defeito,Perfeito estado,Seca,Perfeito estado,Faixa de pedestre,Não há placas,60 km/h,Dupla,Canteiro central,,
2020-04-02 00:00:00,09:33:00,COM VÍTIMA,FINALIZADA,ILHA JOANA BEZERRA,AV BEIRA RIO,,,AO LADO DO FORUM JOANA BEZERRA NO SENTIDO COELHOS,ILHA JOANA BEZERRA,38,SUBURBIO,ABALROAMENTO LONGITUDINAL,AUTO E MOTO.,1,1,,,,,,,,1,Longo da via,Bom,Sem defeito,Perfeito estado,Seca,Perfeito estado,Não existe,Não há placas,,Dupla,Faixa contínua,Faixa seccionada,
2020-04-02 00:00:00,12:50:00,COM VÍTIMA,FINALIZADA,TORRE,RUA SOUZA BANDEIRA,483,RUA MARQUES DE MARICA,NO SEMAFORO 317. AO LADO DO NÚMERO 483.,TORRE,317,CIDADE,ABALROAMENTO TRANSVERSAL,AUTO E MOTO.,1,1,,,,,,,,1,Cruzamento,Chuvoso,Sem defeito,Perfeito estado,Molhada,Perfeito estado,Faixa de pedestre,R-6a,30 km/h,Dupla,Faixa contínua,Faixa seccionada,
2020-04-02 00:00:00,18:52:00,COM VÍTIMA,FINALIZADA,CASA FORTE,AV DEZESSETE DE AGOSTO,1161,RUA DO CHACON,PRÓX A PRAÇA DE CASA FORTE E CPOR. DELTA EXPRESSO.,CASA FORTE,,CIDADE,ABALROAMENTO LONGITUDINAL,ENTRE MOTO E AUTO. C/V,1,1,,,,,,,,1,Longo da via,Bom,Não existe,Perfeito estado,Seca,Perfeito estado,,Não há placas,60 km/h,Dupla,Faixa,,
2020-04-02 00:00:00,21:20:00,SEM VÍTIMA,CANCELADA,PAISSANDU,RUA HENRIQUE DIAS,,AV GOVERNADOR AGAMENON MAGALHAES,PROX AO ANTIGO RESTAURANTE SPETTUS,PAISSANDU,,,COLISÃO,MOTO X AUTO     OBS: SUSPEITA DE EMBRIAGUEZ,1,1,,,,,,,,0,,,,,,,,,,,,,
2020-04-03 00:00:00,02:18:00,COM VÍTIMA,FINALIZADA,ÁGUA FRIA,RUA DA REGENERACAO,740,RUA DAS MOCAS,ANTIGA FÁBRICA DA COCA COLA,ÁGUA FRIA,,SUBURBIO,COLISÃO FRONTAL,COLISÃO ENTRE AUTO E CINQUENTINHA . VEÍCULO SE EVADIU E O PROPRIETÁRIO DA MOTOCICLETA FOI SOCORRIDO PELO SAMU.,1,,1,,,,,,,1,Longo da via,Chuvoso,Não existe,Perfeito estado,Molhada,Perfeito estado,,,,Dupla,Não existe,,
2020-04-03 00:00:00,12:50:00,COM VÍTIMA,FINALIZADA,JAQUEIRA,RUA DO FUTURO,,,PROXIMO AO PARQUE DA JAQUEIRA EM FRENTE AO VERDE FRUT,JAQUEIRA,,SUBURBIO,COLISÃO COM CICLISTA,COLISAO COM VITIMAS,1,,,1,,,,,,1,Longo da via,Bom,Não existe,Perfeito estado,Seca,,Não existe,Outras,40 km/h,Única,Não existe,,
2020-04-03 00:00:00,13:41:00,COM VÍTIMA,FINALIZADA,MADALENA,AV BEIRA RIO,109,,DEPOPIS DA ACADEMIA DA CIDADE. ESQUINA COM PONTE DA TORRE.,MADALENA,630,SUBURBIO,ABALROAMENTO TRANSVERSAL,COLISAO COM VITIMAS,1,1,,,,,,,,1,Cruzamento,Bom,Sem defeito,Perfeito estado,Seca,Perfeito estado,Não existe,Outras,,Única,Não existe,,
2020-04-03 00:00:00,18:36:00,COM VÍTIMA,CANCELADA,ÁGUA FRIA,RUA BELO JARDIM,337,,EM FRENTE AO DISTRIBUIDOR DE AÇAI- PROX DO MERCADINHO DE MARIO,ÁGUA FRIA,,,COLISÃO,COLISÃO ENTRE DUAS MOTOS C/V,,2,,,,,,,,2,,,,,,,,,,,,,
2020-04-04 00:00:00,08:28:00,COM VÍTIMA,FINALIZADA,BOA VISTA,RUA JOAO LIRA,,RUA DA SAUDADE,PARQUE TREZE DE MAIO,BOA VISTA,308,RUA DO HOSPÍCIO,ABALROAMENTO TRANSVERSAL,DUAS MOTO E UM ÔNIBUS.,,2,,,,1,,,,1,Cruzamento,Chuvoso,Sem defeito,Perfeito estado,Seca,Perfeito estado,Outros,Outras,,Única,Faixa seccionada,,
2020-04-04 00:00:00,13:03:00,COM VÍTIMA,FINALIZADA,IMBIRIBEIRA,PTE DO MOTOCOLOMBO,,,AO LADO DO POSTE DE ILUMINAÇÃO BO 16896,IMBIRIBEIRA,,CIDADE,ABALROAMENTO LONGITUDINAL,COLISAO ENTRE AUTO E MOTO COM UMA VITIMA,1,1,,,,,,,,1,Ponte,Bom,Não existe,Incompleta,Seca,Perfeito estado,Não existe,Outras,60 km/h,Dupla,Canteiro central,,
2020-04-14 00:00:00,19:31:00,COM VÍTIMA,FINALIZADA,AREIAS,AV CAPITAO GREGORIO DE CALDAS,,AV RECIFE,ENF AO BIG BOMPREÇO // SENTIDO BOA VIAGEM,AREIAS,494,AEROPORTO,COLISÃO TRASEIRA,AUTO E MOTO.,1,1,,,,,,,,1,Longo da via,Bom,Sem defeito,Perfeito estado,Seca,Perfeito estado,,,,Dupla,Faixa seccionada,,
2020-04-15 00:00:00,02:42:00,COM VÍTIMA,FINALIZADA,BOA VIAGEM,AV BOA VIAGEM,1688,,2° JARDIM,BOA VIAGEM,,CIDADE,COLISÃO COM CICLISTA,AUTO E BICICLETA.,1,,,1,,,,,,2,Longo da via,Bom,Sem defeito,Perfeito estado,Seca,Perfeito estado,,,60 km/h,Única,Faixa seccionada,,