data,hora,natureza,situacao,bairro,endereco,numero,detalhe_endereco_acidente,complemento,bairro_cruzamento,num_semaforo,sentido_via,tipo,auto,moto,ciclom,ciclista,pedestre,onibus,caminhao,viatura,outros,vitimas,vitimasfatais,acidente_verificado,tempo_clima,situacao_semaforo,sinalizacao,condicao_via,conservacao_via,ponto_controle,situacao_placa,velocidade_max_via,mao_direcao,divisao_via1,divisao_via2,divisao_via3
2020-06-20 00:00:00,14:58:00,SEM VÍTIMA,FINALIZADA,CASA FORTE,AV DEZESSETE DE AGOSTO,487,,EM FRENTE AO N 487,CASA FORTE,,CIDADE,COLISÃO,COLISÃO SEM VITIMA,2,,,,,,,,,0,Longo da via,Bom,Não existe,Perfeito estado,Seca,Perfeito estado,Outros,Outras,N/I,Dupla,Faixa contínua,,
2020-06-20 00:00:00,16:29:00,SEM VÍTIMA,CANCELADA,BOA VIAGEM,RUA PROFESSOR JOSE BRANDAO,390,RUA FRANCISCO DA CUNHA,EM FRENTE AO N 390,BOA VIAGEM,,SUBURBIO,COLISÃO,COLISÃO SEM VITIMA,1,1,,,,,,,,0,,,,,,,,,,,,,
2020-06-20 00:00:00,19:51:00,COM VÍTIMA,FINALIZADA,IMBIRIBEIRA,AV MARECHAL MASCARENHAS DE MORAES,2274,,LADO OPOSTO A FERREIRA COSTA.,IMBIRIBEIRA,,SUBURBIO,ABALROAMENTO LONGITUDINAL,COLISÃO ENTRE TRÊS AUTOS E UMA MOTO.,3,1,,,,,,,,3,Longo da via,Chuvoso,,Perfeito estado,Molhada,Perfeito estado,,R-6a,40 km/h,Dupla,Canteiro central,,
2020-06-21 00:00:00,07:24:00,SEM VÍTIMA,FINALIZADA,MACAXEIRA,AV NORTE,,,LADO OPSTO A ANTIGA FÁBRICA DA MACAXEIRA,MACAXEIRA,,,CHOQUE OBJETO FIXO,VEÍCULO: PDR 0343 : CHEVROLET ONIX,1,,,,,,,,,0,,,,,,,,,,,,,
2020-06-21 00:00:00,12:22:00,COM VÍTIMA,FINALIZADA,AREIAS,AV RECIFE,,RUA AURORA CACOTE,EM FRENTE AO HOSPITAL DE AREIAS. CHURRASCARIA E PIZZARIA GALETUS.,AREIAS,,BOA VIAGEM,ABALROAMENTO TRANSVERSAL,AUTO E MOTO.,1,,1,,,,,,,1,Esquina,Bom,Não existe,Perfeito estado,Seca,Mal conservada,Não existe,Placas Pare,60 km/h,Dupla,Canteiro central,,
2020-06-21 00:00:00,16:39:00,COM VÍTIMA,FINALIZADA,SÍTIO DOS PINTOS,EST DOS PINTOS,20,,PRÓXIMO UFRPE,SÍTIO DOS PINTOS,,CIDADE,COLISÃO COM CICLISTA,,1,,,1,2,,,,,5,Longo da via,Bom,Não existe,Incompleta,Seca,Perfeito estado,Não existe,Não há placas,,Dupla,Não existe,,
2020-06-21 00:00:00,20:14:00,SEM VÍTIMA,FINALIZADA,SANTO AMARO,AV JOAO DE BARROS,,,PRÓXIMO AO POSTO BR- ENCONTRA-SE QUITANDARIA,SANTO AMARO,,SUBURBIO,COLISÃO,COLISÃO ENTRTE DOIS VEÍCULO,2,,,,,,,,,0,Longo da via,Bom,Não existe,Perfeito estado,Seca,Perfeito estado,Não existe,Não há placas,N/I,Única,Faixa seccionada,,
2020-06-21 00:00:00,22:36:00,COM VÍTIMA,CANCELADA,JARDIM SÃO PAULO,AV SAO PAULO,505,,PIZARIA PASSIRA,JARDIM SÃO PAULO,,SUBURBIO,COLISÃO,AUTO E MOTO,1,1,,,,,,,,1,,,,,,,,,,,,,
2020-06-22 00:00:00,08:56:00,COM VÍTIMA,FINALIZADA,SANTO AMARO,AV NORTE,1255,,APOS O VIADUTO DA AV NORTE NO  SENTIDO CIDADE. UNIDADE DA SAÚDE DA FAMÍLIA DE SANTO AMARO 3.,SANTO AMARO,,CIDADE,ATROPELAMENTO,ATROPELAMENTO  EM SEGUIDA CONDUTOR BATEU CONTRA POSTE  COM 2 VITIMAS A ESPERA DO SAMU BT MOTO 20 .37 QTH,,1,,,1,,,,,2,Longo da via,Bom,Não existe,Perfeito estado,Seca,Perfeito estado,Não existe,Outras,60 km/h,Dupla,Canteiro central,,
2020-06-22 00:00:00,09:50:00,COM VÍTIMA,FINALIZADA,GRAÇAS,RUA AMELIA,293,,EM FRENTE A LOJA VIA MUNDI,GRAÇAS,,SUBURBIO,COLISÃO TRASEIRA,COLISÃO COM VITIMA A ESPERA DO SAMU  GM JOSIMAR JUNIOR QTH,1,1,,,,,,,,1,Longo da via,Bom,Sem defeito,Perfeito estado,Seca,Perfeito estado,Outros,Outras,,Única,Faixa contínua,,
2020-06-22 00:00:00,12:31:00,COM VÍTIMA,FINALIZADA,MACAXEIRA,AV JOSE AMERICO DE ALMEIDA,392,,EM FRENTE AO MERCADINHO BELA VISTA E EM FRENTE A ACADEMIA PONTO CERTO,MACAXEIRA,,SUBURBIO,ABALROAMENTO LONGITUDINAL,COLISÃO COM VÍTIMA,,1,,,,1,,,,1,Longo da via,Bom,Não existe,Perfeito estado,Seca,Perfeito estado,,R-6a,,Dupla,Canteiro central,,
2020-06-22 00:00:00,13:20:00,SEM VÍTIMA,FINALIZADA,IBURA,RUA RIO DA PRATA,,,NO FINAL DA RUA PROX AO CENTRO DE APOIO SOCIAL ESPORTIVO CULTURAL,IBURA,,,COLISÃO,COLISAO EM VT DA POLICIA E AUTO S/V,1,,,,,,,1,,0,Longo da via,Bom,Não existe,Perfeito estado,Seca,Perfeito estado,Não existe,Não há placas,N/I,Dupla,Faixa contínua,,
2020-06-22 00:00:00,14:13:00,COM VÍTIMA,FINALIZADA,CORDEIRO,EST DO FORTE DO ARRAIAL N. DO B. JESUS,1592,RUA ONZE DE FEVEREIRO,EM FRENTE A LAVANDERIA ROUPA LIMPA. FORTE DO COCO.,CORDEIRO,,SUBURBIO,ABALROAMENTO LONGITUDINAL,COLISÃO COM VÍTIMA,,2,,,,,,,,1,Longo da via,Bom,Não existe,Incompleta,Seca,Perfeito estado,Não existe,Outras,,Dupla,Não existe,,
2020-06-22 00:00:00,17:07:00,COM VÍTIMA,FINALIZADA,ESTÂNCIA,AV DR JOSE RUFINO,13,,PRÓXIMO AO COLÉGIO VISÃO.,ESTÂNCIA,,SUBURBIO,ACID. DE PERCURSO,MOTOCICLISTA DERRAPOU- DEVIDO GRANDE QUANTIDADE DE ÓLEO NA VIA.,,1,,,,,,,,1,Longo da via,Bom,Não existe,Incompleta,Oleosa,Mal conservada,Não existe,Não há placas,,Dupla,Faixa contínua,,
2020-06-22 00:00:00,17:14:00,SEM VÍTIMA,FINALIZADA,IBURA,AV DOIS RIOS,,,E/F A IGREJA EL SHADDAI,IBURA,,,COLISÃO,COLISAO ENTRE DUAS S/V BATEDOR MARCELO E LUCAS DA MOTO 09 E 36 NO LOCAL,,2,,,,,,,,0,Longo da via,Bom,Não existe,Perfeito estado,Seca,Perfeito estado,Não existe,Não há placas,N/I,Dupla,Faixa contínua,,
2020-06-22 00:00:00,18:16:00,SEM VÍTIMA,FINALIZADA,ROSARINHO,RUA DR JOSE MARIA,866,RUA REGUEIRA COSTA,PROX . AO EDF. ENRIQUE QUINTO E DROGASIL E GALERIA JOAO DE DEUS,ROSARINHO,,,COLISÃO,PALIO E SUZUKI    OBS: SUSPEITA DE EMBRIAGUEZ,2,2,,,,,,,,0,Longo da via,Bom,Não existe,Perfeito estado,Seca,Perfeito estado,Não existe,Outras,N/I,Dupla,Faixa contínua,,
2020-06-22 00:00:00,19:54:00,COM VÍTIMA,FINALIZADA,MADALENA,AV VISCONDE DE ALBUQUERQUE,401,RUA LOPES DE CARVALHO,GALERIA MADALENA CENTER,MADALENA,,SUBURBIO,ABALROAMENTO TRANSVERSAL,COLISÃO COM DUAS VITIMAS,,2,,,,,,,,2,Cruzamento,Bom,Não existe,Perfeito estado,Seca,Perfeito estado,,,40 km/h,Única,,,
2020-06-22 00:00:00,20:32:00,SEM VÍTIMA,FINALIZADA,ENCRUZILHADA,RUA CASTRO ALVES,,RUA JOSE DE SA CARNEIRO,*SEMÁFORO 666* /  E/F A QUALIMENTOS E CAIXA ECONÔMICA,ENCRUZILHADA,666,,ENGAVETAMENTO,ENTRE 3 AUTOS. O RESPONSÁVEL PELO ENGAVETAMENTO APRESENTA SINAIS FORTES DE EMBRIAGUEZ- INCLUSIVE- TENTOU AGREDIR TERCEIROS NO LOCAL- MAS PERMANECE NA VIA PARA O PROCEDIMENTO DE OCORRÊNCIA DA CTTU. S/V,3,,,,,,,,,0,,,,,,,,,,,,,
2020-06-22 00:00:00,21:48:00,COM VÍTIMA,FINALIZADA,VÁRZEA,RUA DONA MARIA LACERDA,18,,NA RUA DA DELEGACIA DA VÁRZEA E 12º BATALHÃO,VÁRZEA,,SUBURBIO,CHOQUE OBJETO FIXO,VT DA PM ACABOU SE CHOCANDO CONTRA O FITEIRO NA LOCALIDADE. SOLICITAM O APOIO DA CTTU NO LOCAL. S/V,,,,,,,,1,1,2,Longo da via,Bom,Não existe,Perfeito estado,Seca,Perfeito estado,Não existe,Não há placas,,Dupla,Faixa seccionada,,
2020-06-23 00:00:00,02:03:00,SEM VÍTIMA,FINALIZADA,MACAXEIRA,AV NORTE,,,PROXIMO DO TERMINLA DA MACAXEIRA,MACAXEIRA,,SUBURBIO,CHOQUE OBJETO FIXO,CONDUTOR PERDEU O CONTROLE DO VEICULO- SUBIU A CALÇADA- BATEU NUMA MURETA DE PROTEÇÃO E CAIU SOBRE UMA FÁBRICA DE BOLOS DE ROLO.,1,,,,,,,,,0,Outros,Bom,Não existe,Perfeito estado,Seca,Perfeito estado,Não existe,Não há placas,N/I,Única,Canteiro central,,
2020-06-23 00:00:00,08:10:00,COM VÍTIMA,FINALIZADA,BOA VIAGEM,AVENIDA CELSO FURTADO (VIA MANGUE),,,SUBIDA DO VIADUTO DOM JOÃO VI,BOA VIAGEM,,SUBURBIO,TOMBAMENTO,ACIDENTE DE PERCURSO/ CICLISTA CAIU NA VIA,,,,1,,,,,,1,Longo da via,Bom,Não existe,Perfeito estado,Seca,Perfeito estado,Não existe,R-19,60 km/h,Dupla,Canteiro central,,
2020-06-23 00:00:00,10:47:00,SEM VÍTIMA,FINALIZADA,ÁGUA FRIA,RUA SAO BENEDITO,,AV BEBERIBE,EM FRENTE AO LAVA JATO,ÁGUA FRIA,,,COLISÃO,VT 11 NO QTH  CAMINHAO E AUTO,1,,,,,,1,,,0,Cruzamento,Bom,Sem defeito,Perfeito estado,Seca,Perfeito estado,Faixa de pedestre,Não há placas,N/I,Única,Não existe,,
2020-06-23 00:00:00,11:29:00,COM VÍTIMA,FINALIZADA,SANTO AMARO,AV JOAO DE BARROS,,RUA DOM VITAL,,SANTO AMARO,412,CIDADE,ATROPELAMENTO,O VEÍCULO EVADIU-SE DO LOCAL,1,,,,1,,,,,1,Longo da via,Bom,Sem defeito,Perfeito estado,Seca,Perfeito estado,,,,Dupla,Faixa contínua,Faixa seccionada,Canteiro central
2020-06-23 00:00:00,12:57:00,SEM VÍTIMA,FINALIZADA,AFOGADOS,AV MARECHAL MASCARENHAS DE MORAES,40,,EM FRENTE A IGREJA BATISTA DO LARGO DA PAZ (SENT. CIDADE) / PONTE MOTOCOLOMBO,AFOGADOS,,CIDADE,COLISÃO,COLISÃO S/VITIMAS ENTRE DOIS AUTOS,2,,,,,,,,,0,Longo da via,Bom,Não existe,Perfeito estado,Seca,Perfeito estado,Outros,R-6a,60KM,Dupla,Canteiro central,,
2020-06-23 00:00:00,14:37:00,SEM VÍTIMA,FINALIZADA,BOA VIAGEM,AV BOA VIAGEM,30,,E/F AO EDF. ENSEADA DA BARRA,BOA VIAGEM,,,COLISÃO,COLISÃO S/VITIMAS ENTRE DOIS AUTOS,2,,,,,,,,,0,Longo da via,Bom,Sem defeito,Perfeito estado,Seca,Perfeito estado,Faixa de retenção,Outras,N/I,Única,Faixa seccionada,,
2020-06-23 00:00:00,17:49:00,SEM VÍTIMA,FINALIZADA,SAN MARTIN,AV ENGENHEIRO ABDIAS DE CARVALHO,,,EM FRENTE A CHESF,SAN MARTIN,,CIDADE,COLISÃO,COLISÃO ENTRE AUTO E MOTO S/V,1,1,,,,,,,,0,Longo da via,Bom,Não existe,Perfeito estado,Seca,Perfeito estado,Não existe,Outras,N/I,Dupla,Canteiro central,,
2020-06-23 00:00:00,22:10:00,COM VÍTIMA,FINALIZADA,ARRUDA,RUA DO MACHADO,946,,E/F A PRACINHA (MARIA JOSE DOS SANTOS),ARRUDA,,,COLISÃO COM CICLISTA,COLISAO COM VITIMAS,,,,1,,1,,,,1,Longo da via,Bom,Não existe,Perfeito estado,Seca,Perfeito estado,Não existe,R-6a,,Dupla,Faixa seccionada,,
2020-06-24 00:00:00,11:51:00,SEM VÍTIMA,FINALIZADA,TORRE,RUA JOAO TUDE DE MELO,,,SENT. CARREFOUR- EM FRENTE AO POSTO DE GASOLINA PETROMEGA,TORRE,,,COLISÃO,AMBULANCIA E AUTO,2,,,,,,,,,0,Longo da via,Bom,Sem defeito,Perfeito estado,Seca,Perfeito estado,Faixa de pedestre,Outras,N/I,Única,Faixa seccionada,,
2020-06-24 00:00:00,14:16:00,COM VÍTIMA,CANCELADA,ESTÂNCIA,AV RECIFE,,,EM FRENTE AO MAKRO/ SENTIDO CAXANGA,ESTÂNCIA,,,COLISÃO,COLISÃO COM VÍTIMA,1,1,,,,,,,,1,,,,,,,,,,,,,
2020-06-24 00:00:00,20:53:00,COM VÍTIMA,FINALIZADA,TEJIPIÓ,AV DR JOSE RUFINO,46,RUA MAJOR CHAGAS DE OLIVEIRA,POR CIMA DO VIADUTO DA BR NA CURVA SENTIDO AFOGADOS. SERRALHARIA GUEDES.,TEJIPIÓ,,SUBURBIO,ABALROAMENTO LONGITUDINAL,FIAT PALIO X MOTO,1,1,,,,,,,,1,Longo da via,Bom,Não existe,Incompleta,Seca,Mal iluminada,Não existe,Não há placas,,Dupla,Faixa contínua,,
2020-06-24 00:00:00,21:25:00,COM VÍTIMA,FINALIZADA,NOVA DESCOBERTA,RUA NOVA DESCOBERTA,1921,,E/F AO MADRUGADA BURGUER / PRÓX AO BAR DA RABADA,NOVA DESCOBERTA,,,COLISÃO FRONTAL,ENTRE AUTO E MOTO. C/V,1,1,,,,,,,,1,Longo da via,Bom,Não existe,Não existente,Seca,Perfeito estado,Não existe,Não há placas,,Dupla,Não existe,,
2020-06-25 00:00:00,10:41:00,COM VÍTIMA,FINALIZADA,ILHA DO RETIRO,RUA SPORT CLUBE DO RECIFE,,RUA PROFESSOR BENEDITO MONTEIRO,LADO OPOSTO AO ESTÁDIO ADELMAR DA COSTA CARVALHO.,ILHA DO RETIRO,481,SUBURBIO,ABALROAMENTO LONGITUDINAL,GM MATOS NO QTH - AUTO E MOTO COM VITIMA,1,1,,,,,,,,1,Longo da via,Bom,Sem defeito,Perfeito estado,Seca,Perfeito estado,Outros,R-6a,60 km/h,Dupla,Canteiro central,,
2020-06-25 00:00:00,14:02:00,SEM VÍTIMA,FINALIZADA,BOA VIAGEM,RUA CAPITAO ZUZINHA,22,RUA VISCONDE DE JEQUITINHONHA,PROXIMO DA LOCALIZA,BOA VIAGEM,433,,COLISÃO,COLISÃO ENTRE DOIS AUTOS S/V,2,,,,,,,,,0,Longo da via,Bom,Sem defeito,Perfeito estado,Seca,Perfeito estado,Agente,R-6a,,Única,Faixa contínua,,
2020-06-25 00:00:00,14:59:00,SEM VÍTIMA,FINALIZADA,BOA VIAGEM,RUA PADRE CARAPUCEIRO,3572,AV CONSELHEIRO AGUIAR,SOB SEMAF 115,BOA VIAGEM,115,CIDADE,COLISÃO,COLISÃO ENTRE DUAS MOTOS S/V,,2,,,,,,,,0,Cruzamento,Bom,Sem defeito,Perfeito estado,Seca,Perfeito estado,Faixa de pedestre,Outras,60 km/h,Única,Faixa contínua,Faixa seccionada,
2020-06-25 00:00:00,17:46:00,SEM VÍTIMA,FINALIZADA,IMBIRIBEIRA,AV GENERAL MAC ARTHUR,100,AV MARECHAL MASCARENHAS DE MORAES,EM FRENTE AO Nº 100,IMBIRIBEIRA,,CIDADE,COLISÃO,,1,1,,,,,,1,,0,Longo da via,Bom,Não existe,Perfeito estado,Seca,Perfeito estado,Não existe,R-4a,,Única,Faixa seccionada,,
2020-06-25 00:00:00,22:29:00,COM VÍTIMA,FINALIZADA,TORRE,PRC PROFESSOR BARRETO CAMPELLO,1199,,E/F A PRAÇA,TORRE,,SUBURBIO,COLISÃO COM CICLISTA,COLISAO COM VITIMAS,1,,,1,,,,,,1,Longo da via,Bom,Não existe,Perfeito estado,Seca,Perfeito estado,Não existe,R-6a,,Única,Faixa seccionada,,
2020-06-26 00:00:00,07:10:00,COM VÍTIMA,FINALIZADA,BOA VIAGEM,RUA ERNESTO DE PAULA SANTOS,,RUA AMALIA BERNARDINO DE SOUZA,POR TRAS DA FACULDADE UNINASSAU EM FRENTE AO POSTO DE GASOLINA PETROCAL NA DESCIDA DO VIADUTO TANCREDO NEVES,BOA VIAGEM,,SUBURBIO,ABALROAMENTO TRANSVERSAL,AUTO E MOTO,1,1,,,,,,,,1,Cruzamento,Bom,Não existe,Incompleta,Seca,Perfeito estado,Não existe,Não há placas,,Única,Faixa contínua,,
2020-06-26 00:00:00,08:45:00,COM VÍTIMA,FINALIZADA,TORREÃO,AV NORTE,,,EM FRENTE AKI BORRACHARIA / INÍCIO DO VIADUTO.,TORREÃO,,CIDADE,ATROPELAMENTO ANIMAL,GM GILSON ALVES E THIEGO PONTO FIXO MOTO AO DESVIAR CHOCOU-SE NO ACOSTAMENTO DO VIADUTO,,1,,,,,,,,1,Longo da via,Bom,Não existe,Perfeito estado,Seca,Perfeito estado,Não existe,Não há placas,60 km/h,,Canteiro central,,
2020-06-26 00:00:00,12:13:00,COM VÍTIMA,CANCELADA,ARRUDA,RUA ZEFERINO AGRA,,RUA DO MACHADO,EM FRENTE A IGREJA SANTO ANTONIO,ARRUDA,,,COLISÃO,COLISÃO COM VÍTIMA,1,1,,,,,,,,1,,,,,,,,,,,,,
2020-06-26 00:00:00,12:56:00,COM VÍTIMA,FINALIZADA,IMBIRIBEIRA,AV MARECHAL MASCARENHAS DE MORAES,,RUA ITACARE,NO SEMÁFORO 386/ SENTIDO AEROPORTO. LADO OPOSTO A FERREIRA COSTA.,IMBIRIBEIRA,386,SUBURBIO,ABALROAMENTO LONGITUDINAL,COLISÃO COM VÍTIMA,1,1,,,,,,,,1,Cruzamento,Bom,Sem defeito,Perfeito estado,Seca,Perfeito estado,Faixa de pedestre,R-6a,,Dupla,Canteiro central,,
2020-06-26 00:00:00,13:16:00,SEM VÍTIMA,FINALIZADA,PINA,AV BOA VIAGEM,110,,E/F AO POSTO BR,PINA,,CIDADE,COLISÃO,COLISAO ENTRE TRES AUTOS S/V,2,,,,,,,,,0,Longo da via,Bom,Sem defeito,Perfeito estado,Seca,Perfeito estado,Faixa de pedestre,Não há placas,60 km/h,Única,Faixa seccionada,,
2020-06-26 00:00:00,14:43:00,SEM VÍTIMA,FINALIZADA,IPSEP,AV RECIFE,,AV TAPAJOS,LADO OPOSTO DO POSTO BR VT 21 NO LOCAL,IPSEP,620,,COLISÃO,COLISAO ENTRE AUTO E UM CAMINHAO,1,,,,,,1,,,0,Cruzamento,Chuvoso,Sem defeito,Perfeito estado,Outros,Perfeito estado,Faixa de pedestre,,,Dupla,Faixa seccionada,Canteiro central,
2020-06-26 00:00:00,15:52:00,SEM VÍTIMA,FINALIZADA,SANTO AMARO,AV GOVERNADOR AGAMENON MAGALHAES,,VDO INDEPENDENCIA,SOBRE O VIADUTO INDEPENDENCIA,SANTO AMARO,,OLINDA,COLISÃO,,3,1,,,,,,,,0,Viaduto,Bom,Não existe,Não existente,Seca,Perfeito estado,Não existe,Não há placas,60 km/h,Dupla,Faixa contínua,,
2020-06-26 00:00:00,17:44:00,COM VÍTIMA,FINALIZADA,ILHA DO RETIRO,AV ENGENHEIRO ABDIAS DE CARVALHO,,EST DOS REMEDIOS,DROGASIL,ILHA DO RETIRO,52,SUBURBIO,ABALROAMENTO TRANSVERSAL,COLISÃO COM VITIMA,1,1,,,,,,,,1,Cruzamento,Bom,Sem defeito,Perfeito estado,Seca,Perfeito estado,Agente,R-6a,,Dupla,Canteiro central,,
2020-06-27 00:00:00,07:52:00,SEM VÍTIMA,FINALIZADA,SANTO AMARO,RUA DO POMBAL,296,RUA TREZE DE MAIO,EM FRENTE A BORRACHARIA DO MODESTO,SANTO AMARO,,CIDADE,COLISÃO,SEM VITIMAS,2,,,,,,,,,0,Longo da via,Chuvoso,Não existe,Perfeito estado,Molhada,Perfeito estado,Faixa de retenção,Não há placas,40 km/h,Dupla,Faixa contínua,,
2020-06-27 00:00:00,16:37:00,COM VÍTIMA,FINALIZADA,IMBIRIBEIRA,AV MARECHAL MASCARENHAS DE MORAES,6211,,EM FRENTE AO FÓRUM DES. NEVES FILHO- EM FRENTE A INFRAERO. LADO OPOSTO A JUSTIÇA FEDERAL.,IMBIRIBEIRA,,SUBURBIO,ABALROAMENTO LONGITUDINAL,COLISAO ENTRE AUTO E MOTO,1,1,,,,,,,,1,Longo da via,Bom,Não existe,Perfeito estado,Seca,Perfeito estado,Não existe,R-5a,60 km/h,Dupla,Faixa,,
2020-06-27 00:00:00,16:55:00,SEM VÍTIMA,CANCELADA,AFOGADOS,RUA DR ADELINO,377,,PROXIMO DO CLEGIO ARCA DE NOÉ- PROXIMO DO CENTRO ESPIRITA EMMANUEL,AFOGADOS,,,COLISÃO,COLISÃO ENTRE DOIS AUTOS SEM VÍTIMAS- UMAS DAS PARTES APRESENTA SINTOMAS DE EMBRIAGUEZ,2,,,,,,,,,0,,,,,,,,,,,,,
2020-06-27 00:00:00,17:23:00,SEM VÍTIMA,CANCELADA,JARDIM SÃO PAULO,RUA LEANDRO BARRETO,,RUA LEOBINA PEREIRA,,JARDIM SÃO PAULO,,,COLISÃO,COLISÃO 2 AUTOS,,,,,,,,,,0,,,,,,,,,,,,,
2020-06-27 00:00:00,18:31:00,COM VÍTIMA,FINALIZADA,NOVA DESCOBERTA,RUA NOVA DESCOBERTA,1603,,PROX A ENTREADA DO CORREGO DO ARCANJO,NOVA DESCOBERTA,,SUBURBIO,ATROPELAMENTO,COLISAO COM VITIMAS,,1,,,1,,,,,1,Longo da via,Bom,,,,,Não existe,Não há placas,,Dupla,Não existe,,
2020-06-28 00:00:00,07:35:00,COM VÍTIMA,FINALIZADA,ILHA DO RETIRO,AV JOSE GONCALVES DE MEDEIROS,,,LADO OPOSTO A MC DONALD'S,ILHA DO RETIRO,,CIDADE,ABALROAMENTO LONGITUDINAL,AUTO E MOTO.,1,1,,,,,,,,2,Longo da via,Bom,Sem defeito,Perfeito estado,Seca,Perfeito estado,Não existe,Não há placas,50 km/h,Dupla,Faixa contínua,,
2020-06-28 00:00:00,15:09:00,COM VÍTIMA,FINALIZADA,NOVA DESCOBERTA,RUA NOVA DESCOBERTA,1689,,PROX A BARRACA SANTA CRUZ E/F AO DEPOSITO DO PAULO BEBEBIDAS,NOVA DESCOBERTA,,,COLISÃO FRONTAL,COLISAO ENTRE DUAS MOTOS COM VITIMAS,,2,,,,,,,,1,Longo da via,Chuvoso,Não existe,Perfeito estado,Molhada,Perfeito estado,,Outras,,Dupla,Faixa seccionada,,
2020-06-28 00:00:00,16:34:00,COM VÍTIMA,FINALIZADA,TORRÕES,RUA CLARICE LISPECTOR,10,,PROXIMO A ESCOLA PINTOR LAURO VILARES,TORRÕES,,SUBURBIO,ATROPELAMENTO,ATROPELAMENTO COM VÍTIMA/ VÍTIMA SOCORRIDA PELO SAMU,1,,,,1,,,,,1,Longo da via,Chuvoso,Não existe,Não existente,Molhada,Perfeito estado,Não existe,Não há placas,,Dupla,Não existe,,
2020-06-29 00:00:00,07:25:00,COM VÍTIMA,FINALIZADA,ESPINHEIRO,RUA CONS PORTELA,504,RUA QUARENTA E OITO,SOB O SEMÁFORO 011,ESPINHEIRO,11,CIDADE,ABALROAMENTO LONGITUDINAL,,1,1,,,,,,,,1,Longo da via,Bom,Sem defeito,Perfeito estado,Seca,Perfeito estado,Agente,Não há placas,,Única,Faixa contínua,,
2020-06-29 00:00:00,07:39:00,COM VÍTIMA,FINALIZADA,VÁRZEA,AV CAXANGA,5775,AV AFONSO OLINDENSE,PROX AO TERMINAL INTEGRADO DA CAXANGÁ. SUPER CENTER CAXANGÁ.,VÁRZEA,568,CIDADE,ABALROAMENTO LONGITUDINAL,AUTO E MOTO,1,1,,,,,,,,2,Longo da via,Chuvoso,Sem defeito,Incompleta,Molhada,Perfeito estado,Faixa de pedestre,R-6a,60 km/h,Única,Não existe,,
2020-06-29 00:00:00,10:37:00,COM VÍTIMA,FINALIZADA,SAN MARTIN,RUA COMENDADOR FRANCO FERREIRA,460,RUA DUARTE FILHO,AO LADO DA GALERIA JARDIM,SAN MARTIN,,,ABALROAMENTO TRANSVERSAL,COLISÃO COM UMA VITIMA,1,1,,,,,,,,1,Cruzamento,Bom,Não existe,Ilegível,Seca,Perfeito estado,Não existe,Placas Pare,,Dupla,Não existe,,
2020-06-29 00:00:00,11:21:00,COM VÍTIMA,FINALIZADA,VÁRZEA,AV CAXANGA,,,FINAL DA CAXANGA SENTIDO CAMARAGIBE PROX A UPA DA CAXANGA- SOBRE A PONTE DA CAXANGÁ.,VÁRZEA,,SUBURBIO,COLISÃO TRASEIRA,CONDUTOR DA MOTO BATEU DA NA TRASEIRA DO CARRO,1,1,,,,,,,,1,Ponte,Bom,Sem defeito,Perfeito estado,Seca,Perfeito estado,Não existe,Não há placas,60 km/h,Única,Faixa seccionada,,
2020-06-29 00:00:00,11:48:00,SEM VÍTIMA,FINALIZADA,IMBIRIBEIRA,RUA DEZ DE JULHO,,AV VINTE DE JANEIRO,PROX A ESTACAO DO METRO AEROPORTO,IMBIRIBEIRA,572,CIDADE,COLISÃO,,,1,,,,1,,,,0,Cruzamento,Bom,Sem defeito,Perfeito estado,Seca,Perfeito estado,,Não há placas,60 km/h,Única,,,
2020-06-29 00:00:00,15:46:00,SEM VÍTIMA,FINALIZADA,IPSEP,RUA SANTOS COSME E DAMIAO,31,,EM FRENTE AO N 31,IPSEP,,,COLISÃO,COLISÃO ENTRE VEÍCULO E UMA CARROÇA,1,,,,1,,,,,0,Longo da via,Bom,Não existe,Perfeito estado,Seca,Perfeito estado,Não existe,Outras,40 km/h,Única,Não existe,,
2020-06-29 00:00:00,18:31:00,COM VÍTIMA,FINALIZADA,IMBIRIBEIRA,AV SUL,,,ÁREA INTERNA DO TERMINAL INTEGRADO TANCREDO NEVES.,IMBIRIBEIRA,,SUBURBIO,ATROPELAMENTO,ÔNIBUS E PEDESTRE,,,,,1,1,,,,1,Outros,Bom,Não existe,,Seca,Mal iluminada,Agente,Não há placas,20 km/h,Única,Faixa contínua,,