data,hora,natureza,situacao,bairro,endereco,numero,detalhe_endereco_acidente,complemento,bairro_cruzamento,num_semaforo,sentido_via,tipo,auto,moto,ciclom,ciclista,pedestre,onibus,caminhao,viatura,outros,vitimas,vitimasfatais,acidente_verificado,tempo_clima,situacao_semaforo,sinalizacao,condicao_via,conservacao_via,ponto_controle,situacao_placa,velocidade_max_via,mao_direcao,divisao_via1,divisao_via2,divisao_via3
2020-10-15 00:00:00,20:06:00,COM VÍTIMA,FINALIZADA,ARRUDA,AV BEBERIBE,1478,,LADO OPOSTO AO CANAL DA CONSTRUÇÃO- PROXIMO DA DOCE SABOR DA N.C,ARRUDA,,SUBURBIO,COLISÃO TRASEIRA,COLISÃO ENTRE DOIS AUTOS E UMA MOTO C/V,2,1,,,,,,,,2,Longo da via,Bom,Não existe,Perfeito estado,Seca,Perfeito estado,,Não há placas,,Dupla,,,
2020-10-16 00:00:00,01:09:00,COM VÍTIMA,FINALIZADA,CAXANGÁ,AV CAXANGA,,RUA RODRIGUES FERREIRA,EM FRENTE A UPA,CAXANGÁ,232,SUBURBIO,ABALROAMENTO LONGITUDINAL,ACIDENTE ENTRE MOTO E AUTO,1,1,,,,,,,,1,Cruzamento,Bom,Sem defeito,Perfeito estado,Seca,Perfeito estado,Faixa de pedestre,Outras,,Dupla,Canteiro central,,
2020-10-16 00:00:00,07:31:00,VÍTIMA FATAL,FINALIZADA,PRADO,RUA CARLOS GOMES,,RUA HERCULES FLORENCE,EM FRENTE AO HOSPITAL NOSSA SENHORA DO Ó,PRADO,,SUBURBIO,ABALROAMENTO TRANSVERSAL,COLISÃO COM 1 VITIMA FATAL E OUTRA SOCORRIDA PELA SAMU,1,1,,,,,,,,1,Cruzamento,Bom,Não existe,Incompleta,Seca,Perfeito estado,Não existe,Outras,40 km/h,Única,Faixa seccionada,Canteiro central,
2020-10-16 00:00:00,11:39:00,COM VÍTIMA,FINALIZADA,CASA AMARELA,AV NORTE,4681,RUA RODRIGUES SETE,AO LADO DA TOTAL CAR,CASA AMARELA,,CIDADE,ABALROAMENTO LONGITUDINAL,COLISÃO COM VITIMA,,2,,,,,,,,1,Esquina,Bom,Não existe,Perfeito estado,Seca,Perfeito estado,,Outras,,Dupla,Canteiro central,,
2020-10-16 00:00:00,11:54:00,COM VÍTIMA,FINALIZADA,CASA FORTE,AV DEZESSETE DE AGOSTO,939,,LADO OPOSTO A PZZARIA HURT,CASA FORTE,,SUBURBIO,COLISÃO TRASEIRA,COLISÃO COM VITIMA,1,1,,,,,,,,1,Longo da via,Bom,Não existe,Perfeito estado,Seca,Perfeito estado,Não existe,Outras,,Dupla,Faixa contínua,,
2020-10-16 00:00:00,12:24:00,COM VÍTIMA,FINALIZADA,VÁRZEA,AV CAXANGA,,RUA GASTAO VIDIGAL,LADO OPOSTO DA UPA/ SENTIDO CIDADE,VÁRZEA,,CIDADE,ABALROAMENTO TRANSVERSAL,COLISÃO COM VÍTIMA,1,1,,,,,,,,1,Cruzamento,Bom,Sem defeito,Incompleta,Seca,Perfeito estado,Agente,Não há placas,60 km/h,Única,Faixa contínua,Canteiro central,
2020-10-16 00:00:00,13:00:00,COM VÍTIMA,FINALIZADA,PINA,RUA JEMIL ASFORA,23,,POR TRÁS DO SHOPPING RIOMAR,PINA,,,ABALROAMENTO LONGITUDINAL,COLISAO ENTRE CAMINHAO E MOTO,,1,,,,,1,,,1,Longo da via,Bom,Não existe,Ilegível,Seca,Perfeito estado,Não existe,Outras,,Única,Não existe,,
2020-10-16 00:00:00,13:06:00,COM VÍTIMA,FINALIZADA,PINA,AV HERCULANO BANDEIRA,,,EM FRENTE A IGREJINHA DO PINA,PINA,137,SUBURBIO,ABALROAMENTO LONGITUDINAL,ACIDENTE ENTRE MOTO E AUTO,1,1,,,,,,,,1,Longo da via,Bom,Sem defeito,Perfeito estado,Seca,Perfeito estado,Faixa de pedestre,Não há placas,,Única,Faixa seccionada,,
2020-10-16 00:00:00,15:59:00,COM VÍTIMA,FINALIZADA,JOANA BEZERRA,AV GOVERNADOR AGAMENON MAGALHAES,,,EM FRENTE AO FORUM JOANA BEZERRA,JOANA BEZERRA,,SUBURBIO,ABALROAMENTO LONGITUDINAL,COLISÃO COM VÍTIMA ENTRE AUTO E MOTO.,1,1,,,,,,,,1,Longo da via,Bom,Não existe,Perfeito estado,Seca,Perfeito estado,Não existe,R-6a,60 km/h,Dupla,Canteiro central,,
2020-10-16 00:00:00,17:25:00,COM VÍTIMA,CANCELADA,CÓRREGO DO JENIPAPO,AV DA RECUPERACAO,1032,,PROXIMO AO RECANTO DO LAU/ APÓS O A UPINHA,CÓRREGO DO JENIPAPO,,,COLISÃO,COLISÃO COM VÍTIMA,1,1,,,,,,,,1,,,,,,,,,,,,,
2020-10-16 00:00:00,19:36:00,COM VÍTIMA,FINALIZADA,GUABIRABA,AV DA RECUPERACAO,1032,RUA TRES MORROS,PROXIMO AO RECANTO DO LAU/ APÓS O A UPINHA,GUABIRABA,,SUBURBIO,ABALROAMENTO LONGITUDINAL,COLISÃO COM VÍTIMA,2,1,,,,,,,,1,Longo da via,Bom,Não existe,Incompleta,Seca,Mal iluminada,Não existe,,,Dupla,Faixa seccionada,,
2020-10-16 00:00:00,20:09:00,COM VÍTIMA,CANCELADA,MACAXEIRA,AV NORTE,,RUA MARIA CANDIDA,SEMÁFORO 296 / PRÓX A ANTIGA TI DA MACAXEIRA,MACAXEIRA,,,COLISÃO,ENTRE AUTO E MOTO. C/V,1,1,,,,,,,,1,,,,,,,,,,,,,
2020-10-16 00:00:00,20:28:00,SEM VÍTIMA,CANCELADA,CASA FORTE,AV DEZESSETE DE AGOSTO,,,SEMÁFORO 469/ NO COMEÇO QUE DA NA EST DAS UBAIAS,CASA FORTE,,,COLISÃO,ENTE 2 AUTOS ( CONDUTOR DO HYUNDAI- SEGUNDO AS INFO DO USUÁRIO- APRESENTA SINAIS FORTES DE EMBRIAGUEZ) S/V,2,,,,,,,,,0,,,,,,,,,,,,,
2020-10-16 00:00:00,20:45:00,COM VÍTIMA,FINALIZADA,PARNAMIRIM,EST DO ARRAIAL,2949,,PRÓX AO CRUZAMENTO QUE DA NO HOSPITAL AGAMENON. COLÉGIO REINO MÁGICO.,PARNAMIRIM,446,SUBURBIO,CHOQUE OBJETO FIXO,VEÍCULO CHOCOU-SE CONTRA O MURO LOCAL. C/V,1,,,,,,,,,1,Longo da via,Bom,Sem defeito,Perfeito estado,Seca,Perfeito estado,Faixa de pedestre,Outras,,Única,Faixa seccionada,,
2020-10-16 00:00:00,23:55:00,COM VÍTIMA,CANCELADA,CASA FORTE,AV DEZESSETE DE AGOSTO,357,,EM FRENTE A BUGER KING,CASA FORTE,,,COLISÃO,COLISÃO MOTO X AUTO,1,1,,,,,,,,1,,,,,,,,,,,,,
2020-10-17 00:00:00,09:02:00,COM VÍTIMA,FINALIZADA,JARDIM SÃO PAULO,AV RECIFE,5460,,,JARDIM SÃO PAULO,,SUBURBIO,COLISÃO TRASEIRA,COM VÍTIMA,,1,,,,,1,,,1,Longo da via,Bom,Não existe,Perfeito estado,Seca,Perfeito estado,,Não há placas,,Única,Faixa seccionada,,
2020-10-17 00:00:00,12:59:00,COM VÍTIMA,FINALIZADA,ESPINHEIRO,AV CONS ROSA E SILVA,,RUA CONFEDERACAO DO EQUADOR,EM FRENTE AO HOSPITAL DOS SERVIDORES DO ESTADO.,ESPINHEIRO,,SUBURBIO,ABALROAMENTO LONGITUDINAL,COLISÃO COM VÍTIMA,1,1,,,,,,,,1,Cruzamento,Bom,Sem defeito,Perfeito estado,Seca,Perfeito estado,Não existe,R-6a,60 km/h,Única,Faixa seccionada,,
2020-10-17 00:00:00,15:23:00,COM VÍTIMA,FINALIZADA,IBURA,AV DOIS RIOS,985,,EM FRENTE A FARMACIA PAGUE MENOS,IBURA,323,SUBURBIO,ABALROAMENTO TRANSVERSAL,MOTO X CARRO,1,1,,,,,,,,2,Longo da via,Bom,Sem defeito,Perfeito estado,Seca,Perfeito estado,Faixa de pedestre,Não há placas,60 km/h,Dupla,Faixa contínua,,
2020-10-17 00:00:00,15:57:00,COM VÍTIMA,FINALIZADA,TEJIPIÓ,AV DR JOSE RUFINO,3538,,AO LADO DO ARMAZEM CORAL,TEJIPIÓ,,,CHOQUE OBJETO FIXO,CHOQUE EM POSTE DE ENERGIA ELÉTRICA. UMA VÍTIMA.,1,,,,,,,,,1,Longo da via,Bom,Não existe,Incompleta,Seca,Perfeito estado,Não existe,Não há placas,,Dupla,Faixa contínua,,
2020-10-17 00:00:00,21:55:00,SEM VÍTIMA,FINALIZADA,BOA VIAGEM,AV BOA VIAGEM,2334,,POSTO 5 / EM FRENTE AO EDF CATAMARÃ,BOA VIAGEM,,,CHOQUE VEÍCULO PARADO,VEÍCULO CHOCOU-SE CONTRA DOIS VEÍCULOS ESTACIONADOS (CONDUTOR ABANDONOU O VEÍCULO NO LOCAL),3,,,,,,,,,0,,,,,,,,,,,,,
2020-10-18 00:00:00,08:28:00,COM VÍTIMA,FINALIZADA,SAN MARTIN,AV GENERAL SAN MARTIN,74,RUA FLORA RICA,PROX A ESCOLA ADVENTISTA,SAN MARTIN,,CIDADE,ABALROAMENTO LONGITUDINAL,COLISÃO COM VITIMA  ANDRE PINHEIRO VT 10 QTH,1,1,,,,,,,,1,Cruzamento,Bom,Não existe,Perfeito estado,Seca,Perfeito estado,Não existe,Outras,40 km/h,Dupla,Faixa contínua,Faixa seccionada,
2020-10-18 00:00:00,10:05:00,SEM VÍTIMA,FINALIZADA,PRADO,AV ENGENHEIRO ABDIAS DE CARVALHO,,,EM FRENTE AO POSTO DE GASOLINA IMPERIO,PRADO,,,COLISÃO,COLISÃO SEM VITIMAS,1,,,,,,,1,,0,,,,,,,,,,,,,
2020-10-18 00:00:00,12:54:00,SEM VÍTIMA,FINALIZADA,AFOGADOS,RUA COSME VIANA,,,E/F A TUPAN,AFOGADOS,503,SUBURBIO,ABALROAMENTO LONGITUDINAL,DOIS AUTOS COM DUAS VITIMAS. (NO BOLETIM FÍSICO INFORMA QUE NÃO HOUVE VÍTIMAS FERIDAS NESTE ACIDENTE).,2,,,,,,,,,0,Cruzamento,Bom,Sem defeito,Perfeito estado,Seca,,,,,Única,Faixa seccionada,,
2020-10-18 00:00:00,13:03:00,COM VÍTIMA,FINALIZADA,BAIRRO DO RECIFE,CAIS DO APOLO,,,EM FRENTE AO TRIBUNAL REGIONAL FEDERAL,BAIRRO DO RECIFE,,CIDADE,ABALROAMENTO LONGITUDINAL,COLISÃO COM VÍTIMA- ENVOLVENDO AUTO E MOTO,1,1,,,,,,,,1,Longo da via,Bom,Não existe,Perfeito estado,Seca,Perfeito estado,Não existe,Outras,60 km/h,Dupla,Faixa seccionada,Canteiro central,
2020-10-18 00:00:00,22:19:00,SEM VÍTIMA,FINALIZADA,DOIS UNIDOS,AV HILDEBRANDO DE VASCONCELOS,13,,PROX A IGRJA BRASIL PARA CRISTO // ENTRE O CANIL E O TERMINAL DE ONIBUS DOIS UNIDOS,DOIS UNIDOS,,,COLISÃO,VT DA POLICIA MILITAR X MOTO,,1,,,,,,1,,0,,,,,,,,,,,,,
2020-10-19 00:00:00,08:30:00,COM VÍTIMA,FINALIZADA,AFOGADOS,RUA DA PAZ,396,,EM FRENTE AO BANCO ITAU,AFOGADOS,,SUBURBIO,ATROPELAMENTO,ATROPELAMENTO AUTO E PEDESTRE,1,,,,1,,,,,1,Longo da via,Bom,Sem defeito,Incompleta,Seca,Perfeito estado,Faixa de pedestre,R-6a,,Única,Faixa seccionada,,
2020-10-19 00:00:00,09:34:00,COM VÍTIMA,FINALIZADA,SAN MARTIN,AV GENERAL SAN MARTIN,1208,AV ENGENHEIRO ABDIAS DE CARVALHO,,SAN MARTIN,58,NORTE/SUL,COLISÃO FRONTAL,COM UMA VITIMA SOCORRIDA /CTTU NO LOCAL-GM GILSON MELO,1,1,,,,,,,,1,Longo da via,Bom,Sem defeito,Perfeito estado,Seca,Perfeito estado,Agente,Outras,,Dupla,Faixa contínua,,
2020-10-19 00:00:00,14:28:00,COM VÍTIMA,FINALIZADA,CAMPO GRANDE,AV GOVERNADOR AGAMENON MAGALHAES,,,E/F AO SHOPPING TACARUNA,CAMPO GRANDE,,RECIFE,CAPOTAMENTO,AUTO CAPOTOU,1,,,,,,,,,1,,,,,,,,,,,,,
2020-10-19 00:00:00,15:14:00,COM VÍTIMA,FINALIZADA,BOA VIAGEM,AV CONSELHEIRO AGUIAR,1851,RUA JORNALISTA FRANCISCO ALMEIDA,NO CRUZAMENTO MESMO,BOA VIAGEM,,CIDADE,ABALROAMENTO LONGITUDINAL,COLISAO ENTRE AUTO E MOTO COM VITIMAS,1,1,,,,,,,,2,Longo da via,Bom,Não existe,Perfeito estado,Seca,,,Outras,,Única,Faixa contínua,Faixa seccionada,
2020-10-19 00:00:00,18:08:00,COM VÍTIMA,CANCELADA,JORDÃO,AV MARIA IRENE,145,,AO LADO DO PET SHOP BICHINHO- EM FRENTE A IGREJA PENTECOSTAL- EM FRENTE A PIZZARIA ESQUINA 145,JORDÃO,,,COLISÃO,COLISÃO ENTRE AUTO E MOTO C/V,1,1,,,,,,,,1,,,,,,,,,,,,,
2020-10-20 00:00:00,09:49:00,COM VÍTIMA,FINALIZADA,BOA VIAGEM,RUA PROFESSOR JOAO MEDEIROS,311,RUA ERNESTO DE PAULA SANTOS,POR TRAS DA DELEGACIA DE BOA VIAGEM,BOA VIAGEM,,CIDADE,COLISÃO TRASEIRA,COLISÃO COM VITIMA A ESPERA DO SAMU- ENTRE AUTO E MOTO.,1,1,,,,,,,,1,Longo da via,Bom,Não existe,Perfeito estado,Seca,Perfeito estado,Não existe,Outras,,Única,Faixa seccionada,,
2020-10-20 00:00:00,10:10:00,COM VÍTIMA,FINALIZADA,ESPINHEIRO,RUA SANTO ELIAS,,RUA DO ESPINHEIRO,EM FRENTE AO POSTO DE GASOLINA IPIRANGA,ESPINHEIRO,,CIDADE,ABALROAMENTO TRANSVERSAL,COLISÃO COM VITIMA VT 13 QTH,1,1,,,,,,,,1,Cruzamento,Bom,Não existe,Incompleta,Seca,Perfeito estado,Faixa de pedestre,R-6a,,Única,Não existe,,
2020-10-20 00:00:00,10:10:00,COM VÍTIMA,FINALIZADA,IMBIRIBEIRA,RUA ITACARI,301,RUA ITAJAI,JUNTO A LOJA YNOVE- ESQUINA DO BANCO ITAU,IMBIRIBEIRA,,CIDADE,ABALROAMENTO LONGITUDINAL,COM VITIMA- SAMU JA ESTA NO LOCAL,1,1,,,,,,,,1,Cruzamento,Bom,Não existe,Perfeito estado,Seca,Perfeito estado,Faixa de pedestre,Placas Pare,40 km/h,Dupla,Faixa seccionada,,
2020-10-20 00:00:00,13:47:00,COM VÍTIMA,FINALIZADA,JOANA BEZERRA,AV CENTRAL,,,E/F A ESTAÇAO JOANA BEZERRA NA SAIDA DOS ONIBUS. AO LADO DO TERMINAL INTEGRADO.,JOANA BEZERRA,,,COLISÃO FRONTAL,COLISAO ENTRE ONIBUS -MOTO E CARROÇA,,1,,,,1,,,1,1,Longo da via,Bom,Não existe,Não existente,Seca,Perfeito estado,Não existe,Não há placas,,Única,Não existe,,
2020-10-20 00:00:00,14:14:00,SEM VÍTIMA,FINALIZADA,IMBIRIBEIRA,RUA ANTONIO FALCAO,475,,ANTES DA ESTAÇAO ANTONIO FALCAO E/F A GEOVANE SONDAS,IMBIRIBEIRA,,,COLISÃO,COLISAO ENTRE DOIS AUTOS S/V UM DOS CONDUTORES ESTA COM SINTOMAS DE EMBRIAGUEZ,2,,,,,,,,,0,,,,,,,,,,,,,
2020-10-20 00:00:00,17:35:00,COM VÍTIMA,FINALIZADA,BOA VIAGEM,AV CONSELHEIRO AGUIAR,2610,,E/F AO ATACADAO MEC BATEDOR NA MOTO 08/39/06/35. TECNO HOUSE.,BOA VIAGEM,,,COLISÃO TRASEIRA,COLISAO ENTRE AUTO E MOTO COM UMA VITIMA,1,1,,,,,,,,1,Longo da via,Bom,Não existe,Perfeito estado,Seca,Perfeito estado,Não existe,Outras,60 km/h,Única,Faixa contínua,Faixa seccionada,
2020-10-20 00:00:00,18:27:00,COM VÍTIMA,FINALIZADA,BEBERIBE,AV BEBERIBE,3195,,EM FRENTE A GALERIA CAJUEIRO E MARRON CAPOTARIA.,BEBERIBE,,CIDADE,ABALROAMENTO LONGITUDINAL,COLISAO SEGUIDA DE COLISÃO COM CICLISTA ENTRE CAMINHAO SANDEIRO E CICLISTA OBS : BOMBEIRO E SAMU NO LOCAL.,1,,,1,,,1,,,1,Longo da via,Bom,Não existe,Incompleta,Seca,Perfeito estado,Não existe,R-19,50 km/h,Única,Faixa seccionada,,
2020-10-20 00:00:00,18:48:00,COM VÍTIMA,CANCELADA,CAXANGÁ,RUA RIBEIRO PESSOA,733,,PROX A FABRICA DE RAÇAO (PINTO FAMOSO),CAXANGÁ,,,COLISÃO,FIAT UNO X MOTO,1,1,,,,,,,,1,,,,,,,,,,,,,
2020-10-20 00:00:00,21:49:00,COM VÍTIMA,FINALIZADA,IMBIRIBEIRA,RUA ITACARI,301,RUA ITAJAI,EM FRENTE A EMPRESA YNOVE,IMBIRIBEIRA,,CIDADE,ABALROAMENTO TRANSVERSAL,GOL BRANCO X MOTO  OBS: VITIMA RESGATADA PELO SAMU,1,1,,,,,,,,2,Cruzamento,Bom,Não existe,Perfeito estado,Seca,Perfeito estado,Faixa de pedestre,Placas Pare,40 km/h,Única,Faixa contínua,,
2020-10-21 00:00:00,07:27:00,COM VÍTIMA,FINALIZADA,IMBIRIBEIRA,AV MARECHAL MASCARENHAS DE MORAES,2716,,EM FRENTE AO GERALDAO E INTER HOTEL,IMBIRIBEIRA,290,SUBURBIO,ABALROAMENTO TRANSVERSAL,AUTO E MOTO,1,1,,,,,,,,1,Cruzamento,Bom,Intermitente,Perfeito estado,Seca,Perfeito estado,Faixa de retenção,Não há placas,,Dupla,Canteiro central,,
2020-10-21 00:00:00,13:03:00,COM VÍTIMA,FINALIZADA,IMBIRIBEIRA,AV MARECHAL MASCARENHAS DE MORAES,4080,,EM FRENTE AO VENEZA AO MATERIAL DE CONSTRUÇAO,IMBIRIBEIRA,310,SUBURBIO,ABALROAMENTO TRANSVERSAL,COLISÃO CARRO X MOTO,1,1,,,,,,,,1,Cruzamento,Bom,Sem defeito,Perfeito estado,Seca,Perfeito estado,Outros,,60 km/h,Dupla,,,
2020-10-21 00:00:00,13:56:00,COM VÍTIMA,CANCELADA,BOA VIAGEM,AV CONSELHEIRO AGUIAR,,,E/F A PRACINHA DE BOA VIAGEM,BOA VIAGEM,,,COLISÃO,COLISAO DE AUTO E MOTO COM VITIMAS,1,1,,,,,,,,1,,,,,,,,,,,,,
2020-10-21 00:00:00,15:10:00,COM VÍTIMA,FINALIZADA,IPSEP,AV RECIFE,1600,AV PRESIDENTE KENNEDY,PROX A PONTE DO CAÇOTE. LADO OPOSTO AO NÚMERO INFORMADO.,IPSEP,212,BR 101,COLISÃO TRASEIRA,COLISAO ENTRE AUTO E MOTO COM VITIMA,1,1,,,,,,,,1,Esquina,Bom,Sem defeito,Perfeito estado,Seca,Perfeito estado,Outros,Outras,60 km/h,Dupla,Canteiro central,,
2020-10-21 00:00:00,17:22:00,COM VÍTIMA,FINALIZADA,MADALENA,RUA REAL DA TORRE,,RUA JOSE OSORIO,,MADALENA,179,SUBURBIO,ATROPELAMENTO,CICLISTA COM SUSPEITA DE EMBRIAGUEZ ATROPELOU UM PEDESTRE. A EQUIPE ESTÁ NO APOIO DO SOCORRO.,,,,1,2,,,,,3,Cruzamento,Bom,Sem defeito,Perfeito estado,,,Faixa de pedestre,,,,,,
2020-10-21 00:00:00,21:30:00,COM VÍTIMA,FINALIZADA,VÁRZEA,RUA EMILIANO BRAGA,,AV PROFESSOR MORAES REGO,AO LADO DO TERMINAL INTEGRADO CDU.,VÁRZEA,,SUBURBIO,ABALROAMENTO LONGITUDINAL,COLISÃO ENTRE ÔNIBUS E MOTO- C/V,,1,,,,1,,,,1,Esquina,Bom,Não existe,Perfeito estado,Seca,Perfeito estado,Não existe,Não há placas,,Única,Não existe,,
2020-10-22 00:00:00,07:01:00,COM VÍTIMA,FINALIZADA,GRAÇAS,AV RUI BARBOSA,1104,,EM FRENTE AO COLEGIO MARISTA SÃO LUIZ.,GRAÇAS,,CIDADE,ABALROAMENTO LONGITUDINAL,COLISÃO COM VITIMA,,1,,,,1,,,,1,Longo da via,Chuvoso,Não existe,Perfeito estado,Seca,Perfeito estado,Não existe,R-6a,,Única,Faixa seccionada,,
2020-10-22 00:00:00,07:35:00,SEM VÍTIMA,FINALIZADA,SANTO AMARO,AV CRUZ CABUGA,991,,PROXIMO AO MAERCADO DE SANTO AMARO,SANTO AMARO,,,COLISÃO,,1,,,,,,1,,,0,Longo da via,Bom,Sem defeito,Perfeito estado,Seca,Perfeito estado,Faixa de pedestre,,,Dupla,Faixa contínua,,
2020-10-22 00:00:00,07:38:00,SEM VÍTIMA,FINALIZADA,SANTO ANTÔNIO,RUA DA CONCORDIA,,,AO LADO DO EDIFICIO GARAGEM DA SECRETARIA DA FAZENDA,SANTO ANTÔNIO,,,COLISÃO,COLISÃO SEM VITIMAS,1,,,,,,1,,,0,Longo da via,Bom,Sem defeito,Perfeito estado,Seca,Perfeito estado,Outros,Não há placas,40km/h,Única,Outros,,
2020-10-22 00:00:00,08:21:00,COM VÍTIMA,FINALIZADA,AREIAS,AV DR JOSE RUFINO,2537,,IGREJA DO BARRO,AREIAS,,CIDADE,COLISÃO,COM VITIMAS/ SAMU NO LOCAL,1,1,,,,,,,,1,,,,,,,,,,,,,
2020-10-22 00:00:00,13:59:00,COM VÍTIMA,FINALIZADA,AFOGADOS,RUA SAO MIGUEL,1331,RUA DR ROBENILDO ROCHA LEAO,PROX AO PARAISO DO PET,AFOGADOS,,SUBURBIO,ABALROAMENTO TRANSVERSAL,COLISAO ENTRE AUTO E MOTO COM UMA VITIMA,1,1,,,,,,,,1,Cruzamento,Bom,Não existe,Perfeito estado,Seca,Perfeito estado,Não existe,Não há placas,60 km/h,Dupla,Faixa contínua,Faixa seccionada,
2020-10-22 00:00:00,18:48:00,COM VÍTIMA,FINALIZADA,DOIS IRMÃOS,RUA DOIS IRMAOS,,AV DA RECUPERACAO,SOB O VIADUTO DE DOIS IRMÃOS,DOIS IRMÃOS,416,CIDADE,CHOQUE OBJETO FIXO,VIATURA DA POLICIA MILITAR CHOCOU-SE CONTRA UM POSTE - C/VITIMA,,,,,,,,1,,2,Longo da via,Bom,Sem defeito,Perfeito estado,Seca,Perfeito estado,Não existe,R-6a,,Dupla,Faixa contínua,,
2020-10-23 00:00:00,08:44:00,COM VÍTIMA,FINALIZADA,ALTO JOSÉ DO PINHO,AV NORTE,4660,,LADO OPOSTO AO ARMAZÉM CORAL.,ALTO JOSÉ DO PINHO,,SUBURBIO,COLISÃO TRASEIRA,3 AUTOS E UMA MOTO.,3,1,,,,,,,,1,Longo da via,Bom,Não existe,Perfeito estado,Seca,Perfeito estado,Não existe,R-6a,60 km/h,Única,Faixa contínua,,
2020-10-23 00:00:00,09:01:00,COM VÍTIMA,FINALIZADA,VÁRZEA,RUA GENERAL POLIDORO,,RUA AGRICOLANDIA,,VÁRZEA,577,,ATROPELAMENTO,ÔNIBUS E PEDESTRE.,,,,,1,1,,,,1,Cruzamento,Bom,Sem defeito,Perfeito estado,Seca,Perfeito estado,Faixa de pedestre,Outras,,Dupla,Faixa contínua,,
2020-10-23 00:00:00,10:02:00,COM VÍTIMA,FINALIZADA,MADALENA,RUA REAL DA TORRE,1201,RUA CONDE DE IRAJA,PRÓXIMO AO SUPERMERCADO EXTRABOM.,MADALENA,106,SUBURBIO,COLISÃO TRASEIRA,AUTO E MOTO.,1,1,,,,,,,,1,Longo da via,Bom,Sem defeito,Perfeito estado,Seca,Perfeito estado,Faixa de pedestre,R-6a,,Única,Faixa seccionada,,
2020-10-23 00:00:00,10:39:00,COM VÍTIMA,FINALIZADA,ARRUDA,AV BEBERIBE,,AV PROFESSOR JOSE DOS ANJOS,,ARRUDA,131,SUBURBIO,CHOQUE VEÍCULO PARADO,COLISÃO ENTRE AUTO E MOTOCICLETA,1,1,,,,,,,,1,Longo da via,Bom,Sem defeito,Perfeito estado,Seca,Perfeito estado,Faixa de pedestre,R-6a,,Dupla,Faixa seccionada,,
2020-10-23 00:00:00,12:31:00,COM VÍTIMA,FINALIZADA,CAMPO GRANDE,RUA PRUDENTE DE MORAES,158,RUA CARLOS FERNANDES,ULTRAGÁS.,CAMPO GRANDE,,CIDADE,ABALROAMENTO TRANSVERSAL,DOIS AUTOS,2,,,,,,,,,3,Cruzamento,Bom,Não existe,Perfeito estado,Seca,Perfeito estado,Faixa de retenção,Placas Pare,30 km/h,Dupla,Faixa seccionada,,
2020-10-23 00:00:00,13:36:00,COM VÍTIMA,FINALIZADA,BOA VIAGEM,AV DOM JOAO VI,,RUA PEDRO PAES DE MENDONCA,POR TRÁS DO BIG BOMPRECO DE BOA VIAGEM.,BOA VIAGEM,543,CIDADE,ABALROAMENTO LONGITUDINAL,COLISAO ENVOLVENDO AUTO E MOTO COM VITIMA,1,1,,,,,,,,1,Cruzamento,Bom,Sem defeito,Perfeito estado,Seca,Perfeito estado,Faixa de pedestre,Não há placas,60 km/h,Dupla,Faixa seccionada,,
2020-10-23 00:00:00,16:29:00,COM VÍTIMA,FINALIZADA,TAMARINEIRA,AV CONS ROSA E SILVA,1829,,EM FRENTE AO EDF. TABOCAS,TAMARINEIRA,,SUBURBIO,CHOQUE OBJETO FIXO,CICLISTA PERDEU O CONTROLE DA BICICLETA E COLIDIU NO POSTE.,,,,1,,,,,,1,Longo da via,Bom,Não existe,Perfeito estado,Seca,Perfeito estado,Não existe,Não há placas,,Única,Faixa seccionada,,
2020-10-23 00:00:00,20:24:00,COM VÍTIMA,CANCELADA,AFOGADOS,RUA VINTE E UM DE ABRIL,721,,EM FRENTE AO CLUBE FERROVIARIO,AFOGADOS,,,ATROPELAMENTO,,,,,,1,,,,,1,,,,,,,,,,,,,
2020-10-23 00:00:00,23:37:00,COM VÍTIMA,FINALIZADA,SANTO AMARO,VDO ENG ROBERTO PEREIRA DE CARVALHO,,,EM CIMA DO VIADUTO PROXIMO AO SHOPPING TACARUNA.,SANTO AMARO,,SUBURBIO,COLISÃO TRASEIRA,VEICULOS SOBRE VIADUTO,2,,,,,,,,,1,Viaduto,Bom,Não existe,Perfeito estado,Seca,Perfeito estado,Não existe,Não há placas,,Única,Faixa seccionada,,
2020-10-24 00:00:00,01:35:00,SEM VÍTIMA,FINALIZADA,PINA,AV REPUBLICA ARABE UNIDA,78,,PRÓXIMO AO SHOPPING RIOMAR,PINA,,CIDADE,ABALROAMENTO LONGITUDINAL,,1,1,,,,,,,,0,,Bom,Não existe,Perfeito estado,Seca,Perfeito estado,,,,Única,Faixa seccionada,,
2020-10-24 00:00:00,01:39:00,COM VÍTIMA,CANCELADA,SAN MARTIN,RUA DUARTE FILHO,,,PROX A LOMBADA DA GENERAL SAN MARTIN,SAN MARTIN,,,COLISÃO,,1,1,,,,,,,,1,,,,,,,,,,,,,