data,hora,natureza,situacao,bairro,endereco,numero,detalhe_endereco_acidente,complemento,bairro_cruzamento,num_semaforo,sentido_via,tipo,auto,moto,ciclom,ciclista,pedestre,onibus,caminhao,viatura,outros,vitimas,vitimasfatais,acidente_verificado,tempo_clima,situacao_semaforo,sinalizacao,condicao_via,conservacao_via,ponto_controle,situacao_placa,velocidade_max_via,mao_direcao,divisao_via1,divisao_via2,divisao_via3
2020-11-10 00:00:00,09:37:00,COM VÍTIMA,FINALIZADA,BARRO,AV DR JOSE RUFINO,,RUA MAJOR CHAGAS DE OLIVEIRA,EM CIMA DO VIADUTO. AO LADO DA SERRALHARIA GUEDES.,BARRO,,,COLISÃO FRONTAL,MOTO E AUTO / VT 30 NO QTH,1,1,,,,,,,,1,Cruzamento,Bom,Não existe,Perfeito estado,Seca,Perfeito estado,Não existe,Não há placas,,Dupla,Faixa contínua,,
2020-11-10 00:00:00,09:45:00,COM VÍTIMA,FINALIZADA,PINA,AV HERCULANO BANDEIRA,949,RUA ARQUITETO AUGUSTO REINALDO,EM FRENTE AO ATACADO DOS PRESENTES E A PARVI.,PINA,660,SUBURBIO,COLISÃO TRASEIRA,DUAS MOTOS MOTOS 11 / 28  ITALO E EVERTON,,2,,,,,,,,1,Longo da via,Bom,Sem defeito,Perfeito estado,Seca,Perfeito estado,Não existe,Não há placas,60 km/h,Única,Faixa seccionada,,
2020-11-10 00:00:00,12:46:00,COM VÍTIMA,FINALIZADA,HIPÓDROMO,EST DE BELEM,84,RUA DONA ELVIRA,EM FRENTE A QUITANDARIA / PROX A IGREJA DE BELEM,HIPÓDROMO,,SUBURBIO,ABALROAMENTO LONGITUDINAL,CARRO X CAMINHÃO,1,,,,,,1,,,1,Longo da via,Bom,Não existe,Perfeito estado,Seca,Perfeito estado,Não existe,R-6b,,Dupla,Não existe,,
2020-11-10 00:00:00,14:48:00,COM VÍTIMA,FINALIZADA,PRADO,RUA GOMES TABORDA,284,,DEPOIS DO BAR DO PERFUMADO. LADO OPOSTO AO TERRENO DO JOCKEY CLUB DE PERNAMBUCO.,PRADO,,SUBURBIO,ABALROAMENTO LONGITUDINAL,COLISÃO MOTO X CARRO / VT 03 NO LOCAL,1,1,,,,,,,,2,Longo da via,Bom,Não existe,Não existente,Seca,Perfeito estado,Não existe,Não há placas,,Dupla,Faixa seccionada,,
2020-11-10 00:00:00,19:44:00,COM VÍTIMA,FINALIZADA,CAXANGÁ,AV CAXANGA,,PRC DO CAXANGA,NA SAIDA DA INTEGRAÇÃO DA CAXANGÁ,CAXANGÁ,262,SUBURBIO,ABALROAMENTO TRANSVERSAL,A VITIMA É UMA MULHER- ESTÁ AGUARDANDO O SAMU NO LOCAL,,1,,,,1,,,,1,Cruzamento,Bom,Sem defeito,Perfeito estado,Seca,Perfeito estado,,Não há placas,60 km/h,Dupla,Canteiro central,,
2020-11-10 00:00:00,21:15:00,SEM VÍTIMA,FINALIZADA,BOA VISTA,RUA DA CONCEICAO,,,POR TRAS DO ATACADO DOS PRESENTES- PROXIMO DO COLEGIO E CURSO BANDEIRA,BOA VISTA,,,COLISÃO,COLISÃO SEM VITIMAS- UMA DAS PARTES APRESENTA SINTOMAS DE EMBRIAGUEZ,2,,,,,,,,,0,,,,,,,,,,,,,
2020-11-10 00:00:00,22:25:00,COM VÍTIMA,FINALIZADA,AFOGADOS,RUA SAO MIGUEL,2035,,NA QUADRA EM FRENTE DO POSTO IPIRANGA,AFOGADOS,,SUBURBIO,ABALROAMENTO TRANSVERSAL,DUAS MOTOS E UM AUTO.,1,2,,,,,,,,1,Longo da via,Bom,Não existe,Perfeito estado,Seca,Perfeito estado,Não existe,Não há placas,,Dupla,Faixa seccionada,,
2020-11-11 00:00:00,08:24:00,COM VÍTIMA,FINALIZADA,IPUTINGA,AV MAURICIO DE NASSAU,2075,,EM FRENTE AO HOSPITAL FUNDAÇÃO ALTINO VENTURA,IPUTINGA,645,CIDADE,ABALROAMENTO TRANSVERSAL,COLISÃO COM VITIMA,1,1,,,,,,,,1,Longo da via,Bom,Sem defeito,Perfeito estado,Seca,Perfeito estado,Faixa de pedestre,Não há placas,,Dupla,Faixa contínua,,
2020-11-11 00:00:00,09:52:00,COM VÍTIMA,FINALIZADA,JIQUIÁ,RUA SAO MIGUEL,1892,,,JIQUIÁ,,SUBURBIO,COLISÃO COM CICLISTA,COLISÃO COM VÍTIMAS ENTRE MOTOCICLETA E CICLISTA,,1,,1,,,,,,2,Longo da via,Bom,Não existe,Perfeito estado,Seca,Perfeito estado,,Não há placas,40 km/h,Dupla,Faixa contínua,,
2020-11-11 00:00:00,10:42:00,COM VÍTIMA,FINALIZADA,SANTO AMARO,RUA DOS PALMARES,158,,PARTIDO DO TRABALHADOR- POSTE B022084,SANTO AMARO,,CIDADE,ABALROAMENTO LONGITUDINAL,COLISÃO COM VITIMA,1,1,,,,,,,,1,Longo da via,Bom,Não existe,Perfeito estado,Seca,Perfeito estado,Outros,Outras,,Única,Não existe,,
2020-11-11 00:00:00,11:29:00,COM VÍTIMA,FINALIZADA,DERBY,AV GOVERNADOR AGAMENON MAGALHAES,,RUA HENRIQUE DIAS,,DERBY,68,CIDADE,COLISÃO TRASEIRA,COLISÃO COM VÍTIMA ENTRE AUTO E MOTO,1,1,,,,,,,,1,Cruzamento,Bom,Sem defeito,Perfeito estado,Seca,Perfeito estado,Agente,Não há placas,,Única,Não existe,,
2020-11-11 00:00:00,12:25:00,COM VÍTIMA,FINALIZADA,SANTO AMARO,RUA DOS PALMARES,1301,,LADO OPOSTO AO PROCAPE,SANTO AMARO,,CIDADE,ABALROAMENTO LONGITUDINAL,COLISÃO COM VÍTIMA,1,1,,,,,,,,1,Longo da via,Bom,Não existe,,Seca,Outros,Não existe,R-6a,,Única,Faixa seccionada,,
2020-11-11 00:00:00,14:12:00,SEM VÍTIMA,FINALIZADA,AFOGADOS,RUA MOTOCOLOMBO,228,,PRÓXIMO AO TROCÃO,AFOGADOS,,SUBURBIO,ABALROAMENTO LONGITUDINAL,COLISÃO COM VIATURA DA PM,2,,,,,,,,,0,Longo da via,Bom,Sem defeito,Perfeito estado,Seca,Perfeito estado,Faixa de retenção,Não há placas,,Única,Não existe,,
2020-11-11 00:00:00,14:28:00,COM VÍTIMA,FINALIZADA,CAMPO GRANDE,RUA VISCONDE DE CAIRU,74,RUA HAMILTON RIBEIRO,PROXIMO AO CLUBE DAS PAS,CAMPO GRANDE,,SUBURBIO,COLISÃO FRONTAL,COLISÃO COM VÍTIMA,1,1,,,,,,,,1,Esquina,Bom,Não existe,Não existente,Seca,Perfeito estado,Não existe,Não há placas,,,,,
2020-11-11 00:00:00,18:11:00,COM VÍTIMA,FINALIZADA,TAMARINEIRA,AV NORTE,,RUA IAPU,APÓS O CRUZAMENTO DA CONEGO BARATA,TAMARINEIRA,,SUBURBIO,ABALROAMENTO LONGITUDINAL,COLISÃO ENTRE DUAS MOTOS,,2,,,,,,,,2,Cruzamento,Bom,Não existe,Perfeito estado,Seca,Perfeito estado,Não existe,Não há placas,40 km/h,Dupla,Canteiro central,,
2020-11-11 00:00:00,20:21:00,COM VÍTIMA,FINALIZADA,CAXANGÁ,AV CAXANGA,,RUA RODRIGUES FERREIRA,E/F A ASSEMBLEIA DE DEUS / SEMAFORO 232,CAXANGÁ,,,COLISÃO,ÕNIBUS X MOTO C/V,,1,,,,1,,,,1,,,,,,,,,,,,,
2020-11-11 00:00:00,20:45:00,COM VÍTIMA,FINALIZADA,CASA FORTE,AV DEZESSETE DE AGOSTO,1691,EST DAS UBAIAS,PROX AO FORTE FESTA,CASA FORTE,469,SUBURBIO,ABALROAMENTO LONGITUDINAL,AUTO X MOTO,1,1,,,,,,,,1,Cruzamento,Bom,Sem defeito,Perfeito estado,Seca,Perfeito estado,Faixa de pedestre,Outras,,Dupla,Faixa contínua,,
2020-11-12 00:00:00,05:38:00,SEM VÍTIMA,CANCELADA,PINA,RUA NOGUEIRA DE SOUZA,,,,PINA,,,COLISÃO,SEM VÍTIMA - CONDUTOR COM SUSPEITA DE EMBRIAGUEZ,2,,,,,,,,,0,,,,,,,,,,,,,
2020-11-12 00:00:00,07:09:00,COM VÍTIMA,FINALIZADA,JAQUEIRA,AV PARNAMIRIM,25,RUA LEONARDO BEZERRA CAVALCANTE,AO LADO DO HOSPITAL MARIA LUCINDA / E EM FRENTE AO LABORATORIO A MAIS . EDF. PRÍNCIPE DE CASTELLAS.,JAQUEIRA,460,,COLISÃO COM CICLISTA,CICLISTA E AUTO,1,,,1,,,,,,1,Longo da via,Bom,Sem defeito,Ilegível,Seca,Perfeito estado,Agente,R-6a,,Dupla,Faixa seccionada,,
2020-11-12 00:00:00,07:21:00,COM VÍTIMA,FINALIZADA,IMBIRIBEIRA,AV ENGENHEIRO ALVES DE SOUZA,416,,EM FRENT SUB ESTAÇAO DA CELPE,IMBIRIBEIRA,,CIDADE,ABALROAMENTO LONGITUDINAL,CAMINHAO E AUTO,1,,,,,,1,,,1,Longo da via,Bom,Não existe,Perfeito estado,Seca,Perfeito estado,Não existe,Não há placas,,Dupla,Faixa seccionada,,
2020-11-12 00:00:00,07:45:00,COM VÍTIMA,FINALIZADA,BARRO,AV DR JOSE RUFINO,2365,RUA CAPITAO PONCIANO,AO LADO DA IGREJA DO BARRO,BARRO,,SUBURBIO,ABALROAMENTO TRANSVERSAL,COM UMA VITIMA -SAMU NO LOCAL-CTTU NO LOCAL VT 24,1,1,,,,,,,,1,Cruzamento,Bom,Não existe,Incompleta,Seca,Perfeito estado,Não existe,Placas Pare,,Dupla,Faixa contínua,Faixa seccionada,
2020-11-12 00:00:00,14:33:00,COM VÍTIMA,FINALIZADA,BARRO,AV DR JOSE RUFINO,2906,,PROX AO CONJUTO RESIDENCIAL PEDRO MACHADO,BARRO,,SUBURBIO,ABALROAMENTO LONGITUDINAL,COLISAO COM VITIMAS ENTRE AUTO E MOTO,1,1,,,,,,,,2,Longo da via,Bom,Não existe,Perfeito estado,Seca,Perfeito estado,Não existe,Outras,60 km/h,Dupla,Faixa contínua,Faixa seccionada,
2020-11-12 00:00:00,15:40:00,COM VÍTIMA,FINALIZADA,IPUTINGA,RUA BOM PASTOR,430,1 TRV JUSTICA E PAZ,EM FRENTE A GALERIA MARCELA CENTER,IPUTINGA,,,COLISÃO FRONTAL,CARRO E MOTO,1,1,,,,,,,,1,Longo da via,Bom,Não existe,,Seca,,Não existe,R-6b,,Dupla,Não existe,,
2020-11-12 00:00:00,15:49:00,COM VÍTIMA,DUPLICIDADE,IPUTINGA,RUA BOM PASTOR,430,,E/F A GALERIA MARCELA CENTER,IPUTINGA,,,COLISÃO,COLISAO ENTRE AUTO E MOTO COM VITIMA,1,1,,,,,,,,1,,,,,,,,,,,,,
2020-11-12 00:00:00,16:18:00,,,AFOGADOS,RUA SAO MIGUEL,,,EM FRENTE AO DEPATRI,AFOGADOS,,,COLISÃO,COLISÃO SEM VÍTIMA- VEÍCULO AGUARDANDO GUINCHO (IMOBILIZADO NA VIA),1,,,,,1,,,,,,,,,,,,,,,,,
2020-11-12 00:00:00,16:20:00,SEM VÍTIMA,FINALIZADA,IMBIRIBEIRA,RUA SARGENTO SILVINO DE MACEDO,71,,,IMBIRIBEIRA,,SUBURBIO,COLISÃO TRASEIRA,COLISÃO COM CARRO OFICIAL,2,,,,,,,,,0,Longo da via,Bom,Não existe,Perfeito estado,Seca,Perfeito estado,Não existe,Não há placas,,Dupla,Faixa contínua,,
2020-11-12 00:00:00,17:00:00,COM VÍTIMA,FINALIZADA,IMBIRIBEIRA,AV DOM JOAO VI,,RUA JOSE DA SILVA LUCENA,AO LADO DO COLÉGIO GGE.,IMBIRIBEIRA,669,SUBURBIO,COLISÃO FRONTAL,COLISAO ENTRE UM CAMINHAO E DUAS MOTOS COM VITIMAS,,2,,,,,1,,,1,Longo da via,Bom,Sem defeito,Perfeito estado,Seca,Perfeito estado,Faixa de pedestre,Placas Dê a preferência,50 km/h,Única,Não existe,,
2020-11-12 00:00:00,20:14:00,COM VÍTIMA,FINALIZADA,BOA VIAGEM,RUA VISCONDE DE JEQUITINHONHA,,RUA BALTAZAR PASSOS,LADO ESQUERDO DA JEQUITINHONHA- AO LADO DO EDIFICIO COSTA DOS NAVEGANTES,BOA VIAGEM,154,SUBURBIO,ABALROAMENTO LONGITUDINAL,COLISÃO ENTRE AUTO E MOTO- COM VÍTIMA,1,1,,,,,,,,1,Cruzamento,Bom,Sem defeito,Perfeito estado,Seca,Perfeito estado,Faixa de pedestre,Não há placas,,Dupla,Faixa contínua,,
2020-11-12 00:00:00,21:31:00,COM VÍTIMA,FINALIZADA,IMBIRIBEIRA,AV MARECHAL MASCARENHAS DE MORAES,5313,,EM FRENTE AO HOTEL IBIS HOTEL,IMBIRIBEIRA,,CIDADE,CHOQUE OBJETO FIXO,BATEU NO CANTEIRO E CAIU. A PM ESTA NO LOCAL.,,1,,,,,,,,1,Longo da via,Bom,Não existe,Perfeito estado,Seca,Perfeito estado,Não existe,Não há placas,,Única,Canteiro central,,
2020-11-12 00:00:00,23:53:00,COM VÍTIMA,FINALIZADA,JARDIM SÃO PAULO,RUA LEANDRO BARRETO,1309,RUA LEOBINA PEREIRA,EM FRENTE A PIZZARIA DO GORDO,JARDIM SÃO PAULO,,SUBURBIO,ABALROAMENTO TRANSVERSAL,AUTO E MOTO COM VITIMA,1,1,,,,,,,,1,Cruzamento,Bom,Não existe,Incompleta,Seca,Perfeito estado,Não existe,Não há placas,,Dupla,Faixa seccionada,,
2020-11-13 00:00:00,01:33:00,COM VÍTIMA,FINALIZADA,BAIRRO DO RECIFE,CAIS DO APOLO,,AV MILITAR,SEMAFORO 436 EM FRENTE A PCR,BAIRRO DO RECIFE,436,,CHOQUE OBJETO FIXO,CHOQUE COM SEMAFORO,1,,,,,,,,,1,Longo da via,Bom,,Perfeito estado,Seca,Perfeito estado,Faixa de pedestre,Não há placas,,Única,Faixa contínua,Faixa seccionada,
2020-11-13 00:00:00,08:09:00,COM VÍTIMA,FINALIZADA,PRADO,RUA SANTA EDWIRGES,123,RUA PADRE TEOFILO TWORZ,POR TRAS DA ENGEFRIO,PRADO,,SUBURBIO,ABALROAMENTO TRANSVERSAL,COLISÃO C/VITIMAS ENTRE DOIS AUTOS,2,,,,,,,,,1,Cruzamento,Bom,Sem defeito,,Seca,Mal conservada,Faixa de retenção,R-4a,,Única,Não existe,,
2020-11-13 00:00:00,09:32:00,COM VÍTIMA,CANCELADA,PINA,AV HERCULANO BANDEIRA,348,,EM FRENTE AO RJ SERVIÇOS AUTOMOTIVOS,PINA,,,COLISÃO,DUAS MOTOS C/V,,2,,,,,,,,1,,,,,,,,,,,,,
2020-11-13 00:00:00,10:12:00,COM VÍTIMA,FINALIZADA,BARRO,AV DR JOSE RUFINO,2125,,E/F AO MERCADINHO FRUTOS E FRUTAS,BARRO,213,CIDADE,COLISÃO TRASEIRA,COLISÃO ENTRE DOIS AUTOS E UMA MOTO,2,1,,,,,,,,1,Longo da via,Bom,Sem defeito,Perfeito estado,Seca,Perfeito estado,Faixa de pedestre,R-19,40 km/h,Dupla,Faixa contínua,,
2020-11-13 00:00:00,11:05:00,COM VÍTIMA,FINALIZADA,IBURA,RUA JORNALISTA EDSON REGIS,809,,PROX. AO HOTEL CRISTAL,IBURA,,SUBURBIO,ABALROAMENTO TRANSVERSAL,AUTO E MOTO C/V,1,1,,,,,,,,1,Longo da via,Bom,Não existe,Perfeito estado,Seca,Perfeito estado,Outros,Outras,,Dupla,Faixa seccionada,,
2020-11-13 00:00:00,13:02:00,COM VÍTIMA,CANCELADA,ÁGUA FRIA,RUA MANOEL SILVA,320,,AO LADO DO ESPETINHO DO BEU,ÁGUA FRIA,,,COLISÃO,COLISAO ENTRE CAMINHAO E MOTO COM UMA VITIMA,,1,,,,,1,,,1,,,,,,,,,,,,,
2020-11-13 00:00:00,14:36:00,SEM VÍTIMA,FINALIZADA,TORRE,PTE ENGENHEIRO CANDIDO PINTO DE MELO,,,PONTE QUE LIGA RUA AMELIA COM A RUA CONDE DE IRAJÁ,TORRE,,,COLISÃO,AUTO E MOTO SEM VÍTIMA (AUTO VEÍCULO OFICIAL),1,1,,,,,,,,0,Ponte,Bom,Sem defeito,Perfeito estado,Seca,Perfeito estado,Faixa de pedestre,,,Dupla,Faixa contínua,,
2020-11-13 00:00:00,16:09:00,SEM VÍTIMA,CANCELADA,BAIRRO DO RECIFE,AV ALFREDO LISBOA,,,E/F A RECEITA FEDEAL E AO MINISTERIO DA ECONOMIA,BAIRRO DO RECIFE,,,COLISÃO,COLISAO ENTRE DOIS AUTOS CONDUTOR COM SINTOMAS DE EMBRIAGUEZ,2,,,,,,,,,0,,,,,,,,,,,,,
2020-11-13 00:00:00,16:42:00,COM VÍTIMA,FINALIZADA,PINA,AV ENGENHEIRO DOMINGOS FERREIRA,99,,APOS A IGREJA DO PINA. EM FRENTE AO POSTO PETRONAC.,PINA,,SUBURBIO,ABALROAMENTO LONGITUDINAL,COLISAO ENTRE AUTO E MOTO BATEDORES DA MOTO 38 E 14 NO LOCAL,1,1,,,,,,,,1,Longo da via,Bom,Não existe,Perfeito estado,Seca,Perfeito estado,Outros,Outras,,Única,Faixa contínua,Faixa seccionada,
2020-11-13 00:00:00,19:01:00,COM VÍTIMA,FINALIZADA,PINA,AV ENGENHEIRO DOMINGOS FERREIRA,467,,PISTA LESTE. LADO OPOSTO AO MUNDO PET.,PINA,,SUBURBIO,ABALROAMENTO LONGITUDINAL,COM VÍTIMA,1,1,,,,,,,,1,Longo da via,Bom,Não existe,Perfeito estado,Seca,Perfeito estado,Não existe,Não há placas,60 km/h,Única,Canteiro central,,
2020-11-13 00:00:00,20:32:00,SEM VÍTIMA,FINALIZADA,VÁRZEA,RUA VALE DO SIRIJI,2010,,NO COMEÇO DA LADEIRA DO UR7,VÁRZEA,,,COLISÃO,TRES AUTO  OBS: UM DOS MOTORISTA COM SUSPEITA DE EMBRIAGUEZ ABANDONOU O VEICULO NO MEIO DA VIA,3,,,,,,,,,0,Longo da via,Bom,Não existe,Incompleta,Seca,Mal iluminada,Não existe,Não há placas,,Dupla,Não existe,,
2020-11-13 00:00:00,21:16:00,COM VÍTIMA,FINALIZADA,ILHA DO RETIRO,AV ENGENHEIRO ABDIAS DE CARVALHO,,EST DOS REMEDIOS,EM FRENTE A BOB´S E FARMACIA DEPENDENTE,ILHA DO RETIRO,52,SUBURBIO,ABALROAMENTO TRANSVERSAL,CELTA X AUTO OBS: AMBULANCIA DO SAMU NO LOCAL,2,,,,,,,,,1,Cruzamento,Bom,Sem defeito,Perfeito estado,Seca,Perfeito estado,Faixa de pedestre,Placas Pare,,Dupla,Canteiro central,,
2020-11-14 00:00:00,00:39:00,COM VÍTIMA,FINALIZADA,TORRE,RUA TOMAZ GONZAGA,,RUA SOUZA BANDEIRA,COM A RUA SOUZA BANDEIRA,TORRE,448,CIDADE,ABALROAMENTO TRANSVERSAL,COLISÃO AUTO X MOTO,1,1,,,,,,,,1,Cruzamento,Bom,Intermitente,Perfeito estado,Seca,Perfeito estado,Faixa de pedestre,R-4b,,Dupla,Faixa contínua,,
2020-11-14 00:00:00,08:01:00,COM VÍTIMA,FINALIZADA,ARRUDA,RUA SETE PECADOS,167,RUA RAUL POMPEIA,EM FRENTE AO EDIFÍCIO RESIDENCIAL CHATEAU,ARRUDA,,SUBURBIO,ABALROAMENTO LONGITUDINAL,COM DUAS VITIMAS- SAMU NO LOCAL,,2,,,,,,,,2,Esquina,Bom,Não existe,Perfeito estado,Seca,Perfeito estado,Faixa de pedestre,Placas Pare,20 km/h,Dupla,Faixa seccionada,,
2020-11-14 00:00:00,09:34:00,COM VÍTIMA,FINALIZADA,MADALENA,AV ENGENHEIRO ABDIAS DE CARVALHO,2116,EST DOS REMEDIOS,FARMACIA INDEPENDENTE,MADALENA,52,SUBURBIO,ABALROAMENTO LONGITUDINAL,COLISÃO COM UMA VITIMA - SAMU ACIONADO,1,1,,,,,,,,1,Cruzamento,Bom,Sem defeito,Perfeito estado,Seca,Perfeito estado,Faixa de pedestre,Não há placas,,Única,Canteiro central,,
2020-11-14 00:00:00,09:37:00,COM VÍTIMA,FINALIZADA,CORDEIRO,AV CAXANGA,3124,,LADO CONTRARIO DA SEMI NOVOS MOVIDA,CORDEIRO,,CIDADE,TOMBAMENTO,VT 24 NO QTH GM LUANA,,1,,,,,,,,1,Longo da via,Bom,Não existe,Perfeito estado,Seca,Perfeito estado,Não existe,R-6a,,Única,Faixa seccionada,,
2020-11-14 00:00:00,10:01:00,COM VÍTIMA,FINALIZADA,IPSEP,RUA JEAN EMILE FAVRE,509,RUA JAMAICA,EM FRENTE A FACULDADE BOA VIAGEM,IPSEP,,,COLISÃO COM CICLISTA,COM UMA VITIMA AGUARDANDO SOCORRO,,1,,1,,,,,,1,Longo da via,Bom,Não existe,Perfeito estado,Seca,Perfeito estado,Faixa de pedestre,,,Dupla,Faixa contínua,,
2020-11-14 00:00:00,15:15:00,COM VÍTIMA,FINALIZADA,CABANGA,AV SUL,1030,,,CABANGA,205,CIDADE,ATROPELAMENTO ANIMAL,MOTOCICLETA ATROPELOU UM CACHORRO NA VIA,,1,,,,,,,,1,Longo da via,Bom,Sem defeito,Perfeito estado,Seca,Perfeito estado,Faixa de pedestre,,60 km/h,Dupla,Faixa seccionada,,
2020-11-14 00:00:00,16:27:00,COM VÍTIMA,FINALIZADA,JOANA BEZERRA,AV CENTRAL,,,PROX A ESTAÇÃO JOANA BEZERRA,JOANA BEZERRA,,SUBURBIO,ABALROAMENTO LONGITUDINAL,COLISÃO ONIBUS X MOTO,,1,,,,1,,,,1,Longo da via,Bom,Não existe,Perfeito estado,Seca,Perfeito estado,Não existe,R-26,,Única,Não existe,,
2020-11-14 00:00:00,16:49:00,COM VÍTIMA,FINALIZADA,BARRO,AV DR JOSE RUFINO,,,SOBRE O VIADUTO DA BR101,BARRO,,,COLISÃO,CARRO X MOTO / CARRO SE EVADIU DO LOCAL,1,1,,,,,,,,1,Longo da via,Bom,Não existe,Perfeito estado,Seca,Perfeito estado,Não existe,,,Dupla,Não existe,,
2020-11-14 00:00:00,17:00:00,COM VÍTIMA,FINALIZADA,CAJUEIRO,AV BEBERIBE,,,BAR DA FAVA,CAJUEIRO,388,CIDADE,ABALROAMENTO LONGITUDINAL,CARRO X MOTO / CARRO SE EVADIU DO LOCAL,1,1,,,,,,,,1,Longo da via,Bom,Sem defeito,Perfeito estado,Seca,Perfeito estado,Faixa de pedestre,Outras,,Dupla,Faixa contínua,,
2020-11-14 00:00:00,17:56:00,SEM VÍTIMA,FINALIZADA,SANTO AMARO,RUA DOS PALMARES,,,E/F AO PROCAPE,SANTO AMARO,,,COLISÃO,COLISAO DE DOIS AUTOS S/ V,1,,,,,,,1,,0,,,,,,,,,,,,,
2020-11-14 00:00:00,19:07:00,COM VÍTIMA,FINALIZADA,BOA VIAGEM,RUA DEZ DE JULHO,,RUA CAMBOIM,NO CRUZAMENTO MESMO,BOA VIAGEM,,CIDADE,ABALROAMENTO TRANSVERSAL,COLISAO ENTRE AUTO/ MOTO COM VITIMA,1,1,,,,,,,,1,Cruzamento,Bom,Não existe,Perfeito estado,Seca,Perfeito estado,Não existe,Não há placas,,Única,Faixa seccionada,,
2020-11-14 00:00:00,21:13:00,SEM VÍTIMA,CANCELADA,IMBIRIBEIRA,AV MARECHAL MASCARENHAS DE MORAES,884,,E/F A GRILO,IMBIRIBEIRA,,,COLISÃO,COLISAO S/V COM SUSPEITA DE EMBREAGUES,3,,,,,,,,,0,,,,,,,,,,,,,
2020-11-14 00:00:00,21:41:00,COM VÍTIMA,FINALIZADA,ÁGUA FRIA,RUA DA REGENERACAO,230,,PROX A JOSE LUIZ DA FONSECA,ÁGUA FRIA,,SUBURBIO,COLISÃO FRONTAL,COLISAO ENTRE AUTO/ MOTO COM VITIMA E SINAL DE EMBREAGUES. SEGUNDO INFORMAÇÕES DO BOLETIM FÍSICO- O VEÍCULO EVADIU-SE DO LOCAL.,1,1,,,,,,,,1,Longo da via,Bom,Não existe,Incompleta,Seca,Perfeito estado,Não existe,Não há placas,40 km/h,Dupla,Não existe,,
2020-11-15 00:00:00,00:51:00,COM VÍTIMA,FINALIZADA,BOA VIAGEM,RUA ARTUR MUNIZ,,AV CONSELHEIRO AGUIAR,POSTO DE COMBUSTÍVEL BR,BOA VIAGEM,5,SUBURBIO,COLISÃO FRONTAL,AUTO E MOTONETA.,1,1,,,,,,,,1,Cruzamento,Bom,Sem defeito,Perfeito estado,Seca,Perfeito estado,Faixa de pedestre,,,Dupla,Não existe,,
2020-11-15 00:00:00,10:32:00,COM VÍTIMA,FINALIZADA,BOA VISTA,AV GOVERNADOR AGAMENON MAGALHAES,2997,RUA DR LEOPOLDO LINS,EM FRENTE A CAIXA ECONÔMICA FEDERAL E RECEITA FEDERAL DO BRASIL.,BOA VISTA,78,SUBURBIO,TOMBAMENTO,SITUAÇÃO GRAVADA PELO VIDEOMONITORAMENTO. O VEÍCULO PEGOU FOGO LOGO APÓS A DERRAPAGEM,,1,,,,,,,,1,Longo da via,Bom,Sem defeito,Perfeito estado,Seca,Perfeito estado,Faixa de pedestre,Outras,,Dupla,Faixa seccionada,Canteiro central,
2020-11-15 00:00:00,11:58:00,COM VÍTIMA,CANCELADA,JORDÃO,AV MARIA IRENE,1542,,EM FRENTE AO CONDOMINIO JAIME RAMALHO E UPINHA,JORDÃO,,,COLISÃO,AUTO E MOTO,1,1,,,,,,,,1,,,,,,,,,,,,,
2020-11-15 00:00:00,12:40:00,COM VÍTIMA,FINALIZADA,CAMPO GRANDE,EST DE BELEM,65,,LADO OPOSTO DO BANCO ITAU. EM FRENTE A IGREJA BATISTA.,CAMPO GRANDE,,CIDADE,COLISÃO COM CICLISTA,COLISÃO COM VÍTIMA,1,,,1,,,,,,1,Longo da via,Bom,Não existe,Não existente,Seca,Perfeito estado,Não existe,Não há placas,,Dupla,Faixa contínua,,
2020-11-15 00:00:00,12:49:00,COM VÍTIMA,FINALIZADA,SANTO AMARO,AV CRUZ CABUGA,212,,LADO OPOSTO A ASSEMBLÉIA DE DEUS.,SANTO AMARO,,SUBURBIO,ABALROAMENTO TRANSVERSAL,COLISÃO COM VITIMA,1,1,,,,,,,,1,Longo da via,Bom,Não existe,Perfeito estado,Seca,Perfeito estado,Não existe,Não há placas,40 km/h,Dupla,Faixa contínua,,
2020-11-15 00:00:00,13:18:00,COM VÍTIMA,FINALIZADA,PINA,AV ENGENHEIRO DOMINGOS FERREIRA,40,RUA BARREIROS,LADO OPOSTO AO ARMAZÉM BEIRA MAR,PINA,,SUBURBIO,ABALROAMENTO LONGITUDINAL,COLISÃO COM VITIMA,1,1,,,,,,,,1,Longo da via,Bom,Não existe,Perfeito estado,Seca,Perfeito estado,Não existe,Não há placas,60 km/h,Única,Faixa contínua,,