data,hora,natureza,situacao,bairro,endereco,numero,detalhe_endereco_acidente,complemento,bairro_cruzamento,num_semaforo,sentido_via,tipo,auto,moto,ciclom,ciclista,pedestre,onibus,caminhao,viatura,outros,vitimas,vitimasfatais,acidente_verificado,tempo_clima,situacao_semaforo,sinalizacao,condicao_via,conservacao_via,ponto_controle,situacao_placa,velocidade_max_via,mao_direcao,divisao_via1,divisao_via2,divisao_via3
2020-11-22 00:00:00,03:40:00,SEM VÍTIMA,CANCELADA,MADALENA,AV ENGENHEIRO ABDIAS DE CARVALHO,,EST DOS REMEDIOS,DROGASIL- SENTIDO 232,MADALENA,,,COLISÃO,SEM VÍTIMAS- CONDUTOR COM SUSPEITA DE EMBRIAGUEZ,2,,,,,,,,,0,,,,,,,,,,,,,
2020-11-22 00:00:00,08:20:00,COM VÍTIMA,FINALIZADA,CORDEIRO,AV CAXANGA,2811,,EM FRENTE A JBS VEÍCULOS. MASSARELLA GRILL,CORDEIRO,,CIDADE,COLISÃO COM CICLISTA,COM UMA VITIMA AGUARDANDO SOCORRO-VT 24 DA CTTU NO LOCAL-GM DIEGO MONTEIRO E GM LUANA,1,,,1,,,,,,1,Longo da via,Bom,Não existe,Incompleta,Seca,Perfeito estado,Não existe,R-32,,Única,Faixa contínua,Faixa seccionada,
2020-11-22 00:00:00,08:28:00,COM VÍTIMA,FINALIZADA,ALTO SANTA TERESINHA,RUA TAMBOARA,548,,HA 100 METROS DA ASSEMBLEIA DE DEUS,ALTO SANTA TERESINHA,,CIDADE,ABALROAMENTO LONGITUDINAL,COM VITIMAS AGUARDANDO SAMU,1,1,,,,,,,,2,Longo da via,Bom,Não existe,Perfeito estado,Seca,Perfeito estado,Não existe,R-6a,,Dupla,Faixa seccionada,,
2020-11-22 00:00:00,11:47:00,SEM VÍTIMA,FINALIZADA,IPUTINGA,RUA DR JOSE ANASTACIO DA SILVA GUIMARAES,630,,EM FRENTE AO SUPERMERCADO ECONOMICO,IPUTINGA,,,COLISÃO,COLISÃO COM SUSPEITA DE ALCOOLEMIA/ INFORMA QUE AO LONGO DA VIA O CONDUTOR COLIDIU COM 2 VEICULOS,3,,,,,,,,,0,,,,,,,,,,,,,
2020-11-22 00:00:00,23:26:00,SEM VÍTIMA,FINALIZADA,BOA VIAGEM,AV ENGENHEIRO DOMINGOS FERREIRA,3436,RUA PADRE CARAPUCEIRO,FAIXA DA DIREITA DA DOMINGOS FERREIRA- EM FRENTE AO GOSTO DE BOLO- AO LADO DO BANCO DO BRASIL,BOA VIAGEM,,,COLISÃO,COLISÃO ENTRE VIATURA DA PM E AUTO- S/V,1,,,,,,,1,,0,Longo da via,Bom,Sem defeito,Perfeito estado,Seca,Perfeito estado,Faixa de pedestre,Outras,N/I,Única,Canteiro central,,
2020-11-23 00:00:00,08:32:00,COM VÍTIMA,FINALIZADA,BOA VIAGEM,RUA GENERAL SALGADO,820,RUA COSMORAMA,EM FRENTE AO  EDIFICIO CHATEAU  HERMITAGE. PRÓXIMO A SHARK ARENA.,BOA VIAGEM,,,ABALROAMENTO TRANSVERSAL,COLISÃO COM VITIMA,2,,,,,,,,,1,Cruzamento,Bom,Não existe,Perfeito estado,Seca,Perfeito estado,Não existe,Placas Pare,,Dupla,Não existe,,
2020-11-23 00:00:00,19:02:00,COM VÍTIMA,FINALIZADA,IMBIRIBEIRA,AV RECIFE,,,DECIDA DO ACESSO SENTIDO AV MASCARENHAS DE MORAIS,IMBIRIBEIRA,,AFOGADOS,CHOQUE OBJETO FIXO,AUTO COLIDIU CO O GELO BAIANO,1,,,,,,,,,1,,,,,,,,,,,,,
2020-11-23 00:00:00,19:07:00,SEM VÍTIMA,FINALIZADA,IPSEP,RUA PINTOR ANTONIO ALBUQUERQUE,16,RUA ABDIAS CABRAL DE MOURA,AO LADO DO POSTO SHELL,IPSEP,,,CHOQUE OBJETO FIXO,CAMINHÃO CHOCOU-SE CONTRA O POSTE- CAUSANDO A QUEDA DO MESMO,,,,,,,1,,,0,Longo da via,Bom,Não existe,Perfeito estado,Seca,Perfeito estado,Outros,R-6a,30KM,Única,Outros,,
2020-11-23 00:00:00,19:39:00,COM VÍTIMA,FINALIZADA,BOA VIAGEM,AV ENGENHEIRO DOMINGOS FERREIRA,4036,RUA RIBEIRO DE BRITO,E/F A MORADA DO SOL E AO PET SHOP AMIGO DO BIXO,BOA VIAGEM,,,COLISÃO,ENTRE MOTO E AUTO PASSEIO. C/V,1,1,,,,,,,,1,,,,,,,,,,,,,
2020-11-23 00:00:00,19:47:00,COM VÍTIMA,FINALIZADA,IMBIRIBEIRA,AV PINHEIROS,473,RUA ARQUITETO LUIZ NUNES,NO CRUZAMENTO COM A ARQUITETO LUIZ NUNES.,IMBIRIBEIRA,537,CIDADE,COLISÃO FRONTAL,COLISAO ENTRE AUTO E MOTO COM VITIMA,1,1,,,,,,,,1,Cruzamento,Bom,Sem defeito,Perfeito estado,Seca,Perfeito estado,Não existe,Não há placas,,Dupla,Faixa contínua,,
2020-11-24 00:00:00,09:54:00,COM VÍTIMA,FINALIZADA,APIPUCOS,RUA DE APIPUCOS,600,,EM FRENTE AO MOTEL SENZALA,APIPUCOS,,DOIS IRMÃOS,COLISÃO FRONTAL,2 AUTOS.,2,,,,,,,,,2,Longo da via,Bom,Sem defeito,Perfeito estado,Seca,Perfeito estado,,R-6a,,Dupla,Faixa contínua,,
2020-11-24 00:00:00,10:13:00,COM VÍTIMA,FINALIZADA,PAISSANDU,AV GOVERNADOR AGAMENON MAGALHAES,4318,,EM FRENTE AO EMPRESARIAL RENATO DIAS,PAISSANDU,,SUBURBIO,ATROPELAMENTO,COM VITIMA,1,1,,,1,,,,,1,Longo da via,Bom,Não existe,Perfeito estado,Seca,Perfeito estado,Não existe,Outras,,Dupla,Faixa seccionada,,
2020-11-24 00:00:00,12:39:00,COM VÍTIMA,FINALIZADA,VÁRZEA,RUA PROFESSOR ANTONIO COELHO,455,RUA ODON RODRIGUES DE MORAIS REGO,RUA DO COLÉGIO PONTUAL / PRÓX AO HAPVIDA DA CAXANGÁ,VÁRZEA,,SUBURBIO,COLISÃO COM CICLISTA,COLISÃO COM CICLISTA. SAMU NO LOCAL.,1,,,1,,,,,,1,Cruzamento,Bom,Não existe,Perfeito estado,Seca,Perfeito estado,Não existe,Placas Pare,30 km/h,Dupla,Não existe,,
2020-11-24 00:00:00,12:50:00,SEM VÍTIMA,FINALIZADA,JARDIM SÃO PAULO,RUA LEANDRO BARRETO,159,,PRÓXIMO À IGREJA DE JESUS CRISTO DOS SANTOS DOS ÚLTIMOS DIAS,JARDIM SÃO PAULO,,SUBURBIO,COLISÃO TRASEIRA,COLISÃO COM VEÍCULO OFICIAL,2,,,,,,,,,0,Longo da via,Bom,Não existe,Não existente,Seca,Perfeito estado,Faixa de pedestre,Não há placas,,Dupla,Faixa contínua,,
2020-11-24 00:00:00,13:45:00,COM VÍTIMA,FINALIZADA,BOA VISTA,RUA DA AURORA,,RUA MAMEDE SIMOES,EM FRENTE AO GINÁSIO PERNAMBUCANO,BOA VISTA,,SUBURBIO,COLISÃO TRASEIRA,COLISÃO COM VÍTIMA,1,1,,,,,,,,1,Longo da via,Bom,Sem defeito,Perfeito estado,Seca,Perfeito estado,Faixa de pedestre,Não há placas,,Única,Faixa seccionada,,
2020-11-24 00:00:00,17:14:00,COM VÍTIMA,FINALIZADA,VÁRZEA,AV AFONSO OLINDENSE,366,,PLANETA MAR PESCADO,VÁRZEA,,,ABALROAMENTO LONGITUDINAL,COLISÃO AUTO E MOTO,1,1,,,,,,,,2,Longo da via,Bom,Não existe,Perfeito estado,Seca,Perfeito estado,Não existe,Não há placas,,Dupla,Faixa contínua,,
2020-11-24 00:00:00,18:44:00,COM VÍTIMA,FINALIZADA,ENCRUZILHADA,EST DE BELEM,190,RUA DONA JULIETA,EM FRENTE A PAROQUI NOSSA SENHORA DE BELEM- AO LADO DO VAN LONG ENCRUZILHADA. EDF. JÚLIO II,ENCRUZILHADA,,SUBURBIO,ABALROAMENTO TRANSVERSAL,COLISÃO AUTO E MOTO- C/V,1,1,,,,,,,,1,Cruzamento,Bom,Não existe,Perfeito estado,Seca,Perfeito estado,,Não há placas,,Dupla,Faixa contínua,,
2020-11-24 00:00:00,21:14:00,COM VÍTIMA,FINALIZADA,SANTO AMARO,AV CRUZ CABUGA,644,RUA DOIS DE JULHO,EM FRENTE A IGREJA MISSIONARIA,SANTO AMARO,,SUBURBIO,ABALROAMENTO TRANSVERSAL,COLISÃO ENTRE AUTO E MOTO COM VITIMA- VT-26 NO LOCAL,1,1,,,,,,,,1,Esquina,Bom,Sem defeito,Perfeito estado,Seca,Perfeito estado,Faixa de pedestre,Outras,,Dupla,Faixa seccionada,,
2020-11-25 00:00:00,09:04:00,COM VÍTIMA,FINALIZADA,CABANGA,RUA DILERMANO REIS,25,RUA COMANDANTE ANTONIO MANHAES DE MATTOS,AO LADO DA COMPESA.,CABANGA,,SUBURBIO,COLISÃO COM CICLISTA,ONIBUS E CICLISTA C/V,,,,1,,1,,,,1,Longo da via,Bom,Não existe,Perfeito estado,Seca,Perfeito estado,Não existe,Não há placas,30 km/h,Dupla,Faixa contínua,,
2020-11-25 00:00:00,14:09:00,COM VÍTIMA,FINALIZADA,ROSARINHO,EST VELHA DE AGUA FRIA,978,,E/F A FUNDAÇAO DA IBGE E ANTIGO DNOCS,ROSARINHO,,CIDADE,ABALROAMENTO LONGITUDINAL,COLISAO ENTRE AUTO E MOTO COM UMA VITIMA,1,1,,,,,,,,1,Longo da via,Bom,Sem defeito,Perfeito estado,Seca,Perfeito estado,Não existe,Não há placas,,Dupla,Faixa contínua,,
2020-11-25 00:00:00,15:43:00,COM VÍTIMA,FINALIZADA,TEJIPIÓ,RUA FALCAO DE LACERDA,354,,EM FRENTE A CLINICA AQUI DOUTOR E PROXIMO AO SEMÁFORO 285,TEJIPIÓ,,SUBURBIO,ABALROAMENTO TRANSVERSAL,COLISÃO COM VÍTIMA,1,1,,,,,,,,1,Longo da via,Bom,,Incompleta,Seca,Mal conservada,Não existe,R-6a,,Dupla,Não existe,,
2020-11-25 00:00:00,17:04:00,COM VÍTIMA,CANCELADA,SAN MARTIN,AV GENERAL SAN MARTIN,2774,,PROX AO COLEGIO ADVENTISTA,SAN MARTIN,,,COLISÃO,COLISAO ENTRE AUTO E MOTO COM UMA VITIMA,1,1,,,,,,,,1,,,,,,,,,,,,,
2020-11-25 00:00:00,19:05:00,COM VÍTIMA,FINALIZADA,SÃO JOSÉ,RUA IMPERIAL,981,TRV DO RAPOSO,E/F A FERRO E AÇO,SÃO JOSÉ,510,SUBURBIO,ABALROAMENTO TRANSVERSAL,COLISAO ENTRE DOIS AUTOS COM VITIMAS,2,,,,,,,,,1,Cruzamento,Bom,Sem defeito,Perfeito estado,Seca,Perfeito estado,Faixa de pedestre,,,Única,Faixa contínua,,
2020-11-26 00:00:00,06:25:00,COM VÍTIMA,CANCELADA,ESTÂNCIA,AV DR JOSE RUFINO,,,EM FRENTE A IGREJA DE SANTA LUZIA,ESTÂNCIA,,,COLISÃO,COLISÃO COM VÍTIMA,1,1,,,,,,,,2,,,,,,,,,,,,,
2020-11-26 00:00:00,11:03:00,SEM VÍTIMA,FINALIZADA,IMBIRIBEIRA,AV MARECHAL MASCARENHAS DE MORAES,,,AO LADO DIREITO DA LINHA DO TREM,IMBIRIBEIRA,,,CHOQUE OBJETO FIXO,NA ENTRADA DO AEROPORTO CARRETA DERRUBOU UM POSTE.,,,,,,,1,,,0,,,,,,,,,,,,,
2020-11-26 00:00:00,11:30:00,COM VÍTIMA,CANCELADA,TAMARINEIRA,AV CONS ROSA E SILVA,2342,,EM FRENTE AO POSTO IPIRANGA,TAMARINEIRA,,,COLISÃO,COLISÃO COM UMA VITIMA AGUARDANDO SOCORRO-VT 12 DA CTTU NO LOCAL,1,1,,,,,,,,1,,,,,,,,,,,,,
2020-11-26 00:00:00,11:39:00,COM VÍTIMA,FINALIZADA,JIQUIÁ,AV DR JOSE RUFINO,36,RUA PASSO DA SANTA CRUZ,APÓS A RUA ANTÔNIO CARNEIRO- EM FRENTE A FÁBRICA DE YOLANDA.,JIQUIÁ,82,SUBURBIO,COLISÃO FRONTAL,COM UMA VITIMA -SAMU NO LOCAL,,1,,,,,1,,,1,Longo da via,Bom,Não existe,Perfeito estado,Seca,Perfeito estado,Não existe,Não há placas,60 km/h,Dupla,Faixa contínua,,
2020-11-26 00:00:00,12:15:00,COM VÍTIMA,FINALIZADA,BEBERIBE,AV BEBERIBE,,,PRÓX AO BOMPREÇO E AO CAMPO DO ARRUDA,BEBERIBE,,,COLISÃO,COLISÃO COM VÍTIMA. VT 25 NO LOCAL.,1,1,,,,,,,,1,,,,,,,,,,,,,
2020-11-26 00:00:00,12:51:00,COM VÍTIMA,FINALIZADA,JOANA BEZERRA,VDO PAPA JOAO PAULO II,,,DESCIDA DO VIADUTO PAPA JOAO PAULO II - SENTIDO DERBY ANTES DA PASSARELA. AO LADO DO FORUM RODOLFO AURELIANO.,JOANA BEZERRA,,CIDADE,ATROPELAMENTO,ÔNIBUS BRT E PEDESTRE.,,,,,1,1,,,,1,Longo da via,Bom,Não existe,Perfeito estado,Seca,Perfeito estado,Não existe,Não há placas,,Dupla,Faixa seccionada,Canteiro central,
2020-11-26 00:00:00,15:39:00,COM VÍTIMA,FINALIZADA,DERBY,AV GOVERNADOR AGAMENON MAGALHAES,,,EM FRENTE À FARMÁCIA PAGUE MENOS / PRÓX À AGÊNCIA ITAÚ PERSONNALITÉ,DERBY,,SUBURBIO,ABALROAMENTO LONGITUDINAL,COLISÃO COM VÍTIMA,1,1,,,,,1,,,1,Longo da via,Bom,Não existe,Perfeito estado,Seca,Perfeito estado,Outros,Não há placas,60 km/h,Dupla,Canal,,
2020-11-26 00:00:00,16:04:00,SEM VÍTIMA,FINALIZADA,PAISSANDU,AV GOVERNADOR AGAMENON MAGALHAES,,,EM FRENTE AO BRADESCO Nº 4481,PAISSANDU,,CIDADE,COLISÃO TRASEIRA,COLISÃO COM VEICULO OFICIAL- DA SECRETARIA DE MEIO AMBIENTE E SUSTETABILIDADE DE PERNAMBUCO,2,,,,,,,,,0,,Bom,Sem defeito,Perfeito estado,Seca,Perfeito estado,Não existe,Não há placas,,Única,Canteiro central,,
2020-11-26 00:00:00,16:18:00,COM VÍTIMA,FINALIZADA,IMBIRIBEIRA,AV MARECHAL MASCARENHAS DE MORAES,2967,RUA ITACARE,EM FRENTE À FERREIRA COSTA. LADO OPOSTO AO BANCO DO BRASIL.,IMBIRIBEIRA,386,SUBURBIO,ABALROAMENTO TRANSVERSAL,SAMU ACIONADO. AGENTES VINÍCIUS E PERICLES NO LOCAL. ABALROAMENTO TRANSVERSAL SEGUIDO DE ATROPELAMENTO.,2,,,,1,,,,,1,Esquina,Bom,Sem defeito,Perfeito estado,Seca,Perfeito estado,Faixa de pedestre,Outras,60 km/h,Dupla,Faixa seccionada,Canteiro central,Outros
2020-11-26 00:00:00,18:58:00,COM VÍTIMA,FINALIZADA,DERBY,RUA JOAQUIM NABUCO,,,EM FRENTE AO HEMOPE E AO HOSPITAL SANTA JOANA,DERBY,,SUBURBIO,COLISÃO TRASEIRA,COLISÃO ENTRE AUTO E MOTO- COM VÍTIMA,1,1,,,,,,,,2,Longo da via,Bom,Não existe,Perfeito estado,Seca,Perfeito estado,Não existe,Não há placas,50 km/h,Única,Faixa seccionada,,
2020-11-27 00:00:00,03:02:00,COM VÍTIMA,FINALIZADA,SANTO ANTÔNIO,RUA DO SOL,,PRC DA REPUBLICA,PROXIMO AO TEATRO SANTA ISABEL,SANTO ANTÔNIO,,,ABALROAMENTO TRANSVERSAL,AUTO E MOTO.,1,1,,,,,,,,1,Longo da via,Bom,Não existe,Perfeito estado,Seca,Perfeito estado,Não existe,R-6a,,Única,Faixa contínua,,
2020-11-27 00:00:00,08:16:00,COM VÍTIMA,FINALIZADA,MADALENA,AV CAXANGA,653,,EM FRENTE AO COMPAZ- SENT. CIDADE,MADALENA,,,COLISÃO COM CICLISTA,MOTO E CICLISTA C/V,,1,,1,,,,,,3,Longo da via,Bom,Não existe,Perfeito estado,Seca,Perfeito estado,Faixa de pedestre,Não há placas,,Única,Canteiro central,,
2020-11-27 00:00:00,08:58:00,COM VÍTIMA,CANCELADA,MUSTARDINHA,AV MANOEL GONCALVES DA LUZ,,,EM FRENTE A ACADEMIA DA CIDADE  E A PRAÇA DO ABC,MUSTARDINHA,,,COLISÃO,COLISÃO COM VITIMA A ESPERA DO SAMU,1,1,,,,,,,,1,,,,,,,,,,,,,
2020-11-27 00:00:00,09:49:00,COM VÍTIMA,FINALIZADA,MADALENA,AV BEIRA RIO,591,,EM ENFRENTE AO PREDIO DO GOVERNADOR. EDF. SOBRADO DO CAPIBARIBE.,MADALENA,,TORRE,CHOQUE VEÍCULO PARADO,COM VITIMA,1,1,,,,,,,,1,Longo da via,Bom,Não existe,Perfeito estado,Seca,Perfeito estado,Faixa de pedestre,R-6a,,Dupla,Faixa seccionada,,
2020-11-27 00:00:00,10:52:00,SEM VÍTIMA,FINALIZADA,SANTO AMARO,RUA DA SAUDADE,,RUA JOAO LIRA,,SANTO AMARO,308,SUBURBIO,ABALROAMENTO TRANSVERSAL,VEICULO OFICIAL DA CASA MILITAR,2,,,,,,,,,0,Cruzamento,Bom,Sem defeito,Incompleta,Seca,Perfeito estado,Faixa de pedestre,Não há placas,,Única,Não existe,,
2020-11-27 00:00:00,10:59:00,COM VÍTIMA,FINALIZADA,TAMARINEIRA,AV NORTE,3538,,EM FRENTE A  VISTOCAR  VISTORIA DO DETRAN,TAMARINEIRA,,SUBURBIO,COLISÃO TRASEIRA,COLISÃO COM VITIMA A ESPERA DO SAMU,1,1,,,,,,,,1,Longo da via,Bom,Não existe,Perfeito estado,Seca,Perfeito estado,Não existe,Outras,,Dupla,Canteiro central,,
2020-11-27 00:00:00,16:56:00,COM VÍTIMA,FINALIZADA,APIPUCOS,AV DEZESSETE DE AGOSTO,222,,APOS O COLEGIO SILVA JARDIM,APIPUCOS,,SUBURBIO,COLISÃO TRASEIRA,COLISAO ENTRE AUTO E MOTO COM UMA VITIMA,1,1,,,,,,,,1,Longo da via,Bom,Não existe,Perfeito estado,Seca,Perfeito estado,,Outras,,Dupla,Faixa contínua,,
2020-11-27 00:00:00,19:00:00,COM VÍTIMA,FINALIZADA,SANTO AMARO,RUA AURORA,,AV NORTE,PONTE DO LIMOEIRO . HOSPITAL RECIFE 1 - COVID.,SANTO AMARO,243,SUBURBIO,COLISÃO COM CICLISTA,MOTO X CICILISTA. C/V,,1,,1,,,,,,1,Cruzamento,Bom,Sem defeito,Perfeito estado,Seca,Perfeito estado,Faixa de pedestre,Outras,,Dupla,Não existe,,
2020-11-28 00:00:00,05:57:00,SEM VÍTIMA,FINALIZADA,TORRÕES,RUA LUIZ DA CAMARA CASCUDO,,,BARRACA DE SEU MARTIN,TORRÕES,,,CHOQUE VEÍCULO PARADO,VEICULO COLIDIU COM O MURO DE UMA RESIDENCIA E O CONDUTOR ESTA VISIVELMENTE EMBRIAGADO SEGUNDO RELATOS,2,,,,,,,,,0,,,,,,,,,,,,,
2020-11-28 00:00:00,07:33:00,SEM VÍTIMA,FINALIZADA,SANTO AMARO,AV CRUZ CABUGA,,RUA PEDRO AFONSO,SOB SEMÁFORO 674,SANTO AMARO,674,SUBURBIO,COLISÃO FRONTAL,VEICULO CHOCOU-SE COM POSTE / VIRGINIA E JOAO SANTOS NO QTH,1,,,,,,,,,0,Cruzamento,Bom,Sem defeito,Perfeito estado,Seca,Perfeito estado,Faixa de pedestre,,,Dupla,,,
2020-11-28 00:00:00,11:23:00,COM VÍTIMA,FINALIZADA,SANTO AMARO,RUA DA AURORA,1019,,EM FRENTE A GLOBO. APÓS A ESTÁTUA DO TORTURA NUNCA MAIS. LADO OPOSTO AO NÚMERO INFORMADO.,SANTO AMARO,,SUBURBIO,COLISÃO TRASEIRA,AUTO E MOTO PM,1,1,,,,,,,,1,Longo da via,Bom,Não existe,Perfeito estado,Seca,Perfeito estado,Não existe,Não há placas,,Dupla,Faixa seccionada,Canteiro central,
2020-11-28 00:00:00,14:06:00,COM VÍTIMA,FINALIZADA,IMBIRIBEIRA,AV MARECHAL MASCARENHAS DE MORAES,2200,,EM FRENTE A FACULDADE UNIVERSO,IMBIRIBEIRA,,SUBURBIO,ABALROAMENTO LONGITUDINAL,COLISÃO COM CARRO E MOTO / O CARRO COLIDIU COM A MOTO E A MOTO COLIDIU COM OUTRO CARRO,2,1,,,,,,,,1,Longo da via,Bom,Não existe,Perfeito estado,Seca,Perfeito estado,Não existe,R-6a,,Dupla,Canteiro central,,
2020-11-28 00:00:00,17:13:00,COM VÍTIMA,FINALIZADA,SANTO AMARO,AV NORTE,824,,PRÓX À NATY LANCHES / SENTIDO CABUGÁ. LADO OPOSTO A ANTIGA LBA.,SANTO AMARO,,SUBURBIO,COLISÃO COM CICLISTA,COLISÃO COM CICLISTA. VT 26 NO LOCAL.,,1,,1,,,,,,2,Longo da via,Bom,Sem defeito,Perfeito estado,Seca,Perfeito estado,Não existe,Não há placas,60 km/h,Única,Faixa seccionada,,
2020-11-28 00:00:00,18:11:00,SEM VÍTIMA,CANCELADA,VÁRZEA,RUA GASTAO VIDIGAL,,,EM FRENTE A FARMACIA DO TRABALHADOR / PROX A UPA DA CAXANGA,VÁRZEA,,,COLISÃO,COLISÃO COM SUSPEITA DE ALCOOLEMIA,2,,,,,,,,,0,,,,,,,,,,,,,
2020-11-28 00:00:00,21:45:00,SEM VÍTIMA,FINALIZADA,BOA VIAGEM,AV HELIO FALCAO,715,,PRÓX AO COLÉGIO ANCHIETA // PRÓX A CHURRASCARIA PAJUSSARA,BOA VIAGEM,,,CHOQUE,VEÍCULO CHOCOU-SE CONTRA O MURO DO EDIFÍCIO E O CONDUTOR EVADIU-SE DO LOCAL,1,,,,,,,,,0,,,,,,,,,,,,,
2020-11-28 00:00:00,22:20:00,COM VÍTIMA,CANCELADA,BOA VIAGEM,RUA RIBEIRO DE BRITO,,,EM FRENTE AO POSTO BR- PROXIMO DO VIADUTO TANCREDO NEVES,BOA VIAGEM,,,ENGAVETAMENTO,ENGAVETAMENTO ENVOLVENDO TRÊS AUTO E UMA MOTO- COM VÍTIMAS,3,1,,,,,,,,1,,,,,,,,,,,,,
2020-11-29 00:00:00,00:55:00,COM VÍTIMA,EQUIPE NO LOCAL,DERBY,AV GOVERNADOR AGAMENON MAGALHAES,,RUA HENRIQUE DIAS,SENTIDO OLINDA/BOA VIAGEM - EM FRENTE AO ANTIGO SPETTUS,DERBY,68,,ABALROAMENTO TRANSVERSAL,COLISÃO COM VÍTIMA ENTRE DOIS AUTOS,2,,,,,,,,,3,Cruzamento,Bom,Sem defeito,Perfeito estado,Seca,Perfeito estado,Faixa de pedestre,,60 km/h,Única,,,
2020-11-29 00:00:00,08:55:00,COM VÍTIMA,FINALIZADA,CASA FORTE,AV DEZESSETE DE AGOSTO,2505,,EM FRENTE A RPA . GERÊNCIA OPERACIONAL DE FISCALIZAÇÃO.,CASA FORTE,,CIDADE,COLISÃO TRASEIRA,COLISÃO COM VITIMA GM MILLER  QTH,2,,,,,,,,,1,Longo da via,Bom,Sem defeito,Perfeito estado,Seca,Perfeito estado,Faixa de pedestre,R-6a,60 km/h,Dupla,Faixa contínua,,
2020-11-29 00:00:00,09:06:00,COM VÍTIMA,FINALIZADA,BOA VISTA,RUA DO PRINCIPE,,RUA BISPO CARDOSO AYRES,EM FRENTE A IGREJA EVANGELICA PERNAMBUCANA,BOA VISTA,176,CIDADE,ABALROAMENTO TRANSVERSAL,COLISÃO COM VITIMA A ESPERA DO SAMU,1,,,,,1,,,,1,Cruzamento,Chuvoso,Sem defeito,,Molhada,Perfeito estado,Faixa de pedestre,Não há placas,,Única,Faixa seccionada,,
2020-11-29 00:00:00,13:14:00,COM VÍTIMA,FINALIZADA,BOA VIAGEM,AV ENGENHEIRO DOMINGOS FERREIRA,3838,RUA BRUNO VELOSO,EM FRENTE A DROGASIL/ VIA DA ESQUERDA,BOA VIAGEM,338,SUBURBIO,ABALROAMENTO TRANSVERSAL,COLISÃO COM VÍTIMA,2,,,,,,,,,1,Cruzamento,Bom,Sem defeito,Perfeito estado,Seca,Perfeito estado,Faixa de pedestre,Outras,,Única,Faixa contínua,Faixa seccionada,Canteiro central
2020-11-29 00:00:00,15:08:00,COM VÍTIMA,FINALIZADA,AFOGADOS,EST DOS REMEDIOS,,,E/F A DISRIBUIDORA DA TUPAN. LOJA JEEP FIORI.,AFOGADOS,,,CHOQUE OBJETO FIXO,VEICULO CHOCOU COM A LOJA VT 21 NO LOCAL,1,,,,,,,,,1,Não informado,Bom,Sem defeito,Perfeito estado,Seca,Perfeito estado,,,,Única,Faixa seccionada,,
2020-11-29 00:00:00,19:37:00,COM VÍTIMA,FINALIZADA,ALTO JOSÉ BONIFÁCIO,RUA ALTO JOSE BONIFACIO,231,,EM FRENTE A IGREJA BATISTA- PROXIMO DA FARMÁCIA DESCONTÃO,ALTO JOSÉ BONIFÁCIO,,SUBURBIO,COLISÃO FRONTAL,COLISÃO ENTRE DOIS AUTO- COM VITIMA,2,,,,,,,,,1,Longo da via,Bom,Não existe,Perfeito estado,Seca,Perfeito estado,Não existe,Não há placas,30 km/h,Dupla,Faixa contínua,Faixa seccionada,
2020-11-29 00:00:00,19:52:00,COM VÍTIMA,FINALIZADA,IPUTINGA,AV MAURICIO DE NASSAU,434,EST DO BARBALHO,SEMÁFORO 246 / E/F AO MERCADO DAS RAÇÕES E LANCHONETE DA NANDA,IPUTINGA,246,SUBURBIO,ABALROAMENTO LONGITUDINAL,2 MOTOS. C/V,,2,,,,,,,,2,Longo da via,Bom,Sem defeito,Perfeito estado,Seca,Perfeito estado,Faixa de pedestre,,,Dupla,Faixa contínua,,
2020-11-29 00:00:00,20:14:00,COM VÍTIMA,FINALIZADA,BOA VIAGEM,RUA CORONEL ANIZIO RODRIGUES COELHO,618,RUA DES JOAO PAES,AO LADO DO NORTE SUL NEGOCIOS,BOA VIAGEM,,,ABALROAMENTO TRANSVERSAL,COLISÃO ENTRE AUTO E MOTO- COM VITIMA,1,1,,,,,,,,1,Cruzamento,Bom,Não existe,Perfeito estado,Seca,Perfeito estado,Faixa de pedestre,Placas Pare,,Única,Não existe,,
2020-11-30 00:00:00,02:51:00,SEM VÍTIMA,FINALIZADA,BOA VIAGEM,RUA ANTONIO FALCAO,211,,EM FRENTE AO PADERÃO,BOA VIAGEM,,,CHOQUE OBJETO FIXO,POSTE CAÍDO SOBRE O VEÍCULO,1,,,,,,,,,0,,,,,,,,,,,,,
2020-11-30 00:00:00,10:47:00,COM VÍTIMA,FINALIZADA,BOA VISTA,RUA MONTE CASTELO,166,,EM FRENTE AO ANEXO TRES DA CAMARA MUNICIPAL DO RECIFE.,BOA VISTA,,,ABALROAMENTO LONGITUDINAL,COM UMA VITIMA SOCORRIDA PELO SAMU,2,,,,,,,,,1,Longo da via,Bom,Não existe,Perfeito estado,Seca,Perfeito estado,Não existe,Não há placas,,Única,,,