data,hora,natureza,situacao,bairro,endereco,numero,detalhe_endereco_acidente,complemento,bairro_cruzamento,num_semaforo,sentido_via,tipo,auto,moto,ciclom,ciclista,pedestre,onibus,caminhao,viatura,outros,vitimas,vitimasfatais,acidente_verificado,tempo_clima,situacao_semaforo,sinalizacao,condicao_via,conservacao_via,ponto_controle,situacao_placa,velocidade_max_via,mao_direcao,divisao_via1,divisao_via2,divisao_via3
2020-12-05 00:00:00,21:08:00,COM VÍTIMA,FINALIZADA,ARRUDA,RUA PETRONILA BOTELHO,,AV PROFESSOR JOSE DOS ANJOS,NO CRUZAMENTO DA AV PROF JOSÉ DOS ANJOS,ARRUDA,554,CIDADE,ABALROAMENTO TRANSVERSAL,AUTO E MOTO.,1,1,,,,,,,,1,Cruzamento,Bom,Sem defeito,Perfeito estado,Seca,Perfeito estado,Faixa de pedestre,,40 km/h,Única,Faixa seccionada,,
2020-12-06 00:00:00,04:01:00,SEM VÍTIMA,CANCELADA,IPSEP,RUA DR RAPOSO PINTO,117,,RUA DO BAR DO AVIÃO,IPSEP,,,CHOQUE VEÍCULO PARADO,CONDUTOR DO PUNTO COM SUSPEITA DE EMBRIAGUES.,,,,,,,,,,0,,,,,,,,,,,,,
2020-12-06 00:00:00,09:49:00,COM VÍTIMA,FINALIZADA,JORDÃO,RUA JOSE MARTORANO,840,RUA RUBINEIA,PRÓXIMO A IGREJA PRESBITERIANA DO BRASIL.,JORDÃO,,SUBURBIO,ABALROAMENTO TRANSVERSAL,VT - 32 DA CTTU- MT MARCOS ANTONIO - ANTONIO SOUZA - ADAILSON X MOTOCICLETA- CONDUTOR DE MENOR IDADE- NÃO É HABILITADO,,1,,,,,,1,,1,Cruzamento,Bom,Não existe,Não existente,Seca,Perfeito estado,Não existe,Não há placas,30 km/h,Dupla,Não existe,,
2020-12-06 00:00:00,15:27:00,COM VÍTIMA,FINALIZADA,JORDÃO,RUA ANTONIO ROCHA,55D,AV BEIRA RIO,EM FRENTE A FUNDIÇÃO REAL,JORDÃO,,SUBURBIO,ABALROAMENTO TRANSVERSAL,COLISÃO CARRO X MOTO,1,1,,,,,,,,1,Cruzamento,Bom,Não existe,Incompleta,Seca,Outros,Não existe,Não há placas,,Dupla,Outros,,
2020-12-06 00:00:00,15:59:00,COM VÍTIMA,FINALIZADA,BOA VISTA,RUA BISPO CARDOSO AYRES,756,RUA DO RIACHUELO,AO LADO DO DEPOSITO DO NILSON,BOA VISTA,,,ABALROAMENTO TRANSVERSAL,COLISÃO MOTO X CARRO,1,1,,,,,,,,1,Cruzamento,Bom,Não existe,Perfeito estado,Seca,Perfeito estado,Faixa de pedestre,Placas Pare,40 km/h,Única,,,
2020-12-06 00:00:00,19:23:00,COM VÍTIMA,FINALIZADA,CASA AMARELA,RUA PADRE LEMOS,391,AV PEDRO ALLAIN,EM FRENTE A FIGUEIRAS CALÇADOS E IGREJA UNIVERSAL .,CASA AMARELA,,SUBURBIO,COLISÃO FRONTAL,COLISÃO ENTRE AUTO E MOTO- COM VÍTIMA,1,1,,,,,,,,1,Cruzamento,Bom,Não existe,Perfeito estado,Seca,Perfeito estado,Faixa de pedestre,Não há placas,,Dupla,Não existe,,
2020-12-06 00:00:00,20:19:00,COM VÍTIMA,CANCELADA,ESPINHEIRO,RUA DO ESPINHEIRO,,RUA SANTO ELIAS,EM FRENTE AO POSTO IPIRANGA,ESPINHEIRO,,,COLISÃO,COLISÃO ENTRE DOIS AUTOS- COM VÍTIMA,2,,,,,,,,,1,,,,,,,,,,,,,
2020-12-06 00:00:00,23:29:00,COM VÍTIMA,CANCELADA,BOA VIAGEM,AV ENGENHEIRO DOMINGOS FERREIRA,,,EM FRENTE A CHURRASCARIA PONTEIO- PROXIMO DA LOJA DISMADE- LADO DIREITO DA VIA,BOA VIAGEM,,,COLISÃO,COLISÃO ENTRE AUTO E MOTO- COM VÍTIMA,1,1,,,,,,,,1,,,,,,,,,,,,,
2020-12-07 00:00:00,13:19:00,COM VÍTIMA,FINALIZADA,BOA VIAGEM,RUA ANTONIO FALCAO,775,RUA MINISTRO NELSON HUNGRIA,E/F A PADARIA PARQUE DO TRIGO DELICATESSEN.,BOA VIAGEM,,,ABALROAMENTO LONGITUDINAL,AUTO E MOTO.,1,1,,,,,,,,1,Longo da via,Bom,Não existe,Perfeito estado,Seca,Perfeito estado,Não existe,R-6a,60 km/h,Única,Faixa contínua,Faixa seccionada,
2020-12-07 00:00:00,18:18:00,COM VÍTIMA,FINALIZADA,ARRUDA,RUA DO MACHADO,554,RUA ZEFERINO AGRA,PRÓX AO CAMPO DO SANTA CRUZ,ARRUDA,,CIDADE,ABALROAMENTO TRANSVERSAL,AUTO X MOTO. C/V,1,1,,,,,,,,1,Cruzamento,Bom,Não existe,Perfeito estado,Seca,Perfeito estado,Faixa de retenção,Outras,,Dupla,Não existe,,
2020-12-07 00:00:00,19:18:00,COM VÍTIMA,FINALIZADA,SÃO JOSÉ,RUA IMPERIAL,,TRV DO RAPOSO,SEMÁFORO 910,SÃO JOSÉ,,,COLISÃO,AUTO X MOTO. C/V,1,1,,,,,,,,1,,,,,,,,,,,,,
2020-12-07 00:00:00,20:47:00,COM VÍTIMA,CANCELADA,PASSARINHO,EST DO PASSARINHO,300,RUA ANDORINHA,PROX A IGREJA QUADRANGULAR,PASSARINHO,,,COLISÃO,COLISAO ENTRE AUTO E MOTO COM VITIMA,1,1,,,,,,,,1,,,,,,,,,,,,,
2020-12-07 00:00:00,22:06:00,SEM VÍTIMA,CANCELADA,NOVA DESCOBERTA,RUA NOVA DESCOBERTA,678,,PRÓX A ASSEMBLEIA DE DEUS- LAGO DONA REGINA E E/F AO ''BAR DO CLAUDIO'',NOVA DESCOBERTA,,,COLISÃO,2 AUTOS. S/V. CONDUTOR CAUSADOR COM SINTOMAS DE EMBRIAGUEZ,2,,,,,,,,,0,,,,,,,,,,,,,
2020-12-08 00:00:00,14:53:00,COM VÍTIMA,FINALIZADA,BOA VIAGEM,AV ENGENHEIRO DOMINGOS FERREIRA,,RUA ARTUR MUNIZ,PRÓXIMO AO EXTRA,BOA VIAGEM,380,SUBURBIO,COLISÃO TRASEIRA,COLISÃO ENTRE AUTO E MOTO,1,1,,,,,,,,1,Cruzamento,Bom,Sem defeito,Perfeito estado,Seca,Perfeito estado,Faixa de pedestre,Não há placas,60 km/h,Única,Canteiro central,,
2020-12-08 00:00:00,19:38:00,COM VÍTIMA,CANCELADA,CASA FORTE,AV DEZESSETE DE AGOSTO,784,,EM FRENTE AO PARQUE REGIONAL DE MANUTENÇÃO DO EXÉRCITO,CASA FORTE,,,COLISÃO,COLISÃO ENTRE AUTO E MOTO- COM VÍTIMA,1,1,,,,,,,,1,,,,,,,,,,,,,
2020-12-08 00:00:00,20:07:00,COM VÍTIMA,FINALIZADA,BOA VISTA,AV CONDE DA BOA VISTA,569,,EM FRENTE AO SHOPPING BOA VISTA- SENTIDO CENTRO E LOJA AGIBANK.,BOA VISTA,24,CIDADE,ATROPELAMENTO,ATROPELAMENTO ENVOLVENDO AUTO E PEDESTRE- COM VÍTIMA,1,,,,1,,,,,1,Longo da via,Bom,Sem defeito,Perfeito estado,Seca,Perfeito estado,Faixa de pedestre,Outras,,Única,Faixa contínua,,
2020-12-08 00:00:00,21:23:00,SEM VÍTIMA,FINALIZADA,IPUTINGA,RUA MANOEL JOAQUIM DE ALMEIDA,57,,EM FRENTE A IPUTINGA AUTOMOVEIS,IPUTINGA,,,COLISÃO,COLISÃO ENTRE DOIS AUTOS SEM VÍTIMAS- UMAS DAS PARTES APRESENTA SINTOMAS DE EMBRIAGUEZ,2,,,,,,,,,0,Longo da via,Bom,Não existe,Não existente,Seca,Perfeito estado,Não existe,Não há placas,30 km/h,Única,Não existe,,
2020-12-09 00:00:00,07:08:00,COM VÍTIMA,FINALIZADA,IPUTINGA,RUA SAO MATEUS,,AV MAURICIO DE NASSAU,EM FRENTE A IGREJA BATISTA CENTRAL,IPUTINGA,239,CIDADE,COLISÃO FRONTAL,MOTO,,1,,,,,,,,1,Cruzamento,Chuvoso,,Incompleta,Molhada,Mal conservada,Faixa de pedestre,R-6a,,Dupla,Faixa contínua,,
2020-12-09 00:00:00,07:18:00,COM VÍTIMA,CANCELADA,SÃO JOSÉ,C SANTA RITA,,,EM FRENTE AO 16ºBPM,SÃO JOSÉ,,,CHOQUE OBJETO FIXO,VEÍCULO CHOCOU-SE CONTRA O GRADIL,1,,,,,,,,,1,,,,,,,,,,,,,
2020-12-09 00:00:00,07:48:00,COM VÍTIMA,FINALIZADA,TAMARINEIRA,AV NORTE,5035,,LADO OPOSTO AO POSTO BR,TAMARINEIRA,,CIDADE,TOMBAMENTO,TOMBAMENTO DE MOTOCICLISTA.,,1,,,,,,,,1,Longo da via,Chuvoso,Sem defeito,Perfeito estado,Molhada,Perfeito estado,Não existe,Outras,60 km/h,Única,Canteiro central,,
2020-12-09 00:00:00,08:51:00,COM VÍTIMA,FINALIZADA,SÃO JOSÉ,C SANTA RITA,,,AO LADO DAS TORRES GÊMEAS.,SÃO JOSÉ,,CIDADE,TOMBAMENTO,TOMBAMENTO DE MOTOCICLISTA.,,1,,,,,,,,2,Longo da via,Chuvoso,Sem defeito,Perfeito estado,Molhada,Perfeito estado,Não existe,R-6a,60 km/h,Única,Faixa seccionada,,
2020-12-09 00:00:00,09:18:00,COM VÍTIMA,FINALIZADA,BOA VIAGEM,AV CONSELHEIRO AGUIAR,1540,RUA ARTUR MUNIZ,EM FRENTE  AO POSTO DE GASOLINA BR,BOA VIAGEM,5,,ABALROAMENTO LONGITUDINAL,COLISÃO COM VITIMA A ESPERA DO SAMU,1,1,,,,,,,,1,Cruzamento,Chuvoso,Sem defeito,Perfeito estado,Molhada,Perfeito estado,Faixa de pedestre,Outras,,Única,Faixa seccionada,,
2020-12-09 00:00:00,10:03:00,COM VÍTIMA,FINALIZADA,BOA VIAGEM,AV CONSELHEIRO AGUIAR,2088,,AO LADO DA CAIXA ECONOMICA FEDERAL E LOJA NOVO PROJETO.,BOA VIAGEM,,SUBURBIO,ABALROAMENTO LONGITUDINAL,COLISÃO COM VITIMA BT AGUIAR LUCAS RAMOS QTH,1,1,,,,,,,,1,Longo da via,Chuvoso,Não existe,Perfeito estado,Molhada,Perfeito estado,Não existe,Não há placas,,Única,Faixa seccionada,,
2020-12-09 00:00:00,14:46:00,COM VÍTIMA,FINALIZADA,MADALENA,RUA NOBRE DE LACERDA,,EST DOS REMEDIOS,E/F A NAGEM E AO LADO DO GRUPO SENA,MADALENA,,,ABALROAMENTO LONGITUDINAL,COLISAO ENTRE DOIS AUTOS E UMA MOTO COM UMA VITIMA,2,1,,,,,,,,1,Longo da via,Bom,Não existe,Não existente,Seca,Perfeito estado,Não existe,Não há placas,,Dupla,Não existe,,
2020-12-09 00:00:00,17:29:00,COM VÍTIMA,CANCELADA,ARRUDA,AV PROFESSOR JOSE DOS ANJOS,159,,PROXIMO AO BAR DO ZÉ/ SENTIDO CIDADE,ARRUDA,642,,COLISÃO,COLISÃO COM VÍTIMA,1,1,,,,,,,,1,,,,,,,,,,,,,
2020-12-10 00:00:00,05:49:00,SEM VÍTIMA,FINALIZADA,BOA VIAGEM,AV ENGENHEIRO DOMINGOS FERREIRA,,,APÓS CRUZ. COM A BRUNO VELOSO,BOA VIAGEM,,,CHOQUE OBJETO FIXO,COM POSTE,,,,,,,,,,0,,,,,,,,,,,,,
2020-12-10 00:00:00,08:16:00,COM VÍTIMA,FINALIZADA,IMBIRIBEIRA,EST DO FRIGORIFICO,,,APÓS O ARAS BOA VIAGEM E ATRÁS DA FACULDADE UNIVERSO,IMBIRIBEIRA,,,CHOQUE OBJETO FIXO,POSTE VEIO AO SOLO E FIOS DE ALTA TENSÃO NO CHÃO - UMA PESSOA SOFREU UM CHOQUE ELÉTRICO E UMA VÍTIMA,,,,,,,,,,1,,,,,,,,,,,,,
2020-12-10 00:00:00,09:45:00,COM VÍTIMA,FINALIZADA,ILHA DO LEITE,RUA SENADOR JOSE HENRIQUE,224,AV FREI MATIAS TEVES,EM FRENTE AO EMPRESARIAL CHARLES DARWIN,ILHA DO LEITE,,SUBURBIO,COLISÃO FRONTAL,COLISÃO ENTRE DOIS AUTOS .COM UMA VITIMA DE 89 ANOS SENDO SOCORRIDA PELO SAMU/,2,,,,,,,,,1,Cruzamento,Bom,Não existe,Perfeito estado,Seca,Perfeito estado,Faixa de pedestre,Placas Pare,30 km/h,Dupla,Não existe,,
2020-12-10 00:00:00,13:28:00,COM VÍTIMA,FINALIZADA,PINA,RUA PROFESSOR ARNALDO CARNEIRO LEAO,,,PROX AO BIG BOMPREÇO,PINA,,,COLISÃO,COLISÃO MOTO X CARRO,1,1,,,,,,,,1,,,,,,,,,,,,,
2020-12-10 00:00:00,13:34:00,COM VÍTIMA,FINALIZADA,CIDADE UNIVERSITÁRIA,RUA EMILIANO BRAGA,,RUA PROFESSOR ANTONIO COELHO,POR TRAS DO TI CDU,CIDADE UNIVERSITÁRIA,,CIDADE,ABALROAMENTO TRANSVERSAL,COLISÃO MOTO X CARRO / VT 24 NO LOCAL,1,1,,,,,,,,1,Cruzamento,Bom,Não existe,Perfeito estado,Seca,Perfeito estado,,Placas Pare,,Única,Faixa seccionada,,
2020-12-10 00:00:00,13:50:00,COM VÍTIMA,FINALIZADA,MADALENA,RUA BENFICA,1146,RUA JOAO IVO DA SILVA,EM FRENTE AO MUSEU DA ABOLIÇÃO / BRADESCO,MADALENA,257,SUBURBIO,COLISÃO,SAMU NO LOCAL,1,1,,,,,,,,1,Longo da via,Bom,Sem defeito,Perfeito estado,Seca,Perfeito estado,Faixa de pedestre,Não há placas,,Dupla,Faixa contínua,,
2020-12-10 00:00:00,14:05:00,COM VÍTIMA,FINALIZADA,DOIS UNIDOS,AV HILDEBRANDO DE VASCONCELOS,512A,RUA MARIO JOSE DE SOUZA,APÓS O CANIL / PRÓX À KS DISTRIBUIDORA,DOIS UNIDOS,,CIDADE,COLISÃO FRONTAL,AGUARDANDO ATENDIMENTO DO SAMU,,2,,,,,,,,2,Esquina,Bom,Não existe,Perfeito estado,Seca,Perfeito estado,Outros,R-6a,,Dupla,Faixa seccionada,,
2020-12-10 00:00:00,15:00:00,COM VÍTIMA,FINALIZADA,IMBIRIBEIRA,AV MARECHAL MASCARENHAS DE MORAES,,,APÓS O GERALDÃO / SAM'S CLUB,IMBIRIBEIRA,,,COLISÃO,AGUARDANDO ATENDIMENTO DO SAMU.,2,1,,,,,,,,1,,,,,,,,,,,,,
2020-12-10 00:00:00,16:53:00,COM VÍTIMA,FINALIZADA,BOA VIAGEM,AV BOA VIAGEM,1338,,EM FRENTE AO SEGUNDO JARDIM,BOA VIAGEM,,CIDADE,ABALROAMENTO LONGITUDINAL,AGUARDANDO ATENDIMENTO DO SAMU. BATEDORES REGINALDO E MILTON NO LOCAL.,1,1,,,,,,,,1,Longo da via,Bom,Não existe,Perfeito estado,Seca,Perfeito estado,Não existe,Não há placas,60 km/h,Única,Faixa seccionada,,
2020-12-10 00:00:00,18:28:00,COM VÍTIMA,CANCELADA,DOIS IRMÃOS,RUA MANUEL DE MEDEIROS,,,EM FRENTE AO LAFEPE- EM FRENTE A PRAÇA DOIS IRMÃOS,DOIS IRMÃOS,189,,COLISÃO,COLISÃO ENTRE AUTO E MOTO- COM VÍTIMAS,1,1,,,,,,,,2,,,,,,,,,,,,,
2020-12-10 00:00:00,20:38:00,COM VÍTIMA,FINALIZADA,SANTO AMARO,AV DR JAYME DA FONTE,34,,EM FRENTE A COMPESA- PROXIMO DO MERCADINHO MAIS VOCÊ,SANTO AMARO,,,ABALROAMENTO TRANSVERSAL,COLISÃO ENTRE AUTO E MOTO- COM VÍTIMA,1,1,,,,,,,,2,Longo da via,Bom,Não existe,Perfeito estado,Seca,Perfeito estado,Faixa de retenção,Não há placas,,Dupla,Faixa seccionada,Canteiro central,
2020-12-11 00:00:00,07:59:00,COM VÍTIMA,FINALIZADA,CAMPO GRANDE,AV GOVERNADOR AGAMENON MAGALHAES,1302,,PROX. A ANTIGA UNICORD E POSTO BR,CAMPO GRANDE,379,CIDADE,ABALROAMENTO TRANSVERSAL,COM VITIMAS,,1,,,,,,1,,1,Longo da via,Bom,Sem defeito,Perfeito estado,Seca,Perfeito estado,Faixa de pedestre,Outras,,Dupla,Faixa seccionada,Canteiro central,
2020-12-11 00:00:00,08:13:00,COM VÍTIMA,FINALIZADA,CORDEIRO,AV CAXANGA,279,,EM FRENTE DO BANCO SANTANDER,CORDEIRO,,CIDADE,ABALROAMENTO LONGITUDINAL,COLISÃO COM EVASÃO/ VITIMA NO LOCAL,1,1,,,,,,,,1,Longo da via,Bom,Não existe,Perfeito estado,Seca,Mal conservada,Não existe,Não há placas,,Única,Faixa seccionada,,
2020-12-11 00:00:00,08:34:00,COM VÍTIMA,FINALIZADA,DERBY,AV GOVERNADOR AGAMENON MAGALHAES,,RUA HENRIQUE DIAS,PROX. A FARMACIA PAGUE MENOS,DERBY,68,BOA VIAGEM,ATROPELAMENTO,MOTO E PEDESTRE C/V (PONTO FIXO GM JEFERSON E JOSY KARLA),,1,,,1,,,,,1,Longo da via,Bom,Sem defeito,Perfeito estado,Seca,Perfeito estado,Agente,R-19,60 km/h,Dupla,Faixa contínua,,
2020-12-11 00:00:00,10:53:00,COM VÍTIMA,FINALIZADA,PINA,AV HERCULANO BANDEIRA,960,,EM FRENTE A MERCEDES,PINA,657,SUBURBIO,COLISÃO TRASEIRA,COM VITIMA,1,1,,,,,,,,1,Longo da via,Bom,Sem defeito,Perfeito estado,Seca,Perfeito estado,Agente,Não há placas,60 km/h,Única,Faixa seccionada,,
2020-12-11 00:00:00,12:21:00,COM VÍTIMA,CANCELADA,IBURA,AV DOIS RIOS,,,VIADUTO DA BR 101,IBURA,,,CHOQUE,SEGUNDO INFORME DO SUPERVISOR JONATHAN - VEICULO SE CHOCOU COM A MURETA DO VIADUTO E CAIU NA AV DOIS RIOS,1,,,,,,,,,3,,,,,,,,,,,,,
2020-12-11 00:00:00,13:18:00,COM VÍTIMA,FINALIZADA,ENGENHO DO MEIO,RUA LINDOLFO COLOR,,RUA ANTONIO CURADO,NO SEMÁFORO 395/ SENTIDO AV CAXANGA,ENGENHO DO MEIO,395,,COLISÃO TRASEIRA,COLISÃO COM VÍTIMA,1,1,,,,,,,,1,Cruzamento,Bom,Sem defeito,Ilegível,Seca,Perfeito estado,Faixa de pedestre,R-34,40 km/h,Dupla,,,
2020-12-11 00:00:00,13:51:00,COM VÍTIMA,FINALIZADA,AREIAS,AV DR JOSE RUFINO,642,,NO SEMAFORO 491. IGREJA MATRIZ DE SANTA LUZIA,AREIAS,491,SUBURBIO,ATROPELAMENTO,MOTO ATROPELOU UM PEDESTRE VT 22 NO LOCAL,,1,,,1,,,,,1,Longo da via,Bom,Sem defeito,Perfeito estado,Seca,Perfeito estado,Faixa de pedestre,R-6a,,Dupla,Faixa contínua,,
2020-12-11 00:00:00,18:12:00,COM VÍTIMA,FINALIZADA,VÁRZEA,AV AFONSO OLINDENSE,988,RUA MANOEL CORREIA,E/F A LOMBADA ELETRONICA E SUPERMERCADO BEM BOM.,VÁRZEA,,PRC DA VÁRZEA,ABALROAMENTO LONGITUDINAL,COLISAO ENTRE MOTO E AUTO COM VITIMA,1,1,,,,,,,,1,Longo da via,Bom,Não existe,Perfeito estado,Seca,,Não existe,Não há placas,,Dupla,Faixa seccionada,,
2020-12-12 00:00:00,12:45:00,COM VÍTIMA,FINALIZADA,ENCRUZILHADA,AV BEBERIBE,433,RUA PROFESSOR OTAVIO DE FREITAS,PROX AO BAR DO DRAGAO / CANAL DA BARRIGUDA. AO LADO DO NÚMERO 433.,ENCRUZILHADA,,SUBURBIO,ABALROAMENTO LONGITUDINAL,COLISÃO MOTO X CARRO / VT 02 NO LOCAL,1,1,,,,,,,,1,Longo da via,Bom,Não existe,Não existente,Seca,Perfeito estado,Não existe,Não há placas,,Dupla,Faixa contínua,,
2020-12-12 00:00:00,13:34:00,COM VÍTIMA,FINALIZADA,ILHA JOANA BEZERRA,PTE JOSE DE BARROS LIMA,,,SUBIDA DA PONTE,ILHA JOANA BEZERRA,,CIDADE,CHOQUE OBJETO FIXO,COLISAO ENVOLVENDO DUAS MOTOS COM VITIMA,,2,,,,,,,,1,Ponte,Bom,Não existe,Perfeito estado,Seca,Perfeito estado,Não existe,Não há placas,60 km/h,Única,Faixa seccionada,,
2020-12-12 00:00:00,13:46:00,COM VÍTIMA,FINALIZADA,BOA VISTA,AV CONDE DA BOA VISTA,1072,RUA DA SOLEDADE,ESTAÇÃO BRT SOLEDADE.,BOA VISTA,25,SUBURBIO,ATROPELAMENTO,HONDA XRE 300,,1,,,1,,,,,2,Longo da via,Bom,Sem defeito,Perfeito estado,Seca,Perfeito estado,Faixa de pedestre,Não há placas,,Dupla,Outros,,
2020-12-12 00:00:00,15:04:00,COM VÍTIMA,FINALIZADA,BOA VIAGEM,AV ENGENHEIRO DOMINGOS FERREIRA,,RUA ERNESTO DE PAULA SANTOS,EM FRENTE AO RESTAURANTE DOM FERREIRA FORNEIRA,BOA VIAGEM,217,SUBURBIO,ABALROAMENTO LONGITUDINAL,COLISÃO MOTO X CARRO,1,1,,,,,,,,1,Cruzamento,Bom,Sem defeito,Perfeito estado,Seca,Perfeito estado,Faixa de pedestre,,,Única,Canteiro central,,
2020-12-12 00:00:00,15:25:00,COM VÍTIMA,FINALIZADA,CAMPO GRANDE,RUA ODORICO MENDES,165,RUA VISCONDE DE CAIRU,APÓS O CLUBE DAS PÁS,CAMPO GRANDE,,CIDADE,ABALROAMENTO LONGITUDINAL,AGUARDANDO ATENDIMENTO DO SAMU.,1,1,,,,,,,,2,Cruzamento,Bom,Não existe,,Seca,Perfeito estado,Não existe,R-6a,,Dupla,Faixa seccionada,,
2020-12-13 00:00:00,04:25:00,SEM VÍTIMA,CANCELADA,BOA VIAGEM,RUA VISCONDE DE JEQUITINHONHA,,,COM RUA ARMINDO MOURA - SEMÁFORO 258,BOA VIAGEM,258,,CAPOTAMENTO,NA FAIXA NA DIREITA,,,,,,,,,,0,,,,,,,,,,,,,
2020-12-13 00:00:00,10:34:00,COM VÍTIMA,FINALIZADA,IMBIRIBEIRA,AV MARECHAL MASCARENHAS DE MORAES,,RUA ITACARI,EM FRENTE AO BANCO ITAÚ.,IMBIRIBEIRA,255,SUBURBIO,COLISÃO TRASEIRA,COLISÃO COM VÍTIMA,,2,,,,,,,,2,Longo da via,Bom,Sem defeito,Perfeito estado,Seca,Perfeito estado,Faixa de pedestre,Não há placas,60 km/h,Dupla,Canteiro central,,
2020-12-13 00:00:00,13:30:00,COM VÍTIMA,FINALIZADA,PINA,AV REPUBLICA ARABE UNIDA,,RUA NOGUEIRA DE SOUZA,NA ENTRADA DO SHOPPING RIOMAR,PINA,658,SHOP RIO MAR,ABALROAMENTO TRANSVERSAL,COLISAO ENTRE AUTO E MOTO COM UMA VITIMA,1,1,,,,,,,,1,Cruzamento,Bom,Sem defeito,Perfeito estado,Seca,Perfeito estado,Não existe,Não há placas,,Única,Faixa seccionada,,
2020-12-13 00:00:00,15:13:00,COM VÍTIMA,FINALIZADA,AFOGADOS,AV SUL,2056,,ESTAÇÃO LARGO DA PAZ. BORRACHARIA SUL.,AFOGADOS,,CIDADE,ABALROAMENTO LONGITUDINAL,COLISÃO COM VITIMA,1,1,,,,,,,,1,Longo da via,Bom,Não existe,Perfeito estado,Seca,Perfeito estado,Não existe,Outras,,Única,Faixa seccionada,,
2020-12-13 00:00:00,16:07:00,COM VÍTIMA,FINALIZADA,IBURA,RUA PINTOR AGENOR DE ALBUQUERQUE CESAR,,AV DOIS RIOS,,IBURA,561,SUBURBIO,ATROPELAMENTO,MOTO ATROPELOU 1 PEDESTRE,,1,,,1,,,,,1,Longo da via,Bom,Sem defeito,Incompleta,Seca,Perfeito estado,Faixa de pedestre,Outras,40 km/h,Dupla,Faixa seccionada,,
2020-12-13 00:00:00,17:40:00,COM VÍTIMA,FINALIZADA,TAMARINEIRA,EST VELHA DE AGUA FRIA,637,,PROX AO DNOCS,TAMARINEIRA,,SUBURBIO,ABALROAMENTO LONGITUDINAL,COLISAO ENTRE AUTO E MOTO COM UMA VITIMA,1,1,,,,,,,,1,Longo da via,Bom,Não existe,Perfeito estado,Seca,Perfeito estado,Não existe,Não há placas,,Dupla,Faixa contínua,,
2020-12-13 00:00:00,19:20:00,COM VÍTIMA,FINALIZADA,ESPINHEIRO,RUA DO ESPINHEIRO,278,RUA SANTO ELIAS,E/F AO POSTO IPIRANGA,ESPINHEIRO,,NORTE,ABALROAMENTO TRANSVERSAL,AUTO X MOTO. C/V,1,1,,,,,,,,1,Cruzamento,Bom,Não existe,Perfeito estado,Seca,Perfeito estado,Faixa de pedestre,Não há placas,,Única,Faixa seccionada,,
2020-12-13 00:00:00,19:57:00,COM VÍTIMA,FINALIZADA,CAXANGÁ,AV JOAQUIM RIBEIRO,340,AV PERNAMBUCO,APÓS A UPA DA CAXANGÁ - PROXIMO À ESTAÇÃO BRT. EM FRENTE A REDE TEM SUPERMERCADO.,CAXANGÁ,,SUBURBIO,ATROPELAMENTO,MOTO X PEDESTRE,,1,,,1,,,,,1,Longo da via,Bom,Não existe,Perfeito estado,Seca,Perfeito estado,Outros,,,Dupla,Faixa seccionada,,
2020-12-13 00:00:00,23:38:00,SEM VÍTIMA,CANCELADA,AFOGADOS,RUA PROFESSOR AUGUSTO WANDERLEY FILHO,,,SUBIDA DA PONTE MOTOCOLOMBO / TROCÃO,AFOGADOS,39,,COLISÃO,SEM VÍTIMA /POSTE SEMÁFORICO DANIFICADO,,,,,,,,,,0,,,,,,,,,,,,,
2020-12-14 00:00:00,01:18:00,COM VÍTIMA,CANCELADA,CORDEIRO,AV CAXANGA,,AV GENERAL SAN MARTIN,CRUZAMENTO C/A AV GAL SAN MARTIN - SEM. 080,CORDEIRO,80,,COLISÃO,COLISÃO AUTO X MOTO C/VITIMA - SAMU A CAMINHO,1,1,,,,,,,,1,,,,,,,,,,,,,
2020-12-14 00:00:00,13:02:00,COM VÍTIMA,FINALIZADA,CORDEIRO,AV CAXANGA,2900,,EM FRENTE A O EXTRA SUPERMERCADO.,CORDEIRO,,SUBURBIO,COLISÃO TRASEIRA,COM UMA VITIMA-SAMU NO LOCAL,,1,,,,1,,,,1,Longo da via,Bom,,Perfeito estado,Seca,Perfeito estado,Agente,Não há placas,60 km/h,Dupla,Faixa contínua,Faixa seccionada,Canteiro central
2020-12-14 00:00:00,14:15:00,COM VÍTIMA,FINALIZADA,SÃO JOSÉ,RUA IMPERIAL,981,TRV DO RAPOSO,C.M. PRODUTOS SIDERÚRGICOS FERRO E AÇO.,SÃO JOSÉ,510,SUBURBIO,ABALROAMENTO TRANSVERSAL,COM UMA VITIMA AGUARDANDO SOCORRO/CTTU NO LOCAL VT14,1,1,,,,,,,,1,Cruzamento,Bom,Sem defeito,Perfeito estado,Seca,Perfeito estado,Faixa de pedestre,Não há placas,,Única,Faixa contínua,,
2020-12-14 00:00:00,15:01:00,COM VÍTIMA,FINALIZADA,CAMPO GRANDE,RUA PROFESSOR FRANCISCO DA TRINDADE,481,RUA CATULO DA PAIXAO CEARENSE,PROX AO CENTRO DE BELEZA MERY. AO LADO DA CAPELA SÃO VICENTE.,CAMPO GRANDE,,CIDADE,ABALROAMENTO TRANSVERSAL,COLISÃO MOTO X CARRO,1,1,,,,,,,,1,Cruzamento,Bom,Não existe,Incompleta,Seca,Perfeito estado,Faixa de retenção,Placas Pare,,Dupla,Faixa seccionada,,