data,hora,natureza,situacao,bairro,endereco,numero,detalhe_endereco_acidente,complemento,bairro_cruzamento,num_semaforo,sentido_via,tipo,auto,moto,ciclom,ciclista,pedestre,onibus,caminhao,viatura,outros,vitimas,vitimasfatais,acidente_verificado,tempo_clima,situacao_semaforo,sinalizacao,condicao_via,conservacao_via,ponto_controle,situacao_placa,velocidade_max_via,mao_direcao,divisao_via1,divisao_via2,divisao_via3
2020-12-14 00:00:00,16:28:00,COM VÍTIMA,FINALIZADA,CAXANGÁ,AV CAXANGA,,,EM FRENTE AO TI CAXANGA / PROX A PONTE SENTIDO UPA,CAXANGÁ,,SUBURBIO,COLISÃO COM CICLISTA,COLISÃO COM CICLISTA,,,,1,,1,,,,1,Longo da via,Bom,Sem defeito,Perfeito estado,Seca,Perfeito estado,Faixa de pedestre,Não há placas,60 km/h,Dupla,Faixa seccionada,,
2020-12-14 00:00:00,16:55:00,COM VÍTIMA,FINALIZADA,BOA VISTA,RUA DR LEOPOLDO LINS,,AV GOVERNADOR AGAMENON MAGALHAES,NA ESQUINA DA CAIXA ECONOMICA,BOA VISTA,78,SUBURBIO,ABALROAMENTO TRANSVERSAL,COLISAO ENVOLVENDO AUTO E MOTO COM VITIMA,1,1,,,,,,,,1,Cruzamento,Bom,Sem defeito,Perfeito estado,Seca,Perfeito estado,Faixa de pedestre,R-19,60 km/h,Dupla,Canal,,
2020-12-14 00:00:00,18:43:00,COM VÍTIMA,FINALIZADA,ENCRUZILHADA,AV NORTE,1835,AV JOAO DE BARROS,EM FRENTE AO BANCO SANTANDER,ENCRUZILHADA,43,,ABALROAMENTO TRANSVERSAL,COLISÃO ENTRE AUTO E MOTO- COM VÍTIMA,1,1,,,,,,,,1,Cruzamento,Bom,Sem defeito,Perfeito estado,Seca,Perfeito estado,Agente,R-26,,Dupla,Canteiro central,,
2020-12-15 00:00:00,08:02:00,SEM VÍTIMA,FINALIZADA,TORRE,RUA NETO CAMPELO JUNIOR,,RUA PADRE ANCHIETA,MINUTO PÃO DE AÇUCAR,TORRE,,,COLISÃO,VEICULO OFICIAL,2,,,,,,,,,0,Longo da via,Bom,Não existe,Não existente,Seca,Perfeito estado,Não existe,Não há placas,,Única,Não existe,,
2020-12-15 00:00:00,08:36:00,COM VÍTIMA,FINALIZADA,CIDADE UNIVERSITÁRIA,RUA GENERAL POLIDORO,788,,GALERIA UNIVERSITARIA. AO LADO DO NÚMERO INFORMADO.,CIDADE UNIVERSITÁRIA,,SUBURBIO,ABALROAMENTO LONGITUDINAL,COM VITIMA,1,1,,,,,,,,1,Longo da via,Bom,Não existe,Perfeito estado,Seca,Perfeito estado,Não existe,Não há placas,,Dupla,Faixa contínua,,
2020-12-15 00:00:00,09:00:00,COM VÍTIMA,FINALIZADA,IBURA,AV DOIS RIOS,1333,,CONSELHO TUTELAR RPA 6B,,,SUBURBIO,COLISÃO FRONTAL,AUTO E MOTO,1,1,,,,,,,,1,Longo da via,Bom,Não existe,Não existente,Seca,Perfeito estado,Não existe,Não há placas,,Dupla,Faixa contínua,,
2020-12-15 00:00:00,14:01:00,COM VÍTIMA,FINALIZADA,CORDEIRO,AV CAXANGA,1845,,EM FRENTE AO SOBERANO/ SENTIDO CIDADE,CORDEIRO,,CIDADE,ABALROAMENTO LONGITUDINAL,COLISÃO COM VÍTIMA,1,1,,,,,,,,1,Longo da via,Bom,Não existe,Perfeito estado,Seca,Perfeito estado,Não existe,R-6a,60 km/h,Única,Faixa seccionada,Canteiro central,
2020-12-15 00:00:00,18:13:00,COM VÍTIMA,FINALIZADA,MADALENA,AV ENGENHEIRO ABDIAS DE CARVALHO,,EST DOS REMEDIOS,,MADALENA,52,TORRE,ABALROAMENTO LONGITUDINAL,COM VÍTIMA,,2,,,,,,,,1,Longo da via,Bom,Sem defeito,Perfeito estado,Seca,Perfeito estado,Não existe,Não há placas,60 km/h,Única,Faixa seccionada,,
2020-12-15 00:00:00,18:59:00,COM VÍTIMA,FINALIZADA,CABANGA,RUA CAPITAO TEMUDO,,AV SATURNINO DE BRITO,SNT BV- AO LADO DO VIADUTO CAP TEMUDO,CABANGA,,BOA VIAGEM,ABALROAMENTO LONGITUDINAL,AUTO X MOTO. C/V,1,1,,,,,,,,1,Esquina,Chuvoso,Não existe,Perfeito estado,Molhada,Perfeito estado,Não existe,Não há placas,,Única,Faixa seccionada,,
2020-12-15 00:00:00,19:14:00,SEM VÍTIMA,FINALIZADA,CAMPO GRANDE,EST DE BELEM,1555,,E/F A PRAÇA DO TERMINAL DE ONIBUS DE CAMPO GRANDRE,CAMPO GRANDE,,,COLISÃO,COLISAO SEM VITIMAS ENTRE TRES VEICULOS,3,,,,,,,,,0,,,,,,,,,,,,,
2020-12-15 00:00:00,21:23:00,COM VÍTIMA,FINALIZADA,VÁRZEA,AV AFONSO OLINDENSE,420,,E/F AO ANTIGO COLISEU- EMPRESA COOPERNORTE. SINPETRACOPE.,VÁRZEA,,PRAÇA DA VÁRZEA,ABALROAMENTO TRANSVERSAL,MOTO X ÕNIBUS. C/V,,1,,,,1,,,,2,Longo da via,Bom,Não existe,Perfeito estado,Seca,Perfeito estado,Não existe,Não há placas,,Dupla,Faixa seccionada,,
2020-12-16 00:00:00,01:23:00,COM VÍTIMA,CANCELADA,AFOGADOS,RUA SAO MIGUEL,116,,E/F AO CARTÓRIO DE AFOGADOS E DEPATRI,AFOGADOS,,CIDADE,COLISÃO,COLISÃO 2 AUTOS C/VITIMA (FIAT/UNO SE ENCONTRA CAPOTADO),2,,,,,,,,,1,,,,,,,,,,,,,
2020-12-16 00:00:00,09:20:00,COM VÍTIMA,FINALIZADA,VÁRZEA,RUA CONEGO JOSE FERNANDES MACHADO,41A,,RUA DA ANTENA DO UR7 VÁRZEA,VÁRZEA,,,COLISÃO FRONTAL,COM UMA VITIMA -AGUARDANDO SOCORRO,1,1,,,,,,,,1,Longo da via,Bom,Não existe,Não existente,Seca,Perfeito estado,Não existe,Não há placas,,Dupla,Não existe,,
2020-12-16 00:00:00,09:48:00,COM VÍTIMA,FINALIZADA,CORDEIRO,EST DO FORTE DO ARRAIAL N. DO B. JESUS,1291,RUA TAMBORIL,AO LADO DA PRAÇA AMPO DO 15. SELF SERVICE DA BENE.,CORDEIRO,482,SUBURBIO,ABALROAMENTO LONGITUDINAL,COM UMA VITIMA-SAMU ACIONADO,1,1,,,,,,,,1,Longo da via,Bom,Sem defeito,Perfeito estado,Seca,Perfeito estado,Não existe,Não há placas,30 km/h,Dupla,Faixa seccionada,,
2020-12-16 00:00:00,10:49:00,SEM VÍTIMA,FINALIZADA,MADALENA,AV VISCONDE DE ALBUQUERQUE,185,RUA ARNALDO BASTOS,PRÓXIMO AO BANCO ITAÚ,MADALENA,,CIDADE,ABALROAMENTO LONGITUDINAL,SEM VITIMAS/VIATURA DA PM,1,,,,,,,1,,0,Longo da via,Bom,Não existe,Perfeito estado,Seca,Perfeito estado,Faixa de pedestre,,,Única,Faixa seccionada,,
2020-12-16 00:00:00,14:16:00,SEM VÍTIMA,FINALIZADA,IPUTINGA,RUA EMILIANO BRAGA,97,RUA MANOEL JOAQUIM DE ALMEIDA,PB HOSPITALAR MATERIAIS HOSPITALARES ( EM FRENTE),IPUTINGA,,SUBURBIO,ABALROAMENTO TRANSVERSAL,COLISÃO NO LOCAL E NÃO TEM VÍTIMAS - VEÍCULOS ATRAPALJHANDO A FLUIDEZ DE VEÍCULOS,2,,,,,,,,,0,Cruzamento,Bom,Não existe,Não existente,Seca,Perfeito estado,Não existe,Não há placas,,Dupla,Não existe,,
2020-12-16 00:00:00,14:42:00,SEM VÍTIMA,FINALIZADA,BOA VIAGEM,RUA PADRE GIORDANO,57,RUA PINHAL,,BOA VIAGEM,,SUBURBIO,ABALROAMENTO TRANSVERSAL,COLISÃO COM VEÍCULO OFICIAL.,2,,,,,,,,,0,Longo da via,Bom,Não existe,Não existente,Seca,Perfeito estado,Não existe,Não há placas,,Dupla,Não existe,,
2020-12-16 00:00:00,17:33:00,COM VÍTIMA,FINALIZADA,TORRE,RUA CONDE DE IRAJA,,RUA REAL DA TORRE,ESQUINA COM O EXTRA BOM,TORRE,106,AFOGADOS,COLISÃO TRASEIRA,COLISAO ENVOLVENDO AUTO E MOTO COM VITIMA,1,1,,,,,,,,1,Longo da via,Bom,Sem defeito,Perfeito estado,Seca,Perfeito estado,Faixa de pedestre,R-6a,50 km/h,Única,Faixa seccionada,,
2020-12-16 00:00:00,17:35:00,COM VÍTIMA,FINALIZADA,BOA VIAGEM,RUA DOS NAVEGANTES,2313,RUA PROFESSOR JOSE BRANDAO,,BOA VIAGEM,,SUBURBIO,ABALROAMENTO TRANSVERSAL,VÍTIMA SOCORRIDA PELO SAMU - MOTO NO LOCAL FICARÁ COM A RESPONSÁVEL XXX,1,1,,,,,,,,1,Longo da via,Bom,Não existe,Perfeito estado,Seca,Perfeito estado,Não existe,Não há placas,,Dupla,Não existe,,
2020-12-16 00:00:00,18:22:00,COM VÍTIMA,FINALIZADA,MADALENA,EST DOS REMEDIOS,,RUA PADRE GABRIEL MOUSINHO,,MADALENA,,CIDADE,ABALROAMENTO LONGITUDINAL,SITUAÇÃO REPASSADA PELO GTM JORGE,1,1,,,,,,,,1,Cruzamento,Bom,Não existe,Perfeito estado,Seca,Perfeito estado,Não existe,Placas Pare,,Única,Não existe,,
2020-12-16 00:00:00,20:19:00,COM VÍTIMA,FINALIZADA,BONGI,EST DO BONGI,919,,PRÓXIMO À DELEGACIA DA POLÍCIA CIVIL,BONGI,,SUBURBIO,ABALROAMENTO TRANSVERSAL,AUTO E MOTO,1,1,,,,,,,,1,Longo da via,Bom,Não existe,Perfeito estado,Seca,Perfeito estado,Não existe,Outras,,Dupla,Faixa contínua,,
2020-12-17 00:00:00,08:29:00,SEM VÍTIMA,FINALIZADA,,RUA N S DO CARMO,,AV DANTAS BARRETO,,,,,COLISÃO,COLISÃO ENTRE DOIS AUTOS SENDO UMA VT CORREGEDORIA,2,,,,,,,,,0,Longo da via,Bom,,Perfeito estado,Seca,Perfeito estado,,Não há placas,40 km/h,Dupla,Faixa contínua,,
2020-12-17 00:00:00,11:16:00,COM VÍTIMA,FINALIZADA,SAN MARTIN,RUA GOMES TABORDA,,AV GENERAL SAN MARTIN,,SAN MARTIN,67,CIDADE,TOMBAMENTO,TOMBAMENTO DE MOTO,,1,,,,,,,,1,Cruzamento,Bom,Sem defeito,Perfeito estado,Seca,Perfeito estado,Faixa de pedestre,R-6a,,Dupla,Faixa contínua,,
2020-12-17 00:00:00,17:43:00,COM VÍTIMA,FINALIZADA,BOA VISTA,AV CONDE DA BOA VISTA,,RUA DOM BOSCO,,BOA VISTA,27,SUBURBIO,ABALROAMENTO LONGITUDINAL,DUAS MOTOS COM VITIMA,,2,,,,,,,,1,Cruzamento,Bom,Sem defeito,Perfeito estado,Seca,Perfeito estado,Faixa de pedestre,Não há placas,60 km/h,Única,Faixa contínua,,
2020-12-17 00:00:00,19:40:00,SEM VÍTIMA,FINALIZADA,IMBIRIBEIRA,AV MARECHAL MASCARENHAS DE MORAES,7935,,SEMAFORO Nº626,IMBIRIBEIRA,,CIDADE,COLISÃO,COLISAO DOIS AUTOS SEM VITIMAS,,,,,,,,,,0,Longo da via,Bom,Sem defeito,Perfeito estado,Seca,Perfeito estado,,Não há placas,60km/h,Dupla,Canteiro central,,
2020-12-17 00:00:00,20:00:00,COM VÍTIMA,FINALIZADA,PRADO,EST DOS REMEDIOS,,AV ENGENHEIRO ABDIAS DE CARVALHO,E/F À FARMACIA DROGASIL,PRADO,52,SUBURBIO,ABALROAMENTO LONGITUDINAL,COLISÃO AUTO X MOTO,1,1,,,,,,,,2,Cruzamento,Bom,Sem defeito,Perfeito estado,Seca,Mal conservada,Faixa de pedestre,R-6a,60 km/h,Dupla,Faixa contínua,,
2020-12-18 00:00:00,07:32:00,COM VÍTIMA,FINALIZADA,GRAÇAS,AV GOVERNADOR AGAMENON MAGALHAES,3158,,EM FRENTE AO MEDICAL CENTES- PISTA CENTRAL.,GRAÇAS,,SUBURBIO,ABALROAMENTO LONGITUDINAL,COLISÃO ENTRE AUTO E MOTOCICLETA,1,1,,,,,,,,1,Longo da via,Bom,Não existe,Perfeito estado,Seca,Perfeito estado,Não existe,Não há placas,60 km/h,Dupla,Canal,,
2020-12-18 00:00:00,08:30:00,COM VÍTIMA,FINALIZADA,ESPINHEIRO,RUA GOMES PACHECO,245,RUA AFONSO BATISTA,EM FRENTE AO POSTO SHELL,ESPINHEIRO,,SUBURBIO,COLISÃO FRONTAL,COLISÃO ENTRE AUTO E MOTOCICLETA,1,1,,,,,,,,1,Cruzamento,Bom,Não existe,Incompleta,Seca,Perfeito estado,Não existe,R-4a,,Dupla,,,
2020-12-18 00:00:00,09:30:00,COM VÍTIMA,FINALIZADA,APIPUCOS,RUA DE APIPUCOS,685,,AÇUDE DE APIPUCOS,APIPUCOS,,CIDADE,COLISÃO FRONTAL,COLISÃO COM UMA VÍTIMA,1,1,,,,,,,,1,Cruzamento,Bom,Sem defeito,Perfeito estado,Seca,Perfeito estado,Faixa de retenção,R-6a,60 km/h,Dupla,Faixa contínua,,
2020-12-18 00:00:00,13:35:00,COM VÍTIMA,FINALIZADA,SANTO AMARO,AV GOVERNADOR AGAMENON MAGALHAES,,,EM FRENTE A UPE.,SANTO AMARO,465,SUBURBIO,ABALROAMENTO LONGITUDINAL,AUTO E MOTO.,1,1,,,,,,,,2,Longo da via,Bom,Sem defeito,Perfeito estado,Seca,Perfeito estado,Faixa de pedestre,R-19,60 km/h,Única,Faixa seccionada,,
2020-12-18 00:00:00,14:26:00,COM VÍTIMA,FINALIZADA,BOA VISTA,AV CONDE DA BOA VISTA,785,,EM FRENTE AO SANTANDER,BOA VISTA,,CIDADE,ABALROAMENTO LONGITUDINAL,COLISÃO ENTRE AUTO E MOTOCICLETA,1,1,,,,,,,,1,Longo da via,Bom,Não existe,Perfeito estado,Seca,Perfeito estado,Não existe,Outras,40 km/h,Dupla,Canteiro central,,
2020-12-19 00:00:00,01:12:00,VÍTIMA FATAL,FINALIZADA,SANTO AMARO,AV NORTE,,RUA TREZE DE MAIO,COM RUA 13 DE MAIO,SANTO AMARO,36,CIDADE,CHOQUE OBJETO FIXO,VEÍCULO CHOCOU-SE CONTRA UM POSTE E UMA ÁRVORE ALÉM DO POSTE DA SEMAFORICA,1,,,,,,,,,1,Cruzamento,Bom,Sem defeito,Perfeito estado,Seca,Perfeito estado,Faixa de pedestre,Não há placas,,Dupla,Canteiro central,,
2020-12-19 00:00:00,20:45:00,COM VÍTIMA,FINALIZADA,CORDEIRO,AV GENERAL SAN MARTIN,,AV CAXANGA,TERMINAL INTEGRADO CAXANGÁ III PERIMETRAL.,CORDEIRO,,CIDADE,ABALROAMENTO LONGITUDINAL,GOL VERMELHO X MOTO,1,1,,,,,,,,1,Longo da via,Bom,Sem defeito,Ilegível,Seca,Perfeito estado,Faixa de retenção,R-6a,60 km/h,Única,Faixa contínua,,
2020-12-20 00:00:00,13:08:00,COM VÍTIMA,FINALIZADA,AFOGADOS,RUA SAO MIGUEL,630,,LADO OPOSTO A CLAYTON AUTO PEÇAS E SERVIÇOS.,AFOGADOS,,SUBURBIO,ABALROAMENTO LONGITUDINAL,MOTO X GM SPIN,1,1,,,,,,,,1,Longo da via,Bom,Não existe,Perfeito estado,Seca,Perfeito estado,Não existe,Não há placas,,Dupla,Faixa contínua,,
2020-12-20 00:00:00,13:07:00,COM VÍTIMA,FINALIZADA,SÃO JOSÉ,RUA DA CONCORDIA,854,RUA DO PEIXOTO,,SÃO JOSÉ,182,CIDADE,COLISÃO FRONTAL,FIAT UNO X MOTO YAMAHA,1,1,,,,,,,,1,Cruzamento,Bom,Sem defeito,Perfeito estado,Seca,Perfeito estado,Outros,Não há placas,40 km/h,Única,Não existe,,
2020-12-20 00:00:00,16:53:00,COM VÍTIMA,FINALIZADA,IPSEP,RUA JEAN EMILE FAVRE,,RUA RIO AMAZONAS,SOB SEMÁFORO 527. PANIFICADORA PÃO NORTE.,IPSEP,527,,ABALROAMENTO LONGITUDINAL,AUTO E MOTO,1,,1,,,,,,,1,Cruzamento,Bom,Sem defeito,Incompleta,Seca,Perfeito estado,Outros,Outras,,Dupla,Faixa contínua,,
2020-12-20 00:00:00,21:09:00,SEM VÍTIMA,FINALIZADA,CABANGA,PTE GOVERNADOR PAULO GUERRA,,,COLISÃO ENVOLVENDO HB 20 E FIAT PUNTO ENVOLVENDO CONDUTOR COM SINTOMAS DE EMBRIAGUEZ,CABANGA,,,COLISÃO,,2,,,,,,,,,0,Ponte,Bom,Não existe,Perfeito estado,Seca,Perfeito estado,Outros,Não há placas,,Única,Faixa contínua,,
2020-12-21 00:00:00,07:19:00,COM VÍTIMA,FINALIZADA,GRAÇAS,AV GOVERNADOR AGAMENON MAGALHAES,,,PRÓXIMO AO SEMÁFORO 174. EM FRENTE À ESCOLA ESTADUAL GOV. BARBOSA LIMA.,GRAÇAS,174,BOA VIAGEM,COLISÃO COM CICLISTA,AUTO E CICLISTA,1,,,1,,,,,,1,Longo da via,Bom,Sem defeito,Perfeito estado,Seca,Perfeito estado,Outros,Outras,60 km/h,Dupla,Canteiro central,,
2020-12-21 00:00:00,11:31:00,COM VÍTIMA,FINALIZADA,SANTO AMARO,RUA DO POMBAL,,RUA DOS PALMARES,CENTRO DE SAUDE PROF. VALDEMAR DE OLIVEIRA,SANTO AMARO,,,ABALROAMENTO TRANSVERSAL,COM VITIMA,1,1,,,,,,,,1,Cruzamento,Bom,Não existe,Perfeito estado,Seca,Perfeito estado,Faixa de pedestre,R-34,40 km/h,Dupla,Canteiro central,,
2020-12-21 00:00:00,13:48:00,COM VÍTIMA,FINALIZADA,SANTO AMARO,AV NORTE,,PRC GENERAL ABREU E LIMA,POR TRAS DO CEMITERIO DOS INGLESES,SANTO AMARO,587,CIDADE,ABALROAMENTO LONGITUDINAL,COLISAO ENTRE AUTO E MOTO COM VITIMA,1,1,,,,,,,,1,Cruzamento,Bom,Sem defeito,Perfeito estado,Seca,Perfeito estado,Outros,Outras,,Dupla,Faixa contínua,,
2020-12-21 00:00:00,16:05:00,COM VÍTIMA,FINALIZADA,ESPINHEIRO,AV GOVERNADOR AGAMENON MAGALHAES,2125,,EM FRENTE AO SANTANDER SELECT,ESPINHEIRO,,BOA VIAGEM,ABALROAMENTO LONGITUDINAL,COLISAO ENVOLVENDO AUTO E MOTO COM VITIMA,1,1,,,,,,,,1,Longo da via,Bom,Sem defeito,Perfeito estado,Seca,Perfeito estado,Não existe,Outras,,Dupla,Canal,,
2020-12-21 00:00:00,16:24:00,COM VÍTIMA,FINALIZADA,BOA VIAGEM,AVENIDA CELSO FURTADO (VIA MANGUE),,,PROX A LOMBADA ELETRONICA. POSTE J013384.,BOA VIAGEM,,CIDADE,COLISÃO TRASEIRA,COLISAO ENTRE AUTO E MOTO COM VITIMA,1,1,,,,,,,,1,Longo da via,Bom,Não existe,Perfeito estado,Seca,Perfeito estado,Não existe,Não há placas,60 km/h,Dupla,Canteiro central,,
2020-12-21 00:00:00,17:46:00,COM VÍTIMA,CANCELADA,IBURA,RUA DOIS,149,,NA PRAÇA DA UR6,IBURA,,,COLISÃO,COLISAO ENTRE UM MICRO ONIBUS E MOTO COM UMA VITIMA,,1,,,,1,,,,1,,,,,,,,,,,,,
2020-12-21 00:00:00,19:18:00,SEM VÍTIMA,FINALIZADA,TORRE,RUA PROFESSOR TRAJANO DE MENDONCA,,,E/F AO POSTO SHELL / APÓS O ATACADO DOS PRESENTES,TORRE,,,CHOQUE OBJETO FIXO,CAMINHÃO CHOCOU-SE CONTRA O POSTE E EM SEGUIDA ARRASTOU OS FIOS DO MESMO. A FIAÇÃO ESTA CAIDA PELA VIA. S/V,,,,,,,1,,,0,,,,,,,,,,,,,
2020-12-21 00:00:00,19:26:00,COM VÍTIMA,FINALIZADA,TORRE,RUA REAL DA TORRE,,,AO LADO DO ATACADO DOS PRESENTES,TORRE,,SUBURBIO,ABALROAMENTO LONGITUDINAL,COLISAO ENTRE AUTO E MOTO COM VITIMA,1,1,,,,,,,,1,Longo da via,Bom,Não existe,Perfeito estado,Seca,Perfeito estado,,Não há placas,40 km/h,Única,,,
2020-12-21 00:00:00,20:28:00,COM VÍTIMA,FINALIZADA,BAIRRO DO RECIFE,CAIS DO APOLO,222,,E/F AO PORTO DIGITAL,BAIRRO DO RECIFE,,CIDADE,COLISÃO COM CICLISTA,COLISAO ENTRE ONIBUS E CICLISTA,,,,1,,1,,,,1,Longo da via,Bom,Não existe,Perfeito estado,Seca,Perfeito estado,Não existe,Outras,,Única,Faixa seccionada,,
2020-12-21 00:00:00,21:49:00,COM VÍTIMA,FINALIZADA,TORRE,RUA DIANOPOLIS,,RUA SOUZA BANDEIRA,E/F AO EDFC VIVENDA DOS GIRASSOIS,TORRE,317,SUBURBIO,COLISÃO FRONTAL,COLISAO ENTRE AUTO E MOTO COM VITIMA,1,1,,,,,,,,1,Cruzamento,Bom,Intermitente,Perfeito estado,Seca,Perfeito estado,Faixa de pedestre,R-6a,30 km/h,Dupla,Faixa contínua,,
2020-12-22 00:00:00,07:24:00,COM VÍTIMA,FINALIZADA,MANGUEIRA,RUA ALEXANDRE RODRIGUES FERREIRA,563,RUA MEDINA,EM FRENTE AO ARMAZEM REDE CONSTRUIR,MANGUEIRA,,CIDADE,COLISÃO COM CICLISTA,COM DUA VITIMAS AGUARDANDO SAMU,1,,,1,,,,,,2,Cruzamento,Bom,Não existe,Incompleta,Seca,Perfeito estado,Não existe,Não há placas,,Única,Não existe,,
2020-12-22 00:00:00,10:19:00,COM VÍTIMA,FINALIZADA,SANTO AMARO,AV CRUZ CABUGA,,,EM FRENTE A ESCOLA DE APRENDIZES DE MARINHEIROS,SANTO AMARO,,,COLISÃO,MOTO 01 X MOTO 02,,2,,,,,,,,2,,,,,,,,,,,,,
2020-12-22 00:00:00,10:52:00,SEM VÍTIMA,FINALIZADA,BOA VISTA,RUA JOAO FERNANDES VIEIRA,,RUA OSVALDO CRUZ,TEATRO WALDEMAR DE OLIVEIRA,BOA VISTA,,,COLISÃO,,2,,,,,,,,,0,Longo da via,Bom,Não existe,Perfeito estado,Seca,Perfeito estado,Não existe,Não há placas,,Única,Faixa seccionada,,
2020-12-22 00:00:00,11:44:00,COM VÍTIMA,FINALIZADA,IMBIRIBEIRA,AV MARECHAL MASCARENHAS DE MORAES,1919,,EM FRENTE AO JUIZADO ESPECIAL DO RECIFE,IMBIRIBEIRA,,CIDADE,COLISÃO TRASEIRA,COM DUAS VITIMAS AGUARDANDO SAMU,1,1,,,,,,,,2,Longo da via,Bom,Não existe,Perfeito estado,Seca,Perfeito estado,Não existe,Não há placas,60 km/h,Única,Faixa seccionada,,
2020-12-22 00:00:00,11:50:00,COM VÍTIMA,FINALIZADA,CASA AMARELA,AV NORTE,3799,RUA OSCAR DE BARROS,,CASA AMARELA,676,SUBURBIO,COLISÃO COM CICLISTA,MOTOCICLETA X BICICLETA,,1,,1,,,,,,1,Cruzamento,Bom,Sem defeito,Perfeito estado,Seca,Perfeito estado,Faixa de pedestre,R-6a,,Dupla,Faixa contínua,,
2020-12-22 00:00:00,14:58:00,COM VÍTIMA,FINALIZADA,TORRE,RUA JOSE BONIFACIO,,RUA JOSE DE HOLANDA,EM FRENTE AO MERCADO TORRE,TORRE,601,,COLISÃO,COLISÃO MOTO X CARRO,1,1,,,,,,,,1,,,,,,,,,,,,,
2020-12-22 00:00:00,16:08:00,COM VÍTIMA,FINALIZADA,BOA VIAGEM,AV CONSELHEIRO AGUIAR,3384,,EM FRENTE AO ED. TROPICAL / APOS A CAIXA ECONIMICA,BOA VIAGEM,,SUBURBIO,ATROPELAMENTO,ONIBUS ATROPELOU PEDESTRE,,,,,1,1,,,,1,Longo da via,Bom,Sem defeito,Perfeito estado,Seca,Perfeito estado,Não existe,Não há placas,,Única,Não existe,,
2020-12-22 00:00:00,17:22:00,SEM VÍTIMA,FINALIZADA,PINA,,,,NA SAIDA DO TUNEL ANTONIO DE GOES,PINA,,,COLISÃO,COLISÃO - NÃO HOUVE VÍTIMA E OS ORIENTADORES E GMS SOLICITARAM REALIZAR O BATE PRONTO,,,,,,,,,,0,,,,,,,,,,,,,
2020-12-22 00:00:00,17:41:00,COM VÍTIMA,FINALIZADA,SÃO JOSÉ,RUA SAO JOAO,209,RUA PASSO DA PATRIA,,SÃO JOSÉ,,SUBURBIO,ABALROAMENTO TRANSVERSAL,V1 placa (motocicleta) X V2- PLACA,1,1,,,,,,,,2,Cruzamento,Bom,Não existe,,Seca,Perfeito estado,Não existe,R-4b,40 km/h,Única,Não existe,,
2020-12-22 00:00:00,18:11:00,COM VÍTIMA,FINALIZADA,BEBERIBE,AV BEBERIBE,2329,,LADO OPOSTO AO SUPERMERCADO SOBERANO,BEBERIBE,,CIDADE,COLISÃO TRASEIRA,AUTO E MOTO,1,1,,,,,,,,1,Longo da via,Bom,Não existe,Não existente,Seca,Perfeito estado,Não existe,R-6a,,Dupla,Faixa contínua,,
2020-12-23 00:00:00,05:46:00,SEM VÍTIMA,CANCELADA,ESPINHEIRO,RUA JOSE LUIZ DA SILVEIRA BARROS,63,,DEPOIS DO CRUZAMENTO DA RUA AMELIA,ESPINHEIRO,,,CHOQUE,,,,,,,,,,,0,,,,,,,,,,,,,
2020-12-23 00:00:00,07:15:00,COM VÍTIMA,FINALIZADA,MADALENA,RUA JOAO IVO DA SILVA,205,,SENTIDO AFOGADOS  NA SAÍDA DO TÚNEL DA ABOLIÇÃO.,MADALENA,,CIDADE,ABALROAMENTO LONGITUDINAL,COLISÃO COM VITIMAS A ESPERA DO SAMU,,2,,,,,,,,1,Longo da via,Bom,Não existe,Perfeito estado,Seca,Perfeito estado,Não existe,Não há placas,,Única,Faixa contínua,,
2020-12-23 00:00:00,08:30:00,COM VÍTIMA,FINALIZADA,MANGUEIRA,RUA VINTE E UM DE ABRIL,2058,RUA ALEXANDRE RODRIGUES FERREIRA,EM FRENTE  A LOJA J.A PAPEIS,MANGUEIRA,,,COLISÃO FRONTAL,COLISÃO COM VITIMAS,1,1,,,,,,,,2,Cruzamento,Bom,Não existe,Incompleta,Seca,Perfeito estado,Não existe,Placas Pare,,Dupla,Não existe,,
2020-12-23 00:00:00,08:38:00,COM VÍTIMA,FINALIZADA,CORDEIRO,RUA TIJUCA,2,AV ENGENHEIRO ABDIAS DE CARVALHO,DROGAMAIA-AQUITEM,CORDEIRO,422,SUBURBIO,ABALROAMENTO TRANSVERSAL,COLISÃO COM VITIMAS,2,,,,,,,,,1,Cruzamento,Bom,Sem defeito,Perfeito estado,Seca,Perfeito estado,Outros,R-4a,60 km/h,Única,Canteiro central,,